CDMFT_iterations	CDMFT_method	D	D_ave	E0_1	E0_2	E_kin	GS_consistency	U	U_1_ave	convergence	dist_function	e	e_2_ave	e_ave	eb1_1	eb1_1_ave	eb2_1	eb2_1_ave	eb3_1	eb3_1_ave	eb4_1	eb4_1_ave	eb5_1_ave	eb6_1_ave	eb7_1	eb7_1_ave	eb8_1	eb8_1_ave	githash	min_dist	model	mu	mu_1_ave	mu_2_ave	mu_ave	n_1	n_2	opt_method	sb1_1	sb1_1_ave	sb2_1	sb2_1_ave	sb3_1	sb3_1_ave	sb4_1	sb4_1_ave	sb5_1_ave	sb6_1_ave	sb7_1	sb7_1_ave	sb8_1	sb8_1_ave	script	sector_1	sector_2	tb1_1	tb1_1_ave	tb2_1	tb2_1_ave	tb3_1	tb3_1_ave	tb4_1	tb4_1_ave	tb5_1_ave	tb6_1_ave	tb7_1	tb7_1_ave	tb8_1	tb8_1_ave	time	tpd	tpd_ave	tpp	tpp_2_ave	tpp_ave	tppp	tppp_2_ave	tppp_ave	version	
3	Broyden	0	-0.05189920676	-84.14128483	-103.1024	6.302235165	YY	9	0.3397306547	self-energy	sharp_wc_5_b_50	3.0461	2	1.217673096	0.2701236039	0.01171709467	-4.467433957	1.971260961	-4.498064357	1.734075136	-0.3414272936	1.639588969	1.734080528	1.639581733	-3.514538929	1.281186396	-0.5601765395	1.986734961	26f4f61	177.9690725	2x2_2C_8b_C2v_L	9.49	1.32196007	2	1.653445533	1.321960069	2	PRAXIS	0.2189802472	-0.1800008879	-4.415379526e-05	7.9880028e-05	0.02460035629	0.335356979	-0.2485480998	1.477085556	-0.3353481121	-1.477113768	-3.462944477e-05	3.641340817e-05	0.3775266815	-0.3576925944	run_cdmft.py	R0:S0:1	uncorrelated	4.875808262e-05	-0.0004513175299	-1.182439528	0.3345079162	-1.742227534	1.728081123	-0.1406456413	1.164600349	1.728049626	1.164586699	2.199974426	-3.370346353	3.838452341e-05	-0.0001611111526	2025-02-03@16:08	1.9019	-0.7043664415	1	-1.286654214e-16	-0.295252413	0.2229	-8.358564513e-17	0.118788624	v2.9.1	
4	Broyden	0	-0.05126888477	-83.53485734	-102.3024	6.251204838	YY	9	0.337282235	self-energy	sharp_wc_5_b_50	3.0461	2	1.216282824	0.2528539236	0.01157191735	-4.408552592	1.971042682	-4.455104289	1.730104516	-0.3383122314	1.634290584	1.730081755	1.634317718	-3.469223848	1.278562965	-0.5565411227	1.986398377	26f4f61	178.1524149	2x2_2C_8b_C2v_L	9.44	1.318864232	2	1.650567101	1.318864232	2	PRAXIS	0.2163827797	-0.1780184834	1.516299392e-06	0.0001076405493	0.0247771917	0.3333729732	-0.2501083386	1.483763392	-0.3334116642	-1.483646673	7.815034933e-05	6.280851003e-05	0.3794448212	-0.3616654586	run_cdmft.py	R0:S0:1	uncorrelated	-7.59465242e-05	0.0009000846938	-1.180397814	0.3364749165	-1.74123683	1.746958789	-0.1409664841	1.167113156	1.747093037	1.167160657	2.198910336	-3.372645445	-0.0001987162192	0.0008919499009	2025-02-03@16:12	1.9019	-0.7097182482	1	-1.658525818e-17	-0.2980552072	0.2229	1.392398945e-16	0.119713675	v2.9.1	
3	Broyden	0	-0.05073137405	-82.97469993	-101.5024	6.199571346	YY	9	0.3348721222	self-energy	sharp_wc_5_b_50	3.0461	2	1.214858421	0.2434440393	0.01139901814	-4.358534206	1.970916897	-4.414768818	1.726099343	-0.3365493081	1.629099785	1.726102328	1.629095093	-3.425120168	1.275733301	-0.5570909904	1.986127109	26f4f61	178.4072372	2x2_2C_8b_C2v_L	9.39	1.315762652	2	1.647716511	1.315762652	2	PRAXIS	0.2154274139	-0.1763322583	1.934437342e-05	-6.320582814e-05	0.0250961286	0.3323046777	-0.2517114257	1.490225536	-0.3322985742	-1.490242943	1.025691361e-05	-3.745197252e-05	0.3819942148	-0.365735482	run_cdmft.py	R0:S0:1	uncorrelated	3.298209649e-07	-3.629219591e-05	-1.178421118	0.3378297487	-1.740623408	1.765952499	-0.1417994775	1.171891211	1.76593464	1.171886413	2.198240512	-3.375397845	-1.129032788e-06	-1.221836763e-05	2025-02-03@16:14	1.9019	-0.7150742624	1	-1.036606648e-16	-0.3009542635	0.2229	-2.253221778e-16	0.12067092	v2.9.1	
3	Broyden	0	-0.05029497844	-82.41316664	-100.7024	6.145034174	YY	9	0.3325491977	self-energy	sharp_wc_5_b_50	3.0461	2	1.21334651	0.2355913865	0.01116907275	-4.305426171	1.970802419	-4.374291169	1.721939078	-0.3361136133	1.623394211	1.721979688	1.623327073	-3.38201559	1.27268334	-0.5562669217	1.98585596	26f4f61	178.595321	2x2_2C_8b_C2v_L	9.34	1.312695584	2	1.644745638	1.312695584	2	PRAXIS	0.2139662844	-0.1740880176	-9.206017007e-05	-3.876233547e-07	0.02546638743	0.3324171093	-0.2540474754	1.499199163	-0.3323492608	-1.499441217	-2.349674083e-05	-0.0001428505995	0.3849457191	-0.3700886112	run_cdmft.py	R0:S0:1	uncorrelated	0.0001992166619	-0.002329547751	-1.176005287	0.3389822934	-1.739964425	1.78527511	-0.142264569	1.176701632	1.785035272	1.176623003	2.197630522	-3.378644456	7.587743642e-05	-0.0004279350638	2025-02-03@16:17	1.9019	-0.7207177642	1	-3.116137105e-16	-0.3040220587	0.2229	-3.753875696e-16	0.1216917689	v2.9.1	
3	Broyden	0	-0.04985761534	-81.85221467	-99.9024	6.087859755	YY	9	0.3302326728	self-energy	sharp_wc_5_b_50	3.0461	2	1.211760507	0.2295649936	0.01095432262	-4.254912209	1.970708028	-4.332044409	1.717486178	-0.3367724063	1.618349923	1.717439938	1.618430285	-3.339025142	1.269515847	-0.554471748	1.985549403	26f4f61	178.7183293	2x2_2C_8b_C2v_L	9.29	1.309605563	2	1.641598457	1.309605563	2	PRAXIS	0.212518114	-0.1718683564	0.0001043433753	-3.261491014e-06	0.02564440398	0.3335083626	-0.257338461	1.509316538	-0.3335868643	-1.509029678	9.03862074e-05	0.0001100451875	0.3883450954	-0.374934224	run_cdmft.py	R0:S0:1	uncorrelated	-0.0002091377213	0.002580373054	-1.173540971	0.3399759366	-1.739225898	1.805301806	-0.1412169832	1.176282415	1.805574689	1.176365045	2.196831292	-3.382001936	-0.0002124450934	0.0009709740857	2025-02-03@16:20	1.9019	-0.7266712211	1	-1.357704942e-16	-0.3071651685	0.2229	-2.248592929e-16	0.1227638755	v2.9.1	
3	Broyden	0	-0.04947449307	-81.30261986	-99.1024	6.027981894	YY	9	0.3280084	self-energy	sharp_wc_5_b_50	3.0461	2	1.210082733	0.225400345	0.01073453626	-4.207361236	1.970648726	-4.291247528	1.712855487	-0.336099162	1.61063998	1.712799142	1.610751251	-3.296772047	1.265987422	-0.5534604372	1.98524774	26f4f61	178.5511917	2x2_2C_8b_C2v_L	9.24	1.306537433	2	1.638383116	1.306537433	2	PRAXIS	0.21147796	-0.1697227745	0.0001267145839	1.409969192e-05	0.02580564911	0.3348504438	-0.2604791101	1.523638073	-0.3349477503	-1.523263646	5.693405565e-06	0.0002211252994	0.392134305	-0.3800251557	run_cdmft.py	R0:S0:1	uncorrelated	-0.0002596365311	0.003301813236	-1.171132708	0.3406750871	-1.738682673	1.825848389	-0.1401894101	1.179449752	1.826181207	1.179544457	2.196217349	-3.385973606	-6.23622096e-05	0.000417368394	2025-02-03@16:23	1.9019	-0.7328474312	1	3.546387764e-17	-0.3105204529	0.2229	9.360766186e-17	0.1238998082	v2.9.1	
3	Broyden	0	-0.04916496579	-80.76944398	-98.3024	5.968219157	YY	9	0.3257459001	self-energy	sharp_wc_5_b_50	3.0461	2	1.208391947	0.2229364485	0.01055560511	-4.160767279	1.970607417	-4.250687647	1.708133786	-0.3384127609	1.605421116	1.707904991	1.605934419	-3.254101662	1.26229675	-0.5534163372	1.98496835	26f4f61	178.7031239	2x2_2C_8b_C2v_L	9.19	1.303405399	2	1.635181003	1.303405399	2	PRAXIS	0.2109864348	-0.1678430938	0.000407748486	0.0003368007092	0.02604893441	0.3374864516	-0.2637687566	1.533462861	-0.3379141117	-1.5318266	3.81826625e-05	0.0008622272934	0.395748813	-0.3849338456	run_cdmft.py	R0:S0:1	uncorrelated	-0.000985472757	0.01313540621	-1.168666714	0.3412535901	-1.7380524	1.846552627	-0.1399219534	1.182825495	1.847906807	1.183157575	2.195492408	-3.390159359	-0.0002264133692	0.001555236142	2025-02-03@16:26	1.9019	-0.7389796653	1	-1.638365766e-16	-0.3138831725	0.2229	-3.54674586e-17	0.1250438444	v2.9.1	
2	Broyden	0	-0.04885862793	-80.24495533	-97.5024	5.905669714	YY	9	0.3235268742	self-energy	sharp_wc_5_b_50	3.0461	2	1.206608503	0.2212334278	0.01094458369	-4.119449461	1.970559004	-4.208974372	1.703420652	-0.3397326418	1.597453212	1.702371452	1.600090988	-3.212643859	1.258309637	-0.5547842692	1.984664129	26f4f61	178.5767279	2x2_2C_8b_C2v_L	9.14	1.300248437	2	1.631872527	1.300248437	2	PRAXIS	0.2106858575	-0.1669892448	0.001560697733	0.00245815046	0.02625528205	0.3396108996	-0.267092873	1.548915911	-0.3417014168	-1.54088985	1.862534443e-05	0.003986690221	0.4000934591	-0.3903828782	run_cdmft.py	R0:S0:1	uncorrelated	-0.004304411971	0.05993882521	-1.166610921	0.3418836014	-1.737226986	1.866151397	-0.1392330269	1.186947404	1.872370881	1.188261662	2.195028812	-3.394789025	-0.0005430983774	0.005128269941	2025-02-03@16:29	1.9019	-0.7453643319	1	-4.506465322e-16	-0.317426368	0.2229	2.70522536e-16	0.1262503357	v2.9.1	
4	Broyden	0	-0.048839934	-78.65961999	-96.7024	5.764210917	YY	9	0.3220765277	self-energy	sharp_wc_5_b_50	3.0461	2	1.201968392	0.1592460183	0.1597918877	-3.571431331	1.940805699	-4.154076111	1.707129528	-0.3360332725	1.497773329	1.707138643	1.497712918	-3.184384241	1.22784762	-0.4864061508	1.987693589	26f4f61	164.1560022	2x2_2C_8b_C2v_L	9.09	1.294176369	2	1.628151356	1.294176369	2	PRAXIS	-0.0001247772768	0.0004009863456	-2.737613225e-06	-3.280093834e-05	0.02293033652	0.3693959416	-0.2867087106	1.807332952	-0.3693379793	-1.807455205	1.589225433e-05	0.0001370714328	0.4133496445	-0.3942615369	run_cdmft.py	R0:S0:1	uncorrelated	-0.183078135	1.526653249	-1.161570365	0.5308518833	-1.736454749	1.823844164	-0.1107523525	1.155715907	1.8237936	1.155693656	2.192549683	-3.446738655	-0.0001869952133	0.0008982177849	2025-02-03@16:32	1.9019	-0.7567688871	1	-3.725178777e-16	-0.3296369949	0.2229	-4.74871784e-16	0.1302084426	v2.9.1	
2	Broyden	0	-0.04841090542	-78.18445723	-95.9024	5.700747767	YY	9	0.3193661228	self-energy	sharp_wc_5_b_50	3.0461	2	1.200081702	0.1621715003	0.1680664484	-3.53882721	1.939054734	-4.115127737	1.701928849	-0.33956135	1.49349277	1.701958879	1.493422622	-3.141787497	1.222331355	-0.4901665145	1.987343007	26f4f61	163.835507	2x2_2C_8b_C2v_L	9.04	1.290288685	2	1.624835878	1.290288685	2	PRAXIS	-0.0004455177324	0.001526508204	-0.0001523097545	0.0001729189663	0.02310860993	0.3733461283	-0.2900364578	1.811749236	-0.3732861525	-1.811978109	7.635489739e-05	-0.0001279804936	0.4178995843	-0.4002022929	run_cdmft.py	R0:S0:1	uncorrelated	-0.1866869364	1.564688769	-1.160716946	0.5416849604	-1.736025258	1.84548232	-0.1104880186	1.159751547	1.845311234	1.159670151	2.191767174	-3.453164672	-0.0001275800923	0.0004688139137	2025-02-03@16:34	1.9019	-0.7630780196	1	4.579192607e-17	-0.3333379346	0.2229	-3.074025781e-16	0.1315226746	v2.9.1	
1	Broyden	0	-0.04800921171	-77.72223712	-95.1024	5.637481733	YY	9	0.3165933265	self-energy	sharp_wc_5_b_50	3.0461	2	1.198182989	0.1666512969	0.1761128137	-3.509972132	1.937335149	-4.075200067	1.696395874	-0.3454505403	1.49304166	1.69640322	1.493016641	-3.098605275	1.216662621	-0.4940554104	1.987015112	26f4f61	163.6538527	2x2_2C_8b_C2v_L	8.99	1.286309841	2	1.62152669	1.286309841	2	PRAXIS	-0.0001154215521	0.0003954654137	-3.560550123e-05	3.460997146e-05	0.02351731927	0.3784033898	-0.2935895148	1.809375898	-0.3783850516	-1.809442844	5.88331543e-05	-4.140166988e-05	0.4222484618	-0.4059314702	run_cdmft.py	R0:S0:1	uncorrelated	-0.1908196072	1.602122543	-1.160421303	0.5523691763	-1.735434252	1.868214561	-0.1105094619	1.163667158	1.868173172	1.163648502	2.190790444	-3.4597248	-0.0001157497291	0.0004809226137	2025-02-03@16:36	1.9019	-0.7693401825	1	-1.94197587e-17	-0.3370276907	0.2229	-2.213777639e-16	0.1328450326	v2.9.1	
1	Broyden	0	-0.04753057482	-77.25573564	-94.3024	5.570969099	YY	9	0.3138800893	self-energy	sharp_wc_5_b_50	3.0461	2	1.196188236	0.1710531208	0.1848561315	-3.47891331	1.935451711	-4.034516849	1.690706823	-0.3510269626	1.491212402	1.690738228	1.491144678	-3.057799018	1.211032759	-0.4973762092	1.986629851	26f4f61	163.6117198	2x2_2C_8b_C2v_L	8.94	1.282345083	2	1.618023599	1.282345082	2	PRAXIS	-0.00039773491	0.001436646389	-0.0001405281905	0.0001575507167	0.02363909978	0.3839097264	-0.2975615889	1.810431806	-0.3838429953	-1.810671616	-0.0001656547531	2.743611539e-05	0.4273307077	-0.4123517799	run_cdmft.py	R0:S0:1	uncorrelated	-0.1950015988	1.640726807	-1.159670214	0.5638758379	-1.734698239	1.891063919	-0.1094219862	1.164222602	1.890884938	1.164145875	2.190203355	-3.466251323	0.0002883921184	-0.001283829851	2025-02-03@16:37	1.9019	-0.7759673932	1	-9.326967147e-17	-0.340826221	0.2229	1.457199791e-16	0.1342275466	v2.9.1	
1	Broyden	0	-0.0470715546	-76.82630222	-93.5024	5.503687681	YY	9	0.3111340573	self-energy	sharp_wc_5_b_50	3.0461	2	1.194159988	0.1752208668	0.1932731772	-3.45414079	1.933648861	-3.997596671	1.68504143	-0.3587034822	1.491665723	1.684997655	1.491776228	-3.016316866	1.205308994	-0.5009874506	1.986257558	26f4f61	163.6531652	2x2_2C_8b_C2v_L	8.89	1.278323257	2	1.614457445	1.278323257	2	PRAXIS	0.0005925430851	-0.002145419119	0.0002162820833	-0.0002442333944	0.02379129552	0.3903691861	-0.3021439051	1.808443312	-0.3904557187	-1.808084345	1.48134988e-05	0.0001173582571	0.4323584633	-0.418718122	run_cdmft.py	R0:S0:1	uncorrelated	-0.1989819029	1.677471508	-1.159691583	0.5749359755	-1.734689313	1.913893635	-0.1084272364	1.164081622	1.914141169	1.164184997	2.189398149	-3.472737595	-4.6808412e-05	0.0003094708502	2025-02-03@16:39	1.9019	-0.7826779424	1	-4.73264055e-17	-0.3446243407	0.2229	-2.153256438e-16	0.1356273735	v2.9.1	
1	Broyden	0	-0.0465070012	-76.36858613	-92.7024	5.43470887	YY	9	0.3084390359	self-energy	sharp_wc_5_b_50	3.0461	2	1.19205981	0.1791661714	0.2023267524	-3.421650099	1.931598732	-3.959841383	1.679018515	-0.3638615331	1.4891362	1.679054325	1.48904426	-2.974347546	1.199141643	-0.5051978512	1.985864498	26f4f61	163.7107692	2x2_2C_8b_C2v_L	8.84	1.27428057	2	1.610864041	1.27428057	2	PRAXIS	-0.000443561615	0.001651524187	-0.0001619060706	0.0001854178808	0.02409038377	0.3954975787	-0.305871123	1.809081194	-0.3954168248	-1.809381689	-0.0002157834729	7.410043243e-05	0.4375026582	-0.4253113186	run_cdmft.py	R0:S0:1	uncorrelated	-0.2028325182	1.714975652	-1.15873991	0.5870842708	-1.734287913	1.937855058	-0.1077117159	1.167211079	1.93765255	1.167131485	2.188439264	-3.479743411	0.0003596919566	-0.001532287534	2025-02-03@16:40	1.9019	-0.7894924124	1	4.42646987e-17	-0.3485804149	0.2229	2.38746576e-17	0.137067159	v2.9.1	
1	Broyden	0	-0.04588747253	-75.90777074	-91.9024	5.364598608	YY	9	0.3057554063	self-energy	sharp_wc_5_b_50	3.0461	2	1.189917661	0.1835212386	0.2112215086	-3.394691925	1.929597355	-3.917597093	1.672440336	-0.3705433788	1.489017374	1.672416402	1.489096627	-2.931841279	1.192890501	-0.5084897569	1.985464954	26f4f61	163.8598843	2x2_2C_8b_C2v_L	8.79	1.270224234	2	1.607180657	1.270224234	2	PRAXIS	0.0003271379424	-0.001213908358	0.0001161003539	-0.0001194243898	0.0240595833	0.4022376023	-0.3101460488	1.80660557	-0.402290625	-1.806381762	-6.337983043e-05	8.400972169e-05	0.4426314084	-0.4320199192	run_cdmft.py	R0:S0:1	uncorrelated	-0.2068186759	1.751642259	-1.158457423	0.5989978448	-1.733293367	1.963151968	-0.1061443387	1.166080004	1.963285388	1.166129421	2.18719958	-3.486720235	0.000124714434	-0.0004543510123	2025-02-03@16:42	1.9019	-0.7964412266	1	-4.113568564e-16	-0.3525363581	0.2229	7.520835475e-17	0.1385342134	v2.9.1	
1	Broyden	0	-0.04524147244	-75.45968198	-91.1024	5.293323532	YY	9	0.3030602074	self-energy	sharp_wc_5_b_50	3.0461	2	1.187719346	0.1878379736	0.220289112	-3.365526101	1.927490285	-3.878703614	1.66571256	-0.3764722976	1.488072725	1.665762217	1.487919543	-2.890366686	1.186472121	-0.5130240132	1.98505788	26f4f61	164.013316	2x2_2C_8b_C2v_L	8.74	1.266094227	2	1.603469666	1.266094227	2	PRAXIS	-0.0006394393962	0.002428932503	-0.0002413885198	0.0002669283922	0.02408456449	0.4087544323	-0.3141202999	1.804132762	-0.4086493837	-1.804589622	-7.595433175e-05	-6.462273414e-05	0.4479767923	-0.438839799	run_cdmft.py	R0:S0:1	uncorrelated	-0.2106787221	1.787745816	-1.157928546	0.6113037292	-1.732801251	1.989121984	-0.104959292	1.16743428	1.988844883	1.167336168	2.186279304	-3.493883674	0.0001358393444	-0.0006434248252	2025-02-03@16:43	1.9019	-0.8034571309	1	4.309341321e-17	-0.3565874879	0.2229	3.475767501e-17	0.1400263868	v2.9.1	
1	Broyden	0	-0.04458620721	-75.02269613	-90.3024	5.22282908	YY	9	0.3003271676	self-energy	sharp_wc_5_b_50	3.0461	2	1.185525476	0.1922308652	0.2289047627	-3.334415224	1.925353767	-3.839687217	1.658801515	-0.3855986321	1.491314541	1.658815421	1.491264264	-2.849876867	1.18021623	-0.5173447767	1.984639599	26f4f61	164.2114757	2x2_2C_8b_C2v_L	8.69	1.261910142	2	1.599790212	1.261910142	2	PRAXIS	-0.0001641308596	0.0006372635506	-5.406409113e-05	4.670851368e-05	0.02451345524	0.4156008056	-0.3187240574	1.795080869	-0.4155629762	-1.795219253	-7.619428951e-05	5.00917565e-05	0.453458432	-0.4457860643	run_cdmft.py	R0:S0:1	uncorrelated	-0.214543654	1.822001496	-1.157149886	0.6234923056	-1.732204654	2.015563944	-0.1042538083	1.167876689	2.015486662	1.167853415	2.185563337	-3.500733848	0.0001032186262	-0.0004122684451	2025-02-03@16:45	1.9019	-0.8103698579	1	-4.264719281e-16	-0.3605851713	0.2229	-2.973868664e-16	0.1415050619	v2.9.1	
1	Broyden	0	-0.0438211435	-74.58401323	-89.5024	5.148579743	YY	9	0.2976527578	self-energy	sharp_wc_5_b_50	3.0461	2	1.183210724	0.1955962073	0.2382166661	-3.307820521	1.923124669	-3.801852963	1.651587974	-0.39153923	1.490192014	1.651630356	1.49004615	-2.807230511	1.173381098	-0.5219590176	1.984208946	26f4f61	164.4462937	2x2_2C_8b_C2v_L	8.64	1.257712725	2	1.595918169	1.257712725	2	PRAXIS	-0.0005397052424	0.00210949497	-0.0002102215125	0.0002302060998	0.02443576717	0.4223815892	-0.3228553663	1.792111983	-0.4222946359	-1.792527525	-4.603686748e-05	-7.112794016e-05	0.4589453169	-0.4529734369	run_cdmft.py	R0:S0:1	uncorrelated	-0.2179357717	1.85678285	-1.156886937	0.6362573313	-1.731850187	2.042855099	-0.1028421847	1.168854126	2.042620925	1.168784398	2.184170648	-3.508058188	9.058958777e-05	-0.0004371963058	2025-02-03@16:46	1.9019	-0.8176678383	1	-9.164364633e-17	-0.3647498216	0.2229	8.803628507e-17	0.1430567287	v2.9.1	
1	Broyden	0	-0.0430348176	-74.14446541	-88.7024	5.075369641	YY	9	0.2949412577	self-energy	sharp_wc_5_b_50	3.0461	2	1.180901359	0.1991105926	0.2473079958	-3.275624502	1.92076646	-3.763306973	1.644054813	-0.3998144983	1.492580206	1.644070575	1.49251707	-2.765811538	1.166654138	-0.5267226006	1.983768991	26f4f61	164.7379652	2x2_2C_8b_C2v_L	8.59	1.253448539	2	1.592118607	1.253448539	2	PRAXIS	-0.0002117474875	0.0008341925322	-7.93602009e-05	7.564932431e-05	0.02476055173	0.4291531783	-0.3272472061	1.782980122	-0.4291212895	-1.783145372	7.588620161e-05	-8.845665827e-05	0.4644972474	-0.4602062206	run_cdmft.py	R0:S0:1	uncorrelated	-0.2214243584	1.890366451	-1.155916254	0.6493214387	-1.731276908	2.071038046	-0.1019411653	1.169482936	2.070951875	1.169461735	2.183105289	-3.515185647	-0.0001344209989	0.0004749856257	2025-02-03@16:48	1.9019	-0.8248039658	1	2.145022826e-16	-0.3688881694	0.2229	-1.418374067e-16	0.1445898788	v2.9.1	
1	Broyden	0	-0.04215898382	-73.70066152	-87.9024	5.000111005	YY	9	0.2922565466	self-energy	sharp_wc_5_b_50	3.0461	2	1.178515064	0.2028370452	0.2567618825	-3.246199214	1.918348846	-3.723837753	1.636023116	-0.4064025935	1.493239741	1.635996976	1.493340527	-2.724129782	1.159639608	-0.5312393524	1.983319741	26f4f61	165.0510452	2x2_2C_8b_C2v_L	8.54	1.249145329	2	1.588221298	1.249145329	2	PRAXIS	0.0003422219194	-0.001371335076	0.000139367178	-0.0001546154597	0.02459452428	0.4364926287	-0.3314221414	1.776013831	-0.4365414232	-1.775741233	-3.223932214e-05	9.451541461e-05	0.4700514954	-0.4675603433	run_cdmft.py	R0:S0:1	uncorrelated	-0.2249392865	1.924188045	-1.155309202	0.6627182322	-1.730642579	2.100493017	-0.1003128207	1.168955844	2.100635735	1.168988324	2.181901775	-3.522566675	4.13666928e-05	-9.475588699e-05	2025-02-03@16:50	1.9019	-0.8321355401	1	-2.734461302e-16	-0.3731157025	0.2229	-1.075199895e-16	0.1461786314	v2.9.1	
1	Broyden	0	-0.04128498579	-73.26493429	-87.1024	4.925312283	YY	9	0.289555242	self-energy	sharp_wc_5_b_50	3.0461	2	1.176119042	0.2071039799	0.2658281977	-3.215581819	1.915902862	-3.683482235	1.627568694	-0.4153919236	1.497316042	1.627592991	1.497211337	-2.683066549	1.152669681	-0.5367113463	1.982850556	26f4f61	165.4126531	2x2_2C_8b_C2v_L	8.49	1.244794584	2	1.584361569	1.244794584	2	PRAXIS	-0.0003404798931	0.001370497497	-0.0001384597728	0.0001454281703	0.02491634107	0.4437126142	-0.3359132165	1.76270567	-0.4436711451	-1.762971833	0.000173438683	-0.0001932004907	0.4759279269	-0.4751921752	run_cdmft.py	R0:S0:1	uncorrelated	-0.2285955681	1.956726284	-1.154577131	0.6760290669	-1.729691375	2.131292907	-0.09932807005	1.168586783	2.131161525	1.168564955	2.180844054	-3.529733605	-0.0002930852555	0.001015136111	2025-02-03@16:51	1.9019	-0.8393702008	1	-1.369747041e-16	-0.3773390527	0.2229	2.750501888e-16	0.1477424183	v2.9.1	
1	Broyden	0	-0.04031969113	-72.83688815	-86.3024	4.849341482	YY	9	0.2868563997	self-energy	sharp_wc_5_b_50	3.0461	2	1.173673969	0.2109187225	0.2749125086	-3.185471221	1.913390234	-3.644849655	1.618914654	-0.4242349486	1.501333273	1.618911846	1.501346185	-2.642048859	1.145662922	-0.5417062888	1.982360156	26f4f61	165.8141209	2x2_2C_8b_C2v_L	8.44	1.240411938	2	1.580421373	1.240411938	2	PRAXIS	4.683788965e-05	-0.0001871824042	2.086072086e-05	-2.383387423e-05	0.02493869238	0.4511471778	-0.3405830791	1.749605816	-0.4511492107	-1.749574591	-6.759749606e-05	6.26420937e-05	0.4818534872	-0.4830281688	run_cdmft.py	R0:S0:1	uncorrelated	-0.2319116914	1.98810508	-1.153894496	0.6895188302	-1.729140053	2.162518632	-0.09778095751	1.165893762	2.162533511	1.165895435	2.179706428	-3.536727994	0.0001130478374	-0.0003968979369	2025-02-03@16:53	1.9019	-0.8467253446	1	1.438373052e-16	-0.38157918	0.2229	2.927954629e-16	0.149327031	v2.9.1	
1	Broyden	0	-0.03930356607	-72.39704776	-85.5024	4.772148775	YY	9	0.2841594321	self-energy	sharp_wc_5_b_50	3.0461	2	1.171167809	0.2143226342	0.2844585551	-3.150931878	1.910645298	-3.605928566	1.609748154	-0.4319907487	1.504488584	1.609731103	1.50457008	-2.601687618	1.138455403	-0.5465409947	1.981860365	26f4f61	166.2208697	2x2_2C_8b_C2v_L	8.39	1.23595658	2	1.576448502	1.23595658	2	PRAXIS	0.0002068238748	-0.0008749106077	7.844303719e-05	-7.633939183e-05	0.02484392561	0.4586914965	-0.344893758	1.736561253	-0.4587358805	-1.736357882	0.0001724258981	-0.0001186875403	0.4877253579	-0.4908756922	run_cdmft.py	R0:S0:1	uncorrelated	-0.2350851418	2.019402777	-1.152628486	0.7038587001	-1.728529767	2.195129627	-0.09615020025	1.163994251	2.195222818	1.163999426	2.178763899	-3.543957412	-0.0002771304351	0.0009960553453	2025-02-03@16:54	1.9019	-0.8541560719	1	6.305034314e-16	-0.3859049045	0.2229	-1.671319335e-16	0.150948104	v2.9.1	
1	Broyden	0	-0.03821629611	-71.95737389	-84.7024	4.693847768	YY	9	0.2814733639	self-energy	sharp_wc_5_b_50	3.0461	2	1.168609841	0.2177212232	0.2941946811	-3.121265686	1.907882491	-3.565292251	1.599982908	-0.4400237146	1.508394465	1.599978354	1.508424807	-2.559245717	1.130891062	-0.5512291773	1.981351588	26f4f61	166.6714156	2x2_2C_8b_C2v_L	8.34	1.231464995	2	1.572417802	1.231464995	2	PRAXIS	6.309958137e-05	-0.000271912076	1.689379661e-05	1.327852892e-06	0.02474058567	0.466391052	-0.3492697209	1.721461975	-0.4664078576	-1.721397249	1.407842612e-05	-2.382352515e-05	0.4935213977	-0.4989430617	run_cdmft.py	R0:S0:1	uncorrelated	-0.2383617406	2.050898066	-1.152009881	0.7184038144	-1.727538399	2.229327465	-0.09433812306	1.161070235	2.229352581	1.161066533	2.177091766	-3.551247857	2.986306619e-06	-1.533582778e-05	2025-02-03@16:56	1.9019	-0.8616790314	1	-7.516768387e-17	-0.3902710717	0.2229	-2.187442211e-16	0.1525881847	v2.9.1	
1	Broyden	0	-0.03710951373	-71.53816147	-83.9024	4.615187957	YY	9	0.27876067	self-energy	sharp_wc_5_b_50	3.0461	2	1.166015808	0.2207545353	0.3040180613	-3.091805382	1.905030432	-3.526811285	1.589991377	-0.4487287028	1.513142572	1.590001097	1.513091547	-2.51900017	1.123441713	-0.5567635813	1.980823203	26f4f61	167.1572419	2x2_2C_8b_C2v_L	8.29	1.226890794	2	1.568383112	1.226890794	2	PRAXIS	-0.0001504748737	0.0006398412864	-6.568693902e-05	7.110456253e-05	0.02473971126	0.4741349916	-0.3537490059	1.704453034	-0.4741215177	-1.704574062	7.712600578e-05	-9.315789339e-05	0.4996596479	-0.5071786986	run_cdmft.py	R0:S0:1	uncorrelated	-0.2415470828	2.081690321	-1.151396372	0.7332237508	-1.726947085	2.264114868	-0.09267601168	1.158213952	2.26406252	1.158218004	2.176104521	-3.558390798	-0.0001263857791	0.0004085956648	2025-02-03@16:57	1.9019	-0.8691930633	1	-3.67961002e-16	-0.3946652354	0.2229	2.642134932e-16	0.1542339881	v2.9.1	
2	Broyden	0	-0.03595759178	-71.11133788	-83.1024	4.535753085	YY	9	0.2760630011	self-energy	sharp_wc_5_b_50	3.0461	2	1.163377302	0.2240218348	0.314162382	-3.057290676	1.901953651	-3.488084581	1.579425178	-0.4579921069	1.519071725	1.579428491	1.519051037	-2.476943927	1.11564681	-0.5641759128	1.980276086	26f4f61	167.7759667	2x2_2C_8b_C2v_L	8.24	1.222278484	2	1.564317187	1.222278484	2	PRAXIS	-5.383506042e-05	0.0002343844215	-2.145526115e-05	1.892388517e-05	0.02454017483	0.4826436187	-0.3583364455	1.685113091	-0.4826364978	-1.685159489	6.499655621e-06	-1.135256834e-05	0.5059441498	-0.5157252879	run_cdmft.py	R0:S0:1	uncorrelated	-0.2448221307	2.112320903	-1.150069642	0.7487926395	-1.726331124	2.300390336	-0.0906897912	1.153660858	2.30037206	1.153664913	2.174539824	-3.565595364	-1.468571383e-05	4.402449106e-05	2025-02-03@16:59	1.9019	-0.8767565464	1	1.039234126e-16	-0.3990921263	0.2229	-2.07646503e-16	0.1558972501	v2.9.1	
2	Broyden	0	-0.03471412601	-70.68126242	-82.3024	4.455008155	YY	9	0.273367406	self-energy	sharp_wc_5_b_50	3.0461	2	1.160680149	0.2280536203	0.3241570623	-3.024758465	1.898892757	-3.449351737	1.568287156	-0.4667697845	1.524961808	1.568283842	1.524958814	-2.434728354	1.107745398	-0.5685715744	1.979731474	26f4f61	168.3489428	2x2_2C_8b_C2v_L	8.19	1.217613033	2	1.560175689	1.217613033	2	PRAXIS	2.120324307e-05	-8.266794212e-05	2.96831841e-05	-7.983422189e-05	0.02423519374	0.4911252085	-0.3629042946	1.66483618	-0.4911141608	-1.664821205	5.211560011e-05	1.058306256e-05	0.5116982886	-0.5241143167	run_cdmft.py	R0:S0:1	uncorrelated	-0.2481307708	2.141772439	-1.149082751	0.7642064114	-1.725719564	2.338193659	-0.08834537172	1.148136811	2.338209054	1.148145815	2.172805401	-3.572782632	-0.0001539776641	0.0005410509345	2025-02-03@17:01	1.9019	-0.8844424877	1	-5.059260462e-17	-0.4035511603	0.2229	1.624097618e-17	0.1575919374	v2.9.1	
2	Broyden	0	-0.03341843006	-70.26493795	-81.5024	4.373630344	YY	9	0.2706649919	self-energy	sharp_wc_5_b_50	3.0461	2	1.15794038	0.2327899604	0.3338365496	-2.993335226	1.895855084	-3.410621846	1.556558437	-0.4761115817	1.532006378	1.55656151	1.532019345	-2.394564339	1.099964251	-0.5744112282	1.979140494	26f4f61	168.9121322	2x2_2C_8b_C2v_L	8.14	1.212884583	2	1.556005599	1.212884583	2	PRAXIS	1.545274253e-06	-2.2388069e-05	-2.470711598e-05	8.602266919e-05	0.02389666642	0.4998783225	-0.3675975625	1.641968311	-0.4998966989	-1.641965551	-2.895473418e-05	-3.684681872e-05	0.5181448014	-0.5330059491	run_cdmft.py	R0:S0:1	uncorrelated	-0.2514955026	2.169759504	-1.148313403	0.7793584172	-1.725106761	2.377512485	-0.08578924282	1.141285938	2.37750062	1.141271523	2.171679457	-3.579747996	0.0001279266124	-0.0004515937827	2025-02-03@17:03	1.9019	-0.8921608268	1	4.427820907e-17	-0.4080314527	0.2229	2.170292253e-16	0.1592943907	v2.9.1	
2	Broyden	0	-0.03194776351	-69.82467532	-80.7024	4.291258636	YY	9	0.2679577902	self-energy	sharp_wc_5_b_50	3.0461	2	1.155148593	0.2367178996	0.3439120063	-2.956366642	1.892489215	-3.37107367	1.544012052	-0.4845680292	1.539493474	1.544016766	1.539478809	-2.353044569	1.091909415	-0.5787992021	1.978527026	26f4f61	169.5186673	2x2_2C_8b_C2v_L	8.09	1.208096362	2	1.551777683	1.208096362	2	PRAXIS	-6.932955193e-05	0.0002968529095	-4.559086681e-05	7.768255542e-05	0.02324571803	0.5085800057	-0.3721256452	1.617401892	-0.5085909721	-1.61744631	0.0001084721258	-0.0001441467826	0.5242745734	-0.5420291658	run_cdmft.py	R0:S0:1	uncorrelated	-0.2544539791	2.196790503	-1.146792377	0.7955797576	-1.724371368	2.418899974	-0.08236745075	1.131110161	2.418876879	1.131111625	2.170004178	-3.586697498	-0.000141171024	0.0004210979643	2025-02-03@17:05	1.9019	-0.8999601884	1	-2.952238746e-16	-0.4125370824	0.2229	1.690954667e-16	0.1610263885	v2.9.1	
1	Broyden	0	-0.03030374997	-69.38506779	-79.9024	4.20771232	YY	9	0.26524423	self-energy	sharp_wc_5_b_50	3.0461	2	1.152302445	0.2405310546	0.3540283282	-2.923461257	1.88908966	-3.331362531	1.53089841	-0.4928097452	1.547236239	1.5308783	1.547491747	-2.311478515	1.083805414	-0.5799007906	1.977879632	26f4f61	169.9686943	2x2_2C_8b_C2v_L	8.04	1.203256767	2	1.547462523	1.203256767	2	PRAXIS	0.0007502267554	-0.003386067193	0.0003300687547	-0.000322814434	0.02249881452	0.516731848	-0.3768587523	1.591860839	-0.5167863422	-1.591349999	-0.0001792186169	0.0002684608347	0.5302107327	-0.5513041398	run_cdmft.py	R0:S0:1	uncorrelated	-0.2572546051	2.222935038	-1.145950376	0.8119885536	-1.72356066	2.461509571	-0.0783580755	1.118298578	2.461649508	1.118152926	2.168068247	-3.593422444	0.0003188808892	-0.0009263238008	2025-02-03@17:07	1.9019	-0.9078782914	1	3.078868593e-16	-0.4170477139	0.2229	1.557626112e-16	0.1627803095	v2.9.1	
1	Broyden	0	-0.02861367196	-68.95521611	-79.1024	4.125240214	YY	9	0.2625062799	self-energy	sharp_wc_5_b_50	3.0461	2	1.14945168	0.2444366664	0.3641832683	-2.887346331	1.885500428	-3.290891674	1.516627911	-0.50411078	1.559492947	1.516633077	1.559585255	-2.270508434	1.075632855	-0.5829793821	1.97721579	26f4f61	170.4991627	2x2_2C_8b_C2v_L	7.99	1.19832045	2	1.543260966	1.19832045	2	PRAXIS	0.000270691277	-0.001262591072	8.732166828e-05	-1.640508612e-06	0.02147992549	0.5268609005	-0.3820551163	1.559016915	-0.5269077053	-1.558873294	-7.828038284e-07	-3.235856559e-05	0.5363875482	-0.5607358442	run_cdmft.py	R0:S0:1	uncorrelated	-0.2602884119	2.248463258	-1.144612737	0.8288904106	-1.722759332	2.507003973	-0.07370754996	1.100220785	2.507007086	1.100141714	2.166398461	-3.600065138	9.637865208e-05	-0.0003139746957	2025-02-03@17:08	1.9019	-0.915587507	1	-1.922129865e-16	-0.4215799583	0.2229	-1.835030099e-16	0.1645183752	v2.9.1	
1	Broyden	0	-0.02668598446	-68.52941243	-78.3024	4.041946862	YY	9	0.2597372072	self-energy	sharp_wc_5_b_50	3.0461	2	1.146548317	0.2481268855	0.3743274108	-2.851150643	1.88178518	-3.251259103	1.501460127	-0.515776661	1.573150379	1.501465394	1.573166808	-2.229422317	1.067282087	-0.5856189505	1.976520971	26f4f61	171.028543	2x2_2C_8b_C2v_L	7.94	1.193282515	2	1.539017617	1.193282515	2	PRAXIS	5.930184057e-05	-0.0002865221484	1.188007434e-05	2.746597881e-05	0.02019698346	0.5373314869	-0.387393736	1.523197199	-0.5373484642	-1.523183781	3.974942788e-06	-2.708366401e-05	0.5426292497	-0.570460847	run_cdmft.py	R0:S0:1	uncorrelated	-0.2631461434	2.272512069	-1.143282508	0.8461305812	-1.722124029	2.554673425	-0.06813749498	1.078058623	2.554658385	1.078036974	2.164576553	-3.606596784	3.481664041e-05	-0.0001195857509	2025-02-03@17:10	1.9019	-0.9233426685	1	-1.526415581e-16	-0.4261438862	0.2229	-3.443515712e-16	0.1662812879	v2.9.1	
1	Broyden	0	-0.02439309928	-68.09964876	-77.5024	3.957675169	YY	9	0.2569392265	self-energy	sharp_wc_5_b_50	3.0461	2	1.143584859	0.2531755177	0.3838646805	-2.815117216	1.878142202	-3.210849043	1.484781291	-0.5269737409	1.588433429	1.484782794	1.588427358	-2.188439026	1.058692298	-0.5881059193	1.975796406	26f4f61	171.4861583	2x2_2C_8b_C2v_L	7.89	1.188121836	2	1.534736661	1.188121836	2	PRAXIS	-1.767838331e-05	7.713656058e-05	-1.316883769e-05	2.805504047e-05	0.01840911168	0.5480840521	-0.392677816	1.483281495	-0.548087071	-1.483297775	-1.876301199e-05	2.883274469e-06	0.5489777872	-0.5804704063	run_cdmft.py	R0:S0:1	uncorrelated	-0.2662204359	2.294229396	-1.142076973	0.8627996254	-1.721375647	2.606183212	-0.06112705253	1.049755972	2.606176048	1.049759289	2.16271447	-3.613149008	4.8456521e-05	-0.0001556425733	2025-02-03@17:11	1.9019	-0.9311543456	1	-1.368026301e-16	-0.4307536842	0.2229	3.639223885e-17	0.1680904065	v2.9.1	
3	Broyden	0	-0.02149193733	-67.67658934	-76.7024	3.872158162	YY	9	0.2540474857	self-energy	sharp_wc_5_b_50	3.0461	2	1.140533739	0.2617689782	0.3911435428	-2.781777028	1.875223795	-3.170437199	1.465348516	-0.5374976998	1.606903187	1.465345217	1.606896445	-2.146199634	1.049397825	-0.5932176717	1.975174478	26f4f61	172.074791	2x2_2C_8b_C2v_L	7.84	1.18268629	2	1.530466451	1.18268629	2	PRAXIS	-4.563772238e-05	0.0002099645693	-2.110310361e-05	2.106324907e-05	0.01607604033	0.5602065612	-0.3973974249	1.434432169	-0.5602025114	-1.434438818	-3.14950478e-06	-3.197867646e-06	0.5544770012	-0.5895570675	run_cdmft.py	R0:S0:1	uncorrelated	-0.2702086347	2.311194133	-1.141069489	0.8759948757	-1.720774079	2.66557652	-0.05228078757	1.015028324	2.665585425	1.015039392	2.160921197	-3.620388874	5.701814439e-06	-2.122856145e-05	2025-02-03@17:14	1.9019	-0.9389790588	1	-7.673818893e-16	-0.4355068001	0.2229	1.347665064e-16	0.169989405	v2.9.1	
3	Broyden	0	-0.01699471373	-67.24143999	-75.9024	3.789176145	YY	9	0.2514085036	self-energy	sharp_wc_5_b_50	3.0461	2	1.137608789	0.2726120713	0.3990444169	-2.745087597	1.871889652	-3.129417967	1.44740133	-0.5502769012	1.628456107	1.44735899	1.62845662	-2.104732529	1.04181136	-0.5947363225	1.974376364	26f4f61	172.4841513	2x2_2C_8b_C2v_L	7.79	1.177855074	2	1.526072003	1.177855074	2	PRAXIS	-0.0003257543871	0.001494815384	-0.0001481340391	0.0001220604773	0.01156931567	0.5598478839	-0.4030030535	1.388349991	-0.5598029939	-1.388279217	0.000113627239	-0.0001405414645	0.5601729674	-0.5995214997	run_cdmft.py	R0:S0:1	uncorrelated	-0.2742510356	2.328701326	-1.139911297	0.8913394955	-1.720218009	2.717889837	-0.03680040337	0.926539103	2.718024676	0.9265889205	2.158952034	-3.625210424	-0.0002120124795	0.0006006720904	2025-02-03@17:16	1.9019	-0.9467734413	1	-1.554534984e-16	-0.4398076125	0.2229	-6.544699454e-17	0.1716671282	v2.9.1	
8	Broyden	0	-0.005280511673	-66.82339592	-75.1024	3.69630669	YY	9	0.2508329095	self-energy	sharp_wc_5_b_50	3.0461	2	1.134945712	0.2845252822	0.4224868585	-2.713915912	1.86554248	-3.089761848	1.453951138	-0.5630996186	1.6207675	1.453878444	1.62086662	-2.063480285	1.04355342	-0.600178519	1.973354543	26f4f61	173.6850991	2x2_2C_8b_C2v_L	7.74	1.177436248	2	1.519249361	1.177436248	2	PRAXIS	-0.0002554311102	0.001245184287	-8.76839054e-05	-4.104000293e-05	0.003811666689	0.4649095198	-0.4077714619	1.428269238	-0.4648053206	-1.427967589	5.878766703e-05	-2.048343574e-05	0.565198159	-0.6086382256	run_cdmft.py	R0:S0:1	uncorrelated	-0.2787252328	2.381882571	-1.139049491	0.9257121233	-1.719900241	2.691749256	-0.01116603125	0.6612823268	2.692005354	0.6612589898	2.15751869	-3.620777721	-0.0002002692193	0.0005910471064	2025-02-03@17:21	1.9019	-0.9579086486	1	-2.03289049e-16	-0.4416810964	0.2229	-5.063384479e-17	0.1725960113	v2.9.1	
3	Broyden	0	-0.05354643494	-85.23607835	-104.7024	6.376154925	YY	9	0.3459003726	self-energy	sharp_wc_5_b_50	3.0461	2	1.219716481	0.2928072077	0.01180475059	-4.564640039	1.971726646	-4.580886022	1.74204643	-0.3401634341	1.632925977	1.742026864	1.632941845	-3.605832552	1.28503655	-0.5487455563	1.987267316	26f4f61	176.9951684	2x2_2C_8b_C2v_L	9.59	1.32919115	2	1.65808748	1.32919115	2	PRAXIS	0.2187900374	-0.1805588825	7.8217817e-05	-7.682782794e-05	0.02360124263	0.3428392071	-0.2476507247	1.507512019	-0.3428667672	-1.507429854	-2.936632908e-05	9.688958515e-05	0.3739953346	-0.3507322133	run_cdmft.py	R0:S0:1	uncorrelated	-0.000139000055	0.001243177787	-1.184934165	0.3294190542	-1.743729313	1.687517504	-0.1356050066	1.165277438	1.687632141	1.165337724	2.201188226	-3.369032604	3.838760963e-05	-9.922926782e-05	2025-02-03@18:23	1.9019	-0.6965618892	1	3.062734399e-16	-0.2913521484	0.2229	2.745570642e-16	0.1173163168	v2.9.1	
2	Broyden	0	-0.05450269101	-85.77487448	-105.5024	6.407285605	YY	9	0.3498438673	self-energy	sharp_wc_5_b_50	3.0461	2	1.220566541	0.3004603934	0.0118219165	-4.614404807	1.972061061	-4.623462408	1.746502691	-0.3362319077	1.620802839	1.746512882	1.620791214	-3.650991345	1.286238406	-0.540750129	1.987504634	26f4f61	176.4934808	2x2_2C_8b_C2v_L	9.64	1.333570215	2	1.660408976	1.333570215	2	PRAXIS	0.2181651308	-0.1801882648	-7.553206787e-05	0.0001182896849	0.02315164571	0.3471019177	-0.2473049378	1.544116026	-0.3470856582	-1.544163198	6.109437073e-05	-4.304631039e-05	0.3725840689	-0.3476070574	run_cdmft.py	R0:S0:1	uncorrelated	0.0001098054177	-0.0009083702042	-1.186201348	0.3257342127	-1.74444274	1.664033234	-0.1329743946	1.172901795	1.66397355	1.17286549	2.201567348	-3.370134642	-0.0001400671211	0.0006076708074	2025-02-03@18:25	1.9019	-0.6931256588	1	-5.721676502e-16	-0.2899643075	0.2229	2.837515193e-16	0.1167076115	v2.9.1	
2	Broyden	0	-0.05536936423	-86.2726534	-106.3024	6.435681183	YY	9	0.3544873564	self-energy	sharp_wc_5_b_50	3.0461	2	1.221337517	0.3015147196	0.01182475914	-4.659090675	1.972428865	-4.661679655	1.751202844	-0.3301430015	1.603057342	1.751189752	1.603068928	-3.697095516	1.287231302	-0.5291139577	1.987684831	26f4f61	176.1263208	2x2_2C_8b_C2v_L	9.69	1.338609763	2	1.662777008	1.338609763	2	PRAXIS	0.2161669658	-0.1790839331	5.650588607e-05	-6.308951822e-05	0.02254149601	0.3512916005	-0.2472303709	1.596525002	-0.3513154507	-1.596470344	-2.627293787e-05	4.382062833e-05	0.3712929925	-0.3447612147	run_cdmft.py	R0:S0:1	uncorrelated	-0.0001050341232	0.0009015448838	-1.187184143	0.3214444918	-1.744492719	1.638106016	-0.1292439397	1.17944545	1.638182651	1.179492422	2.201900625	-3.372105754	6.107294845e-05	-0.0002492887362	2025-02-03@18:28	1.9019	-0.6899001333	1	-2.058914264e-16	-0.2888614555	0.2229	8.841487827e-18	0.1161658496	v2.9.1	
2	Broyden	0	-0.0560305547	-86.75757496	-107.1024	6.462711659	YY	9	0.3600705762	self-energy	sharp_wc_5_b_50	3.0461	2	1.222057305	0.2975267786	0.0118250571	-4.696680971	1.972865787	-4.702687072	1.756702925	-0.3224215239	1.578249411	1.756713926	1.578235118	-3.742898722	1.287820138	-0.5142573272	1.987823526	26f4f61	175.9454437	2x2_2C_8b_C2v_L	9.74	1.3445435	2	1.665350644	1.3445435	2	PRAXIS	0.2136079551	-0.1774007867	-5.975249149e-05	8.28438698e-05	0.02207936393	0.3536835001	-0.2473740698	1.66819732	-0.3536581039	-1.668250031	5.614090261e-05	-2.335696275e-05	0.37005639	-0.3421267481	run_cdmft.py	R0:S0:1	uncorrelated	0.0001068496076	-0.0008985324003	-1.18761737	0.3161790491	-1.744810145	1.607674859	-0.1258234473	1.187672208	1.607610384	1.187627528	2.20211193	-3.375388072	-0.0001382681543	0.0006584006335	2025-02-03@18:30	1.9019	-0.6866787477	1	-3.491174664e-16	-0.2880597394	0.2229	1.937877015e-16	0.1156685151	v2.9.1	
3	Broyden	0	-0.05611691097	-87.18804794	-107.9024	6.489126521	YY	9	0.3665436259	self-energy	sharp_wc_5_b_50	3.0461	2	1.222754545	0.2844125007	0.01176539834	-4.719942892	1.973312961	-4.741116148	1.762711384	-0.312273828	1.547692369	1.762706944	1.547692513	-3.788803643	1.288281892	-0.496156894	1.987933118	26f4f61	176.0854342	2x2_2C_8b_C2v_L	9.79	1.351359769	2	1.668081912	1.351359769	2	PRAXIS	0.2090894863	-0.1745521815	3.349701863e-05	-5.505204426e-05	0.02141750929	0.3528599163	-0.2474800899	1.7571416	-0.3528690991	-1.757129871	6.800400823e-05	-4.558062273e-05	0.3685154709	-0.3393868891	run_cdmft.py	R0:S0:1	uncorrelated	-3.53442133e-05	0.0003304408654	-1.187194801	0.3103462523	-1.744809725	1.573530875	-0.1210373359	1.187652833	1.573556592	1.187670219	2.202163823	-3.379501352	-0.0001014825	0.0005214739268	2025-02-03@18:33	1.9019	-0.6834391612	1	6.189859277e-16	-0.2874318869	0.2229	-1.332476007e-16	0.115183412	v2.9.1	
3	Broyden	0	-0.05535090882	-87.61302364	-108.7024	6.517562276	YY	9	0.3737918012	self-energy	sharp_wc_5_b_50	3.0461	2	1.2234906	0.2715838804	0.01177068338	-4.747324109	1.973853572	-4.777998166	1.769229286	-0.3003216937	1.513214562	1.769176027	1.513265602	-3.834819779	1.288727443	-0.476888739	1.988012249	26f4f61	176.3921282	2x2_2C_8b_C2v_L	9.84	1.358957405	2	1.671087748	1.358957405	2	PRAXIS	0.2054455044	-0.1719811473	0.0001274799022	-1.616477373e-05	0.02075117234	0.3466392516	-0.2471821362	1.858327897	-0.3467938293	-1.858113803	-0.000112844185	0.0001415144248	0.366983223	-0.3367960569	run_cdmft.py	R0:S0:1	uncorrelated	-0.0003786151117	0.003605792954	-1.186904652	0.3035939557	-1.744579952	1.535900528	-0.1157368932	1.17756929	1.536212495	1.177824891	2.202227713	-3.384054182	0.0002679015078	-0.001310524345	2025-02-03@18:36	1.9019	-0.6798813279	1	-1.066878568e-16	-0.2868456287	0.2229	-2.621236728e-16	0.1146611447	v2.9.1	
3	Broyden	0	-0.05376272553	-87.98104337	-109.5024	6.547382096	YY	9	0.381794554	self-energy	sharp_wc_5_b_50	3.0461	2	1.224256588	0.253691952	0.01168589381	-4.759699604	1.974414735	-4.809052993	1.775944225	-0.2899654258	1.47901396	1.775912205	1.479065984	-3.878719043	1.288999379	-0.4541918068	1.988105623	26f4f61	176.9898338	2x2_2C_8b_C2v_L	9.89	1.367323103	2	1.674265783	1.367323103	2	PRAXIS	0.2004007992	-0.1681705551	-3.534599285e-05	0.0002107756406	0.02002280283	0.3368868756	-0.2473191312	1.965671559	-0.3370276167	-1.965507418	-3.453661844e-05	-3.993148698e-05	0.3646612851	-0.3336972113	run_cdmft.py	R0:S0:1	uncorrelated	-0.0001677774551	0.001722734626	-1.185709217	0.2962534251	-1.743696214	1.496067043	-0.109615329	1.152557719	1.496255309	1.152732961	2.201677807	-3.389422909	0.0001799662343	-0.001027523855	2025-02-03@18:39	1.9019	-0.6761268448	1	2.492381449e-16	-0.2862571423	0.2229	7.321569202e-17	0.1141116907	v2.9.1	
3	Broyden	0	-0.05120284882	-88.40605951	-110.3024	6.583200507	YY	9	0.3899516261	self-energy	sharp_wc_5_b_50	3.0461	2	1.225151018	0.2459866066	0.01171818397	-4.800089655	1.975135969	-4.841175666	1.782730746	-0.2783328901	1.447461147	1.782718348	1.447467123	-3.921615478	1.28931761	-0.4321356648	1.988250803	26f4f61	177.2593856	2x2_2C_8b_C2v_L	9.94	1.375864443	2	1.677815377	1.375864443	2	PRAXIS	0.1987259131	-0.1657625855	2.365638307e-05	9.799672953e-06	0.01932622567	0.3211725662	-0.2463460265	2.067768168	-0.3212236565	-2.067730685	0.0001346045357	-8.221713659e-05	0.3616528796	-0.3300479775	run_cdmft.py	R0:S0:1	uncorrelated	-7.318479552e-05	0.0008153513435	-1.186131752	0.2879804409	-1.742959552	1.455594043	-0.1042215335	1.118672995	1.455666351	1.118741474	2.201144139	-3.394710834	-0.0001583099958	0.000977939854	2025-02-03@18:42	1.9019	-0.6716262337	1	-3.072054282e-16	-0.2854578138	0.2229	-8.857477903e-17	0.1134652311	v2.9.1	
3	Broyden	0	-0.04786861445	-88.79684644	-111.1024	6.621141011	YY	9	0.3985340515	self-energy	sharp_wc_5_b_50	3.0461	2	1.226092253	0.2365351269	0.01166485029	-4.829200918	1.975864892	-4.870313786	1.789545223	-0.2681682032	1.419628925	1.789584146	1.41959017	-3.961960742	1.289478424	-0.4090456377	1.988426273	26f4f61	177.5729247	2x2_2C_8b_C2v_L	9.99	1.384846732	2	1.68149124	1.384846732	2	PRAXIS	0.1963323197	-0.1624404279	-9.599462918e-05	-3.161584202e-05	0.01844530362	0.302168209	-0.2456423866	2.16788135	-0.3019861466	-2.168023594	3.483835683e-05	-1.696494285e-05	0.3581384978	-0.3260352846	run_cdmft.py	R0:S0:1	uncorrelated	0.0003066157995	-0.003359233255	-1.185846879	0.2793780695	-1.742080079	1.414174337	-0.09800052973	1.06908054	1.413946669	1.068810515	2.20003879	-3.400481543	-0.0001415875903	0.0008477025617	2025-02-03@18:46	1.9019	-0.6668798665	1	1.172279286e-16	-0.2845554088	0.2229	-2.072351806e-17	0.1127932601	v2.9.1	
3	Broyden	0	-0.04399862427	-89.20226265	-111.9024	6.661499418	YY	9	0.4073528201	self-energy	sharp_wc_5_b_50	3.0461	2	1.227086257	0.227776021	0.01158806428	-4.857857762	1.976636398	-4.89982992	1.796546402	-0.2603494397	1.397882124	1.79658656	1.397813746	-4.003119181	1.289782729	-0.386543553	1.988612353	26f4f61	177.9004438	2x2_2C_8b_C2v_L	10.04	1.394077914	2	1.68527678	1.394077913	2	PRAXIS	0.1941454808	-0.1588342744	-1.348725412e-06	-0.0002211543209	0.01781611975	0.2800286983	-0.2452173703	2.26019547	-0.2797539148	-2.260388091	-3.125216204e-05	0.0002269466987	0.3545508961	-0.321850253	run_cdmft.py	R0:S0:1	uncorrelated	0.0002784364154	-0.003191762052	-1.185489773	0.2703673357	-1.741289856	1.371461173	-0.09182194223	1.008503962	1.371225175	1.008163875	2.199101596	-3.406287319	-0.000155552913	0.001186631528	2025-02-03@18:49	1.9019	-0.6618645947	1	5.228095162e-17	-0.2835140797	0.2229	-3.057967682e-16	0.1120983055	v2.9.1	
3	Broyden	0	-0.03927582859	-89.59128405	-112.7024	6.702266413	YY	9	0.4167011193	self-energy	sharp_wc_5_b_50	3.0461	2	1.228091834	0.2183940994	0.01147839057	-4.888754768	1.977471529	-4.924063444	1.803537677	-0.2527506247	1.379235263	1.803661389	1.379007183	-4.043040422	1.290059909	-0.3644794191	1.988813141	26f4f61	178.2868648	2x2_2C_8b_C2v_L	10.09	1.403857206	2	1.689065768	1.403857206	2	PRAXIS	0.1919383307	-0.1547256876	6.04592008e-05	-0.0009084022931	0.01658966857	0.2531925908	-0.2449168205	2.353291267	-0.2521512817	-2.353896702	-9.766864278e-05	0.0009244873486	0.3507658539	-0.3174980859	run_cdmft.py	R0:S0:1	uncorrelated	0.0009045170796	-0.01086795475	-1.185466185	0.2607032635	-1.740160164	1.327696355	-0.08331453965	0.9227915811	1.326968863	0.9215304644	2.197943818	-3.41241224	-0.0005413704616	0.004616706078	2025-02-03@18:52	1.9019	-0.656829209	1	7.83548978e-17	-0.2824101747	0.2229	-2.959283974e-16	0.1114038358	v2.9.1	
3	Broyden	0	-0.03426753753	-89.98457985	-113.5024	6.744947366	YY	9	0.4263197804	self-energy	sharp_wc_5_b_50	3.0461	2	1.229137089	0.2107877309	0.01133053821	-4.91537362	1.978352065	-4.946081463	1.810591596	-0.2480521224	1.368514696	1.810841013	1.368018365	-4.084394551	1.290426569	-0.3444480404	1.989052314	26f4f61	178.6218482	2x2_2C_8b_C2v_L	10.14	1.413909156	2	1.692936473	1.413909156	2	PRAXIS	0.1899670105	-0.1500024821	5.182886758e-05	-0.001925031093	0.01526367507	0.2248412783	-0.2450455927	2.435352801	-0.2222524474	-2.436605288	-1.057491907e-05	0.002447297733	0.3469025318	-0.3127663914	run_cdmft.py	R0:S0:1	uncorrelated	0.002114100866	-0.02619973428	-1.185061698	0.2505681877	-1.738911132	1.283099635	-0.0744558296	0.8248381336	1.281631999	0.8217109816	2.197261947	-3.418833547	-0.001464265688	0.01376331148	2025-02-03@18:55	1.9019	-0.6515820701	1	4.869789096e-18	-0.2811903077	0.2229	-1.882961663e-16	0.1107023251	v2.9.1	
3	Broyden	0	-0.02840905336	-90.40325934	-114.3024	6.785676872	YY	9	0.4369006035	self-energy	sharp_wc_5_b_50	3.0461	2	1.230145575	0.2027134632	0.0108136558	-4.937942001	1.979371071	-4.972050618	1.818611741	-0.2469063336	1.363336564	1.818717249	1.363096602	-4.123429515	1.290487012	-0.3271826021	1.989421537	26f4f61	179.1938067	2x2_2C_8b_C2v_L	10.19	1.424936155	2	1.696706872	1.424936155	2	PRAXIS	0.1877250974	-0.1434334581	3.195321771e-05	-0.0009525644859	0.01347840072	0.1878396104	-0.2464012498	2.518195421	-0.1863586828	-2.518775039	4.456807823e-05	0.001674541553	0.3434047571	-0.3078457921	run_cdmft.py	R0:S0:1	uncorrelated	0.001043182709	-0.0134057334	-1.1842606	0.2389881276	-1.738452923	1.232927583	-0.0628872463	0.6914945131	1.23230476	0.689729113	2.19602417	-3.426579215	-0.0008351646416	0.008910328572	2025-02-03@18:58	1.9019	-0.6465993303	1	-3.688749288e-16	-0.2800145724	0.2229	-2.154152102e-16	0.1100389959	v2.9.1	
3	Broyden	0	-0.02140011386	-90.83784843	-115.1024	6.828511708	YY	9	0.4478827749	self-energy	sharp_wc_5_b_50	3.0461	2	1.231196862	0.1963231165	0.01044095616	-4.96469691	1.980459311	-4.996652895	1.826645275	-0.2469648864	1.3649634	1.8268522	1.364516706	-4.161501045	1.290405201	-0.3128119579	1.989761555	26f4f61	179.7638751	2x2_2C_8b_C2v_L	10.24	1.436366121	2	1.700583899	1.436366121	2	PRAXIS	0.1859943584	-0.1366046647	-2.897269287e-05	-0.002419527151	0.01061032128	0.1423665916	-0.248036352	2.591945415	-0.1382652472	-2.593023708	2.513442946e-05	0.004539845417	0.3400370548	-0.3028765315	run_cdmft.py	R0:S0:1	uncorrelated	0.002755974961	-0.0369857252	-1.183789131	0.2267916177	-1.738156298	1.182133256	-0.04775945848	0.5196857203	1.180911025	0.5148051385	2.194872703	-3.434873236	-0.001858966343	0.0222864605	2025-02-03@19:02	1.9019	-0.6413727247	1	1.269592618e-16	-0.2787293723	0.2229	-7.08820929e-17	0.1093672763	v2.9.1	
3	Broyden	0	-0.01391477533	-91.28031898	-115.9024	6.875572663	YY	9	0.4587604731	self-energy	sharp_wc_5_b_50	3.0461	2	1.232329731	0.1918907287	0.009849071691	-4.991208661	1.981568421	-5.017414499	1.834533047	-0.2504373369	1.376488742	1.834682263	1.376166195	-4.198095293	1.290028796	-0.3025099535	1.990196525	26f4f61	180.1919685	2x2_2C_8b_C2v_L	10.29	1.447676924	2	1.704668687	1.447676924	2	PRAXIS	0.1843228381	-0.1290124722	-0.0001639532596	-0.002561534765	0.007156570375	0.09101430439	-0.2499271506	2.64202599	-0.08599770315	-2.642800527	3.383427169e-05	0.005785374173	0.3368792655	-0.2977069085	run_cdmft.py	R0:S0:1	uncorrelated	0.003219403996	-0.0442666419	-1.183323356	0.2144855653	-1.737248547	1.131878025	-0.03097796746	0.3286914019	1.130994415	0.3227733263	2.193718739	-3.443805866	-0.002015220998	0.02701202056	2025-02-03@19:05	1.9019	-0.6356334476	1	1.727061227e-16	-0.2772539006	0.2229	7.569208444e-17	0.1086725656	v2.9.1	
2	Broyden	0	-0.006194619555	-91.71709823	-116.7024	6.937571571	YY	9	0.4677742523	self-energy	sharp_wc_5_b_50	3.0461	2	1.233741122	0.1913220381	0.02362997727	-4.994403898	1.981847634	-5.04911477	1.841771914	-0.2506055906	1.396385487	1.841347908	1.397154452	-4.23295362	1.289957668	-0.2951191439	1.98703564	26f4f61	179.7605382	2x2_2C_8b_C2v_L	10.34	1.457058238	2	1.709549481	1.457058237	2	PRAXIS	0.1815265184	-0.1429198722	0.007490923133	0.002214018414	0.004554030879	0.03327417903	-0.2497066053	2.656760031	-0.05877533589	-2.654961081	-0.001731589502	-0.02549657373	0.3333691561	-0.297141858	run_cdmft.py	R0:S0:1	uncorrelated	-0.02320960638	0.3078570713	-1.181858211	0.2095741174	-1.737602112	1.086169681	-0.01793695909	0.1632414909	1.088680141	0.1938680291	2.192805759	-3.449262889	0.009970900549	-0.138702855	2025-02-03@19:08	1.9019	-0.6279958594	1	-4.256842764e-16	-0.275227509	0.2229	3.916037948e-16	0.1078414482	v2.9.1	
1	Broyden	0	-0.001716427645	-92.09864095	-117.5024	7.010547139	YY	9	0.4776854621	self-energy	sharp_wc_5_b_50	3.0461	2	1.235341744	0.1877091467	0.09256305311	-4.972338153	1.979725394	-5.073019594	1.848566946	-0.2497352025	1.425793133	1.848049411	1.42764265	-4.268051715	1.303439556	-0.2873822828	1.897331361	26f4f61	178.3769285	2x2_2C_8b_C2v_L	10.39	1.46721208	2	1.715252243	1.46721208	2	PRAXIS	0.1691381217	-0.2290234439	0.018178856	-0.007029276004	0.002313725594	-0.01997146551	-0.248379108	2.648633106	-0.06324334547	-2.644514559	-0.008277552718	-0.1403852654	0.3281511632	-0.4217214482	run_cdmft.py	R0:S0:1	uncorrelated	-0.06673313151	0.7806604977	-1.183074754	0.2244868522	-1.736797487	1.042190999	-0.009355690114	0.03897674011	1.045342673	0.1347483869	2.191340647	-3.401782136	0.04204860386	-0.6513027053	2025-02-03@19:10	1.9019	-0.6188503985	1	-6.102561455e-16	-0.2729782238	0.2229	-1.127835359e-18	0.1069733412	v2.9.1	
3	Broyden	0	-0.0003434651505	-92.75266562	-118.3024	7.070102408	YY	9	0.4832951487	self-energy	sharp_wc_5_b_50	3.0461	2	1.23671874	0.2032437217	0.01308446104	-5.11491223	1.983818963	-5.10075926	1.851834125	-0.2425589042	1.435189268	1.851816402	1.435250038	-4.301996244	1.289491684	-0.2889936253	1.985686412	26f4f61	178.7836359	2x2_2C_8b_C2v_L	10.44	1.473330643	2	1.719399283	1.473330642	2	PRAXIS	0.1841788439	-0.1213614319	0.004189383301	-0.0004847187666	0.0003314360341	-0.00787698632	-0.2459015281	2.643927908	-0.01352291569	-2.643801318	-0.002419791683	-0.03522711894	0.3283726273	-0.2925256013	run_cdmft.py	R0:S0:1	uncorrelated	-0.0148125072	0.1824108665	-1.185935587	0.1893212354	-1.735737441	1.020149506	-0.001298060132	-0.0001536642954	1.02025744	0.02396901436	2.191457489	-3.460099333	0.009543852561	-0.1646256499	2025-02-03@19:13	1.9019	-0.6118018851	1	-5.293180527e-16	-0.2705258657	0.2229	-7.050841723e-17	0.106073217	v2.9.1	
1	Broyden	0	-8.390124894e-05	-93.04744613	-119.1024	7.140440909	YY	9	0.4948803881	self-energy	sharp_wc_5_b_50	3.0461	2	1.238271307	0.1951125448	0.08532489756	-5.054747907	1.981613541	-5.118932493	1.857992477	-0.2435870176	1.464256637	1.857958955	1.464405395	-4.335456168	1.312241121	-0.2802503622	1.838910737	26f4f61	176.7349064	2x2_2C_8b_C2v_L	10.49	1.485189074	2	1.724846557	1.485189074	2	PRAXIS	0.1683010349	-0.2093502463	0.01886717879	-0.01425530836	0.0003528764393	-0.04706292677	-0.2439931096	2.626481844	-0.04872753159	-2.626198581	-0.00966256659	-0.1851247731	0.3211044577	-0.5051398194	run_cdmft.py	R0:S0:1	uncorrelated	-0.06961104715	0.776483661	-1.185862165	0.2046262734	-1.734362708	0.9796138446	-0.0008005994636	-0.04580586126	0.9798283065	0.05862269519	2.189688264	-3.376713882	0.04725005027	-0.8148357088	2025-02-03@19:15	1.9019	-0.6030904034	1	-7.9120558e-17	-0.2681953779	0.2229	-1.913691836e-16	0.1052568803	v2.9.1	
2	Broyden	0	-2.165452343e-05	-93.6818706	-119.9024	7.210881715	YY	9	0.4991441535	self-energy	sharp_wc_5_b_50	3.0461	2	1.239824473	0.2156743117	0.01308179776	-5.187990486	1.985260842	-5.149051057	1.862383033	-0.2366410513	1.47850005	1.862384585	1.478493489	-4.363947235	1.288395306	-0.2821614468	1.982788007	26f4f61	177.0726576	2x2_2C_8b_C2v_L	10.54	1.489881681	2	1.72963397	1.489881681	2	PRAXIS	0.1862592296	-0.114462449	-0.005628334001	0.004289470684	6.36686979e-05	0.01325646952	-0.2412908348	2.609473803	0.0130059806	-2.609484985	0.001975850147	0.05053117845	0.3213753395	-0.2890421261	run_cdmft.py	R0:S0:1	uncorrelated	0.01751969014	-0.2013136615	-1.185978656	0.1732597174	-1.733690085	0.9505722283	-0.000141296591	0.01512299823	0.9505623075	-0.01290585088	2.18937281	-3.471223599	-0.009772962894	0.2070176537	2025-02-03@19:18	1.9019	-0.5945887649	1	8.939087453e-17	-0.2653945702	0.2229	-3.149238726e-16	0.1042658223	v2.9.1	
2	Broyden	0	-5.624349261e-06	-94.09822049	-120.7024	7.285606561	YY	9	0.5068227717	self-energy	sharp_wc_5_b_50	3.0461	2	1.241452211	0.2204086955	0.01129287798	-5.206919426	1.985929679	-5.174174896	1.867218	-0.2303420462	1.498524187	1.867217712	1.498525413	-4.392377283	1.287912682	-0.2783944817	1.979807728	26f4f61	175.188782	2x2_2C_8b_C2v_L	10.59	1.497903008	2	1.734921477	1.497903007	2	PRAXIS	0.1860478555	-0.1081194319	0.004758674106	-0.005105674625	-6.196979047e-05	-0.01388816182	-0.2379961321	2.588970144	-0.01433021264	-2.588963685	-0.002189353028	-0.06098174196	0.3172795686	-0.2894856733	run_cdmft.py	R0:S0:1	uncorrelated	-0.01599037645	0.1763594186	-1.185506789	0.1655622688	-1.733070836	0.9181841582	2.761004324e-05	-0.01462136887	0.9181854366	0.01449285413	2.188143681	-3.475630507	0.01015906241	-0.2392946945	2025-02-03@19:20	1.9019	-0.5854726	1	-1.535971438e-16	-0.2625736775	0.2229	-4.748898418e-16	0.1033286513	v2.9.1	
3	Broyden	0	-2.652020793e-07	-94.50265895	-121.5024	7.363601415	YY	9	0.5138537148	self-energy	sharp_wc_5_b_50	3.0461	2	1.243129693	0.2150857697	0.007333705613	-5.248889812	1.986626705	-5.187310134	1.871637	-0.2211942652	1.517873947	1.871636993	1.517873987	-4.419363944	1.284829784	-0.2769772842	1.992696355	26f4f61	173.8525141	2x2_2C_8b_C2v_L	10.64	1.505258747	2	1.740336914	1.505258747	2	PRAXIS	0.1852324381	-0.1004349747	-0.0008104499549	0.001062570387	-5.868886487e-05	0.0009340921141	-0.2341308803	2.564682656	0.0006594456025	-2.564682795	0.0001581951715	0.003002022719	0.3145391231	-0.2671007598	run_cdmft.py	R0:S0:1	uncorrelated	0.00157838926	-0.01760237437	-1.186835744	0.1579095446	-1.730535528	0.8874387874	5.258595692e-05	0.0005375817867	0.8874388561	-0.001122744723	2.186718232	-3.489247643	-0.0005128179606	0.01252507861	2025-02-03@19:24	1.9019	-0.5759437938	1	-4.576868509e-16	-0.2595898814	0.2229	-2.36566904e-16	0.1023500711	v2.9.1	
2	Broyden	0	-1.249212926e-06	-94.90886981	-122.3024	7.426642218	YY	9	0.5252672705	self-energy	sharp_wc_5_b_50	3.0461	2	1.244536558	0.2032158208	0.02313199445	-5.244253433	1.987018337	-5.213357384	1.87625055	-0.2171595439	1.536095659	1.876250162	1.536098522	-4.456146441	1.303511772	-0.2687180153	1.870255924	26f4f61	172.6753079	2x2_2C_8b_C2v_L	10.69	1.517044317	2	1.744918444	1.517044317	2	PRAXIS	0.1789771343	-0.1108016731	0.009833063582	-0.01848539382	1.193545183e-05	-0.03930774612	-0.2314034845	2.548868789	-0.03930383454	-2.54886497	-0.005187088938	-0.1953044073	0.3100056488	-0.4526668673	run_cdmft.py	R0:S0:1	uncorrelated	-0.03310812676	0.3571961137	-1.187287406	0.1516381625	-1.73005031	0.856696178	-2.090735418e-05	-0.03780466457	0.8566989183	0.03809208879	2.186412093	-3.420919072	0.02500104199	-0.7131773845	2025-02-03@19:26	1.9019	-0.5683639576	1	-3.401994444e-16	-0.257094301	0.2229	4.45903823e-16	0.1015267379	v2.9.1	
2	Broyden	0	-0.0560305547	-86.75757496	-107.1024	6.462711659	YY	9	0.3600705762	self-energy	sharp_wc_5_b_50	3.0461	2	1.222057305	0.2975267786	0.0118250571	-4.696680971	1.972865787	-4.702687072	1.756702925	-0.3224215239	1.578249411	1.756713926	1.578235118	-3.742898722	1.287820138	-0.5142573272	1.987823526	26f4f61	175.9454437	2x2_2C_8b_C2v_L	9.74	1.3445435	2	1.665350644	1.3445435	2	PRAXIS	0.2136079551	-0.1774007867	-5.975249149e-05	8.28438698e-05	0.02207936393	0.3536835001	-0.2473740698	1.66819732	-0.3536581039	-1.668250031	5.614090261e-05	-2.335696275e-05	0.37005639	-0.3421267481	run_cdmft.py	R0:S0:1	uncorrelated	0.0001068496076	-0.0008985324003	-1.18761737	0.3161790491	-1.744810145	1.607674859	-0.1258234473	1.187672208	1.607610384	1.187627528	2.20211193	-3.375388072	-0.0001382681543	0.0006584006335	2025-02-03@18:30	1.9019	-0.6866787477	1	-3.491174664e-16	-0.2880597394	0.2229	1.937877015e-16	0.1156685151	v2.9.1	
