model	E_kin	D	U	e	eb1_1	eb2_1	eb3_1	eb4_1	eb5_1	eb6_1	eb7_1	eb8_1	mu	sb1_1	sb2_1	sb3_1	sb4_1	sb5_1	sb6_1	sb7_1	sb8_1	tb1_1	tb2_1	tb3_1	tb4_1	tb5_1	tb6_1	tb7_1	tb8_1	tpd	tpp	tppp	ave_D	ave_e	ave_mu	ave_tpd	ave_tpp	ave_tppp	ave_U_1	ave_eb1_1	ave_eb2_1	ave_eb3_1	ave_eb4_1	ave_eb5_1	ave_eb6_1	ave_eb7_1	ave_eb8_1	ave_mu_1	ave_sb1_1	ave_sb2_1	ave_sb3_1	ave_sb4_1	ave_sb5_1	ave_sb6_1	ave_sb7_1	ave_sb8_1	ave_tb1_1	ave_tb2_1	ave_tb3_1	ave_tb4_1	ave_tb5_1	ave_tb6_1	ave_tb7_1	ave_tb8_1	ave_e_2	ave_mu_2	ave_tpp_2	ave_tppp_2	E0_1	sector_1	n_1	E0_2	sector_2	n_2	githash	version	GS_consistency	iterations	dist_function	convergence	script	time	
2x2_2C_8b_C2v_L	8.5937492	0	14	2.9738	-1.2321912	-6.2226908	-5.9666468	-1.0921445	-5.978633	-1.105568	0.96842667	-4.9710164	11	-7.2100862e-05	3.5306943e-05	1.5003707e-05	-3.1821512e-05	-7.3067913e-06	3.9662111e-05	0.182039	2.3566852e-05	-0.21394255	-1.2517763	1.7996485	0.19206705	-1.8005191	-0.19481493	-8.9764164e-05	-2.2551769	1.926	1	0.2481	-2.9307198e-07	1.2905794	1.666247	-0.45799986	-0.10217931	0.044116084	0.13325507	1.9968345	1.9670304	1.8894679	1.9953015	1.8895742	1.9951883	0.0051575458	1.7471899	1.1311427	0.00016137609	-3.3895313e-05	-1.6080786e-05	4.6217919e-05	1.5531452e-06	-6.0704734e-05	-0.2947812	-1.6059631e-05	0.18166492	0.58632222	-1.2490964	-0.25663604	1.2486797	0.2597537	6.9029561e-05	2.063979	2	2	0	0	-102.72206	R0:S0:1	1.1311427	-128.4192	uncorrelated	2	8eae08f	v2.2.3	YY	3	sharp_wc_2.0_b_50	parameters	new_boucle_param.py	2023-09-20@14:08
2x2_2C_8b_C2v_L	8.5936464	0	14	2.9738	-1.2156406	-6.2023361	-5.9659859	-1.0845528	-5.9751429	-1.0963953	0.97112755	-4.9788444	11.01	-2.8661511e-06	1.1277155e-05	1.8460263e-05	-7.6900731e-05	-7.5237975e-06	3.7360388e-05	0.18058507	4.8251839e-05	-0.20920204	-1.2509839	1.7990844	0.18884951	-1.7997096	-0.19113549	-0.00018254231	-2.2550379	1.926	1	0.2481	-5.1103608e-07	1.2905775	1.6662433	-0.45801252	-0.10218422	0.044118222	0.13329255	1.996947	1.9668939	1.8892958	1.995426	1.8893849	1.9953341	0.0050901707	1.7470903	1.1311796	5.7710212e-06	-8.3512733e-06	-1.5829375e-05	0.00011517249	8.462807e-06	-5.4157736e-05	-0.29284934	-2.7941643e-05	0.17839933	0.58750872	-1.2500585	-0.25320528	1.2496861	0.25576813	0.00014312796	2.0643853	2	2	0	0	-102.66107	R0:S0:1	1.1311796	-128.5792	uncorrelated	2	8eae08f	v2.2.3	YY	4	sharp_wc_2.0_b_50	parameters	new_boucle_param.py	2023-09-20@14:13
2x2_2C_8b_C2v_L	8.5935827	0	14	2.9738	-1.2035333	-6.1780938	-5.9736429	-1.0916441	-5.9859135	-1.1079411	0.96551565	-4.983632	11.02	-0.00014167327	0.00010405966	7.3141118e-05	-0.00020488705	1.2404602e-05	-3.7669804e-05	0.1773917	3.4875972e-05	-0.20484318	-1.2497039	1.7989609	0.18824558	-1.7997708	-0.19138614	-0.00014237558	-2.2546006	1.926	1	0.2481	6.2359852e-07	1.2905763	1.6662409	-0.45802008	-0.10218774	0.044119596	0.13331678	1.9970515	1.9667571	1.8892646	1.9954503	1.8893905	1.9953244	0.0049419581	1.7468894	1.1312035	0.00031525544	-0.00010890734	-5.9496741e-05	0.00030852739	-1.4827179e-05	5.7713357e-05	-0.28854928	-8.9251765e-06	0.17531372	0.58869884	-1.2502139	-0.25252539	1.2496661	0.25603637	0.00011185773	2.0651693	2	2	0	0	-102.71133	R0:S0:1	1.1312035	-128.7392	uncorrelated	2	8eae08f	v2.2.3	YY	4	sharp_wc_2.0_b_50	parameters	new_boucle_param.py	2023-09-20@14:19
2x2_2C_8b_C2v_L	8.5935444	0	14	2.9738	-1.2199052	-6.1856294	-5.9798343	-1.0903598	-5.9916957	-1.1091433	0.97642649	-4.9953872	11.03	-4.4769757e-05	3.4800675e-05	2.2636076e-05	-7.6046212e-05	-1.1361009e-05	1.8267961e-05	0.17782788	-2.8875079e-05	-0.20548087	-1.249252	1.7989163	0.18645764	-1.7996061	-0.18987692	0.00010057586	-2.254881	1.926	1	0.2481	1.1633165e-06	1.2905756	1.6662408	-0.45802441	-0.10219023	0.044120742	0.13332351	1.9970396	1.9667692	1.8891827	1.9955165	1.889322	1.9953823	0.0049646789	1.7469151	1.1312093	9.8402815e-05	-4.1767794e-05	-1.4374591e-05	0.00011443125	1.0972256e-05	-2.4955773e-05	-0.28921714	2.5818151e-05	0.17566077	0.58857503	-1.2506779	-0.25067727	1.2500283	0.25443723	-7.7011717e-05	2.0651023	2	2	0	0	-102.84649	R0:S0:1	1.1312093	-128.8992	uncorrelated	2	8eae08f	v2.2.3	YY	5	sharp_wc_2.0_b_50	parameters	new_boucle_param.py	2023-09-20@14:26
2x2_2C_8b_C2v_L	8.5934618	0	14	2.9738	-1.1959592	-6.1426914	-5.9961994	-1.1086887	-6.0120379	-1.1375511	0.94214401	-4.9929477	11.04	-6.5635664e-05	5.1620482e-05	-3.395117e-05	6.3811335e-05	7.6923136e-05	-0.00020690519	0.16950332	-9.7138686e-07	-0.19895057	-1.2470448	1.7993386	0.18819086	-1.8000917	-0.19333283	-1.7439529e-05	-2.2539211	1.926	1	0.2481	3.2931945e-07	1.2905741	1.6662369	-0.4580342	-0.10219498	0.044122446	0.13335125	1.9971932	1.9665662	1.8892726	1.9954477	1.889489	1.9952467	0.0045898229	1.7464258	1.1312371	0.00014456854	-5.5308627e-05	2.5160904e-05	-9.0572963e-05	-5.6127971e-05	0.00030421897	-0.27807191	7.8177528e-06	0.17103411	0.5903372	-1.2501884	-0.2525984	1.2491093	0.25815771	1.317542e-05	2.0670078	2	2	0	0	-102.91366	R0:S0:1	1.1312371	-129.0592	uncorrelated	2	8eae08f	v2.2.3	YY	3	sharp_wc_2.0_b_50	parameters	new_boucle_param.py	2023-09-20@14:30
2x2_2C_8b_C2v_L	8.5934508	0	14	2.9738	-1.2495076	-6.2127361	-5.9843311	-1.0911221	-5.9906394	-1.1002743	1.0025791	-5.0166093	11.05	8.0094278e-06	-5.342439e-06	-5.1347484e-05	0.00010683632	-2.8228518e-05	0.00010837397	0.17897552	-2.4671321e-05	-0.20713322	-1.2492342	1.7978924	0.18255732	-1.7982354	-0.18437743	0.00012585218	-2.2549412	1.926	1	0.2481	2.2584465e-07	1.290574	1.6662372	-0.45803655	-0.10219381	0.044122437	0.13335858	1.9970015	1.9668146	1.8889545	1.9956688	1.8890386	1.995597	0.0050170519	1.7469656	1.1312441	-1.5945322e-05	5.0707078e-06	4.1604551e-05	-0.00016112088	3.1576862e-05	-0.00015947192	-0.29074255	1.5184872e-05	0.17678556	0.58816211	-1.2519522	-0.24637375	1.2515256	0.24841894	-9.7008349e-05	2.0649243	2	2	0	0	-103.07207	R0:S0:1	1.1312441	-129.2192	uncorrelated	2	8eae08f	v2.2.3	YY	4	sharp_wc_2.0_b_50	parameters	new_boucle_param.py	2023-09-20@14:35
2x2_2C_8b_C2v_L	8.5933605	0	14	2.9738	-1.177562	-6.1150797	-6.0205471	-1.1366442	-6.02987	-1.1680932	0.99647408	-5.0177103	11.06	7.4214512e-05	-3.7764786e-05	3.4817064e-05	-6.822025e-05	1.524457e-05	-3.3023151e-05	0.17487239	4.7547153e-06	-0.1918526	-1.2455049	1.7996165	0.18944287	-1.7995725	-0.1943066	-2.0620621e-05	-2.2539293	1.926	1	0.2481	-1.9466918e-07	1.2905721	1.6662337	-0.4580458	-0.10220114	0.044125101	0.13336253	1.9973569	1.9663628	1.8893081	1.9953996	1.8895267	1.9952191	0.004821181	1.7466624	1.1312464	-0.0001657707	3.9410024e-05	-3.3420822e-05	9.8416287e-05	-2.0149604e-05	4.6859053e-05	-0.28500028	-4.3925784e-06	0.16596161	0.59209346	-1.2500744	-0.25394958	1.248806	0.25888992	1.6733436e-05	2.0660868	2	2	0	0	-103.15222	R0:S0:1	1.1312464	-129.3792	uncorrelated	2	8eae08f	v2.2.3	YY	4	sharp_wc_2.0_b_50	parameters	new_boucle_param.py	2023-09-20@14:40
2x2_2C_8b_C2v_L	8.5935816	0	14	2.9738	-1.2888248	-6.2708613	-6.0132114	-1.1280295	-6.005218	-1.1156136	1.0044615	-5.0284318	11.07	-2.0077989e-05	8.2685949e-06	-4.9353167e-06	5.5068187e-06	-2.3354606e-05	5.8197906e-05	0.17469724	2.6434448e-05	-0.21131999	-1.2509606	1.7983262	0.1854989	-1.7978458	-0.18325961	-0.00011127594	-2.2541346	1.926	1	0.2481	-4.0260965e-07	1.2905766	1.6662394	-0.45802188	-0.10218524	0.0441186	0.13335438	1.9968976	1.9669421	1.8890816	1.9955568	1.8889877	1.9956436	0.0048129433	1.7467298	1.1312434	4.3186078e-05	-6.1241275e-06	7.7775782e-06	-7.6124898e-06	2.1397418e-05	-8.501554e-05	-0.28475045	-1.7851108e-05	0.17983648	0.58708368	-1.2513098	-0.24956217	1.2517532	0.24708979	8.5223383e-05	2.0657662	2	2	0	0	-103.56179	R0:S0:1	1.1312434	-129.5392	uncorrelated	2	8eae08f	v2.2.3	YY	5	sharp_wc_2.0_b_50	parameters	new_boucle_param.py	2023-09-20@14:47
2x2_2C_8b_C2v_L	8.593282	0	14	2.9738	-1.2033615	-6.1347855	-6.0172396	-1.128819	-6.0369614	-1.1586924	0.98046564	-5.029122	11.08	-0.0001131243	5.831018e-05	4.8113415e-05	-0.00011706876	1.6405967e-05	-3.8509798e-05	0.1682615	-3.9949335e-06	-0.19257997	-1.2452373	1.7979843	0.18383098	-1.7991945	-0.18933248	1.0781218e-05	-2.2534433	1.926	1	0.2481	5.0104384e-07	1.2905709	1.66623	-0.45805639	-0.10220355	0.044126127	0.13341313	1.9973417	1.966374	1.8890346	1.9956228	1.8892542	1.9954068	0.0045265057	1.7463003	1.131298	0.00024901582	-6.1741288e-05	-4.2716657e-05	0.00017056932	-2.1010625e-05	5.4990779e-05	-0.27614582	5.8453891e-06	0.16643671	0.59198712	-1.2514254	-0.24766563	1.2504313	0.25376323	-8.945761e-06	2.0675089	2	2	0	0	-103.31769	R0:S0:1	1.131298	-129.6992	uncorrelated	2	8eae08f	v2.2.3	YY	7	sharp_wc_2.0_b_50	parameters	new_boucle_param.py	2023-09-20@14:56
2x2_2C_8b_C2v_L	8.5933763	0	14	2.9738	-1.2592512	-6.2141865	-6.0136213	-1.1176297	-6.0250458	-1.1349594	1.0085956	-5.0441323	11.09	-3.2402325e-05	2.7107308e-05	3.0447762e-05	-5.9452287e-05	5.0551461e-05	-0.00014896349	0.17168745	-1.952597e-05	-0.20145522	-1.248092	1.7971891	0.17987064	-1.7978949	-0.18306094	9.4687034e-05	-2.2538482	1.926	1	0.2481	4.3362669e-07	1.2905728	1.666233	-0.45804623	-0.1021966	0.044123415	0.13341163	1.9971347	1.9666403	1.888818	1.9957737	1.8889475	1.9956501	0.0046783872	1.7465205	1.1312984	7.0220539e-05	-2.929034e-05	-2.9547028e-05	8.7793329e-05	-4.7976004e-05	0.00021515941	-0.28074289	1.6077991e-05	0.17280921	0.58968896	-1.2526517	-0.24335363	1.252056	0.24691961	-7.2578487e-05	2.0666285	2	2	0	0	-103.55758	R0:S0:1	1.1312984	-129.8592	uncorrelated	2	8eae08f	v2.2.3	YY	7	sharp_wc_2.0_b_50	parameters	new_boucle_param.py	2023-09-20@15:05
2x2_2C_8b_C2v_L	8.5933677	0	14	2.9738	-1.273242	-6.2200794	-6.0130857	-1.1083411	-6.0448494	-1.1584249	0.96725569	-5.0398038	11.1	-0.00011458878	5.8574766e-05	-3.4033105e-06	-1.1102217e-05	2.3818491e-05	-6.6598904e-05	0.16208437	1.5801506e-05	-0.20184569	-1.2475708	1.7965834	0.17668252	-1.798555	-0.1856454	-6.0694686e-05	-2.2526993	1.926	1	0.2481	-1.9417347e-07	1.2905729	1.6662301	-0.45804821	-0.10219574	0.044122751	0.13343839	1.9971265	1.9666373	1.8886963	1.9958931	1.8890502	1.9955482	0.0042542973	1.7459929	1.1313275	0.00024668151	-5.7422018e-05	2.8747901e-06	1.797315e-05	-1.6199441e-05	9.6399348e-05	-0.26769918	-9.499239e-06	0.17305953	0.5897238	-1.2532102	-0.23985805	1.2516054	0.24982649	4.5270593e-05	2.0686489	2	2	0	0	-103.69436	R0:S0:1	1.1313275	-130.0192	uncorrelated	2	8eae08f	v2.2.3	YY	5	sharp_wc_2.0_b_50	parameters	new_boucle_param.py	2023-09-20@15:12
2x2_2C_8b_C2v_L	8.5933676	0	14	2.9738	-1.2742917	-6.2281669	-6.0261869	-1.129522	-6.0454705	-1.1521556	0.99475505	-5.0544442	11.11	-7.9248915e-05	3.9277207e-05	1.3169628e-05	-4.8230638e-05	-2.4802803e-06	1.3355201e-05	0.16524649	3.4494496e-05	-0.20060746	-1.2478946	1.7966328	0.17821328	-1.7980487	-0.18275236	-0.00012807077	-2.253088	1.926	1	0.2481	-5.5915212e-07	1.2905728	1.6662312	-0.45804798	-0.10219601	0.044123003	0.13343742	1.9971535	1.9666106	1.8887438	1.9958391	1.8889195	1.9956591	0.004391562	1.7461628	1.1313258	0.00017064086	-3.5621206e-05	-1.0714138e-05	7.0050098e-05	2.014911e-06	-1.8878558e-05	-0.27198884	-2.2726122e-05	0.17224095	0.58995614	-1.2529853	-0.24144458	1.2522784	0.24667608	9.7095585e-05	2.0679965	2	2	0	0	-103.83946	R0:S0:1	1.1313258	-130.1792	uncorrelated	2	8eae08f	v2.2.3	YY	5	sharp_wc_2.0_b_50	parameters	new_boucle_param.py	2023-09-20@15:19
2x2_2C_8b_C2v_L	8.5932522	0	14	2.9738	-1.2289799	-6.1574392	-6.0257005	-1.1159486	-6.0952394	-1.2323147	0.99121695	-5.0589876	11.12	-8.6226562e-05	4.453778e-05	2.3882283e-05	-6.710978e-05	-3.5878379e-05	8.0107557e-05	0.16233498	9.2791332e-06	-0.1899439	-1.2447257	1.7961837	0.17450657	-1.8001068	-0.19522891	-4.7684231e-05	-2.252522	1.926	1	0.2481	3.0828533e-07	1.2905705	1.6662279	-0.45806064	-0.10220409	0.044126191	0.13345334	1.997401	1.9662916	1.8886289	1.9959764	1.8894781	1.9951754	0.0042618847	1.7459515	1.1313397	0.00018618137	-4.6406676e-05	-1.3653601e-05	9.7905837e-05	2.7704919e-05	-0.00011198005	-0.26793965	-2.8589802e-06	0.16456624	0.5927088	-1.2534375	-0.23737826	1.2493945	0.26013939	3.6368174e-05	2.0688318	2	2	0	0	-103.8877	R0:S0:1	1.1313397	-130.3392	uncorrelated	2	8eae08f	v2.2.3	YY	4	sharp_wc_2.0_b_50	parameters	new_boucle_param.py	2023-09-20@15:24
2x2_2C_8b_C2v_L	8.5932002	0	14	2.9738	-1.2544409	-6.1926456	-6.0495741	-1.1524991	-6.0379539	-1.1311315	0.99056389	-5.0688139	11.13	-0.00026209581	0.00014071107	1.5777079e-05	-3.4447036e-05	3.1027741e-05	-7.6455121e-05	0.16104038	2.7790602e-05	-0.19309503	-1.2458252	1.7969382	0.17888015	-1.7963017	-0.17523044	-0.00013102683	-2.2527248	1.926	1	0.2481	3.0881978e-07	1.2905697	1.6662256	-0.45806822	-0.10220469	0.044126687	0.13349406	1.9973279	1.9663872	1.8887271	1.9958098	1.8885793	1.9959467	0.0042113356	1.7459086	1.1313812	0.00056083077	-0.00014269346	-1.7226279e-05	5.0390243e-05	-3.0508221e-05	0.00010770972	-0.2663475	-9.9693084e-06	0.16686703	0.59187511	-1.2532388	-0.24232341	1.2539547	0.23830082	9.8279697e-05	2.0690195	2	2	0	0	-103.8716	R0:S0:1	1.1313812	-130.4992	uncorrelated	2	8eae08f	v2.2.3	YY	5	sharp_wc_2.0_b_50	parameters	new_boucle_param.py	2023-09-20@15:30
2x2_2C_8b_C2v_L	8.5932484	0	14	2.9738	-1.262653	-6.1970671	-6.0422032	-1.1271167	-6.0850713	-1.2028517	0.99174774	-5.0745613	11.14	-0.00010911716	6.2890345e-05	-3.1338581e-05	8.4700458e-05	7.8249718e-05	-0.00022462509	0.15891603	1.3773215e-05	-0.19256976	-1.2455303	1.7960943	0.17302942	-1.798497	-0.18617793	-4.2583458e-05	-2.2522582	1.926	1	0.2481	-3.4316337e-07	1.2905706	1.6662272	-0.45806207	-0.10220274	0.04412566	0.13348489	1.9973405	1.9663663	1.8885247	1.9960285	1.8890546	1.9955297	0.0041153084	1.74578	1.1313727	0.00023290985	-6.0942519e-05	2.1247373e-05	-0.00011867371	-5.9957243e-05	0.00031517549	-0.26328675	-6.5902266e-06	0.1664744	0.59206456	-1.2541229	-0.23585186	1.2515921	0.25034761	3.0810956e-05	2.0694912	2	2	0	0	-104.12071	R0:S0:1	1.1313727	-130.6592	uncorrelated	2	8eae08f	v2.2.3	YY	5	sharp_wc_2.0_b_50	parameters	new_boucle_param.py	2023-09-20@15:37
2x2_2C_8b_C2v_L	8.5931356	0	14	2.9738	-1.2282222	-6.1599816	-6.0802134	-1.1923752	-6.0600809	-1.1620381	0.97965735	-5.0790936	11.15	3.8296505e-05	-1.8237341e-05	2.9372962e-05	-8.5998319e-05	7.1502763e-05	-0.00020419003	0.15507635	6.4515924e-06	-0.18498121	-1.2440941	1.7975278	0.18227102	-1.7962649	-0.17668033	-3.0429244e-05	-2.2518313	1.926	1	0.2481	-3.3441519e-07	1.2905686	1.6662224	-0.45807587	-0.10220832	0.044127983	0.13352025	1.9975094	1.9661552	1.8888736	1.9956824	1.8886479	1.9958978	0.003953667	1.7455574	1.1314075	-8.2400665e-05	1.9856405e-05	-3.0218867e-05	0.00012235263	-6.0476493e-05	0.00029049294	-0.25806018	-5.4658416e-06	0.16109361	0.59388657	-1.2524902	-0.24600445	1.2535237	0.23972918	2.3143731e-05	2.0703655	2	2	0	0	-104.10053	R0:S0:1	1.1314075	-130.8192	uncorrelated	2	8eae08f	v2.2.3	YY	5	sharp_wc_2.0_b_50	parameters	new_boucle_param.py	2023-09-20@15:44
2x2_2C_8b_C2v_L	8.5934184	0	14	2.9738	-1.3155937	-6.2575647	-6.0860583	-1.1925506	-6.1048915	-1.2227475	0.96384042	-5.0811166	11.16	-0.00018506913	0.00010569443	-2.5824063e-05	6.3623311e-05	8.1316084e-05	-0.0002362735	0.15018717	1.8195794e-05	-0.19853912	-1.2469202	1.7974228	0.18065844	-1.7985254	-0.18612016	-0.00010415957	-2.2510691	1.926	1	0.2481	1.222729e-07	1.2905739	1.6662309	-0.45804247	-0.1021926	0.044120988	0.13347111	1.9972025	1.966528	1.88886	1.995746	1.8890841	1.9955347	0.0037454512	1.7453375	1.1313631	0.00038567267	-0.00010616634	1.7293579e-05	-8.5760629e-05	-6.2494363e-05	0.00032821705	-0.2511566	-5.0689382e-06	0.17075545	0.59069547	-1.2523971	-0.24414949	1.2513402	0.25019248	7.7911687e-05	2.0711252	2	2	0	0	-104.73868	R0:S0:1	1.1313631	-130.9792	uncorrelated	2	8eae08f	v2.2.3	YY	5	sharp_wc_2.0_b_50	parameters	new_boucle_param.py	2023-09-20@15:50
2x2_2C_8b_C2v_L	8.5932229	0	14	2.9738	-1.2681285	-6.1931728	-6.1210888	-1.2576989	-6.0837321	-1.1835379	0.96373762	-5.0891981	11.17	7.6288332e-05	-3.4845111e-05	3.0087146e-05	-7.9287795e-05	-2.2674045e-05	5.7118477e-05	0.14864471	1.3462822e-05	-0.18795884	-1.244239	1.7984446	0.18973053	-1.7966483	-0.17719809	-5.4238406e-05	-2.2509451	1.926	1	0.2481	-2.5556197e-07	1.2905703	1.6662242	-0.45806563	-0.10220344	0.044125624	0.13351226	1.9974449	1.9662227	1.8892094	1.9954029	1.8886978	1.9958773	0.0036845708	1.7452224	1.1314018	-0.00016109191	3.6440495e-05	-2.1647866e-05	0.00010899769	1.6125986e-05	-7.9499537e-05	-0.24910978	-9.262241e-06	0.16317276	0.59331756	-1.2506838	-0.25387743	1.2532276	0.2403261	4.2379136e-05	2.0716167	2	2	0	0	-104.64958	R0:S0:1	1.1314018	-131.1392	uncorrelated	2	8eae08f	v2.2.3	YY	5	sharp_wc_2.0_b_50	parameters	new_boucle_param.py	2023-09-20@15:57
2x2_2C_8b_C2v_L	8.5930749	0	14	2.9738	-1.3021983	-6.2263093	-6.0486812	-1.112232	-6.0910295	-1.1925428	0.98275692	-5.1018748	11.18	-7.1319268e-05	2.3502568e-05	6.9050481e-06	8.4502919e-07	9.8777252e-06	-2.7552491e-05	0.15024844	-3.4726263e-05	-0.19197185	-1.2448551	1.7939527	0.16348227	-1.7963934	-0.17676727	0.00017150352	-2.2512491	1.926	1	0.2481	4.0398029e-07	1.2905678	1.6662188	-0.45808513	-0.10220853	0.044128148	0.13358164	1.9973562	1.9663347	1.8880431	1.9963763	1.8885631	1.9958899	0.0037508402	1.7453034	1.131471	0.00015015547	-2.5259521e-05	-7.9114436e-06	-1.6943945e-06	-1.2104538e-05	3.7491077e-05	-0.25134684	1.9353938e-05	0.16597808	0.59232362	-1.256727	-0.22525075	1.2542541	0.24001265	-0.00013157194	2.0713439	2	2	0	0	-104.44448	R0:S0:1	1.131471	-131.2992	uncorrelated	2	8eae08f	v2.2.3	YY	6	sharp_wc_2.0_b_50	parameters	new_boucle_param.py	2023-09-20@16:05
2x2_2C_8b_C2v_L	8.5929495	0	14	2.9738	-1.2378603	-6.1651232	-6.1028589	-1.2104934	-6.0508015	-1.1107488	0.9749984	-5.10812	11.19	-0.00024029862	9.706136e-05	0.00017141427	-0.00052462622	2.0200579e-05	-1.5697449e-05	0.14742347	-4.6557772e-05	-0.17971461	-1.242921	1.7963873	0.17781731	-1.7934157	-0.16141212	0.00023825236	-2.2509672	1.926	1	0.2481	1.4971581e-06	1.2905654	1.6662148	-0.45809978	-0.10221568	0.04413115	0.13362077	1.9976249	1.9660023	1.8885929	1.9958531	1.8879428	1.9964516	0.0036373833	1.7451351	1.1315087	0.0005115438	-0.000103547	-0.0001454736	0.00072639737	-3.0179562e-05	2.6177373e-05	-0.24751422	3.1859376e-05	0.15730357	0.59519289	-1.254112	-0.24109169	1.2572369	0.22288578	-0.00018198149	2.072013	2	2	0	0	-104.30575	R0:S0:1	1.1315087	-131.4592	uncorrelated	2	8eae08f	v2.2.3	YY	6	sharp_wc_2.0_b_50	parameters	new_boucle_param.py	2023-09-20@16:13
2x2_2C_8b_C2v_L	8.5932784	0	14	2.9738	-1.3915268	-6.3350116	-6.0693832	-1.131975	-6.1010779	-1.1897082	0.97385039	-5.1139829	11.2	-0.00035967308	0.00017871186	-1.5229917e-05	2.1404311e-05	3.4377227e-07	6.2853983e-06	0.14511195	-3.1463639e-05	-0.20479099	-1.2478964	1.7940884	0.16347409	-1.7960061	-0.17305244	0.00015099525	-2.2505366	1.926	1	0.2481	1.2400148e-06	1.2905719	1.666224	-0.45806214	-0.10219555	0.044122479	0.13357041	1.9970582	1.9667002	1.8880329	1.9963761	1.8884092	1.9960265	0.0035383291	1.7450768	1.1314646	0.00073112463	-0.00018124858	1.4037768e-05	-2.9104025e-05	3.1365104e-06	-8.8303805e-06	-0.24410837	2.5622471e-05	0.17510572	0.58918052	-1.2568295	-0.22526744	1.2550598	0.23597356	-0.00011726338	2.072144	2	2	0	0	-105.04018	R0:S0:1	1.1314646	-131.6192	uncorrelated	2	8eae08f	v2.2.3	YY	5	sharp_wc_2.0_b_50	parameters	new_boucle_param.py	2023-09-20@16:20
2x2_2C_8b_C2v_L	8.5929858	0	14	2.9738	-1.2809206	-6.2016838	-6.1142526	-1.2184952	-6.0801671	-1.1537462	0.94354111	-5.1147748	11.21	-6.3809544e-05	3.3761676e-05	4.5253049e-05	-0.00015268947	1.980461e-05	-7.6819932e-05	0.13864156	-1.6773378e-05	-0.18322394	-1.2431841	1.7958375	0.17558344	-1.7938706	-0.16487644	7.0456189e-05	-2.2497336	1.926	1	0.2481	7.1071089e-07	1.2905664	1.6662134	-0.45809663	-0.10221203	0.044129332	0.13363998	1.9975494	1.9660835	1.8884939	1.9959389	1.8880764	1.9963306	0.0032839266	1.7446876	1.1315309	0.00013262915	-3.7377322e-05	-3.4490811e-05	0.00021229826	-1.6225242e-05	0.00010979604	-0.23516524	1.4672628e-05	0.15979047	0.59450576	-1.2545902	-0.23856736	1.2565708	0.22667794	-5.3481593e-05	2.0736928	2	2	0	0	-104.74082	R0:S0:1	1.1315309	-131.7792	uncorrelated	2	8eae08f	v2.2.3	YY	7	sharp_wc_2.0_b_50	parameters	new_boucle_param.py	2023-09-20@16:29
2x2_2C_8b_C2v_L	8.5932231	0	14	2.9738	-1.4499813	-6.3946021	-6.0604033	-1.0993146	-6.0980204	-1.1716084	0.96994386	-5.12856	11.22	5.2823639e-06	5.7327934e-06	4.9195115e-05	-0.00014003351	-7.138217e-05	0.00023026108	0.14125509	-1.3777586e-05	-0.21152522	-1.2487781	1.7922259	0.15478784	-1.7945593	-0.1663911	3.8070302e-05	-2.2501026	1.926	1	0.2481	1.0538611e-06	1.2905712	1.6662201	-0.45807074	-0.10219547	0.044122552	0.13362021	1.9969004	1.966888	1.887626	1.9966819	1.8880648	1.9962699	0.0033847264	1.7448884	1.1315163	-1.1956669e-05	-1.1238702e-05	-3.6793917e-05	0.0001961515	5.0339581e-05	-0.00032046945	-0.23874634	1.5212587e-05	0.17974624	0.58753415	-1.258992	-0.21551484	1.2569556	0.22860873	-2.6971387e-05	2.0728689	2	2	0	0	-105.25829	R0:S0:1	1.1315163	-131.9392	uncorrelated	2	8eae08f	v2.2.3	YY	6	sharp_wc_2.0_b_50	parameters	new_boucle_param.py	2023-09-20@16:37
2x2_2C_8b_C2v_L	8.5929625	0	14	2.9738	-1.27587	-6.2005882	-6.1096247	-1.185701	-6.1149073	-1.1999641	0.95927892	-5.1337497	11.23	-0.00023766131	0.00011067832	-3.5840927e-05	9.467799e-05	-6.0010089e-06	8.5903909e-06	0.13789836	2.7577436e-05	-0.17925465	-1.2427067	1.7946425	0.16708043	-1.7948422	-0.16922082	-0.00012286778	-2.2496826	1.926	1	0.2481	-1.6749766e-07	1.2905658	1.6662143	-0.458099	-0.10221389	0.044130129	0.1336599	1.9976348	1.9659797	1.888149	1.9962478	1.8882328	1.9961722	0.0032545203	1.744637	1.1315503	0.00049401748	-0.00010833376	3.2689799e-05	-0.00012918641	9.8970631e-06	-1.2571859e-05	-0.23410973	-1.4747148e-05	0.15697867	0.59539677	-1.2563135	-0.22925479	1.2558768	0.23156258	9.104059e-05	2.0738967	2	2	0	0	-104.93334	R0:S0:1	1.1315503	-132.0992	uncorrelated	2	8eae08f	v2.2.3	YY	6	sharp_wc_2.0_b_50	parameters	new_boucle_param.py	2023-09-20@16:45
2x2_2C_8b_C2v_L	8.5929361	0	14	2.9738	-1.3356439	-6.261944	-6.0913354	-1.1417695	-6.0936934	-1.1503758	0.95446606	-5.1403679	11.24	-9.8851693e-06	6.8377293e-06	1.8326219e-05	-6.539892e-05	-3.7744834e-05	0.00012847703	0.13550067	1.3825963e-05	-0.18762453	-1.244348	1.7929175	0.15830416	-1.7929757	-0.15944262	-7.30189e-05	-2.2493912	1.926	1	0.2481	4.9839659e-08	1.2905657	1.6662112	-0.45810429	-0.10221196	0.04412945	0.13370495	1.9974512	1.9662055	1.8877272	1.996558	1.8877713	1.9965202	0.0031607518	1.7445365	1.1315977	1.9991003e-05	-6.7838972e-06	-1.2433916e-05	9.0388054e-05	2.9473247e-05	-0.00017855862	-0.23070894	-7.0870589e-06	0.16296499	0.59344872	-1.2586053	-0.21954211	1.2583642	0.22074748	5.5826363e-05	2.0742729	2	2	0	0	-104.96137	R0:S0:1	1.1315977	-132.2592	uncorrelated	2	8eae08f	v2.2.3	YY	8	sharp_wc_2.0_b_50	parameters	new_boucle_param.py	2023-09-20@16:56
2x2_2C_8b_C2v_L	8.5928121	0	14	2.9738	-1.3082603	-6.2261715	-6.1068359	-1.1627122	-6.0862202	-1.1260444	0.95547734	-5.1483753	11.25	-6.8989601e-05	3.7569727e-05	1.4568512e-05	-3.540298e-05	2.452094e-05	-6.5803855e-05	0.13410508	1.5530638e-05	-0.18097263	-1.2426482	1.7932705	0.16000232	-1.7918903	-0.15398799	-7.3405704e-05	-2.2492267	1.926	1	0.2481	-6.6217747e-08	1.2905634	1.6662074	-0.45811899	-0.10221884	0.044132383	0.13373974	1.9975991	1.9660175	1.8877708	1.9964975	1.887548	1.9967104	0.0031077385	1.7444405	1.131631	0.00014128883	-3.6498265e-05	-1.6208735e-05	4.9025915e-05	-2.3749147e-05	9.1130604e-05	-0.22876679	-7.3003801e-06	0.15815483	0.59505535	-1.2584707	-0.22148683	1.2594639	0.21459142	5.5168583e-05	2.0746705	2	2	0	0	-104.89948	R0:S0:1	1.131631	-132.4192	uncorrelated	2	8eae08f	v2.2.3	YY	5	sharp_wc_2.0_b_50	parameters	new_boucle_param.py	2023-09-20@17:03
2x2_2C_8b_C2v_L	8.5929517	0	14	2.9738	-1.3926076	-6.3137949	-6.1090269	-1.1589135	-6.0950533	-1.1334921	0.94366636	-5.1537349	11.26	5.9084239e-05	-2.959752e-05	1.8981684e-05	-5.7642586e-05	4.1020534e-05	-0.00013719051	0.13076562	-9.3824382e-06	-0.19358618	-1.2450487	1.7927766	0.15768516	-1.7918402	-0.15357525	5.1452156e-05	-2.2488169	1.926	1	0.2481	-7.9607699e-08	1.2905662	1.6662106	-0.45810357	-0.10220945	0.044128339	0.13372877	1.9973194	1.9663596	1.8876707	1.99658	1.8875198	1.9967244	0.0029805167	1.7443126	1.1316235	-0.00011816757	2.9196311e-05	-1.8863934e-05	8.0323153e-05	-3.4924081e-05	0.00019158914	-0.2240274	4.2912805e-06	0.16713355	0.5921148	-1.258981	-0.21885015	1.2596527	0.21413975	-3.8774019e-05	2.0751169	2	2	0	0	-105.32358	R0:S0:1	1.1316235	-132.5792	uncorrelated	2	8eae08f	v2.2.3	YY	6	sharp_wc_2.0_b_50	parameters	new_boucle_param.py	2023-09-20@17:11
2x2_2C_8b_C2v_L	8.5926979	0	14	2.9738	-1.3101476	-6.2187764	-6.1255607	-1.1898733	-6.0833055	-1.0963967	0.95882599	-5.1645127	11.27	-5.9050624e-05	2.9688589e-05	6.716766e-05	-0.00019641665	-4.9832298e-05	0.00016695369	0.13146466	-4.5230994e-06	-0.17744104	-1.2414725	1.7930116	0.16053922	-1.7905173	-0.14645978	-7.0499122e-06	-2.2488859	1.926	1	0.2481	8.3793383e-07	1.2905614	1.6662035	-0.45813309	-0.10222429	0.044134721	0.13378538	1.9976779	1.9659122	1.8877504	1.9964827	1.8872259	1.9969644	0.003007132	1.7442889	1.1316762	0.00011953466	-3.381478e-05	-5.0342037e-05	0.00026801934	3.2027336e-05	-0.00023396662	-0.22503185	7.8687004e-06	0.15553182	0.59594662	-1.2586323	-0.22196315	1.2611353	0.20609889	6.2275958e-06	2.0752723	2	2	0	0	-105.02618	R0:S0:1	1.1316762	-132.7392	uncorrelated	2	8eae08f	v2.2.3	YY	5	sharp_wc_2.0_b_50	parameters	new_boucle_param.py	2023-09-20@17:17
2x2_2C_8b_C2v_L	8.592872	0	14	2.9738	-1.3351056	-6.2539997	-6.1162756	-1.1484572	-6.1440698	-1.2126857	0.93518861	-5.1674005	11.28	8.2566313e-05	-3.3738804e-05	-6.992419e-06	2.4232139e-05	-3.2276159e-06	6.1054363e-06	0.12632484	1.3455241e-05	-0.18050184	-1.2426668	1.7921278	0.15315738	-1.7936397	-0.16283889	-6.8300016e-05	-2.2482426	1.926	1	0.2481	-3.6752947e-07	1.2905646	1.6662093	-0.45811202	-0.10221539	0.044130672	0.13375507	1.9976085	1.9659977	1.8875247	1.9967362	1.887889	1.9964012	0.0028146489	1.7440635	1.1316485	-0.00016705258	3.5020495e-05	6.1942625e-06	-3.3473868e-05	3.5001238e-06	-8.2622722e-06	-0.21769964	-9.1464633e-06	0.15784954	0.59524056	-1.2595996	-0.21374635	1.2578251	0.22452141	5.214118e-05	2.0760821	2	2	0	0	-105.44578	R0:S0:1	1.1316485	-132.8992	uncorrelated	2	8eae08f	v2.2.3	YY	5	sharp_wc_2.0_b_50	parameters	new_boucle_param.py	2023-09-20@17:24
2x2_2C_8b_C2v_L	8.5926507	0	14	2.9738	-1.2491711	-6.1637569	-6.1420291	-1.2082046	-6.138419	-1.1857482	0.94347137	-5.176998	11.29	-0.00020981584	9.0577914e-05	3.324463e-05	-0.00010756077	-0.00014062412	0.00046142126	0.12604324	-6.6022373e-05	-0.16458174	-1.2390545	1.7927052	0.16004155	-1.7928581	-0.1572186	0.00033805793	-2.248217	1.926	1	0.2481	2.3472571e-06	1.2905603	1.6662031	-0.45813748	-0.10222881	0.044136383	0.13379799	1.9979466	1.9655723	1.8877747	1.996505	1.8876619	1.9965963	0.0028050021	1.7439974	1.1316877	0.00043274213	-0.00010145564	-1.4896639e-05	0.00014348085	0.00010958284	-0.00062930202	-0.21733052	5.097395e-05	0.14624398	0.59886369	-1.2583017	-0.22122188	1.2589806	0.21831217	-0.00025410025	2.0763942	2	2	0	0	-105.25745	R0:S0:1	1.1316877	-133.0592	uncorrelated	2	8eae08f	v2.2.3	YY	5	sharp_wc_2.0_b_50	parameters	new_boucle_param.py	2023-09-20@17:31
2x2_2C_8b_C2v_L	8.59272	0	14	2.9738	-1.3478979	-6.262224	-6.1101171	-1.1248724	-6.1358976	-1.1773042	0.93811756	-5.1842179	11.3	2.2244828e-05	-7.8211341e-06	-5.7557405e-06	1.0331174e-05	-2.0419466e-05	6.7741331e-05	0.12390345	1.5092917e-05	-0.17903366	-1.2421612	1.7902502	0.14593055	-1.791922	-0.15396863	-8.4590637e-05	-2.2479931	1.926	1	0.2481	-2.0070633e-07	1.290562	1.6662033	-0.45813154	-0.10222142	0.044133397	0.1338233	1.9976416	1.9659535	1.8871717	1.9969838	1.8874653	1.9967098	0.0027269455	1.7439348	1.1317166	-4.4813803e-05	8.7296132e-06	6.8237865e-06	-1.4441462e-05	1.8148215e-05	-9.2200133e-05	-0.21428085	-9.1865675e-06	0.15674644	0.59560322	-1.2614721	-0.20544516	1.2601263	0.21464501	6.4015828e-05	2.076603	2	2	0	0	-105.45301	R0:S0:1	1.1317166	-133.2192	uncorrelated	2	8eae08f	v2.2.3	YY	7	sharp_wc_2.0_b_50	parameters	new_boucle_param.py	2023-09-20@17:40
2x2_2C_8b_C2v_L	8.5926305	0	14	2.9738	-1.2792928	-6.2007684	-6.1413452	-1.1845062	-6.1337235	-1.1521083	0.92748228	-5.1900485	11.31	5.1341498e-05	-3.1620818e-05	4.7408587e-05	-0.00016693808	-5.7596199e-07	5.3794424e-06	0.12086472	5.4236395e-05	-0.16660739	-1.2399622	1.791515	0.15320004	-1.7913941	-0.14906783	-0.00029565275	-2.2476146	1.926	1	0.2481	-1.2243259e-06	1.2905602	1.6662014	-0.45814135	-0.10222758	0.044135895	0.1338488	1.9979027	1.9656267	1.8874531	1.9967404	1.8872967	1.9968733	0.0026174937	1.7437624	1.1317405	-0.00010420393	3.7713815e-05	-3.8011927e-05	0.00022718772	-2.4843921e-06	-6.4564387e-06	-0.20993383	-3.9947549e-05	0.14780419	0.59840547	-1.26006	-0.21361955	1.2609318	0.20920754	0.00022260245	2.0772784	2	2	0	0	-105.37099	R0:S0:1	1.1317405	-133.3792	uncorrelated	2	8eae08f	v2.2.3	YY	6	sharp_wc_2.0_b_50	parameters	new_boucle_param.py	2023-09-20@17:48
2x2_2C_8b_C2v_L	8.5927758	0	14	2.9738	-1.4028283	-6.3069714	-6.1507469	-1.1884319	-6.129766	-1.1323737	0.90886242	-5.1939467	11.32	1.1004376e-05	-5.8339558e-06	2.1597466e-05	-6.2786228e-05	2.1314552e-05	-5.9317394e-05	0.11671613	4.0116026e-06	-0.18421729	-1.2426081	1.791604	0.15248628	-1.7905093	-0.14461663	-1.0974992e-05	-2.2469923	1.926	1	0.2481	-1.801575e-07	1.2905632	1.6662041	-0.45812566	-0.10221733	0.044131448	0.13384027	1.9975314	1.9660773	1.8874082	1.9967621	1.8871192	1.9970225	0.0024693723	1.7436038	1.1317362	-2.1315428e-05	6.8206131e-06	-2.1587106e-05	8.4619018e-05	-2.0937955e-05	8.1268266e-05	-0.20389893	-3.5381984e-06	0.16037202	0.59454352	-1.260382	-0.21291856	1.2618184	0.20412948	8.2254857e-06	2.0778344	2	2	0	0	-105.85744	R0:S0:1	1.1317362	-133.5392	uncorrelated	2	8eae08f	v2.2.3	YY	6	sharp_wc_2.0_b_50	parameters	new_boucle_param.py	2023-09-20@17:56
2x2_2C_8b_C2v_L	8.5924859	0	14	2.9738	-1.2261701	-6.1540332	-6.1713118	-1.2231894	-6.136592	-1.1456505	0.93224885	-5.2066187	11.33	0.00016306076	-7.3398537e-05	4.4185662e-05	-0.00013489672	-1.7811392e-05	7.3891615e-05	0.11857305	9.6873698e-06	-0.15528739	-1.2375809	1.7922195	0.15611796	-1.7901349	-0.14454327	-8.455191e-05	-2.2472795	1.926	1	0.2481	-3.2912596e-07	1.2905574	1.6661973	-0.45815819	-0.10223601	0.044139434	0.1338918	1.9981319	1.9653359	1.8875414	1.9966384	1.8871139	1.9970299	0.0025356258	1.7436174	1.1317817	-0.00033521708	7.35348e-05	-3.6252266e-05	0.00017946655	8.8117352e-06	-0.00010056042	-0.20662427	-9.9774796e-06	0.13948004	0.60087568	-1.2597259	-0.21697202	1.2617593	0.20385806	6.4590293e-05	2.0778615	2	2	0	0	-105.4135	R0:S0:1	1.1317817	-133.6992	uncorrelated	2	8eae08f	v2.2.3	YY	6	sharp_wc_2.0_b_50	parameters	new_boucle_param.py	2023-09-20@18:04
2x2_2C_8b_C2v_L	8.5926011	0	14	2.9738	-1.3390295	-6.2562924	-6.1466855	-1.1550338	-6.1420147	-1.1458076	0.91644232	-5.2112803	11.34	8.6532259e-05	-3.9527016e-05	2.6712521e-05	-8.9440184e-05	-4.9957171e-06	5.8214592e-06	0.1148455	-1.2286211e-05	-0.17118036	-1.2407756	1.7901683	0.14445117	-1.7898398	-0.14306689	6.0653862e-05	-2.2467526	1.926	1	0.2481	1.4071753e-07	1.29056	1.6661989	-0.4581466	-0.10222648	0.04413541	0.13390487	1.9978077	1.9657389	1.8870588	1.997031	1.8870098	1.9970772	0.0024036589	1.7434837	1.1317991	-0.00017237372	3.7559947e-05	-1.9963389e-05	0.00012161655	2.1145101e-06	-7.0964593e-06	-0.20116781	6.5623001e-06	0.15111624	0.59744521	-1.2622201	-0.20384744	1.2624349	0.20224285	-4.4915172e-05	2.0783241	2	2	0	0	-105.71805	R0:S0:1	1.1317991	-133.8592	uncorrelated	2	8eae08f	v2.2.3	YY	7	sharp_wc_2.0_b_50	parameters	new_boucle_param.py	2023-09-20@18:13
2x2_2C_8b_C2v_L	8.5925614	0	14	2.9738	-1.3255597	-6.2456438	-6.1548407	-1.1524476	-6.1458215	-1.1386282	0.94741918	-5.223501	11.35	2.4822372e-05	-4.9190087e-06	-2.5892009e-05	4.6717755e-05	2.1478535e-05	-9.5138493e-05	0.11728718	2.4655272e-05	-0.16755126	-1.2401335	1.7902477	0.14298074	-1.7895307	-0.14067652	-0.00019230307	-2.2468865	1.926	1	0.2481	-2.0277946e-07	1.2905591	1.6661989	-0.45815088	-0.1022293	0.044136644	0.13391736	1.9978831	1.9656462	1.8869971	1.9970758	1.8869189	1.9971544	0.0024853457	1.7435677	1.1318105	-5.117576e-05	4.819116e-06	2.3682654e-05	-6.1294145e-05	-8.644359e-06	0.00013087769	-0.20456018	-1.316705e-05	0.14849133	0.59823393	-1.2625899	-0.20230363	1.2628912	0.19953827	0.00014396701	2.0780105	2	2	0	0	-105.73856	R0:S0:1	1.1318105	-134.0192	uncorrelated	2	8eae08f	v2.2.3	YY	5	sharp_wc_2.0_b_50	parameters	new_boucle_param.py	2023-09-20@18:20
2x2_2C_8b_C2v_L	8.5927002	0	14	2.9738	-1.4726436	-6.3751101	-6.1560593	-1.1507922	-6.1331107	-1.0883711	0.94666954	-5.2318854	11.36	0.00010691985	-4.8275459e-05	2.5997465e-05	-8.3945359e-05	1.0280834e-05	-6.2605749e-06	0.11589807	1.1076027e-05	-0.18910057	-1.2434426	1.7895442	0.14082874	-1.7881817	-0.13250682	-6.5798934e-05	-2.2467659	1.926	1	0.2481	-3.2694829e-07	1.2905621	1.6662017	-0.45813627	-0.10221887	0.0441323	0.13391062	1.9974245	1.9662059	1.8868773	1.9971492	1.8865853	1.9974122	0.0024368956	1.7435515	1.1318077	-0.00020519719	4.802075e-05	-2.6272238e-05	0.00011236048	-1.2802045e-05	8.5414394e-06	-0.20255285	-8.3188633e-06	0.1638103	0.5934198	-1.263256	-0.19974508	1.2646637	0.19025324	4.9798084e-05	2.0780381	2	2	0	0	-106.22161	R0:S0:1	1.1318077	-134.1792	uncorrelated	2	8eae08f	v2.2.3	YY	6	sharp_wc_2.0_b_50	parameters	new_boucle_param.py	2023-09-20@18:28
2x2_2C_8b_C2v_L	8.5924152	0	14	2.9738	-1.2861833	-6.2061306	-6.1681053	-1.1668128	-6.158729	-1.1461598	0.89496133	-5.2316097	11.37	-0.0001693616	7.0276661e-05	9.2031437e-07	8.7758714e-06	2.7044336e-05	-0.00011056433	0.10784636	-1.1471299e-05	-0.15804042	-1.237881	1.7896487	0.14171173	-1.7890314	-0.13869049	7.4694865e-05	-2.2458158	1.926	1	0.2481	4.6459947e-07	1.2905565	1.6661931	-0.45816884	-0.10223646	0.044139538	0.13398046	1.9980778	1.965391	1.8869233	1.9971208	1.8868161	1.9972197	0.002166341	1.7431234	1.1318735	0.00033927876	-7.0953747e-05	-1.6313602e-06	-1.0657846e-05	-2.304181e-05	0.00014904142	-0.19097327	1.0285844e-05	0.14148796	0.60040494	-1.2629608	-0.20073113	1.2634535	0.19722828	-5.7084275e-05	2.0797245	2	2	0	0	-105.77128	R0:S0:1	1.1318735	-134.3392	uncorrelated	2	8eae08f	v2.2.3	YY	8	sharp_wc_2.0_b_50	parameters	new_boucle_param.py	2023-09-20@18:38
2x2_2C_8b_C2v_L	8.5925217	0	14	2.9738	-1.4175234	-6.3195038	-6.1436641	-1.0864539	-6.1559796	-1.1235125	0.88125284	-5.2387666	11.38	-0.00016665789	7.8390122e-05	2.0018387e-05	-9.110515e-05	-1.1143264e-05	4.2518569e-05	0.10514319	-6.074903e-06	-0.17655875	-1.2411337	1.7875539	0.12945951	-1.7882773	-0.13414463	4.0419706e-05	-2.245617	1.926	1	0.2481	6.9593682e-07	1.2905589	1.6661954	-0.45815817	-0.1022276	0.044135889	0.13399534	1.9976975	1.9658615	1.8864353	1.9975066	1.8865932	1.9973628	0.0020791719	1.7430534	1.1318922	0.00032250417	-7.8776345e-05	-1.4057912e-05	0.00012519259	8.4400004e-06	-5.7225395e-05	-0.18708775	9.3780936e-06	0.15487179	0.59637951	-1.2654991	-0.18674131	1.2647405	0.19208505	-3.0632408e-05	2.0799651	2	2	0	0	-106.05418	R0:S0:1	1.1318922	-134.4992	uncorrelated	2	8eae08f	v2.2.3	YY	6	sharp_wc_2.0_b_50	parameters	new_boucle_param.py	2023-09-20@18:46
2x2_2C_8b_C2v_L	8.5923742	0	14	2.9738	-1.2849441	-6.2094994	-6.1717276	-1.1514888	-6.1780851	-1.164179	0.88350248	-5.2460232	11.39	1.4797523e-05	-6.2779577e-06	4.7193883e-05	-0.00017209976	4.5863724e-05	-0.0001691489	0.10374506	9.1071755e-06	-0.15488767	-1.2374033	1.7885945	0.13645536	-1.789049	-0.13834958	-6.6670556e-05	-2.2452677	1.926	1	0.2481	-1.612272e-07	1.2905558	1.6661918	-0.4581741	-0.1022381	0.044140184	0.13401674	1.99814	1.9653095	1.8867093	1.9972922	1.8867758	1.9972303	0.0020315944	1.7429331	1.1319104	-2.9767699e-05	6.7862217e-06	-4.1364569e-05	0.0002325576	-4.0684818e-05	0.00022768014	-0.18493412	-6.1272839e-06	0.13917602	0.60109924	-1.2640349	-0.19463509	1.2637422	0.19686333	5.0067923e-05	2.0804452	2	2	0	0	-105.93481	R0:S0:1	1.1319104	-134.6592	uncorrelated	2	8eae08f	v2.2.3	YY	6	sharp_wc_2.0_b_50	parameters	new_boucle_param.py	2023-09-20@18:54
2x2_2C_8b_C2v_L	8.5925961	0	14	2.9738	-1.5116641	-6.4022117	-6.1612416	-1.1009607	-6.158179	-1.1037286	0.86014428	-5.2507018	11.4	4.7528745e-05	-2.6999488e-05	4.832739e-05	-0.00017123868	-4.3012776e-05	0.00017705331	0.099592567	1.552979e-05	-0.18824602	-1.2426969	1.7874151	0.12864861	-1.787063	-0.1284779	-0.0001235682	-2.2447528	1.926	1	0.2481	-1.3938852e-07	1.2905606	1.666196	-0.45815087	-0.10222127	0.044133105	0.13401211	1.997446	1.9661603	1.8863759	1.9975315	1.8863666	1.9975413	0.0018980063	1.7428267	1.1319124	-8.9770364e-05	2.632238e-05	-3.6970821e-05	0.00023142889	2.811434e-05	-0.00024031349	-0.17874269	-1.1197024e-05	0.16312353	0.59381076	-1.2658908	-0.1858168	1.2658819	0.18543798	9.3477294e-05	2.0807856	2	2	0	0	-106.54005	R0:S0:1	1.1319124	-134.8192	uncorrelated	2	8eae08f	v2.2.3	YY	6	sharp_wc_2.0_b_50	parameters	new_boucle_param.py	2023-09-20@19:02
2x2_2C_8b_C2v_L	8.5923304	0	14	2.9738	-1.2795568	-6.2076717	-6.2254209	-1.2727412	-6.1627749	-1.0934826	0.87462715	-5.2619124	11.41	0.00010598786	-4.2054639e-05	4.8812933e-05	-0.00015828163	-6.9292715e-06	2.3952424e-05	0.1002649	1.7159393e-06	-0.15106974	-1.2366328	1.7903479	0.1497417	-1.7868146	-0.12613332	1.298568e-05	-2.2449232	1.926	1	0.2481	-2.3491954e-07	1.290555	1.6661908	-0.45817934	-0.10224045	0.044141157	0.13403999	1.9982149	1.9652121	1.8871679	1.9968679	1.8863379	1.9976119	0.0019211226	1.7427746	1.1319335	-0.00020999573	4.261877e-05	-3.8562541e-05	0.00020567484	4.2259669e-07	-3.1907474e-05	-0.17983314	-3.3914432e-06	0.13633885	0.60192365	-1.2617888	-0.20942116	1.2658506	0.18271739	-9.0842093e-06	2.0810575	2	2	0	0	-106.2095	R0:S0:1	1.1319335	-134.9792	uncorrelated	2	8eae08f	v2.2.3	YY	7	sharp_wc_2.0_b_50	parameters	new_boucle_param.py	2023-09-20@19:12
2x2_2C_8b_C2v_L	8.5924064	0	14	2.9738	-1.4373775	-6.3366343	-6.1627709	-1.074613	-6.1664855	-1.0899545	0.85042782	-5.2666084	11.42	0.0001138702	-5.1866166e-05	-1.746286e-05	5.2274669e-05	2.8616996e-05	-0.00010723141	0.096219175	2.8483708e-05	-0.1729911	-1.2403869	1.7861786	0.12245307	-1.7863365	-0.12423346	-0.00017757894	-2.244381	1.926	1	0.2481	-1.0341511e-06	1.290557	1.6661907	-0.45817337	-0.1022316	0.044137528	0.13408409	1.9977741	1.9657561	1.8861179	1.9977196	1.8861788	1.9976678	0.0017946892	1.7426505	1.1319825	-0.00021717918	5.4998876e-05	1.1322153e-05	-7.0723168e-05	-1.9392701e-05	0.0001457531	-0.17380897	-2.2819999e-05	0.152267	0.59727987	-1.2672339	-0.17856559	1.2669126	0.18059092	0.00013321176	2.0814917	2	2	0	0	-106.30989	R0:S0:1	1.1319825	-135.1392	uncorrelated	2	8eae08f	v2.2.3	YY	9	sharp_wc_2.0_b_50	parameters	new_boucle_param.py	2023-09-20@19:24
2x2_2C_8b_C2v_L	8.5921984	0	14	2.9738	-1.2734664	-6.2058037	-6.1729976	-1.0851437	-6.1983739	-1.1530711	0.85927081	-5.2766622	11.43	-3.5216999e-06	-2.5793909e-06	-1.6829836e-05	5.200188e-05	-5.8993971e-06	1.1891583e-05	0.096092633	-6.6205814e-06	-0.14731479	-1.235808	1.7862196	0.12251567	-1.7878936	-0.13133148	3.693446e-05	-2.2444254	1.926	1	0.2481	3.7576024e-08	1.2905527	1.6661868	-0.45819596	-0.1022462	0.044143661	0.1341161	1.9982871	1.9651174	1.8861502	1.9977186	1.8864471	1.9974498	0.0017916086	1.7425829	1.1320096	6.9965076e-06	2.0873171e-06	1.5828552e-05	-7.0122171e-05	8.2902375e-06	-1.54789e-05	-0.17366344	3.0987943e-06	0.13354809	0.60271334	-1.2669553	-0.17858749	1.2655749	0.18888329	-2.7839737e-05	2.0818088	2	2	0	0	-106.01159	R0:S0:1	1.1320096	-135.2992	uncorrelated	2	8eae08f	v2.2.3	YY	6	sharp_wc_2.0_b_50	parameters	new_boucle_param.py	2023-09-20@19:32
2x2_2C_8b_C2v_L	8.5922697	0	14	2.9738	-1.3466891	-6.264212	-6.1894745	-1.1166404	-6.1833646	-1.09836	0.82907847	-5.280146	11.44	0.00013440113	-4.850028e-05	2.6168785e-05	-9.8035167e-05	3.9822242e-07	-8.6508684e-06	0.09132959	1.0123395e-05	-0.15625969	-1.2374961	1.7866249	0.12503562	-1.7862366	-0.12277675	-7.8783732e-05	-2.2437149	1.926	1	0.2481	-2.3655684e-07	1.2905543	1.6661875	-0.45818882	-0.10224029	0.04414108	0.13413	1.998114	1.96533	1.8862048	1.997644	1.8861306	1.9977113	0.0016464627	1.7424054	1.1320266	-0.00026135338	4.7899581e-05	-2.0612215e-05	0.00013157126	-2.5475299e-06	1.2226474e-05	-0.1664734	-6.7208771e-06	0.14014262	0.60091695	-1.2667918	-0.18151448	1.2671415	0.17888815	6.0035341e-05	2.0824427	2	2	0	0	-106.27773	R0:S0:1	1.1320266	-135.4592	uncorrelated	2	8eae08f	v2.2.3	YY	11	sharp_wc_2.0_b_50	parameters	new_boucle_param.py	2023-09-20@19:47
2x2_2C_8b_C2v_L	8.5922138	0	14	2.9738	-1.2820035	-6.2217989	-6.2032211	-1.1416245	-6.2015834	-1.1335422	0.82605598	-5.2882142	11.45	1.297863e-05	-3.2138824e-07	-3.0419181e-06	6.5964538e-06	7.2448216e-06	-1.7953461e-05	0.089847289	2.7523542e-05	-0.14594837	-1.2358927	1.7868208	0.12674645	-1.7867638	-0.12587679	-0.0001886725	-2.2435187	1.926	1	0.2481	-4.7194754e-07	1.2905531	1.6661866	-0.45819471	-0.10224445	0.044142781	0.13414303	1.9983117	1.9650823	1.8862732	1.9975945	1.8862448	1.9976194	0.0016027071	1.7423237	1.1320383	-2.5823641e-05	2.9196545e-06	8.9080401e-07	-8.734497e-06	-5.4034623e-06	2.3741537e-05	-0.16424538	-1.6909924e-05	0.1325889	0.60302408	-1.266399	-0.18341588	1.2665496	0.18245955	0.00014164302	2.0827614	2	2	0	0	-106.30372	R0:S0:1	1.1320383	-135.6192	uncorrelated	2	8eae08f	v2.2.3	YY	5	sharp_wc_2.0_b_50	parameters	new_boucle_param.py	2023-09-20@19:53
2x2_2C_8b_C2v_L	8.5923467	0	14	2.9738	-1.4488229	-6.3409065	-6.1939247	-1.0901563	-6.2006345	-1.1147039	0.80737963	-5.2928888	11.46	-0.0002463041	0.00010557485	5.869944e-05	-0.00023436191	-2.778391e-05	0.00012005214	0.086347621	2.9406249e-05	-0.16779862	-1.2389865	1.785682	0.11923186	-1.786055	-0.12204852	-0.0001803016	-2.2428847	1.926	1	0.2481	1.3976896e-07	1.290556	1.6661889	-0.45818092	-0.10223427	0.044138423	0.13414576	1.9978849	1.9656038	1.8859859	1.9978157	1.8860787	1.9977345	0.0014984746	1.7422129	1.1320455	0.00046540916	-0.00010035734	-4.4651742e-05	0.00031516891	1.5258694e-05	-0.0001605384	-0.15880874	-1.3863922e-05	0.14842238	0.59858166	-1.2679235	-0.17474715	1.2674607	0.17798121	0.00013491234	2.0831317	2	2	0	0	-106.76347	R0:S0:1	1.1320455	-135.7792	uncorrelated	2	8eae08f	v2.2.3	YY	7	sharp_wc_2.0_b_50	parameters	new_boucle_param.py	2023-09-20@20:03
2x2_2C_8b_C2v_L	8.5920801	0	14	2.9738	-1.274206	-6.216758	-6.2080121	-1.1173199	-6.1932695	-1.0780199	0.8143239	-5.3030335	11.47	2.4775124e-05	-1.0403528e-05	7.6345992e-06	-3.0551269e-05	2.4503694e-06	-1.879657e-05	0.086150863	7.6244481e-06	-0.14179735	-1.2348738	1.7858858	0.12112321	-1.7848423	-0.11614421	-5.0826002e-05	-2.2429494	1.926	1	0.2481	-2.3860764e-07	1.2905508	1.666182	-0.45821154	-0.10225031	0.044145309	0.13421178	1.9983907	1.9649769	1.8860205	1.9977611	1.8858589	1.9979079	0.0014942225	1.7421501	1.132107	-4.8557407e-05	1.1335823e-05	-5.437529e-06	4.1026471e-05	-2.260458e-06	2.5501476e-05	-0.15858704	-6.0762495e-06	0.12944042	0.60390322	-1.2678124	-0.17693613	1.2685412	0.1710001	3.8118421e-05	2.0834344	2	2	0	0	-106.21922	R0:S0:1	1.132107	-135.9392	uncorrelated	2	8eae08f	v2.2.3	YY	6	sharp_wc_2.0_b_50	parameters	new_boucle_param.py	2023-09-20@20:11
2x2_2C_8b_C2v_L	8.5922281	0	14	2.9738	-1.4091064	-6.323099	-6.2057644	-1.0871597	-6.189527	-1.0421019	0.81078324	-5.3111036	11.48	9.0707042e-05	-3.7289433e-05	5.1551459e-06	-1.7325209e-05	1.3288509e-05	-6.8970702e-05	0.08464779	-1.2713219e-07	-0.1595555	-1.2382341	1.785146	0.11633621	-1.7839664	-0.11083571	5.063964e-06	-2.2427548	1.926	1	0.2481	-2.6181689e-07	1.2905538	1.6661859	-0.45819541	-0.10224001	0.044140978	0.1342055	1.9980484	1.9654067	1.8858323	1.997899	1.8856588	1.998057	0.0014506733	1.7421307	1.1321044	-0.00017193867	3.6852574e-05	-4.516231e-06	2.3527222e-05	-1.0747678e-05	9.3706423e-05	-0.15625547	-2.1866017e-06	0.14256329	0.60026092	-1.2688323	-0.17138142	1.2696036	0.16476988	-3.5894795e-06	2.0834668	2	2	0	0	-106.61382	R0:S0:1	1.1321044	-136.0992	uncorrelated	2	8eae08f	v2.2.3	YY	8	sharp_wc_2.0_b_50	parameters	new_boucle_param.py	2023-09-20@20:21
2x2_2C_8b_C2v_L	8.5921174	0	14	2.9738	-1.2708884	-6.2281786	-6.2181151	-1.1078333	-6.2261002	-1.1339894	0.78287637	-5.3161976	11.49	-7.9700138e-05	3.3528643e-05	1.1406792e-05	-4.0080329e-05	-1.7441711e-06	-3.729435e-06	0.080718952	1.3092493e-05	-0.1391497	-1.234879	1.7852716	0.11749111	-1.7857714	-0.1205697	-9.7133851e-05	-2.2422266	1.926	1	0.2481	3.2590451e-08	1.2905515	1.6661835	-0.45820713	-0.10224823	0.044144287	0.13422632	1.9984373	1.9649171	1.885906	1.9978678	1.8860058	1.9977788	0.0013417645	1.7419376	1.1321228	0.00015560499	-3.222559e-05	-7.7758224e-06	5.3844353e-05	-1.8710726e-07	4.7113531e-06	-0.15027294	-5.7183786e-06	0.12755535	0.60442263	-1.2683303	-0.17264064	1.2678537	0.1762271	7.278723e-05	2.0842122	2	2	0	0	-106.52026	R0:S0:1	1.1321228	-136.2592	uncorrelated	2	8eae08f	v2.2.3	YY	8	sharp_wc_2.0_b_50	parameters	new_boucle_param.py	2023-09-20@20:32
2x2_2C_8b_C2v_L	8.5921479	0	14	2.9738	-1.3818473	-6.3000268	-6.2212432	-1.0982487	-6.2066247	-1.0509921	0.7730363	-5.3236305	11.5	6.0910388e-05	-2.7660318e-05	1.3851497e-05	-5.4257529e-05	3.9772302e-06	-1.9676296e-05	0.078681792	6.2744426e-06	-0.1522741	-1.236661	1.7848111	0.11505904	-1.7838289	-0.10960229	-5.5615763e-05	-2.2419536	1.926	1	0.2481	-3.011526e-07	1.2905524	1.6661836	-0.45820499	-0.10224434	0.044142705	0.13424831	1.9981932	1.9652168	1.8857769	1.9979372	1.8856044	1.9980908	0.0012859519	1.7418781	1.1321471	-0.0001157227	2.7779753e-05	-1.1374871e-05	7.2207268e-05	-4.6136701e-06	2.6683151e-05	-0.14711239	-6.5175157e-06	0.13716606	0.60187253	-1.2691045	-0.1698098	1.2699104	0.16332939	4.1874411e-05	2.0844254	2	2	0	0	-106.72224	R0:S0:1	1.1321471	-136.4192	uncorrelated	2	8eae08f	v2.2.3	YY	10	sharp_wc_2.0_b_50	parameters	new_boucle_param.py	2023-09-20@20:45
2x2_2C_8b_C2v_L	8.5920057	0	14	2.9738	-1.2815668	-6.2352875	-6.2260612	-1.0950743	-6.2143226	-1.0561545	0.77478656	-5.3323525	11.51	8.5119056e-05	-3.174857e-05	2.7008093e-05	-0.00011089095	-1.9744649e-05	8.4919641e-05	0.077782171	2.8127005e-06	-0.13745996	-1.2342357	1.7844542	0.11332543	-1.7836678	-0.1089007	-3.5985136e-05	-2.2418129	1.926	1	0.2481	-7.1304504e-08	1.2905496	1.6661801	-0.45822128	-0.10225299	0.044146378	0.13428942	1.99847	1.9648698	1.8857057	1.9979876	1.885566	1.998111	0.0012616173	1.7418076	1.132186	-0.00016531641	3.0746179e-05	-1.9772725e-05	0.00014687626	1.3015499e-05	-0.00011340568	-0.14571452	-2.8908603e-06	0.12620877	0.60480705	-1.2694662	-0.16771433	1.2701225	0.16246053	2.7530858e-05	2.0847212	2	2	0	0	-106.47778	R0:S0:1	1.132186	-136.5792	uncorrelated	2	8eae08f	v2.2.3	YY	9	sharp_wc_2.0_b_50	parameters	new_boucle_param.py	2023-09-20@20:57
2x2_2C_8b_C2v_L	8.5920879	0	14	2.9738	-1.4086749	-6.3238904	-6.2101174	-1.0196269	-6.2200672	-1.0577316	0.77398433	-5.3404447	11.52	-0.00024663113	0.0001043662	9.5175712e-06	-3.8415219e-05	1.3654373e-05	-6.6971106e-05	0.076540166	1.1871762e-05	-0.15312427	-1.2367878	1.7826751	0.10364506	-1.7833355	-0.10765284	-5.7825653e-05	-2.2415894	1.926	1	0.2481	3.4561202e-07	1.2905514	1.6661817	-0.45821305	-0.10224619	0.044143559	0.13429707	1.9981772	1.9652344	1.885363	1.9982539	1.8854816	1.9981466	0.0012272587	1.7417843	1.1321966	0.00046387279	-0.00010010842	-7.7324611e-06	5.2764606e-05	-1.249159e-05	8.9099591e-05	-0.14371433	-1.2405865e-06	0.13777042	0.60171512	-1.2712081	-0.15617252	1.2706551	0.1609282	4.2595361e-05	2.0847819	2	2	0	0	-106.79695	R0:S0:1	1.1321966	-136.7392	uncorrelated	2	8eae08f	v2.2.3	YY	5	sharp_wc_2.0_b_50	parameters	new_boucle_param.py	2023-09-20@21:04
2x2_2C_8b_C2v_L	8.5919775	0	14	2.9738	-1.2990572	-6.2567431	-6.2264871	-1.0545279	-6.225979	-1.0499472	0.75757129	-5.3472502	11.53	-4.1512183e-05	1.7411632e-05	-6.732234e-06	3.3138195e-05	-2.2581458e-05	9.9522643e-05	0.073966187	2.0632173e-05	-0.13732914	-1.234435	1.7831113	0.10624179	-1.7831143	-0.10581653	-0.00018269086	-2.2412336	1.926	1	0.2481	-1.5918808e-07	1.2905492	1.6661791	-0.45822543	-0.10225328	0.044146499	0.13433103	1.9984714	1.9648662	1.8854411	1.9981848	1.8854279	1.9981957	0.0011599933	1.741658	1.1322287	7.9467728e-05	-1.5839685e-05	7.6608466e-06	-4.4323689e-05	1.8050494e-05	-0.00013351833	-0.13971899	-1.1548616e-05	0.12615097	0.60483885	-1.2708257	-0.15924987	1.2709029	0.15876997	0.00013695337	2.0852741	2	2	0	0	-106.59508	R0:S0:1	1.1322287	-136.8992	uncorrelated	2	8eae08f	v2.2.3	YY	5	sharp_wc_2.0_b_50	parameters	new_boucle_param.py	2023-09-20@21:10
2x2_2C_8b_C2v_L	8.5920522	0	14	2.9738	-1.4420078	-6.3437925	-6.2254705	-1.0261818	-6.2263685	-1.030371	0.73909037	-5.3540282	11.54	1.1662621e-05	-1.2310222e-05	5.8398241e-07	7.0494028e-06	6.2474851e-06	-3.9417527e-05	0.071273863	-1.9549451e-05	-0.1543599	-1.2364503	1.7823811	0.10195657	-1.7824205	-0.10244272	0.00015558763	-2.2408854	1.926	1	0.2481	1.6384177e-07	1.2905509	1.6661805	-0.4582179	-0.10224728	0.044143959	0.13433398	1.998156	1.9652511	1.8852807	1.9983001	1.8852953	1.998287	0.0010907844	1.7415829	1.1322344	-2.1483476e-05	1.0468538e-05	-4.6212589e-07	-9.3595361e-06	-5.4421421e-06	5.2875603e-05	-0.13548434	9.9514236e-06	0.13856858	0.60156393	-1.2716819	-0.15409152	1.2716062	0.1546878	-0.00011695405	2.0855395	2	2	0	0	-107.01134	R0:S0:1	1.1322344	-137.0592	uncorrelated	2	8eae08f	v2.2.3	YY	9	sharp_wc_2.0_b_50	parameters	new_boucle_param.py	2023-09-20@21:23
2x2_2C_8b_C2v_L	8.5919089	0	14	2.9738	-1.2735103	-6.2425521	-6.2434594	-1.0672529	-6.241176	-1.0545309	0.7297371	-5.3612434	11.55	-0.00015000893	5.7392823e-05	-1.0126468e-07	-2.4226478e-06	1.6722125e-05	-8.6434228e-05	0.069341479	-3.4181983e-06	-0.13115341	-1.2330772	1.7829134	0.10525704	-1.7828022	-0.1040685	3.8201962e-05	-2.24054	1.926	1	0.2481	4.2155491e-07	1.2905479	1.6661772	-0.45823362	-0.10225699	0.044147983	0.13436901	1.998583	1.9647174	1.8853946	1.9982126	1.8853595	1.9982431	0.0010418559	1.7414653	1.1322666	0.00028903994	-5.6774914e-05	-4.9123162e-08	4.0101e-06	-1.2875033e-05	0.00011482523	-0.13240996	6.4439185e-06	0.12145136	0.60608988	-1.2710772	-0.15802297	1.2712569	0.15666178	-2.9095484e-05	2.0860008	2	2	0	0	-106.72162	R0:S0:1	1.1322666	-137.2192	uncorrelated	2	8eae08f	v2.2.3	YY	5	sharp_wc_2.0_b_50	parameters	new_boucle_param.py	2023-09-20@21:29
2x2_2C_8b_C2v_L	8.5920324	0	14	2.9738	-1.4556212	-6.3566075	-6.2390724	-1.0238809	-6.2369935	-1.0160413	0.72233588	-5.3687808	11.56	1.0532379e-05	-2.7791175e-06	6.3692606e-07	8.3866818e-06	-1.0803619e-05	4.5494599e-05	0.067622094	1.09278e-05	-0.15316214	-1.2362245	1.7819517	0.099573995	-1.7818167	-0.098732222	-8.0503293e-05	-2.2402421	1.926	1	0.2481	-2.3752059e-07	1.2905506	1.6661801	-0.45822066	-0.10224775	0.044144095	0.13436754	1.9981803	1.9652156	1.8851857	1.9983626	1.8851586	1.9983847	0.00099840768	1.7414356	1.1322689	-1.9282127e-05	4.0837454e-06	5.773808e-07	-1.1297703e-05	7.6617034e-06	-6.116189e-05	-0.12961694	-7.3338958e-06	0.13765056	0.60186713	-1.2721909	-0.15122216	1.2723255	0.15019452	6.0428833e-05	2.0860783	2	2	0	0	-107.18808	R0:S0:1	1.1322689	-137.3792	uncorrelated	2	8eae08f	v2.2.3	YY	10	sharp_wc_2.0_b_50	parameters	new_boucle_param.py	2023-09-20@21:42
2x2_2C_8b_C2v_L	8.591871	0	14	2.9738	-1.2672968	-6.2457683	-6.2587524	-1.0677034	-6.2484411	-1.0280919	0.70824569	-5.3763163	11.57	7.3759291e-05	-2.8992349e-05	2.0365969e-05	-7.4433809e-05	3.0793628e-05	-0.0001522274	0.065539747	7.8158178e-06	-0.12776192	-1.232512	1.782668	0.10318819	-1.781964	-0.099088864	-9.149746e-05	-2.2399659	1.926	1	0.2481	-3.6946595e-07	1.2905473	1.6661767	-0.45823835	-0.1022587	0.044148665	0.13440726	1.9986427	1.9646373	1.885306	1.9982672	1.885184	1.9983747	0.00094857387	1.7413156	1.1323053	-0.00014201647	2.9124987e-05	-1.9060053e-05	9.8699098e-05	-2.7653786e-05	0.00020274576	-0.12634037	-7.7200255e-06	0.11886596	0.60676271	-1.2715824	-0.15558547	1.2721537	0.15065642	6.8737787e-05	2.0865579	2	2	0	0	-106.81806	R0:S0:1	1.1323053	-137.5392	uncorrelated	2	8eae08f	v2.2.3	YY	6	sharp_wc_2.0_b_50	parameters	new_boucle_param.py	2023-09-20@21:51
2x2_2C_8b_C2v_L	8.591954	0	14	2.9738	-1.3885555	-6.3237005	-6.2458655	-0.99697863	-6.2604398	-1.047134	0.70036208	-5.3842425	11.58	-1.2411681e-05	4.9471102e-06	1.0772466e-05	-2.8372949e-05	-1.202745e-05	6.4838265e-05	0.063911768	-1.6455486e-05	-0.14178534	-1.2348093	1.7810224	0.094636919	-1.7821158	-0.099871588	0.00017017526	-2.2397292	1.926	1	0.2481	3.4600562e-07	1.2905491	1.6661786	-0.45822971	-0.10225237	0.044146008	0.13440939	1.9983926	1.9649515	1.8850205	1.9984904	1.8851777	1.9983548	0.00090928451	1.7412817	1.13231	2.352954e-05	-6.181102e-06	-9.0425868e-06	3.7294316e-05	6.1435457e-06	-8.6057754e-05	-0.12369415	1.1039379e-05	0.12936151	0.60411032	-1.2729979	-0.1451758	1.2722875	0.15159239	-0.00012765978	2.0866615	2	2	0	0	-107.16703	R0:S0:1	1.13231	-137.6992	uncorrelated	2	8eae08f	v2.2.3	YY	7	sharp_wc_2.0_b_50	parameters	new_boucle_param.py	2023-09-20@22:00
2x2_2C_8b_C2v_L	8.5917648	0	14	2.9738	-1.245923	-6.2405249	-6.265779	-1.0497601	-6.250641	-0.9953067	0.6940156	-5.3929327	11.59	-0.00010557942	3.8195842e-05	2.2782327e-05	-0.00010648486	-2.9232073e-06	2.045305e-05	0.062613928	-1.0948552e-05	-0.12269241	-1.2315773	1.7817098	0.098751242	-1.7805826	-0.09310731	8.5177119e-05	-2.2396089	1.926	1	0.2481	6.3602013e-07	1.2905454	1.6661738	-0.45825148	-0.10226372	0.044150861	0.13446281	1.9987295	1.964524	1.8851167	1.998386	1.8849546	1.998531	0.00087958806	1.7411957	1.1323605	0.00020285647	-3.9627059e-05	-1.8014813e-05	0.00014044987	-4.1756599e-07	-2.7177504e-05	-0.12165862	1.1045873e-05	0.11499236	0.60770386	-1.2726086	-0.1501397	1.2733309	0.14319851	-6.3928159e-05	2.0870272	2	2	0	0	-106.79379	R0:S0:1	1.1323605	-137.8592	uncorrelated	2	8eae08f	v2.2.3	YY	6	sharp_wc_2.0_b_50	parameters	new_boucle_param.py	2023-09-20@22:08
2x2_2C_8b_C2v_L	8.5918152	0	14	2.9738	-1.3324519	-6.2912951	-6.257891	-0.98901522	-6.2627878	-1.0098811	0.67929835	-5.3998708	11.6	2.4285574e-05	-9.5037527e-06	-1.2026045e-06	7.297741e-06	-6.8126989e-06	2.6481499e-05	0.060386171	-2.0681924e-06	-0.13166139	-1.2329386	1.7804558	0.091631199	-1.7807954	-0.093663651	1.0963928e-05	-2.2392193	1.926	1	0.2481	2.0583443e-09	1.2905465	1.6661748	-0.45824637	-0.10225967	0.044149117	0.1344712	1.9985763	1.9647143	1.8848914	1.9985666	1.8849493	1.9985159	0.00082743436	1.7411302	1.1323708	-4.5709538e-05	8.851689e-06	2.1183043e-06	-9.7680205e-06	5.6581678e-06	-3.5140989e-05	-0.11799434	7.2870808e-07	0.12173627	0.60610298	-1.2737191	-0.14145479	1.2734475	0.14394457	-8.1600035e-06	2.0872499	2	2	0	0	-107.03814	R0:S0:1	1.1323708	-138.0192	uncorrelated	2	8eae08f	v2.2.3	YY	12	sharp_wc_2.0_b_50	parameters	new_boucle_param.py	2023-09-20@22:24
2x2_2C_8b_C2v_L	8.5917128	0	14	2.9738	-1.2160149	-6.2316136	-6.2762807	-1.0294265	-6.2681572	-1.0006851	0.66536743	-5.4067781	11.61	-2.8767091e-05	5.3882413e-06	3.2240248e-05	-0.00015546433	-1.3461108e-05	4.2314147e-05	0.058245071	-1.3569158e-06	-0.11681025	-1.2304669	1.7811108	0.094734931	-1.7805015	-0.091747369	3.2290395e-06	-2.2388141	1.926	1	0.2481	1.1990399e-07	1.2905444	1.6661725	-0.45825777	-0.10226637	0.044151876	0.13450286	1.9988274	1.9643925	1.8849853	1.9984881	1.8848967	1.9985641	0.00077860519	1.7410213	1.1324008	5.5547904e-05	-5.787185e-06	-2.1960214e-05	0.00020555503	8.0778196e-06	-5.5661174e-05	-0.11445862	5.2986852e-07	0.11047352	0.60880795	-1.2732706	-0.14529263	1.2736741	0.14157607	-2.4016866e-06	2.0876687	2	2	0	0	-106.84899	R0:S0:1	1.1324008	-138.1792	uncorrelated	2	8eae08f	v2.2.3	YY	7	sharp_wc_2.0_b_50	parameters	new_boucle_param.py	2023-09-20@22:34
2x2_2C_8b_C2v_L	8.5917715	0	14	2.9738	-1.3266691	-6.2962189	-6.2744602	-0.99998904	-6.2670546	-0.97154986	0.65443571	-5.4146624	11.62	-9.5875852e-06	4.4788225e-06	5.9991332e-06	-3.4382276e-05	1.0020724e-06	5.151191e-06	0.056505701	1.9602366e-06	-0.12846085	-1.2324689	1.7802035	0.090544067	-1.7796442	-0.087745762	-2.8322884e-05	-2.2385681	1.926	1	0.2481	5.796029e-08	1.2905458	1.6661737	-0.45825199	-0.10226139	0.044149808	0.13451293	1.9986321	1.9646398	1.8848276	1.9985944	1.8847471	1.9986633	0.0007398819	1.7409829	1.1324132	1.7850945e-05	-4.548022e-06	-5.4903112e-06	4.548432e-05	-1.3977262e-06	-6.8102599e-06	-0.11157434	-3.8003708e-07	0.11932567	0.60672994	-1.2741002	-0.14007633	1.2744663	0.13658302	2.1348274e-05	2.0877919	2	2	0	0	-107.13197	R0:S0:1	1.1324132	-138.3392	uncorrelated	2	8eae08f	v2.2.3	YY	6	sharp_wc_2.0_b_50	parameters	new_boucle_param.py	2023-09-20@22:42
2x2_2C_8b_C2v_L	8.5916127	0	14	2.9738	-1.1888674	-6.2285452	-6.2744725	-0.97507142	-6.2760905	-0.97955753	0.64847431	-5.4228752	11.63	-6.9596384e-05	2.2584861e-05	2.0414609e-05	-6.3706119e-05	1.1280833e-05	-5.1635739e-05	0.055243064	-2.1199895e-06	-0.11164109	-1.2296674	1.7794303	0.086980681	-1.7795705	-0.087486692	5.8171318e-06	-2.2383399	1.926	1	0.2481	2.6205368e-07	1.2905427	1.6661696	-0.45827032	-0.1022708	0.044153807	0.13456246	1.9989102	1.9642836	1.884705	1.9986824	1.8847186	1.9986696	0.00071269639	1.7409015	1.1324604	0.00013421738	-2.289216e-05	-1.888934e-05	8.4712026e-05	-1.4695645e-05	6.8033495e-05	-0.10950555	3.2797007e-06	0.10649316	0.60971272	-1.2747022	-0.13560011	1.2746503	0.13625994	-4.4910936e-06	2.0881249	2	2	0	0	-106.76063	R0:S0:1	1.1324604	-138.4992	uncorrelated	2	8eae08f	v2.2.3	YY	6	sharp_wc_2.0_b_50	parameters	new_boucle_param.py	2023-09-20@22:50
2x2_2C_8b_C2v_L	8.5917129	0	14	2.9738	-1.329448	-6.3032021	-6.2758758	-0.94585224	-6.2807135	-0.96701841	0.62165994	-5.4291546	11.64	-7.0623751e-05	2.3584433e-05	3.0529653e-05	-0.00015811048	1.2381902e-05	-5.747083e-05	0.052254162	2.7409388e-05	-0.12612797	-1.2319479	1.7788308	0.083361659	-1.7791967	-0.085309793	-0.0003070137	-2.2378716	1.926	1	0.2481	-3.2147411e-07	1.2905448	1.666172	-0.45825954	-0.1022637	0.044150756	0.13456152	1.9986731	1.9645818	1.8845873	1.9987681	1.884639	1.998722	0.00064874612	1.7408278	1.1324624	0.0001313924	-2.0505644e-05	-2.5770369e-05	0.00021180601	-1.3701029e-05	7.6471456e-05	-0.10447385	-1.6547331e-05	0.11752183	0.60721298	-1.2753152	-0.1310986	1.2750855	0.13354272	0.00023107632	2.0883661	2	2	0	0	-107.17212	R0:S0:1	1.1324624	-138.6592	uncorrelated	2	8eae08f	v2.2.3	YY	8	sharp_wc_2.0_b_50	parameters	new_boucle_param.py	2023-09-20@23:01
2x2_2C_8b_C2v_L	8.5916554	0	14	2.9738	-1.2605433	-6.2736281	-6.286649	-0.96553554	-6.2896514	-0.9696225	0.61942187	-5.4379688	11.65	1.7772441e-05	-5.3025103e-06	2.7625199e-05	-0.00015552389	6.0857337e-07	-2.2758506e-05	0.051352334	-7.4611851e-06	-0.11718923	-1.230637	1.7788607	0.084037839	-1.7791609	-0.084680636	8.3299791e-05	-2.2377264	1.926	1	0.2481	1.7991711e-07	1.2905436	1.666171	-0.45826591	-0.1022675	0.044152348	0.13458149	1.9988215	1.9643935	1.8846008	1.9987535	1.8846191	1.9987365	0.00063027692	1.7407799	1.1324814	-3.3439807e-05	4.1611766e-06	-2.0091801e-05	0.00020686937	-1.8899119e-06	3.0982792e-05	-0.10297603	4.9416584e-06	0.110749	0.60879458	-1.2752403	-0.13187545	1.2751889	0.13277788	-6.2496195e-05	2.0885537	2	2	0	0	-107.11642	R0:S0:1	1.1324814	-138.8192	uncorrelated	2	8eae08f	v2.2.3	YY	6	sharp_wc_2.0_b_50	parameters	new_boucle_param.py	2023-09-20@23:09
2x2_2C_8b_C2v_L	8.5916843	0	14	2.9738	-1.3242161	-6.3045833	-6.2998681	-0.98367031	-6.2911307	-0.94905898	0.59360265	-5.4441465	11.66	1.8998431e-05	-6.5119903e-06	2.420815e-05	-0.00013562704	2.7707541e-06	-1.8938831e-05	0.048540747	-3.3485288e-05	-0.12272539	-1.2311825	1.7791873	0.084872085	-1.7784812	-0.081673328	0.00040635054	-2.2372141	1.926	1	0.2481	6.1342307e-07	1.2905443	1.6661716	-0.45826299	-0.1022652	0.044151303	0.13458988	1.9987322	1.9645002	1.8846148	1.9987331	1.8845293	1.9988085	0.0005728756	1.7406902	1.1324911	-3.4684724e-05	3.1839459e-06	-1.90119e-05	0.00017878579	-3.6584594e-06	2.6055516e-05	-0.098171905	2.1643298e-05	0.1148718	0.60789756	-1.275233	-0.13296386	1.2755977	0.12892196	-0.00030622107	2.0888679	2	2	0	0	-107.38228	R0:S0:1	1.1324911	-138.9792	uncorrelated	2	8eae08f	v2.2.3	YY	6	sharp_wc_2.0_b_50	parameters	new_boucle_param.py	2023-09-20@23:17
2x2_2C_8b_C2v_L	8.5915412	0	14	2.9738	-1.2127397	-6.2572329	-6.2973397	-0.94409341	-6.2908843	-0.91996678	0.59380264	-5.4531218	11.67	6.3540631e-05	-2.1386836e-05	8.8419071e-06	-3.810513e-05	4.3601969e-06	-8.1267804e-06	0.047806217	3.0248655e-05	-0.1095678	-1.2292134	1.7781984	0.080223176	-1.7776562	-0.077944859	-0.00038055447	-2.2370898	1.926	1	0.2481	-6.913025e-07	1.2905415	1.6661678	-0.45827989	-0.10227307	0.044154714	0.1346432	1.9989439	1.9642305	1.8844492	1.998842	1.8843894	1.9988949	0.00055839665	1.7406373	1.1325428	-0.0001215156	2.3424415e-05	-8.8556323e-06	5.0578535e-05	-5.6537969e-06	1.0551174e-05	-0.096923877	-2.1467451e-05	0.10483187	0.61015048	-1.2760898	-0.12709555	1.276337	0.12414209	0.00028671068	2.0890917	2	2	0	0	-106.97851	R0:S0:1	1.1325428	-139.1392	uncorrelated	2	8eae08f	v2.2.3	YY	5	sharp_wc_2.0_b_50	parameters	new_boucle_param.py	2023-09-20@23:24
2x2_2C_8b_C2v_L	8.5916237	0	14	2.9738	-1.3248043	-6.3179682	-6.2951949	-0.89854119	-6.3021368	-0.93276018	0.57585282	-5.4609349	11.68	-4.8373124e-06	3.2820981e-06	1.0086599e-06	1.452328e-06	2.0610099e-05	-0.00011492127	0.045871094	-2.8674665e-05	-0.12073596	-1.2311164	1.7772615	0.075380663	-1.7778021	-0.078231463	0.00036454766	-2.2368232	1.926	1	0.2481	5.2501058e-07	1.2905432	1.6661702	-0.45827088	-0.10226741	0.044152303	0.13464107	1.9987643	1.9644596	1.8843075	1.9989513	1.8843806	1.998888	0.000521013	1.7405985	1.1325428	9.3360058e-06	-5.6426118e-06	-3.2951069e-06	-1.9159977e-06	-1.6700785e-05	0.00015292974	-0.093621591	1.9262457e-05	0.11340485	0.60823381	-1.2767739	-0.12092439	1.2764485	0.12454022	-0.00027485986	2.0892125	2	2	0	0	-107.33247	R0:S0:1	1.1325428	-139.2992	uncorrelated	2	8eae08f	v2.2.3	YY	6	sharp_wc_2.0_b_50	parameters	new_boucle_param.py	2023-09-20@23:32
2x2_2C_8b_C2v_L	8.5915389	0	14	2.9738	-1.2129622	-6.2697605	-6.311281	-0.9363726	-6.3068992	-0.9180133	0.55450903	-5.4678026	11.69	-3.3203281e-05	1.0312697e-05	7.9065456e-06	-2.3398545e-05	4.3818005e-05	-0.00024579729	0.043578059	-1.9594829e-05	-0.10759976	-1.2290244	1.7777738	0.077741457	-1.7774166	-0.076096585	0.00030557694	-2.2363908	1.926	1	0.2481	2.2401872e-07	1.2905415	1.6661682	-0.45828041	-0.10227284	0.044154532	0.13467193	1.998974	1.9641886	1.8843676	1.9988987	1.8843241	1.9989359	0.0004775528	1.7404989	1.1325725	6.3548678e-05	-1.045541e-05	-1.1758648e-05	3.1339524e-05	-3.6845939e-05	0.00032713702	-0.089630772	1.240014e-05	0.10333003	0.61050508	-1.276506	-0.12393742	1.276694	0.12181158	-0.00023105706	2.0895867	2	2	0	0	-107.15329	R0:S0:1	1.1325725	-139.4592	uncorrelated	2	8eae08f	v2.2.3	YY	6	sharp_wc_2.0_b_50	parameters	new_boucle_param.py	2023-09-20@23:41
2x2_2C_8b_C2v_L	8.591368	0	14	2.9738	-1.3198003	-6.3101188	-6.305175	-0.88988026	-6.3102965	-0.91380379	0.77125121	-5.4704543	11.7	4.6174868e-05	-1.6461981e-05	6.0124492e-06	-2.552793e-05	1.111941e-05	-7.540044e-05	0.00036893433	-2.5747857e-05	-0.11624033	-1.2298224	1.7764237	0.07203581	-1.7768463	-0.074010908	0.042639992	-2.2379109	1.926	1	0.2481	3.0685789e-07	1.2905373	1.6661809	-0.45829828	-0.1022837	0.044158995	0.13475157	1.9988397	1.9643468	1.8841645	1.9990287	1.8842146	1.9989859	8.6984564e-05	1.7397825	1.1326376	-8.492976e-05	1.3735609e-05	-5.650278e-06	3.4141123e-05	-9.5844213e-06	0.00010046115	-0.00072223594	1.5048291e-05	0.1097238	0.60897492	-1.2775028	-0.11635101	1.2772874	0.11889915	-0.031188282	2.0925048	2	2	0	0	-107.3895	R0:S0:1	1.1326376	-139.6192	uncorrelated	2	8eae08f	v2.2.3	YY	7	sharp_wc_2.0_b_50	parameters	new_boucle_param.py	2023-09-20@23:51
2x2_2C_8b_C2v_L	8.591304	0	14	2.9738	-1.2507483	-6.2826129	-6.3192581	-0.91747712	-6.3166972	-0.90646485	0.78606181	-5.4812555	11.71	9.3270701e-05	-2.7840994e-05	8.8907683e-06	-4.933859e-05	-2.4207874e-06	7.2802588e-06	-9.3959462e-06	1.2705028e-06	-0.10772897	-1.2284512	1.776796	0.073476062	-1.7765812	-0.072526588	0.043669485	-2.2381322	1.926	1	0.2481	-2.0635069e-07	1.2905359	1.6661809	-0.45830507	-0.10228833	0.044160977	0.13476786	1.9989739	1.9641749	1.8841998	1.9989976	1.8841753	1.9990183	9.0379112e-05	1.7397631	1.1326517	-0.00017430007	2.7182848e-05	-6.5127396e-06	6.530542e-05	1.1466486e-06	-9.4285089e-06	1.8522322e-05	-2.6443169e-06	0.10316299	0.61040054	-1.2773515	-0.11820956	1.2774558	0.11697085	-0.031840966	2.0926054	2	2	0	0	-107.33951	R0:S0:1	1.1326517	-139.7792	uncorrelated	2	8eae08f	v2.2.3	YY	7	sharp_wc_2.0_b_50	parameters	new_boucle_param.py	2023-09-21@00:01
2x2_2C_8b_C2v_L	8.591306	0	14	2.9738	-1.3276539	-6.3212877	-6.3167046	-0.86832787	-6.3212075	-0.89400793	0.80635797	-5.4923542	11.72	2.7218449e-06	-8.534148e-07	2.7027041e-06	-3.3861542e-05	2.1271058e-06	-1.7522777e-05	-0.00014825897	1.0783507e-05	-0.11459775	-1.2294623	1.7757777	0.068542559	-1.7761272	-0.070502549	0.044983766	-2.2384296	1.926	1	0.2481	-1.9568422e-07	1.2905359	1.6661824	-0.45830516	-0.10228762	0.044160769	0.1347799	1.9988672	1.9643113	1.8840443	1.9991031	1.8840937	1.9990624	9.4843314e-05	1.7397695	1.1326634	-5.0712488e-06	1.7937972e-06	-1.555132e-06	4.5515843e-05	-7.4495436e-07	2.3513517e-05	0.00028923343	-6.9965703e-06	0.10840469	0.60924216	-1.2781356	-0.11179036	1.2779083	0.11431206	-0.032667621	2.0925996	2	2	0	0	-107.51368	R0:S0:1	1.1326634	-139.9392	uncorrelated	2	8eae08f	v2.2.3	YY	7	sharp_wc_2.0_b_50	parameters	new_boucle_param.py	2023-09-21@00:11
2x2_2C_8b_C2v_L	8.5911964	0	14	2.9738	-1.2151158	-6.2765834	-6.3239215	-0.86844457	-6.3294259	-0.89685745	0.82176392	-5.5032285	11.73	-0.00011483616	3.3388949e-05	1.5989102e-05	-9.7843269e-05	9.3696692e-07	-9.4538856e-06	-0.00022645392	1.8060041e-05	-0.10187736	-1.227448	1.7755464	0.067592418	-1.7759927	-0.069841988	0.046102039	-2.2386706	1.926	1	0.2481	-9.6562101e-08	1.2905337	1.6661812	-0.4583173	-0.10229477	0.044163844	0.13480984	1.9990631	1.96406	1.8840085	1.9991236	1.8840652	1.9990766	9.8729114e-05	1.7397422	1.1326905	0.00021545302	-3.0508196e-05	-1.2192291e-05	0.00013084498	-2.7507223e-06	1.2514366e-05	0.00044112291	-9.6049389e-06	0.098560465	0.61132553	-1.2783112	-0.11049728	1.2780587	0.11343463	-0.033375829	2.0927396	2	2	0	0	-107.29749	R0:S0:1	1.1326905	-140.0992	uncorrelated	2	8eae08f	v2.2.3	YY	6	sharp_wc_2.0_b_50	parameters	new_boucle_param.py	2023-09-21@00:19
2x2_2C_8b_C2v_L	8.5912068	0	14	2.9738	-1.2716221	-6.3074834	-6.3301621	-0.8579454	-6.330551	-0.86332889	0.83697027	-5.5141241	11.74	-7.5958154e-05	2.2640838e-05	-2.3636241e-06	1.2376887e-05	1.5996283e-05	-0.00010822282	0.0002306309	-1.5216695e-05	-0.10658778	-1.228304	1.7752587	0.065978574	-1.7752687	-0.066316758	0.047199677	-2.2389192	1.926	1	0.2481	3.1266353e-07	1.2905338	1.6661829	-0.45831622	-0.10229389	0.044163541	0.13481795	1.998992	1.9641532	1.8839482	1.9991566	1.8839569	1.9991502	0.00010255108	1.7397468	1.1326984	0.00014070678	-2.2461218e-05	6.8330406e-07	-1.6199219e-05	-1.200861e-05	0.00014428388	-0.00044902116	1.0661274e-05	0.1022328	0.61053635	-1.2786495	-0.10838917	1.2785991	0.10880587	-0.034057606	2.0927349	2	2	0	0	-107.46096	R0:S0:1	1.1326984	-140.2592	uncorrelated	2	8eae08f	v2.2.3	YY	8	sharp_wc_2.0_b_50	parameters	new_boucle_param.py	2023-09-21@00:31
2x2_2C_8b_C2v_L	8.5911277	0	14	2.9738	-1.2017041	-6.282572	-6.338285	-0.86116627	-6.3386352	-0.86394549	0.86471651	-5.5256694	11.75	4.4018321e-05	-1.087747e-05	1.6051589e-06	-5.4401488e-06	-4.479342e-06	1.9594188e-05	0.00027743187	-2.2586638e-05	-0.098536978	-1.2269378	1.7751124	0.065309794	-1.7751325	-0.065511651	0.048873015	-2.2393207	1.926	1	0.2481	4.0077077e-07	1.2905321	1.6661832	-0.45832475	-0.10229932	0.044165899	0.13483894	1.9991123	1.9639976	1.8839215	1.9991709	1.8839272	1.9991669	0.00010850334	1.739729	1.1327165	-8.2384517e-05	8.0324453e-06	-4.9891093e-07	7.0735026e-06	3.435693e-06	-2.5863385e-05	-0.00053759927	1.4531747e-05	0.09591868	0.61181214	-1.2787829	-0.10746443	1.2787517	0.10772587	-0.035098676	2.0928432	2	2	0	0	-107.3746	R0:S0:1	1.1327165	-140.4192	uncorrelated	2	8eae08f	v2.2.3	YY	6	sharp_wc_2.0_b_50	parameters	new_boucle_param.py	2023-09-21@00:40
2x2_2C_8b_C2v_L	8.5911393	0	14	2.9738	-1.2631004	-6.3140586	-6.345288	-0.85278977	-6.3392655	-0.82467297	0.88282652	-5.536733	11.76	1.416862e-06	-2.5762607e-08	-9.8946765e-06	6.5786989e-05	1.941174e-05	-0.00012641466	8.8054664e-05	-6.8087543e-06	-0.10348878	-1.2278257	1.7748914	0.063938843	-1.7743569	-0.061720687	0.050121837	-2.239609	1.926	1	0.2481	5.5937097e-08	1.2905323	1.6661851	-0.45832348	-0.10229842	0.044165587	0.13484644	1.9990395	1.9640933	1.8838686	1.9991982	1.8838155	1.9992428	0.00011297561	1.7397345	1.1327236	-2.6405426e-06	-3.2294593e-07	5.4064716e-06	-8.7263084e-05	-1.4311095e-05	0.00016908363	-0.00017043721	4.2336967e-06	0.099778322	0.61100199	-1.2790877	-0.10567778	1.2793036	0.10267812	-0.035864713	2.0928366	2	2	0	0	-107.54271	R0:S0:1	1.1327236	-140.5792	uncorrelated	2	8eae08f	v2.2.3	YY	6	sharp_wc_2.0_b_50	parameters	new_boucle_param.py	2023-09-21@00:48
2x2_2C_8b_C2v_L	8.5910487	0	14	2.9738	-1.1984831	-6.2908704	-6.3509568	-0.84151148	-6.3443483	-0.81007064	0.89939687	-5.5476501	11.77	7.3902401e-05	-1.9651331e-05	-6.7125104e-06	6.9801253e-05	8.1524092e-06	-5.8593614e-05	-9.1158408e-05	7.167814e-06	-0.096046847	-1.2264478	1.774536	0.062252253	-1.7739396	-0.059837165	0.05130179	-2.2398649	1.926	1	0.2481	-2.8831744e-07	1.2905305	1.6661843	-0.45833369	-0.10230407	0.044168038	0.13487452	1.9991491	1.9639494	1.8838089	1.999232	1.8837527	1.9992797	0.00011728727	1.7397134	1.1327494	-0.0001381326	1.9664494e-05	3.8805056e-06	-9.281878e-05	-7.0616345e-06	7.8177061e-05	0.00017612258	-5.8875374e-06	0.093896678	0.61218017	-1.2793993	-0.10341631	1.2796213	0.10013459	-0.036590987	2.0929514	2	2	0	0	-107.39846	R0:S0:1	1.1327494	-140.7392	uncorrelated	2	8eae08f	v2.2.3	YY	5	sharp_wc_2.0_b_50	parameters	new_boucle_param.py	2023-09-21@00:56
2x2_2C_8b_C2v_L	8.5910453	0	14	2.9738	-1.2116453	-6.3014008	-6.3571033	-0.82991158	-6.3539138	-0.81618948	0.90768151	-5.5579453	11.78	-0.00010127282	2.8786116e-05	1.0478201e-06	-1.4528538e-05	1.5448149e-05	-0.00012444927	3.9406335e-05	-2.8646415e-06	-0.096253428	-1.2264742	1.7742348	0.060612051	-1.7739381	-0.059527411	0.052055673	-2.2399767	1.926	1	0.2481	2.2712242e-07	1.2905304	1.6661856	-0.45833388	-0.10230449	0.044168234	0.13488207	1.9991464	1.963952	1.8837626	1.9992643	1.8837369	1.9992858	0.00011999976	1.7397066	1.1327563	0.00018806654	-2.7822824e-05	-1.0982031e-06	1.9901606e-05	-1.1546488e-05	0.00016623918	-7.6317823e-05	3.8379991e-06	0.094041922	0.61215021	-1.2796225	-0.10120784	1.2797203	0.099714569	-0.037043898	2.0929838	2	2	0	0	-107.52702	R0:S0:1	1.1327563	-140.8992	uncorrelated	2	8eae08f	v2.2.3	YY	6	sharp_wc_2.0_b_50	parameters	new_boucle_param.py	2023-09-21@01:04
2x2_2C_8b_C2v_L	8.5909699	0	14	2.9738	-1.1652778	-6.2897195	-6.3608313	-0.80849925	-6.3597562	-0.8048827	0.93889211	-5.5700346	11.79	-6.2228966e-05	1.3995998e-05	-3.3347078e-06	7.1242e-06	5.4029971e-06	-3.8987174e-05	8.2668583e-05	-7.3741841e-06	-0.090986217	-1.2256152	1.7736925	0.058207755	-1.7735845	-0.057906833	0.053994503	-2.2405027	1.926	1	0.2481	1.8202672e-07	1.2905288	1.6661861	-0.45834222	-0.10230932	0.044170376	0.13490535	1.9992206	1.9638563	1.8836854	1.999311	1.8836783	1.9993169	0.00012731144	1.7396968	1.1327768	0.00011658493	-1.4037244e-05	2.5235213e-06	-9.3352732e-06	-2.9986672e-06	5.2172984e-05	-0.00015912355	5.0292827e-06	0.089842663	0.61292032	-1.2800087	-0.097931073	1.2800308	0.097506109	-0.038228524	2.0930676	2	2	0	0	-107.42896	R0:S0:1	1.1327768	-141.0592	uncorrelated	2	8eae08f	v2.2.3	YY	7	sharp_wc_2.0_b_50	parameters	new_boucle_param.py	2023-09-21@01:15
2x2_2C_8b_C2v_L	8.5909937	0	14	2.9738	-1.2416646	-6.3255355	-6.3638998	-0.78219231	-6.3653219	-0.78906814	0.95221696	-5.5805123	11.8	-8.3294668e-05	2.2649258e-05	-9.9458989e-06	7.8694739e-05	-2.3309822e-06	2.0931609e-05	-3.6305508e-05	2.3324012e-06	-0.097138896	-1.2267001	1.7730915	0.055524346	-1.7732199	-0.056032871	0.054984572	-2.2406647	1.926	1	0.2481	1.2400243e-07	1.2905292	1.6661879	-0.45833963	-0.10230757	0.04416968	0.13491135	1.9991338	1.9639702	1.883603	1.9993618	1.8836162	1.9993522	0.00013098482	1.7397001	1.1327829	0.00015288772	-2.1637993e-05	7.8606409e-06	-0.00010542126	2.2838152e-06	-2.8347523e-05	6.9646422e-05	7.4678924e-08	0.094723748	0.61196442	-1.280423	-0.094240166	1.2803654	0.094947438	-0.038814629	2.0930584	2	2	0	0	-107.64753	R0:S0:1	1.1327829	-141.2192	uncorrelated	2	8eae08f	v2.2.3	YY	6	sharp_wc_2.0_b_50	parameters	new_boucle_param.py	2023-09-21@01:24
2x2_2C_8b_C2v_L	8.5908298	0	14	2.9738	-1.0924233	-6.2714762	-6.3707952	-0.77436136	-6.368527	-0.76354777	0.97484465	-5.5918733	11.81	0.0001021165	-3.975128e-05	1.1593939e-05	-8.211784e-05	-6.283251e-06	8.9904689e-05	-0.00018401684	1.4928315e-05	-0.082450983	-1.22386	1.7728255	0.054272082	-1.7726135	-0.053483092	0.05654	-2.2410255	1.926	1	0.2481	-7.5089926e-07	1.2905259	1.6661855	-0.45835815	-0.10231777	0.044174078	0.13495442	1.9993365	1.9636992	1.8835549	1.9993847	1.8835358	1.9993993	0.00013703265	1.7396646	1.132822	-0.00019344626	4.0248865e-05	-1.0837953e-05	0.00010941959	2.635278e-06	-0.00012063716	0.00035250276	-1.615633e-05	0.082870687	0.61418287	-1.2806824	-0.092526135	1.2807596	0.091417182	-0.039762165	2.0932483	2	2	0	0	-107.25671	R0:S0:1	1.132822	-141.3792	uncorrelated	2	8eae08f	v2.2.3	YY	4	sharp_wc_2.0_b_50	parameters	new_boucle_param.py	2023-09-21@01:30
2x2_2C_8b_C2v_L	8.5909968	0	14	2.9738	-1.4306814	-6.3906059	-6.3725944	-0.73369306	-6.3796906	-0.77339914	0.96581916	-5.6016721	11.82	-0.00015451416	4.5322245e-05	-5.0944033e-06	2.7349125e-05	-1.2432562e-06	3.843269e-06	3.9029791e-05	-2.9517066e-06	-0.11169657	-1.2276674	1.7721227	0.050840534	-1.7727773	-0.053559734	0.056563866	-2.2410068	1.926	1	0.2481	3.2565351e-07	1.2905293	1.6661902	-0.45833953	-0.10230699	0.044169518	0.13492195	1.9989247	1.9642233	1.88347	1.9994463	1.8835295	1.9993975	0.00013704969	1.7396997	1.132793	0.00027139382	-4.3058843e-05	4.9195145e-06	-3.6701947e-05	2.0158801e-06	-5.2275017e-06	-7.5294255e-05	4.4896348e-06	0.10556439	0.6098154	-1.2810792	-0.087749425	1.2808442	0.091560996	-0.039760591	2.0930892	2	2	0	0	-108.19612	R0:S0:1	1.132793	-141.5392	uncorrelated	2	8eae08f	v2.2.3	YY	4	sharp_wc_2.0_b_50	parameters	new_boucle_param.py	2023-09-21@01:37
2x2_2C_8b_C2v_L	8.5908095	0	14	2.9738	-1.0775908	-6.2822403	-6.3884334	-0.78011342	-6.3831992	-0.74564871	0.98929323	-5.6127142	11.83	-0.00033071879	7.6904774e-05	-4.501095e-06	1.0352675e-05	-2.9270001e-05	0.00026210371	-4.1654403e-05	4.1762619e-06	-0.079672483	-1.223574	1.7726669	0.053221746	-1.772201	-0.051011711	0.058085477	-2.241308	1.926	1	0.2481	5.0847736e-07	1.2905253	1.6661879	-0.45835996	-0.1023196	0.044174897	0.13497264	1.9993718	1.9636533	1.8835143	1.999404	1.8834674	1.999443	0.00014298041	1.7396487	1.1328386	0.0006263902	-7.3634972e-05	5.9015398e-06	-1.4213295e-05	2.3442451e-05	-0.00035203098	7.9605683e-05	2.2946624e-06	0.080620542	0.61454642	-1.2809042	-0.091057976	1.2810977	0.088009248	-0.04067858	2.0933274	2	2	0	0	-107.41084	R0:S0:1	1.1328386	-141.6992	uncorrelated	2	8eae08f	v2.2.3	YY	6	sharp_wc_2.0_b_50	parameters	new_boucle_param.py	2023-09-21@01:47
2x2_2C_8b_C2v_L	8.5911471	0	14	2.9738	-2.176107	-6.6825134	-6.3854498	-0.70933996	-6.390087	-0.73981514	1.0055167	-5.6241094	11.84	0.0001554597	-7.2387558e-05	-1.0970678e-06	2.0389431e-05	-1.6390476e-05	0.00011556436	0.00028835709	-2.659533e-05	-0.19588075	-1.2287588	1.7715114	0.047855663	-1.7719235	-0.049816552	0.059326674	-2.2416624	1.926	1	0.2481	-3.6580116e-08	1.2905327	1.6661957	-0.45832374	-0.10229611	0.044165023	0.13487324	1.9974227	1.9659444	1.8833756	1.9994983	1.8834193	1.9994646	0.0001477574	1.7397416	1.1327464	-0.00023564819	6.4043123e-05	2.7065539e-06	-2.8002796e-05	1.3090243e-05	-0.00015471278	-0.00055227671	1.1244155e-05	0.16355496	0.595062	-1.2815867	-0.083519399	1.2813976	0.086292108	-0.041375423	2.09298	2	2	0	0	-110.32796	R0:S0:1	1.1327464	-141.8592	uncorrelated	2	8eae08f	v2.2.3	YY	5	sharp_wc_2.0_b_50	parameters	new_boucle_param.py	2023-09-21@01:54
2x2_2C_8b_C2v_L	8.5907294	0	14	2.9738	-1.1072428	-6.3041416	-6.3948541	-0.72004748	-6.3928035	-0.70874094	1.0501528	-5.636987	11.85	-0.00015288661	-3.8710144e-05	-2.4021197e-05	0.00019812741	1.7868757e-05	-0.00013657459	0.00024466592	-2.2803311e-05	0.080246975	-1.2236823	1.7714444	0.047843595	-1.7712467	-0.047099413	0.062073607	-2.2423916	1.926	1	0.2481	-3.3660404e-08	1.2905236	1.6661906	-0.45836887	-0.10232448	0.04417716	0.13500543	1.9993651	1.9636647	1.8833507	1.9994985	1.883335	1.9995112	0.00015907683	1.7396471	1.1328672	0.00028618367	3.5633109e-05	1.5909028e-05	-0.00026627557	-1.1302464e-05	0.00018380353	-0.00046513248	1.0788636e-05	-0.081043224	0.61440295	-1.2817285	-0.083502262	1.281787	0.082431832	-0.043046579	2.0934114	2	2	0	0	-107.48122	R0:S0:1	1.1328672	-142.0192	uncorrelated	2	8eae08f	v2.2.3	YY	5	sharp_wc_2.0_b_50	parameters	new_boucle_param.py	2023-09-21@02:02
2x2_2C_8b_C2v_L	8.5909849	0	14	2.9738	-4.2173601	-8.3581202	-6.399343	-0.70023811	-6.401082	-0.70714205	1.0541305	-5.647343	11.86	0.0013217375	-0.0014879577	-2.1623503e-05	0.00022217657	-1.5943148e-05	0.00013366841	-8.9391091e-06	5.9492661e-08	-0.64999632	-1.0900597	1.7709416	0.045743715	-1.7711263	-0.046249351	0.062632399	-2.2425087	1.926	1	0.2481	-3.1746214e-06	1.2905311	1.6661883	-0.45834711	-0.10230105	0.044167314	0.13480483	1.9838532	1.9798831	1.8833015	1.9995347	1.8833104	1.999526	0.00016098888	1.739721	1.1326772	-0.0014740926	0.0011462715	1.3694348e-05	-0.00030079218	1.7228236e-05	-0.00017921036	1.7873471e-05	-2.3884115e-05	0.40966607	0.45741269	-1.2819694	-0.080423543	1.2819517	0.081177042	-0.043304013	2.0933109	2	2	0	0	-117.8558	R0:S0:1	1.1326772	-142.1792	uncorrelated	2	8eae08f	v2.2.3	YY	11	sharp_wc_2.0_b_50	parameters	new_boucle_param.py	2023-09-21@02:19
2x2_2C_8b_C2v_L	8.5906867	0	14	2.9738	1.1114424	-6.3182691	-6.4079502	-0.69201877	-6.4077151	-0.69243758	1.0796907	-5.659069	11.87	0.07881396	-1.8781394e-05	-2.6084332e-06	1.8396188e-05	-4.8179685e-06	-4.4925309e-05	1.1770747e-05	-1.2524191e-06	7.5930784e-05	-1.2234478	1.7708549	0.044862106	-1.770827	0.044831575	0.064463982	-2.2429615	1.926	1	0.2481	-1.2788921e-07	1.2905226	1.6661931	-0.45837327	-0.10232754	0.044178544	0.13502757	0.0006163342	1.9636402	1.8832645	1.999548	1.8832639	1.9995487	0.00016887073	1.7396357	1.1328866	-0.07983825	1.7853576e-05	2.353129e-06	-2.4944473e-05	4.2938738e-06	6.0441625e-05	-2.2255841e-05	-7.4947035e-07	-0.00014137241	0.61457604	-1.2821609	-0.079254054	1.2821592	-0.079190706	-0.044440942	2.0934954	2	2	0	0	-105.38694	R0:S0:1	1.1328866	-142.3392	uncorrelated	2	8eae08f	v2.2.3	YY	11	sharp_wc_2.0_b_50	parameters	new_boucle_param.py	2023-09-21@02:35
2x2_2C_8b_C2v_L	8.5907831	0	14	2.9738	-4.9440905	-12.017731	-6.4134404	0.69494893	-7.1391829	-5.6611183	1.0954702	-5.6702199	11.88	0.0025743716	0.0059581358	-3.1890372e-05	-0.043382736	-0.023782979	-0.022196319	-0.00013720395	-2.8077405e-07	-0.91639572	0.92788022	1.7704142	0.00045997737	-1.345361	1.1584751	0.065699901	-2.2432777	1.926	1	0.2481	-4.8701967e-06	1.2905285	1.6661774	-0.45837546	-0.10230683	0.044170067	0.1347283	1.9727734	1.99129	1.8831512	0.00042453736	1.9416447	1.9412373	0.0001738403	1.7397077	1.1325969	-0.0026044364	-0.0035586577	0.00016634403	0.076821081	0.014573268	0.014935451	0.00026852148	-2.9719191e-05	0.53205151	-0.3010193	-1.2829958	-0.00063090339	0.90648234	-0.90918838	-0.045085848	2.0935577	2	2	0	0	-136.76799	R0:S0:1	1.1325969	-142.4992	uncorrelated	2	8eae08f	v2.2.3	YY	13	sharp_wc_2.0_b_50	parameters	new_boucle_param.py	2023-09-21@02:52
2x2_2C_8b_C2v_L	8.5896845	0	14	2.9738	17.117313	-5.2607505	-6.41844	-0.65762553	-6.4189647	0.66002331	5.6453265	-5.759987	11.89	0.86450603	-0.0013305959	-4.9746646e-05	-0.00052360389	2.9200227e-06	0.041249682	0.75585577	-0.081046729	0.0048923632	-1.0188864	1.769949	-0.041107564	-1.7700048	-5.6009464e-05	0.22472372	-2.1353361	1.926	1	0.2481	2.2471622e-05	1.2905023	1.6662406	-0.45849296	-0.10237588	0.044198557	0.13499026	0.0043505501	1.9685116	1.8830864	1.9996092	1.8830895	0.00039294661	0.030541882	1.7683459	1.1327187	-0.21253147	0.0012275631	3.6902048e-05	0.00070876835	2.6854439e-06	-0.073895748	-0.70782468	0.037250977	-0.0022874153	0.57145844	-1.2830151	0.073685228	1.2830061	7.5966115e-05	-0.10345127	1.9745284	2	2	0	0	-102.18739	R0:S0:1	1.1327187	-142.6592	uncorrelated	2	8eae08f	v2.2.3	YY	20	sharp_wc_2.0_b_50	parameters	new_boucle_param.py	2023-09-21@03:24
