model	E_kin	D	U	e	eb1_1	eb2_1	eb3_1	eb4_1	eb5_1	eb6_1	eb7_1	eb8_1	mu	sb1_1	sb2_1	sb3_1	sb4_1	sb5_1	sb6_1	sb7_1	sb8_1	tb1_1	tb2_1	tb3_1	tb4_1	tb5_1	tb6_1	tb7_1	tb8_1	tpd	tpp	tppp	ave_D	ave_e	ave_mu	ave_tpd	ave_tpp	ave_tppp	ave_U_1	ave_eb1_1	ave_eb2_1	ave_eb3_1	ave_eb4_1	ave_eb5_1	ave_eb6_1	ave_eb7_1	ave_eb8_1	ave_mu_1	ave_sb1_1	ave_sb2_1	ave_sb3_1	ave_sb4_1	ave_sb5_1	ave_sb6_1	ave_sb7_1	ave_sb8_1	ave_tb1_1	ave_tb2_1	ave_tb3_1	ave_tb4_1	ave_tb5_1	ave_tb6_1	ave_tb7_1	ave_tb8_1	var_U_1	var_eb1_1	var_eb2_1	var_eb3_1	var_eb4_1	var_eb5_1	var_eb6_1	var_eb7_1	var_eb8_1	var_mu_1	var_sb1_1	var_sb2_1	var_sb3_1	var_sb4_1	var_sb5_1	var_sb6_1	var_sb7_1	var_sb8_1	var_tb1_1	var_tb2_1	var_tb3_1	var_tb4_1	var_tb5_1	var_tb6_1	var_tb7_1	var_tb8_1	E0_1	sector_1	E0_2	sector_2	githash	version	time
2x2_2C_8b_C2v_L	4.5754489	0	14	2.3	-0.006655534	-3.3502828	-4.1133163	-0.10235806	-4.113222	-0.1023468	0.14108001	-3.7537133	9.68	-0.0001012231	7.5002141e-06	0.011771903	-0.16264369	0.011773954	-0.16264057	1.0013529e-05	-2.0059213e-06	-0.11240159	-1.1061747	1.7476608	0.057892245	-1.7476438	-0.057886658	0.22749261	-2.3061557	2.1	1	0.2	0.014944047	1.2616748	1.6232482	-0.57702297	-0.17996495	0.075054427	0.13286514	0.22328417	1.9435328	1.8129628	1.5895992	1.8129636	1.589563	0.01635088	1.5799543	1.1067318	0.0012267946	4.0346355e-06	0.10029878	1.1126728	0.10029109	1.112766	-8.3073034e-05	-1.504432e-05	1.1223499	0.71594806	-1.5332836	-0.61372149	1.5332577	0.61370556	-0.28290523	2.4861338	0.028767242	0.20370457	0.055115051	0.17204346	0.34367566	0.17204236	0.34369619	0.01644145	0.33349266	0.035971659	3.9095669	5.4215332	5.1415007	5.0574868	5.1415093	5.0575177	4.3430231	6.0553592	5.2745865	2.7227311	3.3812171	5.0607481	3.3811484	5.0608312	3.7088256	3.2330264	-75.59905	R0:S0:1	-59.04	uncorrelated	b7fd39a	v1.0.3	2022-07-29@10:52
model	E_kin	D	U	e	eb1_1	eb2_1	eb3_1	eb4_1	eb5_1	eb6_1	eb7_1	eb8_1	mu	sb1_1	sb2_1	sb3_1	sb4_1	sb5_1	sb6_1	sb7_1	sb8_1	tb1_1	tb2_1	tb3_1	tb4_1	tb5_1	tb6_1	tb7_1	tb8_1	tpd	tpp	tppp	ave_D	ave_e	ave_mu	ave_tpd	ave_tpp	ave_tppp	ave_U_1	ave_eb1_1	ave_eb2_1	ave_eb3_1	ave_eb4_1	ave_eb5_1	ave_eb6_1	ave_eb7_1	ave_eb8_1	ave_mu_1	ave_sb1_1	ave_sb2_1	ave_sb3_1	ave_sb4_1	ave_sb5_1	ave_sb6_1	ave_sb7_1	ave_sb8_1	ave_tb1_1	ave_tb2_1	ave_tb3_1	ave_tb4_1	ave_tb5_1	ave_tb6_1	ave_tb7_1	ave_tb8_1	var_U_1	var_eb1_1	var_eb2_1	var_eb3_1	var_eb4_1	var_eb5_1	var_eb6_1	var_eb7_1	var_eb8_1	var_mu_1	var_sb1_1	var_sb2_1	var_sb3_1	var_sb4_1	var_sb5_1	var_sb6_1	var_sb7_1	var_sb8_1	var_tb1_1	var_tb2_1	var_tb3_1	var_tb4_1	var_tb5_1	var_tb6_1	var_tb7_1	var_tb8_1	E0_1	sector_1	E0_2	sector_2	githash	version	time
2x2_2C_8b_C2v_L	4.5754489	0	14	2.3	-0.006655534	-3.3502828	-4.1133163	-0.10235806	-4.113222	-0.1023468	0.14108001	-3.7537133	9.68	-0.0001012231	7.5002141e-06	0.011771903	-0.16264369	0.011773954	-0.16264057	1.0013529e-05	-2.0059213e-06	-0.11240159	-1.1061747	1.7476608	0.057892245	-1.7476438	-0.057886658	0.22749261	-2.3061557	2.1	1	0.2	0.014944047	1.2616748	1.6232482	-0.57702297	-0.17996495	0.075054427	0.13286514	0.22328417	1.9435328	1.8129628	1.5895992	1.8129636	1.589563	0.01635088	1.5799543	1.1067318	0.0012267946	4.0346356e-06	0.10029878	1.1126728	0.10029109	1.112766	-8.3073034e-05	-1.504432e-05	1.1223499	0.71594806	-1.5332836	-0.61372149	1.5332577	0.61370556	-0.28290523	2.4861338	0.028767242	0.20370457	0.055115051	0.17204346	0.34367566	0.17204236	0.34369619	0.01644145	0.33349266	0.035971659	3.9095669	5.4215332	5.1415007	5.0574868	5.1415093	5.0575177	4.3430231	6.0553592	5.2745865	2.7227311	3.3812171	5.0607481	3.3811484	5.0608312	3.7088256	3.2330264	-75.59905	R0:S0:1	-59.04	uncorrelated	b7fd39a	v1.0.3	2022-07-29@10:56
model	E_kin	D	U	e	eb1_1	eb2_1	eb3_1	eb4_1	eb5_1	eb6_1	eb7_1	eb8_1	mu	sb1_1	sb2_1	sb3_1	sb4_1	sb5_1	sb6_1	sb7_1	sb8_1	tb1_1	tb2_1	tb3_1	tb4_1	tb5_1	tb6_1	tb7_1	tb8_1	tpd	tpp	tppp	ave_D	ave_e	ave_mu	ave_tpd	ave_tpp	ave_tppp	ave_U_1	ave_eb1_1	ave_eb2_1	ave_eb3_1	ave_eb4_1	ave_eb5_1	ave_eb6_1	ave_eb7_1	ave_eb8_1	ave_mu_1	ave_sb1_1	ave_sb2_1	ave_sb3_1	ave_sb4_1	ave_sb5_1	ave_sb6_1	ave_sb7_1	ave_sb8_1	ave_tb1_1	ave_tb2_1	ave_tb3_1	ave_tb4_1	ave_tb5_1	ave_tb6_1	ave_tb7_1	ave_tb8_1	var_U_1	var_eb1_1	var_eb2_1	var_eb3_1	var_eb4_1	var_eb5_1	var_eb6_1	var_eb7_1	var_eb8_1	var_mu_1	var_sb1_1	var_sb2_1	var_sb3_1	var_sb4_1	var_sb5_1	var_sb6_1	var_sb7_1	var_sb8_1	var_tb1_1	var_tb2_1	var_tb3_1	var_tb4_1	var_tb5_1	var_tb6_1	var_tb7_1	var_tb8_1	E0_1	sector_1	E0_2	sector_2	githash	version	time
2x2_2C_8b_C2v_L	4.5754489	0	14	2.3	-0.006655534	-3.3502828	-4.1133163	-0.10235806	-4.113222	-0.1023468	0.14108001	-3.7537133	9.68	-0.0001012231	7.5002141e-06	0.011771903	-0.16264369	0.011773954	-0.16264057	1.0013529e-05	-2.0059213e-06	-0.11240159	-1.1061747	1.7476608	0.057892245	-1.7476438	-0.057886658	0.22749261	-2.3061557	2.1	1	0.2	0.014944047	1.2616748	1.6232482	-0.57702297	-0.17996495	0.075054427	0.13286514	0.22328417	1.9435328	1.8129628	1.5895992	1.8129636	1.589563	0.01635088	1.5799543	1.1067318	0.0012267946	4.0346355e-06	0.10029878	1.1126728	0.10029109	1.112766	-8.3073034e-05	-1.504432e-05	1.1223499	0.71594806	-1.5332836	-0.61372149	1.5332577	0.61370556	-0.28290523	2.4861338	0.028767242	0.20370457	0.055115051	0.17204346	0.34367566	0.17204236	0.34369619	0.01644145	0.33349266	0.035971659	3.9095669	5.4215332	5.1415007	5.0574868	5.1415093	5.0575177	4.3430231	6.0553592	5.2745865	2.7227311	3.3812171	5.0607481	3.3811484	5.0608312	3.7088256	3.2330264	-75.59905	R0:S0:1	-59.04	uncorrelated	b7fd39a	v1.0.3	2022-07-29@11:00
model	E_kin	D	U	e	eb1_1	eb2_1	eb3_1	eb4_1	eb5_1	eb6_1	eb7_1	eb8_1	mu	sb1_1	sb2_1	sb3_1	sb4_1	sb5_1	sb6_1	sb7_1	sb8_1	tb1_1	tb2_1	tb3_1	tb4_1	tb5_1	tb6_1	tb7_1	tb8_1	tpd	tpp	tppp	ave_D	ave_e	ave_mu	ave_tpd	ave_tpp	ave_tppp	ave_U_1	ave_eb1_1	ave_eb2_1	ave_eb3_1	ave_eb4_1	ave_eb5_1	ave_eb6_1	ave_eb7_1	ave_eb8_1	ave_mu_1	ave_sb1_1	ave_sb2_1	ave_sb3_1	ave_sb4_1	ave_sb5_1	ave_sb6_1	ave_sb7_1	ave_sb8_1	ave_tb1_1	ave_tb2_1	ave_tb3_1	ave_tb4_1	ave_tb5_1	ave_tb6_1	ave_tb7_1	ave_tb8_1	var_U_1	var_eb1_1	var_eb2_1	var_eb3_1	var_eb4_1	var_eb5_1	var_eb6_1	var_eb7_1	var_eb8_1	var_mu_1	var_sb1_1	var_sb2_1	var_sb3_1	var_sb4_1	var_sb5_1	var_sb6_1	var_sb7_1	var_sb8_1	var_tb1_1	var_tb2_1	var_tb3_1	var_tb4_1	var_tb5_1	var_tb6_1	var_tb7_1	var_tb8_1	E0_1	sector_1	E0_2	sector_2	githash	version	time
2x2_2C_8b_C2v_L	4.5754489	0	14	2.3	-0.006655534	-3.3502828	-4.1133163	-0.10235806	-4.113222	-0.1023468	0.14108001	-3.7537133	9.68	-0.0001012231	7.5002141e-06	0.011771903	-0.16264369	0.011773954	-0.16264057	1.0013529e-05	-2.0059213e-06	-0.11240159	-1.1061747	1.7476608	0.057892245	-1.7476438	-0.057886658	0.22749261	-2.3061557	2.1	1	0.2	0.014944047	1.2616748	1.6232482	-0.57702297	-0.17996495	0.075054427	0.13286514	0.22328417	1.9435328	1.8129628	1.5895992	1.8129636	1.589563	0.01635088	1.5799543	1.1067318	0.0012267946	4.0346355e-06	0.10029878	1.1126728	0.10029109	1.112766	-8.3073034e-05	-1.504432e-05	1.1223499	0.71594806	-1.5332836	-0.61372149	1.5332577	0.61370556	-0.28290523	2.4861338	0.028767242	0.20370457	0.055115051	0.17204346	0.34367566	0.17204236	0.34369619	0.01644145	0.33349266	0.035971659	3.9095669	5.4215332	5.1415007	5.0574868	5.1415093	5.0575177	4.3430231	6.0553592	5.2745865	2.7227311	3.3812171	5.0607481	3.3811484	5.0608312	3.7088256	3.2330264	-75.59905	R0:S0:1	-59.04	uncorrelated	b7fd39a	v1.0.3	2022-07-29@11:05
model	E_kin	D	U	e	eb1_1	eb2_1	eb3_1	eb4_1	eb5_1	eb6_1	eb7_1	eb8_1	mu	sb1_1	sb2_1	sb3_1	sb4_1	sb5_1	sb6_1	sb7_1	sb8_1	tb1_1	tb2_1	tb3_1	tb4_1	tb5_1	tb6_1	tb7_1	tb8_1	tpd	tpp	tppp	ave_D	ave_e	ave_mu	ave_tpd	ave_tpp	ave_tppp	ave_U_1	ave_eb1_1	ave_eb2_1	ave_eb3_1	ave_eb4_1	ave_eb5_1	ave_eb6_1	ave_eb7_1	ave_eb8_1	ave_mu_1	ave_sb1_1	ave_sb2_1	ave_sb3_1	ave_sb4_1	ave_sb5_1	ave_sb6_1	ave_sb7_1	ave_sb8_1	ave_tb1_1	ave_tb2_1	ave_tb3_1	ave_tb4_1	ave_tb5_1	ave_tb6_1	ave_tb7_1	ave_tb8_1	var_U_1	var_eb1_1	var_eb2_1	var_eb3_1	var_eb4_1	var_eb5_1	var_eb6_1	var_eb7_1	var_eb8_1	var_mu_1	var_sb1_1	var_sb2_1	var_sb3_1	var_sb4_1	var_sb5_1	var_sb6_1	var_sb7_1	var_sb8_1	var_tb1_1	var_tb2_1	var_tb3_1	var_tb4_1	var_tb5_1	var_tb6_1	var_tb7_1	var_tb8_1	E0_1	sector_1	E0_2	sector_2	githash	version	time
2x2_2C_8b_C2v_L	4.5754489	0	14	2.3	-0.006655534	-3.3502828	-4.1133163	-0.10235806	-4.113222	-0.1023468	0.14108001	-3.7537133	9.68	-0.0001012231	7.5002141e-06	0.011771903	-0.16264369	0.011773954	-0.16264057	1.0013529e-05	-2.0059213e-06	-0.11240159	-1.1061747	1.7476608	0.057892245	-1.7476438	-0.057886658	0.22749261	-2.3061557	2.1	1	0.2	0.014944047	1.2616748	1.6232482	-0.57702297	-0.17996495	0.075054427	0.13286514	0.22328417	1.9435328	1.8129628	1.5895992	1.8129636	1.589563	0.01635088	1.5799543	1.1067318	0.0012267946	4.0346355e-06	0.10029878	1.1126728	0.10029109	1.112766	-8.3073034e-05	-1.504432e-05	1.1223499	0.71594806	-1.5332836	-0.61372149	1.5332577	0.61370556	-0.28290523	2.4861338	0.028767242	0.20370457	0.055115051	0.17204346	0.34367566	0.17204236	0.34369619	0.01644145	0.33349266	0.035971659	3.9095669	5.4215332	5.1415007	5.0574868	5.1415093	5.0575177	4.3430231	6.0553592	5.2745865	2.7227311	3.3812171	5.0607481	3.3811484	5.0608312	3.7088256	3.2330264	-75.59905	R0:S0:1	-59.04	uncorrelated	b7fd39a	v1.0.3	2022-07-29@11:12
2x2_2C_8b_C2v_L	4.9570423	0	14.022222	2.3966111	-0.0043380677	-3.3298297	-4.0650685	-0.10130245	-4.0650308	-0.10129975	0.13983001	-3.6957599	9.6933333	-6.7027847e-05	2.0081456e-06	0.011193378	-0.16410682	0.011193747	-0.16410827	2.6035471e-06	1.2570568e-07	-0.11245825	-1.1005676	1.7348263	0.054669388	-1.7348195	-0.054670277	0.22912659	-2.2884671	2.0832444	1	0.20414444	0.014671581	1.2611626	1.6225384	-0.5780638	-0.18132801	0.075472331	0.1324197	0.23001102	1.9431835	1.8125428	1.5786681	1.8125443	1.5786509	0.016897684	1.5775074	1.1063042	0.00075532577	4.8261732e-06	0.099672203	1.124489	0.099667873	1.1245452	-2.6829111e-05	-7.4815688e-06	1.1263784	0.71921558	-1.5330227	-0.60315901	1.5330044	0.60315585	-0.28660899	2.4865197	0.02868754	0.20877256	0.055428417	0.17231469	0.35132092	0.17231318	0.35132806	0.016990485	0.33473215	0.035899918	3.951334	5.4076365	5.1358595	5.0612245	5.1358621	5.0612369	4.3368876	6.0661028	5.2769511	2.731535	3.3765529	5.0906705	3.3765141	5.0907171	3.7154602	3.2326904	-75.249041	R0:S0:1	-58.373778	uncorrelated	b7fd39a	v1.0.3	2022-07-29@12:21
2x2_2C_8b_C2v_L	4.9467166	0	14.022222	2.3966111	-0.0037221562	-3.3248638	-4.0582618	-0.10418272	-4.0582326	-0.1041803	0.14384318	-3.6926215	9.6822222	-4.0411222e-05	6.1033378e-06	0.01112657	-0.16545726	0.011126546	-0.16545696	4.3864142e-06	7.0186753e-06	-0.11248357	-1.100616	1.7349839	0.05345564	-1.7349787	-0.053454113	0.23115805	-2.2898724	2.0832444	1	0.20414444	0.014559097	1.2608966	1.6221036	-0.57913392	-0.18195278	0.075715934	0.13234122	0.22705703	1.943249	1.8117105	1.5885167	1.8117109	1.5885131	0.016870705	1.5767672	1.1060363	0.00044732102	-4.9733296e-06	0.10072101	1.1214115	0.10072319	1.1214369	-3.4851458e-05	-1.3374185e-05	1.1256762	0.71774187	-1.5362211	-0.59498154	1.5362124	0.59497401	-0.28736093	2.4889608	0.028673338	0.20704541	0.055379827	0.17307104	0.34621163	0.1730707	0.34621212	0.016971579	0.33508789	0.035938933	3.9331162	5.413219	5.1423456	5.0433083	5.1423504	5.043311	4.3402605	6.0688469	5.2721654	2.7299592	3.3834565	5.0713249	3.3834371	5.0713358	3.7135486	3.2317244	-75.175756	R0:S0:1	-58.284889	uncorrelated	b7fd39a	v1.0.3	2022-07-29@12:34
2x2_2C_8b_C2v_L	5.3127829	0	14.044444	2.4932222	-0.001670535	-3.2937786	-4.0031513	-0.10596867	-4.0031385	-0.10596624	0.14575942	-3.6297197	9.6844444	-2.586303e-06	4.0804628e-07	0.010678586	-0.16791606	0.010677612	-0.16791522	-4.5832922e-07	-4.5743401e-06	-0.11269611	-1.0942423	1.7223497	0.050031127	-1.7223477	-0.050026932	0.23416122	-2.273223	2.0664889	1	0.20828889	0.014226309	1.2599689	1.6208341	-0.58166971	-0.18438201	0.076533793	0.13180267	0.23491777	1.9426673	1.8101021	1.5823706	1.8101021	1.582364	0.017481304	1.5721637	1.1051807	2.695574e-05	-3.6764542e-06	0.10160701	1.1339404	0.1016071	1.1339515	6.5426212e-06	7.68451e-06	1.1347992	0.72131775	-1.5401728	-0.58376736	1.5401719	0.58375003	-0.29164261	2.4948316	0.028576115	0.21356409	0.055913527	0.17434564	0.35095482	0.17434562	0.35096055	0.017594452	0.33736664	0.035946363	3.9782106	5.4007154	5.1404539	5.0382776	5.1404536	5.038273	4.3372344	6.0878425	5.2701548	2.7378278	3.3813984	5.0952504	3.3813948	5.0952673	3.7180807	3.2268991	-74.737764	R0:S0:1	-57.529778	uncorrelated	b7fd39a	v1.0.3	2022-07-29@13:08
2x2_2C_8b_C2v_L	4.8851115	0	14.022222	2.3966111	-0.0027125608	-3.292794	-4.0310394	-0.10818301	-4.0310371	-0.10818023	0.14877677	-3.6702915	9.6488889	-5.2956378e-06	-4.8689171e-06	0.01130361	-0.16879315	0.011299957	-0.16879035	8.2021278e-07	-2.6969006e-07	-0.11348785	-1.0976476	1.7331671	0.052315476	-1.7331642	-0.052312834	0.23552694	-2.2896787	2.0832444	1	0.20414444	0.01461238	1.2592638	1.6197482	-0.5852657	-0.18612762	0.077318436	0.13186387	0.24368179	1.9416961	1.8074024	1.5697165	1.8074022	1.5697159	0.017864706	1.5669738	1.1040959	5.7815271e-05	1.0798012e-05	0.10494195	1.1538404	0.10494487	1.1538359	-5.9317696e-06	-3.0219098e-06	1.1562271	0.72540581	-1.5507392	-0.60612179	1.5507394	0.6061165	-0.29305267	2.5120565	0.028584576	0.2200855	0.056801505	0.17645491	0.35683243	0.17645506	0.35683384	0.017986466	0.3398653	0.036280116	4.0237367	5.3981447	5.1373623	5.0503657	5.1373629	5.050367	4.3472084	6.1065839	5.2676514	2.732201	3.3707448	5.1320371	3.3707465	5.1320364	3.7083367	3.2080922	-74.84522	R0:S0:1	-58.018222	uncorrelated	b7fd39a	v1.0.3	2022-07-29@13:24
2x2_2C_8b_C2v_L	4.9291124	0	14.022222	2.3966111	-0.0027010645	-3.3181586	-4.0497992	-0.10588858	-4.0497653	-0.10588892	0.14571802	-3.6845571	9.6711111	-5.2301998e-05	1.7783587e-07	0.01104715	-0.16705018	0.011048535	-0.16704986	-2.3366563e-06	-1.0894368e-06	-0.11277411	-1.1001544	1.7344443	0.05223065	-1.7344374	-0.052233727	0.23295761	-2.2894144	2.0832444	1	0.20414444	0.014506763	1.2604386	1.6213707	-0.58092968	-0.18307147	0.076153412	0.13219023	0.22946274	1.9429716	1.8105044	1.5867098	1.8105041	1.5867053	0.017108109	1.5744228	1.1055074	0.00056226507	2.2190519e-06	0.10173791	1.1290604	0.10173478	1.1290649	9.0834643e-06	7.6178446e-08	1.131531	0.71883415	-1.5404458	-0.59231261	1.5404433	0.59232627	-0.28917819	2.4944509	0.028645622	0.20907708	0.055637756	0.17405156	0.34784596	0.17405181	0.34784757	0.017215943	0.33624204	0.036022238	3.9462613	5.4116021	5.1432067	5.0376845	5.1432103	5.0376975	4.3425673	6.0778156	5.2701325	2.7302504	3.3830303	5.0804592	3.3830219	5.0804619	3.7121795	3.2266239	-75.075229	R0:S0:1	-58.196	uncorrelated	b7fd39a	v1.0.3	2022-07-29@13:33
2x2_2C_8b_C2v_L	4.8656763	0	14.022222	2.3966111	-0.0019797304	-3.280821	-4.0221713	-0.10943467	-4.0221954	-0.10944012	0.15056423	-3.6634549	9.6377778	-6.2003778e-05	-3.2695313e-05	0.011240135	-0.17006852	0.011236061	-0.17006886	-2.3739327e-06	-2.1457303e-07	-0.11377576	-1.0964438	1.7325248	0.051388277	-1.7325315	-0.051394879	0.23725298	-2.289655	2.0832444	1	0.20414444	0.014568111	1.2587518	1.6189665	-0.58722552	-0.18739742	0.077813468	0.13170434	0.24809768	1.9412404	1.806062	1.5646957	1.8060601	1.5646941	0.018201021	1.5641262	1.1034919	0.00066591696	7.7501318e-05	0.10609774	1.1635999	0.10609282	1.1635833	3.0821814e-07	-1.9138133e-05	1.1642265	0.72747816	-1.5552913	-0.60627542	1.5553011	0.60631587	-0.29512724	2.5188086	0.028554962	0.22350574	0.057219869	0.1775138	0.35997245	0.1775153	0.35997219	0.018331017	0.34122112	0.036379989	4.047536	5.394363	5.1366531	5.049325	5.1366538	5.0493415	4.3496637	6.1175112	5.2665356	2.7327288	3.3678644	5.1488389	3.367868	5.1488378	3.7066846	3.2011905	-74.733722	R0:S0:1	-57.929333	uncorrelated	b7fd39a	v1.0.3	2022-07-29@13:43
2x2_2C_8b_C2v_L	5.6690073	0	14.066667	2.5898333	-0.0012012799	-3.2559905	-3.9452467	-0.10689011	-3.9452354	-0.10688663	0.14680177	-3.5636289	9.6866667	1.1274208e-05	5.2271632e-07	0.010512501	-0.16936821	0.010512693	-0.16936744	-1.7901373e-06	-7.7065073e-06	-0.1130542	-1.0869292	1.7092265	0.048347929	-1.709224	-0.048342691	0.2362353	-2.256038	2.0497333	1	0.21243333	0.014017553	1.2587583	1.6193198	-0.58502531	-0.18765522	0.077653077	0.13122018	0.25240874	1.9414175	1.8078415	1.5633969	1.8078422	1.5633844	0.018405934	1.5646864	1.1039968	-0.00011876272	-5.8614652e-06	0.10344159	1.1564112	0.10343868	1.1564328	1.7989459e-05	1.4405348e-05	1.1557588	0.72921801	-1.545755	-0.58691202	1.5457506	0.58688688	-0.29639781	2.506806	0.028469541	0.22714958	0.057047235	0.17604194	0.36131661	0.17604126	0.36132602	0.018533125	0.34099767	0.036029792	4.0744929	5.3777993	5.131537	5.0538836	5.1315339	5.0538777	4.3334316	6.1182514	5.2709659	2.7477427	3.3687321	5.1524005	3.3687244	5.1524345	3.7224359	3.2148227	-74.265748	R0:S0:1	-56.774667	uncorrelated	b7fd39a	v1.0.3	2022-07-29@13:51
2x2_2C_8b_C2v_L	5.3396283	0	14.044444	2.4932222	-0.0034353017	-3.3109749	-4.0212374	-0.10111732	-4.0212159	-0.10111826	0.13953619	-3.6394493	9.7066667	-2.2719416e-05	-3.8343382e-06	0.010908136	-0.16490264	0.010906978	-0.16490258	8.7224423e-07	1.1534302e-06	-0.11242515	-1.0954077	1.7232198	0.052766802	-1.7232156	-0.052768955	0.23017704	-2.2717858	2.0664889	1	0.20828889	0.014437774	1.2606622	1.6219687	-0.57890743	-0.18273593	0.075889276	0.13200447	0.23728732	1.9428051	1.8121754	1.5709237	1.8121751	1.5709236	0.017327297	1.5748512	1.1059028	0.00025057014	1.1608547e-05	0.099504949	1.132246	0.099505207	1.1322489	-1.0949228e-05	-6.7779741e-06	1.131816	0.72253216	-1.5326366	-0.59729372	1.5326345	0.59730404	-0.28928218	2.4875553	0.028612896	0.21450768	0.0557685	0.17255347	0.35605399	0.17255373	0.35605258	0.01742334	0.33606781	0.035833901	3.9941074	5.3942111	5.1308426	5.0664918	5.1308466	5.066499	4.3309317	6.0777794	5.2778465	2.7399399	3.3725257	5.1140479	3.3725189	5.1140448	3.7216799	3.2319983	-74.93031	R0:S0:1	-57.707556	uncorrelated	b7fd39a	v1.0.3	2022-07-29@13:52
2x2_2C_8b_C2v_L	5.275933	0	14.044444	2.4932222	0.00013119013	-3.2736958	-3.9839941	-0.10894626	-3.9839891	-0.10894597	0.14957675	-3.6149649	9.6622222	-2.7873593e-05	6.7247141e-06	0.010414077	-0.17079288	0.010411814	-0.17079104	3.881295e-06	8.209164e-06	-0.11329162	-1.0923102	1.7207394	0.047548775	-1.7207379	-0.047549607	0.2378481	-2.2727609	2.0664889	1	0.20828889	0.01407518	1.2590044	1.6193115	-0.5854013	-0.18674134	0.077456283	0.13149567	0.24133118	1.9419624	1.8075605	1.5766243	1.807559	1.5766388	0.018068897	1.5671259	1.1040834	0.00028155088	-1.1252675e-05	0.10373709	1.1502592	0.10374522	1.1502283	-2.6935966e-05	-1.1823167e-05	1.1478795	0.72423564	-1.548847	-0.5790795	1.5488545	0.57908911	-0.29567331	2.5066563	0.028519355	0.21881999	0.056565628	0.17639129	0.35534568	0.17639265	0.35533701	0.018199285	0.33979501	0.036120681	4.0122005	5.3959554	5.1414488	5.0299702	5.1414549	5.0299708	4.342096	6.1070259	5.2669885	2.7386106	3.3789788	5.118845	3.3789925	5.1188005	3.7151499	3.2154953	-74.515008	R0:S0:1	-57.352	uncorrelated	b7fd39a	v1.0.3	2022-07-29@14:06
2x2_2C_8b_C2v_L	6.037952	0	14.088889	2.6864444	0.0018194223	-3.2260004	-3.8915185	-0.10951823	-3.8915175	-0.10951703	0.14969537	-3.5030335	9.6888889	1.2447306e-05	4.6246902e-07	0.0096421976	-0.17267066	0.0096422881	-0.17267024	8.5203166e-07	2.0558512e-07	-0.11324388	-1.0805879	1.6966715	0.043124229	-1.6966709	-0.043121981	0.24034871	-2.2397475	2.0329778	1	0.21657778	0.013420109	1.2579139	1.6180563	-0.58726035	-0.18974737	0.078353044	0.13069985	0.25576187	1.9411596	1.8065613	1.5657232	1.8065618	1.5657195	0.018972952	1.5615355	1.103345	-0.00012227771	-2.5783767e-07	0.10375378	1.1621375	0.10375363	1.1621495	-5.4049554e-06	-7.8115571e-07	1.1571303	0.73046265	-1.5486931	-0.56228869	1.5486895	0.56227846	-0.30111418	2.5091209	0.028375447	0.23055554	0.057293081	0.17711823	0.36244001	0.17711778	0.36244238	0.019121089	0.34249149	0.035983423	4.0915032	5.3713758	5.1349581	5.0337336	5.1349571	5.033731	4.3310354	6.1312454	5.2688738	2.7547155	3.3738754	5.1556628	3.3738693	5.1556759	3.7273849	3.2145139	-73.843162	R0:S0:1	-56.019556	uncorrelated	b7fd39a	v1.0.3	2022-07-29@14:24
2x2_2C_8b_C2v_L	5.1918896	0	14.044444	2.4932222	0.0017411665	-3.2350894	-3.951966	-0.11385564	-3.9519705	-0.11385738	0.15492106	-3.5842628	9.6177778	-3.4477704e-05	-2.6309593e-07	0.010323205	-0.1755457	0.010323514	-0.17554561	-2.9173085e-06	-3.6997137e-06	-0.11473945	-1.0888778	1.7189392	0.044940703	-1.7189397	-0.044943723	0.24371432	-2.2718566	2.0664889	1	0.20828889	0.013867794	1.2567661	1.6160058	-0.59376672	-0.19234128	0.079631407	0.1308164	0.26677042	1.9396973	1.8019153	1.548373	1.8019146	1.548379	0.019634918	1.5538046	1.1014433	0.00034474288	-3.6186583e-06	0.10888719	1.195543	0.10888653	1.195516	2.1495564e-05	8.4175967e-06	1.1884627	0.7358452	-1.567672	-0.58776699	1.5676793	0.58778289	-0.3039491	2.5374195	0.028392353	0.23837597	0.058634379	0.18077781	0.37126193	0.18077853	0.37125938	0.01980574	0.34604164	0.036566656	4.1467402	5.372897	5.134056	5.0384358	5.1340568	5.0384425	4.3506503	6.1586846	5.2642035	2.7429946	3.3605573	5.2079358	3.3605722	5.2079106	3.7090426	3.1830149	-74.096553	R0:S0:1	-56.996444	uncorrelated	b7fd39a	v1.0.3	2022-07-29@14:42
2x2_2C_8b_C2v_L	5.6116977	0	14.066667	2.5898333	0.0010549878	-3.2346093	-3.9226518	-0.11132726	-3.9226446	-0.11132427	0.15178666	-3.5425443	9.6533333	-2.2619166e-05	9.0034296e-07	0.010172171	-0.17372404	0.010171618	-0.17372254	4.8763033e-06	6.6904751e-06	-0.11406135	-1.0853849	1.7080916	0.044907526	-1.7080902	-0.044903228	0.24155073	-2.2556675	2.0497333	1	0.21243333	0.013726137	1.2572421	1.6169732	-0.59077351	-0.19135733	0.079101717	0.13074105	0.26557284	1.9401841	1.8040655	1.5513139	1.8040654	1.551315	0.019427752	1.5565308	1.1022695	0.00022814457	1.992109e-06	0.10662518	1.1835044	0.10662885	1.1835113	-3.262709e-05	-1.2491273e-05	1.1779457	0.73504301	-1.5585628	-0.5816771	1.5585612	0.58166089	-0.30270191	2.5256306	0.028380325	0.23758201	0.058181191	0.17904146	0.36923679	0.17904159	0.36923706	0.019586172	0.34481286	0.036304794	4.1422161	5.3673493	5.1310296	5.0454018	5.1310319	5.0453935	4.3402147	6.1496074	5.2679194	2.7499856	3.3623867	5.1966519	3.3623827	5.1966525	3.718308	3.1959775	-73.979227	R0:S0:1	-56.508	uncorrelated	b7fd39a	v1.0.3	2022-07-29@14:48
2x2_2C_8b_C2v_L	6.3900984	0	14.111111	2.7830556	0.0022979597	-3.1862512	-3.8327163	-0.11049077	-3.8327224	-0.11049149	0.15062004	-3.4358985	9.6911111	-1.6792755e-05	1.9009045e-06	0.0092873046	-0.17428421	0.0092876384	-0.17428404	1.7803816e-06	6.1887563e-06	-0.11359095	-1.0729674	1.6833698	0.040652239	-1.6833706	-0.040654057	0.24257133	-2.222192	2.0162222	1	0.22072222	0.013012861	1.2565887	1.6163568	-0.59091647	-0.19326653	0.079566736	0.13010083	0.27678923	1.9397074	1.8041863	1.544538	1.8041858	1.5445479	0.02013224	1.5533421	1.1021266	0.00016598486	-1.7807389e-06	0.10548026	1.1867207	0.1054833	1.1867028	-1.4091687e-05	-9.5527335e-06	1.1785648	0.73956263	-1.5543058	-0.5609536	1.5543095	0.56096474	-0.30662239	2.5220411	0.028264703	0.24657659	0.058609231	0.17888583	0.37371494	0.17888635	0.37370909	0.020304671	0.34631656	0.036067095	4.2012585	5.3460243	5.1255879	5.0490837	5.1255903	5.0490849	4.326962	6.1645674	5.2733953	2.7655091	3.3597172	5.2200239	3.3597255	5.2199957	3.7322206	3.2016378	-73.36139	R0:S0:1	-55.264444	uncorrelated	b7fd39a	v1.0.3	2022-07-29@15:05
2x2_2C_8b_C2v_L	5.1531238	0	14.044444	2.4932222	0.0030756019	-3.2170375	-3.9349926	-0.11654381	-3.9350092	-0.11654681	0.15748105	-3.567246	9.5955556	1.5001782e-05	-2.2993415e-08	0.0099590193	-0.17825091	0.0099594472	-0.17825176	4.5614396e-06	7.9580199e-06	-0.11537432	-1.0872275	1.7177679	0.042271731	-1.7177723	-0.042274918	0.24677173	-2.2706547	2.0664889	1	0.20828889	0.013532144	1.255741	1.6143803	-0.59768917	-0.19480584	0.080611042	0.13047673	0.27677036	1.938762	1.7993061	1.539467	1.7993054	1.539479	0.020364354	1.5481428	1.1002486	-0.00014788842	5.864646e-06	0.11090523	1.2136065	0.11090838	1.2135915	-3.5397362e-05	-1.7121523e-05	1.2034238	0.74031684	-1.576445	-0.58235231	1.5764491	0.58237076	-0.30785771	2.5503135	0.028329093	0.24624701	0.05949223	0.18283258	0.37696767	0.18283325	0.37695942	0.020562288	0.34860051	0.036751261	4.1968515	5.3648072	5.1338032	5.0329168	5.1338061	5.0329195	4.354835	6.1806881	5.2625979	2.7449478	3.3557403	5.2399878	3.3557453	5.2399584	3.7065572	3.1694829	-73.881304	R0:S0:1	-56.818667	uncorrelated	b7fd39a	v1.0.3	2022-07-29@15:16
2x2_2C_8b_C2v_L	5.4976187	0	14.066667	2.5898333	0.0051358019	-3.1780019	-3.8720971	-0.11992505	-3.8720916	-0.11992578	0.16044621	-3.4962283	9.5866667	4.0649629e-06	5.7300127e-07	0.008905925	-0.18194974	0.0089062452	-0.18194974	-6.5535201e-06	-8.734641e-06	-0.11591406	-1.0801354	1.704688	0.036362569	-1.7046875	-0.036366304	0.2512046	-2.2535505	2.0497333	1	0.21243333	0.012511044	1.2542212	1.6121648	-0.60228686	-0.19856987	0.081968801	0.12976282	0.29314799	1.9375347	1.7963904	1.5304283	1.7963892	1.5304272	0.021589785	1.5404395	1.0988432	-3.7272257e-05	-7.1600314e-06	0.11240496	1.2322806	0.11240143	1.2322567	4.5595689e-05	1.8499131e-05	1.2183772	0.74709338	-1.5843268	-0.55969366	1.5843356	0.55971246	-0.31446785	2.5624523	0.028197744	0.25973172	0.06061822	0.18512618	0.3834725	0.1851272	0.3834744	0.021839022	0.35200682	0.03682999	4.2749387	5.3471501	5.1337488	5.0221284	5.1337497	5.0221412	4.3535373	6.2117048	5.2625427	2.754961	3.3520879	5.2794851	3.3521012	5.2794711	3.7107261	3.1577623	-73.343062	R0:S0:1	-55.974667	uncorrelated	b7fd39a	v1.0.3	2022-07-29@15:21
2x2_2C_8b_C2v_L	5.9539703	0	14.088889	2.6864444	0.0035934855	-3.1849092	-3.8557384	-0.11451378	-3.8557391	-0.11451361	0.15513812	-3.4715305	9.6444444	-9.6793678e-06	-1.4088562e-07	0.0092049973	-0.17749132	0.0092046522	-0.17749155	2.1384571e-07	4.8168892e-07	-0.11457538	-1.076741	1.6941102	0.039233108	-1.6941101	-0.039232159	0.24634254	-2.2385371	2.0329778	1	0.21657778	0.01292778	1.2556737	1.6146933	-0.59557585	-0.19528486	0.080509292	0.13003011	0.28147884	1.9389033	1.8009588	1.54009	1.8009592	1.5400895	0.020654537	1.5484713	1.100822	9.3925359e-05	1.8948184e-08	0.10850744	1.2049224	0.10850799	1.2049281	-7.7185348e-07	-4.0910278e-07	1.1942668	0.74183686	-1.5670407	-0.56209779	1.5670385	0.56209174	-0.3097064	2.5387726	0.028249608	0.25037052	0.059355899	0.18148919	0.37708509	0.18148885	0.37708529	0.020854705	0.34848855	0.036398463	4.2216901	5.3493907	5.1298684	5.0364162	5.1298677	5.0364127	4.3394534	6.1818825	5.2683359	2.7593447	3.3575221	5.2401225	3.3575199	5.2401275	3.7219115	3.1837189	-73.401045	R0:S0:1	-55.664	uncorrelated	b7fd39a	v1.0.3	2022-07-29@15:28
2x2_2C_8b_C2v_L	6.7533269	0	14.133333	2.8796667	0.0062342426	-3.1596783	-3.7805885	-0.11317031	-3.7805854	-0.11316824	0.15256591	-3.3715384	9.6933333	-4.3147638e-06	-7.0063495e-08	0.0081640135	-0.17839206	0.0081640336	-0.17839245	2.3753358e-06	1.3498739e-07	-0.11409024	-1.0667699	1.6704093	0.034608436	-1.670409	-0.034602308	0.2474015	-2.2040226	1.9994667	1	0.22486667	0.012169401	1.2555962	1.6147625	-0.59367847	-0.19562473	0.080383434	0.12950981	0.28307692	1.9393331	1.8029427	1.5420946	1.8029445	1.5420832	0.020987662	1.5496044	1.1013687	3.8795374e-05	9.9364376e-07	0.10556278	1.1967623	0.10556192	1.196804	-1.2946135e-05	-8.4774089e-07	1.1811068	0.74192098	-1.5569042	-0.53340446	1.5568922	0.53336939	-0.31291219	2.5245493	0.02815684	0.25198353	0.058959883	0.17990477	0.37797293	0.17990316	0.37797918	0.021194304	0.34802213	0.036018377	4.2324316	5.3362402	5.1269714	5.0306063	5.1269675	5.030592	4.3237284	6.1796128	5.2747091	2.7742287	3.3630411	5.2348416	3.363021	5.234887	3.7383455	3.2010298	-72.942063	R0:S0:1	-54.509333	uncorrelated	b7fd39a	v1.0.3	2022-07-29@15:29
2x2_2C_8b_C2v_L	5.4527037	0	14.066667	2.5898333	0.0069341254	-3.1511567	-3.848422	-0.12571026	-3.8484257	-0.12570235	0.1660575	-3.4752693	9.5533333	-2.454096e-05	1.1478516e-05	0.0079427894	-0.18594465	0.0079380013	-0.1859616	5.3153622e-06	6.8170739e-06	-0.11657678	-1.0777828	1.7035795	0.031158643	-1.7035709	-0.031154077	0.25578	-2.2534149	2.0497333	1	0.21243333	0.011490331	1.2530286	1.6102301	-0.60685411	-0.20132459	0.083067999	0.12936247	0.29418425	1.9369961	1.7928366	1.5420629	1.7928594	1.5419742	0.022010937	1.5352832	1.0975366	0.00021913599	-1.4089175e-05	0.11430196	1.2354237	0.11428866	1.2358126	-2.9622615e-05	-4.8490602e-06	1.224869	0.74734819	-1.5969511	-0.53524035	1.5968124	0.53509537	-0.31756251	2.5747012	0.028123914	0.26298211	0.061140955	0.18808599	0.37968181	0.18806623	0.37970304	0.022314647	0.35419447	0.037012477	4.268892	5.3523394	5.1475719	4.9898593	5.1475145	4.9897917	4.3610607	6.2304154	5.2504744	2.7542434	3.3624363	5.26995	3.3622379	5.2703496	3.7070468	3.1454259	-73.045554	R0:S0:1	-55.708	uncorrelated	b7fd39a	v1.0.3	2022-07-29@15:47
2x2_2C_8b_C2v_L	5.812886	0	14.088889	2.6864444	0.0075167932	-3.1145515	-3.7921056	-0.12767863	-3.7921006	-0.12767809	0.16741396	-3.4107698	9.5555556	-5.4683087e-06	-4.6870982e-06	0.0070037282	-0.18791713	0.007030747	-0.1879164	-1.0053854e-07	-4.6734221e-06	-0.11675289	-1.0706347	1.6908526	0.026726032	-1.6908381	-0.026707077	0.258176	-2.2366535	2.0329778	1	0.21657778	0.010304207	1.2519071	1.6087449	-0.60973614	-0.2041731	0.084048019	0.12881907	0.30884534	1.935983	1.7908324	1.5363577	1.7908476	1.5362866	0.022993595	1.5293336	1.0966548	4.7134076e-05	1.5631571e-05	0.11473296	1.2454408	0.11469148	1.2456651	7.3029114e-06	1.2083073e-05	1.2336991	0.75308194	-1.6014856	-0.51604443	1.6013995	0.5159193	-0.32206798	2.5824462	0.028023571	0.2756087	0.062071313	0.18964763	0.38344074	0.18963447	0.38346999	0.02335087	0.35670968	0.037019426	4.3318915	5.33707	5.1477755	4.9857037	5.1477306	4.9856731	4.3574919	6.2544412	5.2512422	2.7638531	3.3595667	5.2988871	3.359449	5.2991648	3.7126709	3.13784	-72.590241	R0:S0:1	-54.952889	uncorrelated	b7fd39a	v1.0.3	2022-07-29@15:53
2x2_2C_8b_C2v_L	7.1135358	0	14.155556	2.9762778	0.0084464501	-3.1209798	-3.7217678	-0.11573555	-3.7217691	-0.11573632	0.15472507	-3.3072179	9.6955556	7.0713586e-06	1.9504883e-06	0.0071992084	-0.18128664	0.007200562	-0.18128636	-5.6005516e-06	-8.9172313e-06	-0.11436862	-1.0590599	1.6566016	0.029523678	-1.6566012	-0.029529213	0.25119228	-2.1865936	1.9827111	1	0.22901111	0.011231881	1.2545051	1.6131855	-0.59658544	-0.19834165	0.081311031	0.12894696	0.29278227	1.93864	1.8011645	1.5393156	1.8011635	1.5393162	0.021890641	1.5446182	1.1005484	-6.0402671e-05	-9.5396589e-06	0.10610688	1.2056404	0.10610233	1.2056123	3.9368695e-05	1.8300129e-05	1.1869062	0.7456631	-1.5608733	-0.51116895	1.560882	0.51119682	-0.31833917	2.5300189	0.028053356	0.26033249	0.059601661	0.18133674	0.38117362	0.18133761	0.38117382	0.022140354	0.35025417	0.035999799	4.2767409	5.3244722	5.1283896	5.0188013	5.1283895	5.0188187	4.3208751	6.1995352	5.2757748	2.7828559	3.3638877	5.2534334	3.3639026	5.2534152	3.7438396	3.1972758	-72.471598	R0:S0:1	-53.754222	uncorrelated	b7fd39a	v1.0.3	2022-07-29@15:54
2x2_2C_8b_C2v_L	6.3046774	0	14.111111	2.7830556	0.0061651913	-3.1458195	-3.7945769	-0.11941196	-3.7945753	-0.11941142	0.15933194	-3.3994881	9.6355556	-2.6393958e-06	-3.6811565e-07	0.0080120715	-0.1816546	0.0080131295	-0.18165386	-1.0727802e-06	1.8466885e-07	-0.11499266	-1.0697101	1.6814691	0.032670748	-1.6814688	-0.032672165	0.25108759	-2.2211887	2.0162222	1	0.22072222	0.011773211	1.2543244	1.6127235	-0.59950042	-0.19859722	0.081676688	0.12937717	0.2880394	1.9382894	1.7982531	1.5467449	1.7982522	1.5467479	0.021387671	1.5425125	1.0997033	2.4905705e-05	3.3420493e-07	0.10959522	1.210204	0.10959426	1.2101854	6.7344684e-06	7.2830778e-07	1.199679	0.74419967	-1.574736	-0.53097756	1.5747422	0.530988	-0.31473929	2.5468355	0.028130238	0.25752265	0.059938011	0.18373801	0.37599091	0.18373886	0.37599041	0.021639761	0.35112595	0.036422597	4.2466033	5.3429722	5.1381676	5.0091266	5.1381696	5.0091314	4.3387582	6.2053021	5.2620904	2.7668418	3.3652146	5.2422135	3.3652241	5.2421961	3.7262846	3.1776195	-72.873503	R0:S0:1	-54.82	uncorrelated	b7fd39a	v1.0.3	2022-07-29@16:00
2x2_2C_8b_C2v_L	5.7221248	0	14.066667	2.5898333	-0.0023413749	-3.2824467	-3.9718147	-0.10148789	-3.9718161	-0.10148806	0.13993105	-3.5836194	9.72	-5.8481992e-06	-6.3041469e-07	0.0105391	-0.16594445	0.010539638	-0.16594487	5.7175555e-07	4.1654212e-07	-0.1123376	-1.0887574	1.7105419	0.050452204	-1.7105423	-0.050452107	0.23157933	-2.2552705	2.0497333	1	0.21243333	0.014162953	1.2601674	1.6213747	-0.57975932	-0.1841034	0.076291475	0.13161607	0.24296154	1.9424838	1.8116816	1.5667472	1.811682	1.5667457	0.017725786	1.5724433	1.1055621	6.2808176e-05	2.3387812e-06	0.099538295	1.137561	0.099537412	1.1375685	-4.5269809e-06	-1.6305675e-06	1.1352241	0.72496479	-1.5326334	-0.58795923	1.532631	0.58795763	-0.2919296	2.4882421	0.028543119	0.2191236	0.056060128	0.17292638	0.35904997	0.17292606	0.35905037	0.01782757	0.33726879	0.035761521	4.0265834	5.3834041	5.128406	5.0658791	5.1284055	5.0658788	4.325803	6.0883918	5.2782025	2.7473948	3.3710702	5.1287492	3.3710658	5.1287556	3.7274895	3.2321557	-74.571367	R0:S0:1	-57.041333	uncorrelated	b7fd39a	v1.0.3	2022-07-29@16:11
2x2_2C_8b_C2v_L	6.6426542	0	14.133333	2.8796667	0.0070508291	-3.092342	-3.7285597	-0.12303414	-3.728559	-0.12303554	0.16239613	-3.3256049	9.6266667	1.4742367e-05	-1.7934088e-06	0.0069315029	-0.18479308	0.0069322691	-0.18479152	-2.7936297e-06	-1.9227052e-06	-0.1154011	-1.0606949	1.668095	0.027025084	-1.6680954	-0.027028026	0.25487327	-2.2037698	1.9994667	1	0.22486667	0.010390783	1.2526114	1.6103595	-0.60450672	-0.20290718	0.083218402	0.12867438	0.30900386	1.9366802	1.7947327	1.5371089	1.7947304	1.5371156	0.02276549	1.5330938	1.0982076	-0.00013625258	3.3913256e-06	0.11129124	1.2287813	0.11129063	1.2287432	1.4861824e-05	2.3805436e-06	1.2165979	0.75256225	-1.5842478	-0.50972065	1.5842614	0.50974663	-0.32110376	2.562177	0.027999591	0.27520558	0.061416247	0.1865014	0.38201826	0.18650338	0.38201625	0.023088142	0.35518618	0.03653118	4.3381563	5.3233793	5.1385807	5.0032251	5.1385858	5.003239	4.3374155	6.2426593	5.2626954	2.7772628	3.3597059	5.2875771	3.3597242	5.2875413	3.7306089	3.1625074	-72.289594	R0:S0:1	-53.976	uncorrelated	b7fd39a	v1.0.3	2022-07-29@16:33
2x2_2C_8b_C2v_L	7.4616252	0	14.177778	3.0728889	0.0066067436	-3.0810139	-3.6639811	-0.11762136	-3.6639893	-0.117624	0.15644179	-3.2395279	9.6977778	1.1736636e-05	2.3812409e-07	0.0067914624	-0.18188686	0.0067909481	-0.18188848	-2.1202439e-06	1.8397342e-06	-0.11428533	-1.0521431	1.6448027	0.027075747	-1.6448049	-0.027081659	0.25192492	-2.1702191	1.9659556	1	0.23315556	0.010357159	1.2530369	1.6114738	-0.60032745	-0.20229204	0.082667726	0.12840852	0.32131284	1.9367793	1.7983727	1.5214419	1.798372	1.5214487	0.023228309	1.5347498	1.0993476	-0.00011049672	1.0554317e-06	0.10817449	1.2267776	0.10817532	1.2267639	8.3311948e-06	-3.383768e-06	1.2087294	0.75689909	-1.5674352	-0.50669915	1.5674393	0.50672726	-0.32274169	2.5460052	0.02795164	0.28266387	0.061291281	0.18343013	0.38863417	0.1834307	0.3886284	0.023527175	0.35455625	0.036103397	4.4052026	5.2971269	5.1209061	5.0355044	5.1209078	5.0355137	4.3164217	6.2398076	5.2832837	2.7944798	3.3485382	5.3180033	3.3485438	5.3179828	3.7490257	3.1815528	-72.002109	R0:S0:1	-52.999111	uncorrelated	b7fd39a	v1.0.3	2022-07-29@16:36
2x2_2C_8b_C2v_L	5.7512186	0	14.088889	2.6864444	0.010033881	-3.0701	-3.7556674	-0.13292599	-3.7556468	-0.13293258	0.17123921	-3.3740766	9.5111111	8.4114556e-05	3.2912989e-06	0.0046803535	-0.19306996	0.0046960149	-0.1930725	-3.1967266e-05	1.0192122e-05	-0.11748807	-1.065922	1.6875625	0.016156146	-1.6875556	-0.016224715	0.26394187	-2.2329819	2.0329778	1	0.21657778	0.0072384507	1.2502574	1.6059879	-0.61599304	-0.20790633	0.085568967	0.12817014	0.3133181	1.9350935	1.7857542	1.5482946	1.7857383	1.5483688	0.024116172	1.5220544	1.0948048	-0.00074695018	4.7883542e-06	0.11321296	1.2507512	0.11319027	1.2504629	0.0001578663	-5.9565725e-06	1.2359497	0.75437947	-1.6190021	-0.46135027	1.6190924	0.46170413	-0.32777668	2.5979854	0.027903448	0.2838557	0.06293743	0.1938187	0.38110511	0.19383234	0.38105604	0.024603913	0.35962091	0.037237098	4.3256122	5.3424893	5.1676676	4.9419355	5.1677181	4.9420814	4.3659154	6.2800788	5.2397402	2.7656906	3.3727566	5.3029795	3.3728848	5.3026483	3.7104327	3.1206702	-72.120625	R0:S0:1	-54.597333	uncorrelated	b7fd39a	v1.0.3	2022-07-29@16:43
2x2_2C_8b_C2v_L	7.8257736	0	14.2	3.1695	0.0073960906	-3.0393379	-3.6080221	-0.12137835	-3.6080208	-0.12137757	0.15994621	-3.1752596	9.7	-1.0004022e-05	1.8758527e-06	0.0057853738	-0.18420913	0.005784164	-0.18420925	1.9925604e-06	3.0345126e-06	-0.11430195	-1.0444422	1.6324194	0.022192715	-1.6324202	-0.022191533	0.25485392	-2.1538316	1.9492	1	0.2373	0.0090225323	1.2520265	1.6102143	-0.60262504	-0.2048883	0.083515647	0.12793929	0.32602123	1.9363448	1.7963311	1.5334897	1.7963305	1.5334947	0.023676097	1.5301557	1.0987253	9.2996324e-05	-3.9976738e-06	0.10849464	1.2220725	0.10849864	1.2220642	-1.1892851e-05	-4.5242923e-06	1.2081233	0.75804355	-1.5726146	-0.48057814	1.5726179	0.480574	-0.32558781	2.5505535	0.027865475	0.28947475	0.06171353	0.18516307	0.38364859	0.1851636	0.38364724	0.024029866	0.35648743	0.036069192	4.4114429	5.2942551	5.1305437	5.0141376	5.1305462	5.0141317	4.3141261	6.2573819	5.2761495	2.8010914	3.3578621	5.3050623	3.3578677	5.3050469	3.7543975	3.1790826	-71.546816	R0:S0:1	-52.244	uncorrelated	b7fd39a	v1.0.3	2022-07-29@17:10
2x2_2C_8b_C2v_L	6.9918349	0	14.155556	2.9762778	0.010490275	-3.0464811	-3.6626153	-0.12699879	-3.6626164	-0.12699886	0.16515655	-3.2503323	9.6177778	7.6174174e-06	-6.8101522e-08	0.0049659687	-0.18926626	0.0049644501	-0.18926631	-1.0514163e-06	-7.1847556e-06	-0.11576362	-1.0523177	1.6534826	0.017940374	-1.6534831	-0.017936794	0.26043844	-2.1845324	1.9827111	1	0.22901111	0.0079799968	1.251217	1.6082175	-0.60849811	-0.20620872	0.084393599	0.12795328	0.31318046	1.9362097	1.7918329	1.5469634	1.7918345	1.5469492	0.023786409	1.5276328	1.0971235	-6.6796735e-05	-2.3040525e-06	0.10977205	1.2292592	0.10977008	1.2292944	1.058668e-05	1.1670487e-05	1.2132864	0.75367339	-1.5923201	-0.46234287	1.5923104	0.4623198	-0.32755629	2.5677274	0.027867221	0.2817559	0.061882436	0.18892726	0.38021788	0.18892578	0.3802248	0.024206907	0.35743972	0.036510531	4.3415619	5.3204777	5.1510021	4.9695246	5.1509954	4.9695211	4.3364047	6.2626932	5.2579133	2.7856489	3.3718777	5.2853513	3.37186	5.2854011	3.7367516	3.1586704	-71.712507	R0:S0:1	-53.132	uncorrelated	b7fd39a	v1.0.3	2022-07-29@17:13
2x2_2C_8b_C2v_L	6.1042615	0	14.088889	2.6864444	-0.0012094609	-3.2609532	-3.9274429	-0.10198219	-3.927444	-0.10198275	0.14029045	-3.5275235	9.7333333	1.5475183e-05	3.0461239e-08	0.010192647	-0.16708572	0.010192262	-0.16708511	-7.8389424e-07	1.9911069e-07	-0.11228712	-1.0832401	1.6988817	0.048166463	-1.6988817	-0.048166898	0.23302291	-2.2386733	2.0329778	1	0.21657778	0.013872471	1.2596582	1.6207766	-0.58060288	-0.18550804	0.076705876	0.13121674	0.24906815	1.9421737	1.8112992	1.5622844	1.8112987	1.5622879	0.018132984	1.5699495	1.1052088	-0.00016167139	-9.8646898e-07	0.09947273	1.1431198	0.099473951	1.1431066	5.235985e-06	5.2269787e-07	1.138774	0.72758575	-1.5323338	-0.5786445	1.5323378	0.57864927	-0.29466763	2.4888271	0.028471094	0.22405385	0.056340941	0.17320451	0.36213488	0.173205	0.36213332	0.018240833	0.33850376	0.035687774	4.0612077	5.3721096	5.1254319	5.0657664	5.1254326	5.0657674	4.3202808	6.0993631	5.2790078	2.7552426	3.3694611	5.144528	3.3694684	5.1445155	3.7336408	3.232462	-74.24858	R0:S0:1	-56.375111	uncorrelated	b7fd39a	v1.0.3	2022-07-29@17:46
2x2_2C_8b_C2v_L	6.4840929	0	14.111111	2.7830556	8.6361928e-05	-3.2355146	-3.877103	-0.10209766	-3.8771043	-0.10209923	0.14087533	-3.4728571	9.7466667	-2.9505494e-07	3.3938559e-05	0.0097157603	-0.16811342	0.0097139209	-0.16811243	-1.117242e-06	-6.512298e-07	-0.11224343	-1.0771052	1.6859383	0.04547053	-1.6859392	-0.045474216	0.23473703	-2.2224387	2.0162222	1	0.22072222	0.013545949	1.2590909	1.6200766	-0.58164973	-0.1870544	0.077173048	0.13080937	0.25629183	1.9417739	1.8107263	1.5556637	1.8107239	1.5556877	0.01866297	1.5671942	1.1048209	3.0752547e-06	-7.9895823e-05	0.099460852	1.1504437	0.099473768	1.1503764	1.6443431e-05	1.9036091e-05	1.1430399	0.7306809	-1.5323978	-0.56820265	1.5324167	0.56822296	-0.29800339	2.4900223	0.028397248	0.22969631	0.056703084	0.17362621	0.36655839	0.17362847	0.36654619	0.018778731	0.33984997	0.03561964	4.1013893	5.3596825	5.1220362	5.0669032	5.1220408	5.0669079	4.315118	6.1112182	5.2811987	2.7632846	3.3665761	5.1654824	3.3666141	5.1654011	3.7395614	3.2321691	-73.893675	R0:S0:1	-55.708889	uncorrelated	b7fd39a	v1.0.3	2022-07-29@18:20
2x2_2C_8b_C2v_L	6.8740025	0	14.133333	2.8796667	0.0011882243	-3.2091423	-3.8284735	-0.10425138	-3.8284681	-0.10425	0.14341756	-3.4180241	9.76	-2.1534342e-07	3.1944928e-06	0.0092054892	-0.16923371	0.0092056049	-0.1692328	2.460566e-06	-1.3622176e-06	-0.11187786	-1.0711295	1.6738427	0.042382035	-1.6738417	-0.042381448	0.23634467	-2.2066222	1.9994667	1	0.22486667	0.013077323	1.2587968	1.6197672	-0.5817061	-0.18787373	0.077355883	0.13050054	0.25318938	1.9419862	1.810518	1.5697404	1.8105174	1.5697418	0.018616196	1.5667048	1.1048054	2.1656758e-06	-7.5241953e-06	0.099383314	1.1397905	0.099384064	1.1397826	-1.2507174e-05	2.2553161e-06	1.1361331	0.72909947	-1.5318285	-0.54831554	1.5318315	0.54831515	-0.29880739	2.4865906	0.028342486	0.22853491	0.056520939	0.17389556	0.35998135	0.17389606	0.35998153	0.018743117	0.34009436	0.035487292	4.0829728	5.3602394	5.1291131	5.0456563	5.1291144	5.0456568	4.3111092	6.114257	5.2761304	2.7682186	3.3771988	5.1360438	3.3772027	5.1360351	3.7451704	3.2381583	-73.552633	R0:S0:1	-55.042667	uncorrelated	b7fd39a	v1.0.3	2022-07-29@18:55
2x2_2C_8b_C2v_L	7.2436677	0	14.155556	2.9762778	0.0032505501	-3.1825174	-3.7771886	-0.10363557	-3.777192	-0.10363754	0.14243896	-3.3588147	9.7733333	-4.3081736e-07	-5.2977199e-07	0.0086064256	-0.17091449	0.008606677	-0.17091514	-1.0784354e-06	-1.3827891e-07	-0.11215473	-1.0644743	1.6601136	0.039172482	-1.6601141	-0.039175403	0.23854409	-2.1883893	1.9827111	1	0.22901111	0.012726939	1.2579638	1.6186129	-0.58370488	-0.19005489	0.078072056	0.12999967	0.26769303	1.9411706	1.8096425	1.5497748	1.8096424	1.5497791	0.019607357	1.5621003	1.1041387	4.2181466e-06	8.0185077e-07	0.09945047	1.1597068	0.099450218	1.1596973	5.8850216e-06	2.8065544e-07	1.1471265	0.73530264	-1.5324942	-0.54007325	1.5324959	0.54008648	-0.30435895	2.4908695	0.028250404	0.2390431	0.05725506	0.17447749	0.37200984	0.17447764	0.37200638	0.019746278	0.34231088	0.035457837	4.1625011	5.339192	5.1194014	5.0580152	5.1194017	5.0580195	4.3048456	6.1332486	5.2843441	2.7787656	3.36643	5.1899576	3.3664341	5.1899456	3.7519837	3.2341672	-73.176715	R0:S0:1	-54.376444	uncorrelated	b7fd39a	v1.0.3	2022-07-29@19:22
2x2_2C_8b_C2v_L	7.6177282	0	14.177778	3.0728889	0.0041478426	-3.1506345	-3.7278248	-0.10422579	-3.7278226	-0.10422476	0.14299768	-3.3019394	9.7866667	-4.4560535e-06	3.2085965e-07	0.0082023488	-0.1720334	0.00820199	-0.17203278	-1.795884e-06	-8.1807708e-06	-0.11213961	-1.0574194	1.6473972	0.036796173	-1.6473968	-0.036794068	0.2402123	-2.1715933	1.9659556	1	0.23315556	0.012353098	1.2572377	1.6177276	-0.58517743	-0.19202286	0.078687943	0.12957935	0.27855244	1.9405256	1.8088226	1.5405165	1.8088227	1.54051	0.02028818	1.558124	1.1036463	4.2967376e-05	-5.8589006e-06	0.099789099	1.1696747	0.099787032	1.169677	1.8377448e-05	1.4949466e-05	1.1544566	0.73971282	-1.5332097	-0.53188147	1.5332104	0.53187129	-0.30808354	2.4942611	0.028173138	0.24733647	0.057839858	0.17507785	0.37723041	0.17507774	0.37723576	0.020441155	0.34419665	0.035413433	4.2186485	5.3239989	5.1146001	5.0629849	5.1145978	5.0629843	4.2995191	6.1498132	5.2886922	2.7873259	3.3612253	5.2194562	3.3612269	5.2194701	3.7580539	3.2318898	-72.810946	R0:S0:1	-53.710222	uncorrelated	b7fd39a	v1.0.3	2022-07-29@19:47
2x2_2C_8b_C2v_L	8.0079315	0	14.2	3.1695	0.0046921629	-3.1226526	-3.6796678	-0.10716397	-3.6796686	-0.10716363	0.14623605	-3.2464423	9.8	3.6448233e-06	3.2795272e-07	0.0077162831	-0.17301613	0.0077143509	-0.17301699	5.6563092e-08	-7.5591712e-06	-0.11172392	-1.0513686	1.6356768	0.033966057	-1.6356767	-0.033961525	0.24162184	-2.1559681	1.9492	1	0.2373	0.011794893	1.2569447	1.61751	-0.5850654	-0.19288074	0.078863918	0.12930557	0.27223571	1.9408891	1.8084154	1.5625041	1.8084175	1.5624924	0.019988319	1.557685	1.1036923	-3.3648386e-05	-4.2140466e-06	0.099811082	1.1521153	0.099810205	1.1521538	5.0772763e-06	1.1763825e-05	1.1451224	0.73668375	-1.5334655	-0.51180584	1.5334533	0.51177716	-0.30765242	2.4906771	0.02812486	0.24467071	0.057527205	0.17555953	0.36628607	0.17555769	0.36629219	0.020157116	0.34440737	0.03527872	4.1806465	5.3291223	5.1258215	5.0361324	5.1258166	5.0361255	4.296061	6.1522801	5.2790753	2.791052	3.3763972	5.1720949	3.3763788	5.1721389	3.763401	3.2386035	-72.472278	R0:S0:1	-53.044	uncorrelated	b7fd39a	v1.0.3	2022-07-29@20:21
model	E_kin	D	U	e	eb1_1	eb2_1	eb3_1	eb4_1	eb5_1	eb6_1	eb7_1	eb8_1	mu	sb1_1	sb2_1	sb3_1	sb4_1	sb5_1	sb6_1	sb7_1	sb8_1	tb1_1	tb2_1	tb3_1	tb4_1	tb5_1	tb6_1	tb7_1	tb8_1	tpd	tpp	tppp	ave_D	ave_e	ave_mu	ave_tpd	ave_tpp	ave_tppp	ave_U_1	ave_eb1_1	ave_eb2_1	ave_eb3_1	ave_eb4_1	ave_eb5_1	ave_eb6_1	ave_eb7_1	ave_eb8_1	ave_mu_1	ave_sb1_1	ave_sb2_1	ave_sb3_1	ave_sb4_1	ave_sb5_1	ave_sb6_1	ave_sb7_1	ave_sb8_1	ave_tb1_1	ave_tb2_1	ave_tb3_1	ave_tb4_1	ave_tb5_1	ave_tb6_1	ave_tb7_1	ave_tb8_1	var_U_1	var_eb1_1	var_eb2_1	var_eb3_1	var_eb4_1	var_eb5_1	var_eb6_1	var_eb7_1	var_eb8_1	var_mu_1	var_sb1_1	var_sb2_1	var_sb3_1	var_sb4_1	var_sb5_1	var_sb6_1	var_sb7_1	var_sb8_1	var_tb1_1	var_tb2_1	var_tb3_1	var_tb4_1	var_tb5_1	var_tb6_1	var_tb7_1	var_tb8_1	E0_1	sector_1	E0_2	sector_2	githash	version	time
2x2_2C_8b_C2v_L	4.5754489	0	14	2.3	-0.006655534	-3.3502828	-4.1133163	-0.10235806	-4.113222	-0.1023468	0.14108001	-3.7537133	9.68	-0.0001012231	7.5002141e-06	0.011771903	-0.16264369	0.011773954	-0.16264057	1.0013529e-05	-2.0059213e-06	-0.11240159	-1.1061747	1.7476608	0.057892245	-1.7476438	-0.057886658	0.22749261	-2.3061557	2.1	1	0.2	0.014944047	1.2616748	1.6232482	-0.57702297	-0.17996495	0.075054427	0.13286514	0.22328417	1.9435328	1.8129628	1.5895992	1.8129636	1.589563	0.01635088	1.5799543	1.1067318	0.0012267946	4.0346355e-06	0.10029878	1.1126728	0.10029109	1.112766	-8.3073034e-05	-1.504432e-05	1.1223499	0.71594806	-1.5332836	-0.61372149	1.5332577	0.61370556	-0.28290523	2.4861338	0.028767242	0.20370457	0.055115051	0.17204346	0.34367566	0.17204236	0.34369619	0.01644145	0.33349266	0.035971659	3.9095669	5.4215332	5.1415007	5.0574868	5.1415093	5.0575177	4.3430231	6.0553592	5.2745865	2.7227311	3.3812171	5.0607481	3.3811484	5.0608312	3.7088256	3.2330264	-75.59905	R0:S0:1	-59.04	uncorrelated	b7fd39a	v1.0.3	2022-08-01@12:02
model	E_kin	D	U	e	eb1_1	eb2_1	eb3_1	eb4_1	eb5_1	eb6_1	eb7_1	eb8_1	mu	sb1_1	sb2_1	sb3_1	sb4_1	sb5_1	sb6_1	sb7_1	sb8_1	tb1_1	tb2_1	tb3_1	tb4_1	tb5_1	tb6_1	tb7_1	tb8_1	tpd	tpp	tppp	ave_D	ave_e	ave_mu	ave_tpd	ave_tpp	ave_tppp	ave_U_1	ave_eb1_1	ave_eb2_1	ave_eb3_1	ave_eb4_1	ave_eb5_1	ave_eb6_1	ave_eb7_1	ave_eb8_1	ave_mu_1	ave_sb1_1	ave_sb2_1	ave_sb3_1	ave_sb4_1	ave_sb5_1	ave_sb6_1	ave_sb7_1	ave_sb8_1	ave_tb1_1	ave_tb2_1	ave_tb3_1	ave_tb4_1	ave_tb5_1	ave_tb6_1	ave_tb7_1	ave_tb8_1	var_U_1	var_eb1_1	var_eb2_1	var_eb3_1	var_eb4_1	var_eb5_1	var_eb6_1	var_eb7_1	var_eb8_1	var_mu_1	var_sb1_1	var_sb2_1	var_sb3_1	var_sb4_1	var_sb5_1	var_sb6_1	var_sb7_1	var_sb8_1	var_tb1_1	var_tb2_1	var_tb3_1	var_tb4_1	var_tb5_1	var_tb6_1	var_tb7_1	var_tb8_1	E0_1	sector_1	E0_2	sector_2	githash	version	time
2x2_2C_8b_C2v_L	4.5754489	0	14	2.3	-0.006655534	-3.3502828	-4.1133163	-0.10235806	-4.113222	-0.1023468	0.14108001	-3.7537133	9.68	-0.0001012231	7.5002141e-06	0.011771903	-0.16264369	0.011773954	-0.16264057	1.0013529e-05	-2.0059213e-06	-0.11240159	-1.1061747	1.7476608	0.057892245	-1.7476438	-0.057886658	0.22749261	-2.3061557	2.1	1	0.2	0.014944047	1.2616748	1.6232482	-0.57702297	-0.17996495	0.075054427	0.13286514	0.22328417	1.9435328	1.8129628	1.5895992	1.8129636	1.589563	0.01635088	1.5799543	1.1067318	0.0012267946	4.0346355e-06	0.10029878	1.1126728	0.10029109	1.112766	-8.3073034e-05	-1.504432e-05	1.1223499	0.71594806	-1.5332836	-0.61372149	1.5332577	0.61370556	-0.28290523	2.4861338	0.028767242	0.20370457	0.055115051	0.17204346	0.34367566	0.17204236	0.34369619	0.01644145	0.33349266	0.035971659	3.9095669	5.4215332	5.1415007	5.0574868	5.1415093	5.0575177	4.3430231	6.0553592	5.2745865	2.7227311	3.3812171	5.0607481	3.3811484	5.0608312	3.7088256	3.2330264	-75.59905	R0:S0:1	-59.04	uncorrelated	b7fd39a	v1.0.3	2022-08-01@12:09
2x2_2C_8b_C2v_L	4.9535971	0	14	2.3966111	-0.0049236383	-3.3319439	-4.068757	-0.10182879	-4.0687243	-0.10183244	0.14054616	-3.698535	9.6933333	-2.5555244e-05	9.7697329e-07	0.01141392	-0.16394722	0.011414634	-0.16394966	-7.9801487e-07	-7.1466595e-06	-0.11248107	-1.1009476	1.7354833	0.05580373	-1.7354785	-0.055804738	0.22913892	-2.2893189	2.0832444	1	0.20414444	0.014792037	1.2610842	1.6226915	-0.57843519	-0.18153048	0.075549757	0.13293386	0.22842581	1.9431776	1.8122648	1.580919	1.8122656	1.5809116	0.016739594	1.577	1.1068576	0.00029214207	-2.6970416e-06	0.10014539	1.1224602	0.10014258	1.1224887	3.5988354e-06	7.8608009e-06	1.1266216	0.71879367	-1.5345241	-0.60788685	1.534515	0.6078852	-0.28588593	2.4893942	0.028781001	0.20754458	0.055439061	0.1725694	0.34961471	0.17256868	0.3496172	0.016831592	0.33506965	0.035983497	3.9396626	5.4134781	5.1396679	5.0614112	5.1396701	5.0614158	4.3367844	6.0691007	5.2771238	2.7270735	3.3757458	5.0826684	3.3757267	5.0826904	3.7153512	3.2281117	-75.289907	R0:S0:1	-58.373778	uncorrelated	b7fd39a	v1.0.3	2022-08-01@13:05
2x2_2C_8b_C2v_L	5.3315419	0	14	2.4932222	-0.0040783186	-3.3102427	-4.0240236	-0.10207227	-4.0240383	-0.10207054	0.14027482	-3.6396504	9.7066667	-1.9629992e-05	5.679797e-07	0.011212543	-0.1648724	0.011214822	-0.1648753	2.589086e-06	2.5887608e-06	-0.11249671	-1.0952369	1.7235434	0.054313537	-1.7235472	-0.05431148	0.23007688	-2.2717186	2.0664889	1	0.20828889	0.014642456	1.2604845	1.6221811	-0.5798131	-0.18315063	0.076051319	0.13302575	0.23358182	1.9428088	1.8114918	1.575519	1.8114944	1.575506	0.016997526	1.5737147	1.1070122	0.00022112634	4.1479228e-06	0.10038224	1.1289586	0.10037772	1.1290126	-2.0102701e-05	-6.5425738e-06	1.1316851	0.72149384	-1.5360591	-0.60361917	1.536043	0.60360028	-0.28775002	2.4932826	0.028798985	0.21163303	0.055776272	0.17317317	0.35309072	0.1731709	0.35309646	0.017092155	0.33680431	0.035998373	3.9684312	5.4061569	5.1391584	5.0641901	5.1391535	5.0641847	4.3303479	6.0843528	5.2779509	2.7310779	3.3714738	5.0978554	3.3714456	5.0979058	3.7218938	3.2229405	-74.968558	R0:S0:1	-57.707556	uncorrelated	b7fd39a	v1.0.3	2022-08-01@13:33
2x2_2C_8b_C2v_L	5.7176993	0	14	2.5898333	-0.0030147571	-3.2815632	-3.9754606	-0.10374905	-3.9754563	-0.10374874	0.14281029	-3.5882202	9.72	5.7215638e-06	-1.0540462e-06	0.010873943	-0.1658578	0.010873661	-0.16585766	2.5143881e-07	-4.9418254e-06	-0.11216938	-1.0887966	1.7111663	0.052149669	-1.7111657	-0.052149104	0.23177232	-2.2566197	2.0497333	1	0.21243333	0.014374044	1.2601108	1.6219672	-0.5803827	-0.1841612	0.07632401	0.13321974	0.23062197	1.9428959	1.8110042	1.5854235	1.8110041	1.5854217	0.01695076	1.5726248	1.1075077	-6.2391656e-05	-6.3230175e-07	0.1006141	1.1220619	0.10061311	1.1220612	2.4011877e-06	7.0684898e-06	1.126755	0.72041567	-1.5368607	-0.5891437	1.5368619	0.58914143	-0.28866721	2.4931535	0.028836018	0.20989517	0.055708753	0.17365959	0.34837791	0.17365972	0.3483798	0.017051005	0.33743834	0.035957509	3.9503252	5.4095509	5.147219	5.0479737	5.1472187	5.0479735	4.3259798	6.0908457	5.2755155	2.7320462	3.3776409	5.074997	3.3776422	5.0749999	3.7273921	3.2232311	-74.639536	R0:S0:1	-57.041333	uncorrelated	b7fd39a	v1.0.3	2022-08-01@14:05
2x2_2C_8b_C2v_L	6.0869805	0	14	2.6864444	-0.0014843068	-3.2520539	-3.9257131	-0.10273535	-3.9257028	-0.10273062	0.14168841	-3.5293219	9.7333333	-2.4832159e-06	7.9755125e-06	0.01053194	-0.16699634	0.010533523	-0.16699617	4.4340168e-06	3.8103086e-06	-0.11241053	-1.0817887	1.697783	0.050269709	-1.6977813	-0.050265577	0.23332389	-2.238592	2.0329778	1	0.21657778	0.014258438	1.2592845	1.6211079	-0.58256022	-0.18635911	0.077047034	0.1332584	0.24096448	1.9421397	1.8097903	1.5684431	1.8097911	1.5684377	0.017576804	1.5678333	1.1074337	2.6267762e-05	-1.4279283e-05	0.10094008	1.1392775	0.10094039	1.1393022	-2.6441076e-05	-3.7564451e-06	1.1376711	0.72566069	-1.5394561	-0.5882307	1.5394491	0.58820842	-0.29251112	2.5000263	0.028843727	0.21745724	0.056394382	0.17454545	0.35870252	0.17454471	0.35870615	0.017680073	0.33988973	0.036014991	4.0088453	5.3956395	5.1416392	5.0612502	5.1416394	5.0612425	4.3193219	6.1115885	5.279994	2.7374821	3.3662744	5.1180557	3.3662619	5.1180741	3.7340549	3.214227	-74.275015	R0:S0:1	-56.375111	uncorrelated	b7fd39a	v1.0.3	2022-08-01@14:32
2x2_2C_8b_C2v_L	4.9344059	0	14	2.3966111	-0.0032381909	-3.3241519	-4.0599807	-0.10293016	-4.0599119	-0.10293502	0.14196114	-3.690485	9.6822222	-9.8675904e-05	-1.2116676e-06	0.011216058	-0.16582694	0.011222065	-0.16582723	-7.9957193e-06	2.3664633e-06	-0.11288531	-1.1002266	1.7346807	0.053979201	-1.7346674	-0.054010327	0.23134954	-2.2886224	2.0832444	1	0.20414444	0.014736136	1.260589	1.6218572	-0.58041311	-0.1827165	0.076020654	0.13275849	0.23181272	1.9428366	1.8110583	1.5754943	1.8110536	1.5755056	0.017106995	1.574516	1.1062794	0.0010767362	1.2486738e-05	0.10091561	1.1339066	0.10090276	1.1338213	3.2214009e-05	-6.7962615e-06	1.1332091	0.72040797	-1.538675	-0.60382011	1.5386952	0.60395719	-0.28858813	2.4950639	0.028748817	0.21010076	0.055753316	0.1735301	0.35372448	0.17353407	0.35371234	0.017205121	0.33629377	0.036070169	3.959179	5.4102089	5.138975	5.057234	5.1389887	5.0573047	4.3389761	6.0785437	5.2765788	2.7278627	3.3736107	5.0999703	3.3736304	5.0998794	3.7141541	3.2226156	-75.182546	R0:S0:1	-58.284889	uncorrelated	b7fd39a	v1.0.3	2022-08-01@14:32
2x2_2C_8b_C2v_L	6.4706639	0	14	2.7830556	-0.0010569882	-3.2248982	-3.8795227	-0.10486551	-3.8795266	-0.10486656	0.14434709	-3.4760333	9.7466667	4.4881836e-05	-3.992676e-08	0.010300668	-0.16787846	0.010300808	-0.16787845	3.9592587e-07	5.0562284e-07	-0.11211587	-1.075637	1.6860465	0.048604397	-1.6860463	-0.048602847	0.23477085	-2.2231933	2.0162222	1	0.22072222	0.014001707	1.2588395	1.6208637	-0.58328452	-0.18758128	0.077383164	0.13346232	0.23906385	1.9421541	1.809158	1.5789787	1.8091586	1.5789808	0.017493969	1.5661238	1.1078903	-0.00046615656	-8.5006627e-07	0.10149399	1.1318866	0.10149512	1.1318894	-1.439167e-06	-2.8755657e-07	1.1347406	0.72500418	-1.5407813	-0.57651495	1.5407786	0.57650802	-0.29308664	2.5010877	0.028882418	0.21679381	0.056393699	0.17514896	0.3532533	0.17514847	0.3532518	0.017604028	0.34082413	0.035990893	3.9954359	5.398431	5.1497581	5.0467111	5.1497575	5.046707	4.3147031	6.1205081	5.2764746	2.7385734	3.3721056	5.0948913	3.372105	5.0948908	3.7396697	3.2133307	-73.958362	R0:S0:1	-55.708889	uncorrelated	b7fd39a	v1.0.3	2022-08-01@15:10
2x2_2C_8b_C2v_L	6.846098	0	14	2.8796667	-0.00017836811	-3.1962724	-3.8298204	-0.10580158	-3.8298296	-0.10580632	0.14554261	-3.4201404	9.76	2.065121e-05	-2.7011885e-06	0.010018929	-0.16891744	0.010019992	-0.16891937	-5.3055202e-07	8.1564469e-06	-0.11208566	-1.0690414	1.6732181	0.046799182	-1.6732205	-0.046803676	0.23635698	-2.2066511	1.9994667	1	0.22486667	0.013790314	1.2581759	1.6202939	-0.58478294	-0.18936522	0.077933665	0.13360218	0.24286917	1.9417969	1.8081152	1.5775543	1.8081152	1.5775628	0.01773506	1.5627598	1.1081017	-0.00021061983	1.0652575e-05	0.10207969	1.1354391	0.10208052	1.1354323	-4.724229e-06	-1.4404968e-05	1.1384936	0.72706563	-1.5430986	-0.56942558	1.5430985	0.56944391	-0.29516948	2.50528	0.028908959	0.22003049	0.056725135	0.17600386	0.35462037	0.17600389	0.35461238	0.017851662	0.34255299	0.036010295	4.0149126	5.3938261	5.1522883	5.0440236	5.15229	5.0440259	4.3092824	6.1356922	5.2762416	2.741519	3.3703386	5.1009169	3.3703394	5.1008993	3.7457115	3.2083604	-73.612402	R0:S0:1	-55.042667	uncorrelated	b7fd39a	v1.0.3	2022-08-01@15:43
2x2_2C_8b_C2v_L	7.2193069	0	14	2.9762778	0.00075025773	-3.1650545	-3.7815989	-0.10676569	-3.7816095	-0.10676532	0.14636855	-3.3630666	9.7733333	-1.4307073e-05	-1.185302e-06	0.0097505867	-0.17008759	0.0097508249	-0.17008794	1.2711308e-06	8.3365122e-07	-0.11208173	-1.0620426	1.6606436	0.045025763	-1.6606463	-0.045025851	0.23791911	-2.1896577	1.9827111	1	0.22901111	0.013578815	1.2574531	1.6196441	-0.5864607	-0.19129696	0.078534051	0.13373491	0.24758938	1.9413642	1.8070071	1.5746984	1.8070071	1.5746981	0.018015853	1.5590057	1.1082751	0.0001433625	3.4787893e-06	0.10271354	1.1405164	0.10271288	1.1405178	-7.8574051e-06	-2.4181343e-06	1.143236	0.72954182	-1.5456301	-0.56311766	1.5456307	0.56311771	-0.2974218	2.5100919	0.028934075	0.22392547	0.057124809	0.17690081	0.35677472	0.17690075	0.35677501	0.018139654	0.34445447	0.036037766	4.0391356	5.3882495	5.1540895	5.0426919	5.1540884	5.0426906	4.3036338	6.1523027	5.2764673	2.7446455	3.3676625	5.1107606	3.3676624	5.1107633	3.7519409	3.2027028	-73.264886	R0:S0:1	-54.376444	uncorrelated	b7fd39a	v1.0.3	2022-08-01@16:16
2x2_2C_8b_C2v_L	5.3028788	0	14	2.4932222	-0.0016773172	-3.2828678	-4.0018073	-0.10621244	-4.0017977	-0.10621326	0.14622006	-3.6300222	9.6844444	-5.8136653e-06	-1.8585155e-06	0.010854056	-0.16796634	0.01085363	-0.1679664	8.923652e-07	-1.246884e-07	-0.11277983	-1.0924409	1.7215849	0.051100772	-1.7215832	-0.051101933	0.23439539	-2.2729016	2.0664889	1	0.20828889	0.014435746	1.2597498	1.6209326	-0.58277977	-0.18488557	0.076737251	0.13280135	0.23195183	1.9425708	1.809307	1.5832452	1.8093066	1.5832466	0.017279765	1.5708529	1.1062405	6.1127731e-05	4.7558952e-06	0.10236084	1.1340298	0.10236108	1.1340272	-6.5115359e-06	-2.0111257e-06	1.1351473	0.72072101	-1.5438105	-0.58935248	1.5438109	0.58935792	-0.29091808	2.5009331	0.028758094	0.21093309	0.056011873	0.17503538	0.35044398	0.17503565	0.35044256	0.0173906	0.33818241	0.036114572	3.9577081	5.4112545	5.1474557	5.038155	5.1474577	5.0381575	4.3368167	6.0949084	5.2719113	2.7290958	3.3785887	5.0873963	3.378588	5.0873906	3.7182025	3.2171967	-74.733517	R0:S0:1	-57.529778	uncorrelated	b7fd39a	v1.0.3	2022-08-01@16:25
2x2_2C_8b_C2v_L	7.5914269	0	14	3.0728889	0.001722244	-3.1366796	-3.7333025	-0.10782855	-3.7333034	-0.10782863	0.14731746	-3.3063314	9.7866667	-1.3854545e-05	4.3596507e-07	0.0094594647	-0.17134187	0.0094595864	-0.17134238	9.6281262e-07	2.0100666e-06	-0.1121298	-1.0554979	1.6480327	0.043116676	-1.6480327	-0.043116275	0.23965078	-2.1727763	1.9659556	1	0.23315556	0.01334046	1.2567001	1.6189609	-0.58820199	-0.19330144	0.079159021	0.13386883	0.25263932	1.9409182	1.8058602	1.5718703	1.8058608	1.5718707	0.018321518	1.5551228	1.108444	0.00013637255	1.7109524e-08	0.10335034	1.1457269	0.10335087	1.1457342	-6.4913649e-06	-3.2069561e-06	1.148288	0.73217315	-1.5482367	-0.55614278	1.5482334	0.55613873	-0.29988083	2.5150466	0.028959299	0.22809959	0.057536865	0.17782911	0.35893885	0.17782867	0.35893796	0.018453777	0.34639913	0.036067241	4.0647322	5.3824761	5.1560503	5.0410045	5.1560501	5.0410018	4.2979455	6.1693327	5.2766989	2.7479484	3.3649855	5.1208408	3.3649816	5.1208439	3.75828	3.1969372	-72.9243	R0:S0:1	-53.710222	uncorrelated	b7fd39a	v1.0.3	2022-08-01@16:50
2x2_2C_8b_C2v_L	7.9537938	0	14	3.1695	0.0039606243	-3.1103907	-3.6847596	-0.10764056	-3.6847689	-0.10764355	0.14658425	-3.2464711	9.8	-2.3112752e-05	-1.3902724e-06	0.0089521781	-0.17340297	0.0089518456	-0.17340278	-2.0962473e-06	8.1339739e-08	-0.11251629	-1.0488449	1.6346278	0.040335622	-1.6346293	-0.040339702	0.24219656	-2.1540803	1.9492	1	0.2373	0.013092	1.2556948	1.6178046	-0.59089589	-0.19587255	0.080012077	0.13390146	0.2647766	1.9400749	1.8045361	1.5537525	1.8045347	1.5537654	0.019130046	1.5496506	1.1083462	0.00021988231	1.7290324e-07	0.10388601	1.1655409	0.10388809	1.1655004	1.3953043e-05	1.5470097e-06	1.1596288	0.7380248	-1.5510117	-0.55034217	1.5510233	0.55036655	-0.30505834	2.5224257	0.028965398	0.23678401	0.058301384	0.17879796	0.37016279	0.1787993	0.37015591	0.019272821	0.34906335	0.036129432	4.1305069	5.367461	5.1505929	5.0502979	5.1505953	5.0503038	4.2909624	6.1923548	5.2834936	2.7540048	3.3534785	5.1675359	3.3535005	5.1674931	3.765738	3.1878423	-72.572566	R0:S0:1	-53.044	uncorrelated	b7fd39a	v1.0.3	2022-08-01@17:15
2x2_2C_8b_C2v_L	5.6565038	0	14	2.5898333	-0.0016831771	-3.2479078	-3.9475938	-0.10793784	-3.9476005	-0.10793725	0.14800258	-3.5643871	9.6866667	-3.4258452e-05	1.3601854e-06	0.010923174	-0.16935784	0.010922629	-0.16935831	2.5264049e-06	2.714185e-07	-0.11314956	-1.0856363	1.7092057	0.050516529	-1.7092073	-0.050512978	0.23632272	-2.2559213	2.0497333	1	0.21243333	0.014369829	1.2584854	1.6196074	-0.58642944	-0.18829142	0.077902639	0.13274829	0.24611779	1.9413993	1.806762	1.5688971	1.8067631	1.5688919	0.017914863	1.5630512	1.1056571	0.00036432292	-1.1491297e-06	0.10475491	1.1527351	0.10475569	1.1527608	-1.6585522e-05	-2.4658147e-06	1.1554412	0.72761739	-1.551054	-0.59654375	1.5510467	0.59652624	-0.29441993	2.5152533	0.02874859	0.2220723	0.057080553	0.17700592	0.35793896	0.17700494	0.3579415	0.018036936	0.34205894	0.036277249	4.0343213	5.39575	5.1436073	5.0509654	5.1436051	5.050959	4.3326142	6.1275775	5.2707777	2.7341916	3.366692	5.130486	3.3666792	5.1305105	3.7227104	3.2009892	-74.299641	R0:S0:1	-56.774667	uncorrelated	b7fd39a	v1.0.3	2022-08-01@19:01
2x2_2C_8b_C2v_L	6.0131389	0	14	2.6864444	0.0022078963	-3.219971	-3.89532	-0.10936592	-3.8953228	-0.10936808	0.14930603	-3.5009173	9.6888889	-3.9114615e-05	-2.6768497e-05	0.010122928	-0.17321408	0.010122328	-0.17321451	-5.496247e-06	-2.6820154e-06	-0.11371791	-1.0792497	1.6961515	0.045630247	-1.6961522	-0.045632455	0.24095817	-2.2379501	2.0329778	1	0.21657778	0.013958981	1.2573382	1.618063	-0.58996262	-0.19109441	0.078889556	0.13264252	0.2540099	1.9407497	1.8049456	1.5578808	1.8049452	1.5578738	0.018744162	1.5578299	1.1052815	0.00038101871	5.8180612e-05	0.10527237	1.1715055	0.10526489	1.1715061	2.9560248e-05	-4.9449022e-06	1.1638269	0.73157046	-1.5560405	-0.5792091	1.5560428	0.57922233	-0.30076867	2.5230228	0.028730112	0.22801311	0.057678888	0.17844194	0.36665832	0.17844219	0.36666252	0.01888283	0.34462865	0.036352888	4.0776311	5.3860522	5.1434902	5.0426552	5.1434889	5.0426595	4.3285783	6.1496531	5.2735588	2.7393203	3.3620425	5.1623756	3.362042	5.1623929	3.728659	3.1921652	-73.8858	R0:S0:1	-56.019556	uncorrelated	b7fd39a	v1.0.3	2022-08-01@21:14
2x2_2C_8b_C2v_L	6.3767514	0	14	2.7830556	0.0031918419	-3.17629	-3.8361869	-0.11275384	-3.8361951	-0.11275997	0.15312553	-3.4388878	9.6911111	-3.6130922e-05	-2.9940128e-06	0.0096299618	-0.17519343	0.0096310504	-0.17519424	-2.7797672e-06	4.3963497e-06	-0.11369005	-1.0712103	1.6830027	0.042516077	-1.6830038	-0.042525467	0.24369922	-2.2219797	2.0162222	1	0.22072222	0.013522572	1.2563551	1.6170151	-0.59263227	-0.19364165	0.079728461	0.13269181	0.25597174	1.9403068	1.8028077	1.5656063	1.8028057	1.5656281	0.018950878	1.5532033	1.1051993	0.0003471436	5.955053e-06	0.10687756	1.1712694	0.10687904	1.1712102	1.3844784e-05	-5.7674669e-06	1.1677693	0.73272252	-1.562211	-0.56420068	1.5622258	0.56424772	-0.3029392	2.5304792	0.028740212	0.2306596	0.058101008	0.18025046	0.36337929	0.18025232	0.36336532	0.019109272	0.34687858	0.036413351	4.08316	5.386019	5.1528586	5.0252561	5.1528643	5.0252683	4.3260709	6.1694187	5.2680677	2.740893	3.3664332	5.1521599	3.3664619	5.1520893	3.7330641	3.1848337	-73.426048	R0:S0:1	-55.264444	uncorrelated	b7fd39a	v1.0.3	2022-08-01@23:34
2x2_2C_8b_C2v_L	6.7319036	0	14	2.8796667	0.0042978683	-3.145446	-3.7810315	-0.11522668	-3.7810358	-0.11522799	0.1556234	-3.3750045	9.6933333	-1.0859052e-06	-2.8171609e-06	0.0091874715	-0.17747824	0.0091876325	-0.17747824	-1.9391222e-06	-4.4787638e-06	-0.11400914	-1.0649143	1.6703255	0.039566862	-1.6703264	-0.039570821	0.24670948	-2.2051882	1.9994667	1	0.22486667	0.01308773	1.255136	1.6156455	-0.59605384	-0.19678394	0.080796406	0.13266483	0.26560434	1.939462	1.8004558	1.5603182	1.8004548	1.5603217	0.019551551	1.5467388	1.1048465	1.0767581e-05	3.6023976e-06	0.10845052	1.1828232	0.10844831	1.1828	1.3878869e-05	6.7783671e-06	1.1795417	0.73732584	-1.5687664	-0.55487661	1.5687741	0.55489705	-0.30692342	2.5411487	0.028735614	0.23869998	0.058879455	0.18213188	0.36705064	0.18213277	0.3670491	0.019732506	0.34994194	0.036519214	4.1305292	5.3768096	5.155404	5.0211458	5.1554049	5.0211546	4.3221678	6.1963585	5.2667149	2.7452675	3.3621516	5.1740455	3.3621635	5.1740265	3.7383666	3.1730748	-73.002219	R0:S0:1	-54.509333	uncorrelated	b7fd39a	v1.0.3	2022-08-02@00:15
2x2_2C_8b_C2v_L	7.080916	0	14	2.9762778	0.0072426034	-3.111708	-3.7264391	-0.11720547	-3.7264487	-0.11720587	0.15652766	-3.3083736	9.6955556	-1.1792125e-05	4.969291e-06	0.0084141753	-0.18110751	0.0084125712	-0.18110652	-2.5974976e-06	-6.9181753e-06	-0.11469399	-1.0576001	1.6566926	0.035252662	-1.6566947	-0.035252703	0.25100881	-2.1862916	1.9827111	1	0.22901111	0.012484893	1.2537709	1.6138534	-0.60014112	-0.20013106	0.081971364	0.13254528	0.27837971	1.9384541	1.7982593	1.5467286	1.7982579	1.5467362	0.020559919	1.5399546	1.1043653	0.00010989361	-1.8870161e-05	0.10958853	1.2029644	0.10959175	1.2029268	2.437206e-05	1.6659222e-05	1.1924911	0.74328829	-1.5745655	-0.54107141	1.574578	0.54107768	-0.31349632	2.5515124	0.028713863	0.24841041	0.059802424	0.18383973	0.37629775	0.18384099	0.37629667	0.020772177	0.35309228	0.036619751	4.1955828	5.3630888	5.1542294	5.018111	5.1542306	5.0181137	4.3175574	6.224285	5.2703181	2.7515155	3.3546261	5.2143543	3.3546499	5.214321	3.7448399	3.1613241	-72.562519	R0:S0:1	-53.754222	uncorrelated	b7fd39a	v1.0.3	2022-08-02@00:46
2x2_2C_8b_C2v_L	7.4386717	0	14	3.0728889	0.0068551666	-3.0661652	-3.6700494	-0.12076956	-3.6700479	-0.12077158	0.16023036	-3.2447313	9.6977778	-4.6511177e-06	-1.3935786e-06	0.0079971332	-0.18251767	0.007999297	-0.18251744	-2.3255478e-06	7.7395576e-06	-0.1146225	-1.0495809	1.6446604	0.032700056	-1.6446585	-0.032711202	0.25290418	-2.1705642	1.9659556	1	0.23315556	0.011887391	1.2526024	1.6127416	-0.60310298	-0.2032237	0.082977281	0.13262492	0.28346323	1.9377295	1.7955565	1.5542105	1.7955538	1.5542315	0.020746661	1.5336769	1.1042124	4.2853236e-05	6.2148562e-06	0.11132292	1.2021796	0.11132286	1.2021162	7.0311042e-06	-1.1794029e-05	1.1996036	0.74578875	-1.5824405	-0.52913574	1.5824571	0.52919407	-0.31488322	2.5619786	0.028728888	0.25409624	0.060482544	0.18607983	0.37232616	0.18608227	0.3723135	0.020986845	0.35594217	0.036715387	4.2122497	5.3614304	5.1642469	5.0059319	5.1642561	5.0059523	4.3144238	6.2499594	5.2629801	2.7532769	3.3573407	5.2087703	3.3573697	5.2086915	3.7495429	3.1501828	-72.111768	R0:S0:1	-52.999111	uncorrelated	b7fd39a	v1.0.3	2022-08-02@01:20
2x2_2C_8b_C2v_L	7.7761142	0	14	3.1695	0.0074598322	-3.0276461	-3.6124989	-0.12198359	-3.6124967	-0.12198436	0.16089191	-3.1768056	9.7	1.6544161e-05	-1.8717639e-05	0.0074005091	-0.18471827	0.0074006347	-0.18471846	-1.4158129e-05	1.3852885e-05	-0.11509086	-1.0420458	1.6312578	0.029435069	-1.6312575	-0.029439841	0.25580391	-2.1523323	1.9492	1	0.2373	0.011115226	1.2508934	1.6106698	-0.60802872	-0.20755079	0.084499264	0.13250209	0.31023833	1.9357819	1.7925998	1.5282019	1.7925993	1.5281923	0.022258273	1.5234297	1.1034653	-0.0001566106	5.1157602e-05	0.11345765	1.2322482	0.11345183	1.2322563	6.5571354e-05	-2.310826e-05	1.2232299	0.75759006	-1.5898571	-0.52439419	1.5898578	0.52441763	-0.32190657	2.5792692	0.028704521	0.27400526	0.062248092	0.18826865	0.38612788	0.18826905	0.38613035	0.022545769	0.36041503	0.036892319	4.3404742	5.3356149	5.1565025	5.0211268	5.1565024	5.0211371	4.3087084	6.2918303	5.272528	2.7621735	3.337825	5.2842698	3.3378181	5.2842943	3.7562627	3.1301725	-71.648684	R0:S0:1	-52.244	uncorrelated	b7fd39a	v1.0.3	2022-08-02@02:04
