CDMFT_iterations	CDMFT_method	D	D_ave	E0_1	E0_2	E_kin	GS_consistency	M	M_ave	U	U_1_ave	convergence	dist_function	e	e_2_ave	e_ave	eb1_1	eb1_1_ave	eb2_1	eb2_1_ave	eb3_1	eb3_1_ave	eb4_1	eb4_1_ave	eb5_1	eb5_1_ave	eb6_1	eb6_1_ave	eb7_1	eb7_1_ave	eb8_1	eb8_1_ave	githash	model	mu	mu_1_ave	mu_2_ave	mu_ave	n_1	n_2	sb1_1	sb1_1_ave	sb2_1	sb2_1_ave	sb3_1	sb3_1_ave	sb4_1	sb4_1_ave	sb5_1	sb5_1_ave	sb6_1	sb6_1_ave	sb7_1	sb7_1_ave	sb8_1	sb8_1_ave	script	sector_1	sector_2	tbA1down_1	tbA1down_1_ave	tbA1up_1	tbA1up_1_ave	tbA2down_1	tbA2down_1_ave	tbA2up_1	tbA2up_1_ave	tbA3down_1	tbA3down_1_ave	tbA3up_1	tbA3up_1_ave	tbA4down_1	tbA4down_1_ave	tbA4up_1	tbA4up_1_ave	tbA5down_1	tbA5down_1_ave	tbA5up_1	tbA5up_1_ave	tbA6down_1	tbA6down_1_ave	tbA6up_1	tbA6up_1_ave	tbA7down_1	tbA7down_1_ave	tbA7up_1	tbA7up_1_ave	tbA8down_1	tbA8down_1_ave	tbA8up_1	tbA8up_1_ave	tbB1down_1	tbB1down_1_ave	tbB1up_1	tbB1up_1_ave	tbB2down_1	tbB2down_1_ave	tbB2up_1	tbB2up_1_ave	tbB3down_1	tbB3down_1_ave	tbB3up_1	tbB3up_1_ave	tbB4down_1	tbB4down_1_ave	tbB4up_1	tbB4up_1_ave	tbB5down_1	tbB5down_1_ave	tbB5up_1	tbB5up_1_ave	tbB6down_1	tbB6down_1_ave	tbB6up_1	tbB6up_1_ave	tbB7down_1	tbB7down_1_ave	tbB7up_1	tbB7up_1_ave	tbB8down_1	tbB8down_1_ave	tbB8up_1	tbB8up_1_ave	time	tpd	tpd_ave	tpp	tpp_2_ave	tpp_ave	tppp	tppp_2_ave	tppp_ave	trb1_1	trb1_1_ave	trb2_1	trb2_1_ave	trb3_1	trb3_1_ave	trb4_1	trb4_1_ave	trb5_1	trb5_1_ave	trb6_1	trb6_1_ave	trb7_1	trb7_1_ave	trb8_1	trb8_1_ave	version	
1	Broyden	0	0.05244507647	-109.6246888	-90.43068576	-0.7633916494	YY	0	-0.001175838795	10.74223647	0.4326956391	self-energy	sharp_wc_2_b_35	1.3251661	2	1.248808913	-0.2677611978	1.951387264	5.250150834	0.6906489436	1.90924072	0.02782944984	42.64412013	0.002396912706	-23.00978078	1.999988336	4.21786071	0.2341897322	-0.2499581689	1.560063501	5.294637378	0.2889004322	a248bdd	2x2_2C_8b_C2v_L	12.62900182	1.424483087	2	1.701114726	0.9999955103453211	1.0	0.3032509832	-0.3125998943	2.648870207	-3.368725908	0.7217406827	-0.2796473527	-2.531068125	0.08494829891	0.0389587868	-0.01680694988	1.79459363	-1.263596986	0.2168513966	-1.522074156	-1.998916396	1.706925283	boucle_AF.py	R0:S0:1	uncorrelated	-0.03236401903	0.1069370171	-0.03260204928	0.1075750362	-0.001854847158	-0.03707083025	-0.001484891089	-0.03736906398	-0.003732757396	-0.001935022012	-0.004186149672	-0.001991735969	-0.003690110551	0.0004226897449	-0.003591265891	0.0004446396983	0.001687578298	0.0006459975524	0.002044522938	0.0006398454309	0.0173896156	-0.1860481558	0.01548002915	-0.1863025966	0.1130479407	-0.3502649886	0.1144755273	-0.3559517698	-0.01753124075	-0.1054554343	-0.0162758578	-0.106587818	-0.03253598206	0.1075281747	-0.03238465579	0.1069801979	-0.001765871034	-0.03734121928	-0.001705461268	-0.0370652144	0.004130364686	0.002029472283	0.003805805181	0.001891430101	0.003039059245	-0.0004240737257	0.003125975702	-0.0004014036793	-0.001815891618	-0.0006411309167	-0.001507461927	-0.0006667395716	-0.0158731624	0.186401111	-0.01758717106	0.1860940197	0.1146186359	-0.3560991076	0.113071327	-0.350303737	-0.01590069937	-0.1066828669	-0.0173424526	-0.1055045426	2025-01-20@07:33	2.7131637	-0.6104072449	1	-5.828670879e-16	-0.221010374	-0.318924249	-4.437342592e-31	0.10095804	-7.413130834e-05	6.339994177e-05	5.838882034e-05	-2.049312285e-05	-3.882299575e-05	5.910830744e-06	-0.0002138092211	8.890235449e-06	-0.0002921140053	0.0001259726164	-7.261399835e-06	6.699946365e-06	-9.765974961e-07	-1.483597095e-05	1.439831894e-06	6.693851494e-05	v2.7.1	
CDMFT_iterations	CDMFT_method	D	D_ave	E0_1	E0_2	E_kin	GS_consistency	M	M_ave	U	U_1_ave	convergence	dist_function	e	e_2_ave	e_ave	eb1_1	eb1_1_ave	eb2_1	eb2_1_ave	eb3_1	eb3_1_ave	eb4_1	eb4_1_ave	eb5_1	eb5_1_ave	eb6_1	eb6_1_ave	eb7_1	eb7_1_ave	eb8_1	eb8_1_ave	githash	model	mu	mu_1_ave	mu_2_ave	mu_ave	n_1	n_2	sb1_1	sb1_1_ave	sb2_1	sb2_1_ave	sb3_1	sb3_1_ave	sb4_1	sb4_1_ave	sb5_1	sb5_1_ave	sb6_1	sb6_1_ave	sb7_1	sb7_1_ave	sb8_1	sb8_1_ave	script	sector_1	sector_2	tbA1down_1	tbA1down_1_ave	tbA1up_1	tbA1up_1_ave	tbA2down_1	tbA2down_1_ave	tbA2up_1	tbA2up_1_ave	tbA3down_1	tbA3down_1_ave	tbA3up_1	tbA3up_1_ave	tbA4down_1	tbA4down_1_ave	tbA4up_1	tbA4up_1_ave	tbA5down_1	tbA5down_1_ave	tbA5up_1	tbA5up_1_ave	tbA6down_1	tbA6down_1_ave	tbA6up_1	tbA6up_1_ave	tbA7down_1	tbA7down_1_ave	tbA7up_1	tbA7up_1_ave	tbA8down_1	tbA8down_1_ave	tbA8up_1	tbA8up_1_ave	tbB1down_1	tbB1down_1_ave	tbB1up_1	tbB1up_1_ave	tbB2down_1	tbB2down_1_ave	tbB2up_1	tbB2up_1_ave	tbB3down_1	tbB3down_1_ave	tbB3up_1	tbB3up_1_ave	tbB4down_1	tbB4down_1_ave	tbB4up_1	tbB4up_1_ave	tbB5down_1	tbB5down_1_ave	tbB5up_1	tbB5up_1_ave	tbB6down_1	tbB6down_1_ave	tbB6up_1	tbB6up_1_ave	tbB7down_1	tbB7down_1_ave	tbB7up_1	tbB7up_1_ave	tbB8down_1	tbB8down_1_ave	tbB8up_1	tbB8up_1_ave	time	tpd	tpd_ave	tpp	tpp_2_ave	tpp_ave	tppp	tppp_2_ave	tppp_ave	trb1_1	trb1_1_ave	trb2_1	trb2_1_ave	trb3_1	trb3_1_ave	trb4_1	trb4_1_ave	trb5_1	trb5_1_ave	trb6_1	trb6_1_ave	trb7_1	trb7_1_ave	trb8_1	trb8_1_ave	version	
1	Broyden	0	0.05244507647	-109.6246888	-90.43068576	-0.7633916499	YY	0	-0.001175839081	10.74223647	0.4326956391	self-energy	sharp_wc_2_b_35	1.3251661	2	1.248808913	-0.2677611974	1.951387265	5.250150834	0.6906489438	1.909240721	0.02782944988	42.64412013	0.002396912704	-23.00978078	1.999988336	4.217860711	0.2341897316	-0.249958169	1.560063501	5.294637379	0.2889004324	a248bdd	2x2_2C_8b_C2v_L	12.62900182	1.424483087	2	1.701114726	0.9999955106050269	1.0	0.3032509831	-0.3125998928	2.648870207	-3.368725909	0.7217406833	-0.2796473529	-2.531068124	0.08494829889	0.03895878661	-0.01680694977	1.79459363	-1.263596984	0.2168513963	-1.522074153	-1.998916396	1.706925284	boucle_AF.py	R0:S0:1	uncorrelated	-0.03236401871	0.1069370161	-0.03260204896	0.1075750348	-0.001854847426	-0.03707082993	-0.001484890665	-0.03736906375	-0.003732756919	-0.001935022086	-0.004186149575	-0.001991735691	-0.003690110305	0.0004226897363	-0.003591265576	0.000444639693	0.001687579041	0.0006459975229	0.002044523439	0.0006398453987	0.01738961556	-0.1860481551	0.01548002936	-0.1863025963	0.1130479408	-0.3502649885	0.1144755282	-0.3559517718	-0.01753124015	-0.1054554342	-0.01627585751	-0.1065878182	-0.03253598193	0.1075281738	-0.03238465466	0.1069801962	-0.001765870853	-0.03734121914	-0.001705460844	-0.03706521411	0.004130364952	0.002029472281	0.00380580652	0.001891429543	0.003039059674	-0.0004240737498	0.00312597601	-0.0004014036896	-0.00181589231	-0.0006411308901	-0.001507461806	-0.000666739572	-0.01587316206	0.1864011106	-0.0175871704	0.1860940189	0.1146186363	-0.3560991087	0.1130713279	-0.3503037379	-0.01590069947	-0.1066828669	-0.01734245294	-0.1055045424	2025-01-20@07:36	2.7131637	-0.610407245	1	-5.828670879e-16	-0.221010374	-0.318924249	-4.437342592e-31	0.10095804	-7.413098231e-05	6.339976834e-05	5.838892749e-05	-2.049310765e-05	-3.882263284e-05	5.910710422e-06	-0.0002138090309	8.890229783e-06	-0.000292113815	0.0001259725534	-7.260898639e-06	6.699884788e-06	-9.762126015e-07	-1.483621343e-05	1.440387261e-06	6.693667719e-05	v2.7.1	
1	Broyden	0	0.05229417859	-109.5720439	-90.35068576	-0.7666044397	YY	0	-0.0012370015	10.74223647	0.4291490051	self-energy	sharp_wc_2_b_35	1.3251661	2	1.248736826	-0.2681823984	1.952842818	5.249611869	0.690362179	1.90942996	0.02815828998	42.64411604	0.002431978962	-23.00978077	1.999988453	4.217716429	0.2404726778	-0.2500960893	1.574771293	5.294731371	0.2894219269	a248bdd	2x2_2C_8b_C2v_L	12.61900182	1.420867061	2	1.700489986	0.9999974877663824	0.9999999999999999	0.302940861	-0.3096844242	2.6495093	-3.367292235	0.7215793872	-0.2833547484	-2.531168603	0.08619494498	0.03896705815	-0.01666919301	1.795135329	-1.295125339	0.2164947403	-1.482642684	-1.999297509	1.711325478	boucle_AF.py	R0:S0:1	uncorrelated	-0.03219438434	0.1054710376	-0.03242971736	0.1061532941	-0.001865931368	-0.03665523167	-0.001495188015	-0.03696267206	-0.003622226834	-0.001806242577	-0.004076840347	-0.001869400345	-0.003704060147	0.0003751154849	-0.003605116105	0.0003979732896	0.001688474431	0.0006399847062	0.002045581684	0.0006336433991	0.01754584258	-0.1849352381	0.01562371139	-0.1851899271	0.1129519881	-0.3461532865	0.114449502	-0.3521157259	-0.01736738043	-0.1041381942	-0.0161134354	-0.1052734991	-0.03236888097	0.1060819604	-0.0322168348	0.1055397882	-0.001771963486	-0.0369361408	-0.001716536271	-0.03664950753	0.004023097403	0.001905312453	0.003692856449	0.001764638774	0.003052676077	-0.0003774034283	0.003139721676	-0.0003538357642	-0.001816924226	-0.0006350546869	-0.00150837903	-0.0006606698127	-0.01601115083	0.1852874855	-0.01774134192	0.1849791001	0.1145885384	-0.3522491064	0.1129823723	-0.3462127143	-0.01573943532	-0.105366689	-0.01717989129	-0.1041864276	2025-01-20@07:39	2.7131637	-0.6107948922	1	-8.326672685e-17	-0.2209326487	-0.318924249	-5.551115123e-17	0.1009623572	-1.114669067e-05	8.944343151e-06	-3.518373503e-06	8.614178628e-06	-3.896499766e-05	1.004208548e-05	-0.0002133478771	8.462758624e-06	-0.0002922026089	0.0001249767298	-6.77995179e-06	-4.956321942e-07	-5.448255142e-06	-4.859226041e-06	2.669912772e-06	5.339355894e-05	v2.7.1	
1	Broyden	0	0.05271281922	-109.6725424	-90.51068576	-0.7616493341	YY	0	-0.001320076395	10.74223647	0.4366488598	self-energy	sharp_wc_2_b_35	1.3251661	2	1.248862933	-0.2667081808	1.949549384	5.248908243	0.6908997718	1.909303998	0.02745763816	42.64411071	0.002359042839	-23.00978073	1.99998817	4.217719767	0.2270569466	-0.248767056	1.544101923	5.295223205	0.2881040798	a248bdd	2x2_2C_8b_C2v_L	12.63900182	1.428519821	2	1.701673025	0.9999967995205442	1.0	0.3024804931	-0.3153900114	2.647606648	-3.370170694	0.7222124554	-0.2755710763	-2.531235543	0.0835940943	0.03900488562	-0.01698577131	1.793664787	-1.228049048	0.2166398356	-1.564258178	-1.997933339	1.701378798	boucle_AF.py	R0:S0:1	uncorrelated	-0.03306754407	0.1090799608	-0.03331518141	0.1098176227	-0.001878482846	-0.03749404756	-0.001505235128	-0.03783443108	-0.003449297057	-0.002426851621	-0.003905232464	-0.002510653884	-0.003726775724	0.0004942690902	-0.003627753936	0.0005203241461	0.001691797711	0.0006518955683	0.002049375099	0.0006463098252	0.01769558712	-0.1869837629	0.01572441403	-0.1873441505	0.1136154132	-0.3546736963	0.1152591041	-0.3611067897	-0.01748883896	-0.1066780938	-0.0162502723	-0.1079497893	-0.03325577019	0.1097557885	-0.03310383276	0.1091426336	-0.001771162647	-0.03780879454	-0.001730575804	-0.03749007484	0.003855981792	0.002543608303	0.003512704898	0.002388478529	0.003074795403	-0.0004997996554	0.003162000218	-0.000472959562	-0.001820644564	-0.0006474600379	-0.001511781929	-0.0006726741868	-0.01609769321	0.1874380821	-0.0178865867	0.1870269926	0.1153933664	-0.361242588	0.1136576188	-0.354726301	-0.01588023142	-0.1080464736	-0.01730493332	-0.1067291026	2025-01-20@07:43	2.7131637	-0.6101754806	1	-4.440892099e-16	-0.2211266152	-0.318924249	-8.326672685e-17	0.1009686582	-4.294378212e-05	3.52531899e-05	3.207743786e-05	-4.493920899e-06	-3.802508505e-05	7.353362454e-06	-0.0002123338731	8.474961985e-06	-0.0002925437883	0.0001273655149	-7.6883978e-06	3.361191172e-06	3.243495722e-06	-1.851232761e-05	-7.769922166e-08	5.622809717e-05	v2.7.1	
1	Broyden	0	0.05262020095	-109.5508089	-90.27068576	-0.7668130691	YY	0	-0.001805917758	10.74223647	0.425177812	self-energy	sharp_wc_2_b_35	1.3251661	2	1.248701973	-0.2777066045	1.962196369	5.244115123	0.6921233432	1.91306199	0.028526744	42.64401773	0.002476655886	-23.00978059	1.999988524	4.217586131	0.2487667379	-0.2537023957	1.59674322	5.297050703	0.2893748959	a248bdd	2x2_2C_8b_C2v_L	12.60900182	1.416787883	2	1.70005334	1.0000011954217505	1.0	0.3055948559	-0.2965827659	2.650785424	-3.371743491	0.7215137627	-0.2873955393	-2.533952215	0.08769356929	0.03911004587	-0.01655367014	1.79564301	-1.335296706	0.2177800083	-1.443338257	-2.001764143	1.711925634	boucle_AF.py	R0:S0:1	uncorrelated	-0.02819560661	0.09375800318	-0.02840738266	0.09462025805	-0.0003300227077	-0.03556054166	4.887518246e-05	-0.03598826202	-0.002517126758	-0.002187120581	-0.00299516219	-0.002322663113	-0.003780005211	0.0003165240426	-0.003679247457	0.0003505328781	0.001706733165	0.0006450841595	0.002066467115	0.0006395360788	0.01872544237	-0.1864806473	0.01653502775	-0.1869562013	0.109283724	-0.3353747355	0.1116048749	-0.3440413052	-0.01479758598	-0.1058018071	-0.01356548204	-0.1072701138	-0.02835916935	0.09453832071	-0.02825722478	0.09384719047	-0.0001859136863	-0.03596518244	-0.0002004781906	-0.03555788806	0.002951957633	0.002342727932	0.002538100316	0.002167744326	0.003125985423	-0.0003300810203	0.003215251607	-0.0002952141303	-0.001837273196	-0.0006408772319	-0.001526959841	-0.0006658305382	-0.01685634521	0.1870365548	-0.01890666589	0.1865219679	0.1117132237	-0.3441561532	0.1093604757	-0.3354683784	-0.01322328704	-0.1073532832	-0.01463773985	-0.1058457445	2025-01-20@07:45	2.7131637	-0.6108448745	1	-2.775557562e-16	-0.2208307999	-0.318924249	1.110223025e-16	0.1009297345	-1.150757796e-05	6.286830201e-06	-4.487240583e-06	1.58760669e-05	-3.842917796e-05	1.091303803e-05	-0.0002072271517	8.263326031e-06	-0.0002936200214	0.0001242825026	-6.355927288e-06	-1.264737476e-06	2.064107786e-07	-4.951679451e-06	4.801782922e-06	8.970861363e-06	v2.7.1	
1	Broyden	0	0.05256147753	-109.6816231	-90.59068576	-0.7608865455	YY	0	-0.001823536566	10.74223647	0.4406638061	self-energy	sharp_wc_2_b_35	1.3251661	2	1.248909591	-0.2563799908	1.936723349	5.242595321	0.689322968	1.90855062	0.02707586369	42.64411216	0.002319768962	-23.00978049	1.999987904	4.215898886	0.219619269	-0.2416273866	1.52396023	5.296942308	0.2876515276	a248bdd	2x2_2C_8b_C2v_L	12.64900182	1.432659977	2	1.702090575	1.0000025154836019	1.0	0.2996536919	-0.3331788107	2.642651457	-3.364543749	0.7220201657	-0.2715023525	-2.530493088	0.08220995503	0.03920821945	-0.01723569826	1.792817644	-1.191775394	0.2135050449	-1.596779732	-1.995341785	1.698790504	boucle_AF.py	R0:S0:1	uncorrelated	-0.03716852038	0.1217429089	-0.03747892056	0.1228580461	-0.003865144723	-0.03847667839	-0.003493256061	-0.03896398582	-0.002726431247	-0.003478216344	-0.003208446624	-0.003659025861	-0.003802788047	0.0006039020463	-0.003700689119	0.0006443753698	0.001714644303	0.0006465283342	0.00207495567	0.0006417587326	0.01803661836	-0.1846139263	0.0157766222	-0.1852125427	0.1171725849	-0.3627519839	0.1194944168	-0.3717753923	-0.01916271574	-0.1042020815	-0.01796944783	-0.1058295639	-0.03743038775	0.1227800093	-0.03723708516	0.1218310055	-0.003717410631	-0.03894183905	-0.003739689128	-0.0384757293	0.003167534833	0.003675233843	0.002733989788	0.003463985132	0.003147040226	-0.0006239196155	0.00323777084	-0.0005824583144	-0.001845667977	-0.0006429655153	-0.001535082883	-0.0006671856516	-0.01608225714	0.1852897864	-0.01821582819	0.1846534618	0.1196005616	-0.3718744803	0.1172575218	-0.3628383373	-0.01763557399	-0.1059177107	-0.01901074931	-0.1042512156	2025-01-20@07:50	2.7131637	-0.610077249	1	-4.996003611e-16	-0.2212003557	-0.318924249	1.942890293e-16	0.1009697416	-2.433629556e-05	1.335958507e-05	8.766122644e-06	1.656620731e-05	-3.796335008e-05	9.13249862e-06	-0.0002053305471	7.84102007e-06	-0.0002944516184	0.0001294444478	-6.616367246e-06	5.559393409e-07	2.364754205e-06	-6.203735e-06	7.506993548e-06	-4.548559954e-06	v2.7.1	
2	Broyden	0	0.05234981746	-109.5170388	-90.19068576	-0.7689632447	YY	0	-0.0019321215	10.74223647	0.4213681372	self-energy	sharp_wc_2_b_35	1.3251661	2	1.24864139	-0.2828650858	1.966320367	5.242296301	0.6926264682	1.915743255	0.02882316683	42.64395616	0.00251689384	-23.00978052	1.999988628	4.21793834	0.255843703	-0.2565063993	1.613970795	5.298317542	0.2899066899	a248bdd	2x2_2C_8b_C2v_L	12.59900182	1.412886528	2	1.699485237	0.9999990371994174	1.0	0.3074870563	-0.2909510879	2.652199336	-3.372398575	0.7209973073	-0.2909732805	-2.535779869	0.08906439316	0.03916973613	-0.01641985162	1.796153448	-1.370598427	0.2187720531	-1.404051951	-2.003686778	1.715861161	boucle_AF.py	R0:S0:1	uncorrelated	-0.02617852847	0.08791735043	-0.0263495719	0.08876228891	0.0009351678501	-0.03510727563	0.001319532973	-0.03555303829	-0.002666861072	-0.001782073931	-0.003159023002	-0.001927446444	-0.003647496196	0.0002528977547	-0.003545790272	0.0002884828538	0.001719796568	0.0006399044334	0.002080854022	0.0006341223055	0.01842262757	-0.1852934426	0.01603899259	-0.1857391766	0.1072301882	-0.3280970808	0.1097346394	-0.3373344018	-0.01427191916	-0.1049794081	-0.01296669413	-0.106487494	-0.02631052533	0.08869398697	-0.02622606314	0.08799178489	0.001096412796	-0.03553098371	0.001056407138	-0.03510343759	0.003110076076	0.001944587536	0.00266681743	0.001769933035	0.002992684676	-0.0002680758367	0.003082917131	-0.0002316102691	-0.001851323251	-0.0006355763052	-0.001540232041	-0.0006606048297	-0.01634193728	0.185814772	-0.01860600397	0.1853367825	0.1098493984	-0.3374562073	0.1072865764	-0.3281746654	-0.01264465013	-0.1065638004	-0.01412700284	-0.1050165848	2025-01-20@07:53	2.7131637	-0.6111141611	1	-3.885780586e-16	-0.2207390928	-0.318924249	5.551115123e-17	0.100921995	-4.576291027e-06	2.492994819e-06	-1.117022316e-05	1.243281545e-05	-3.785656543e-05	1.137414201e-05	-0.0002052773432	8.262197203e-06	-0.0002942427293	0.0001233498329	-6.607887275e-06	-1.703233761e-06	-3.424506359e-06	-3.736341731e-06	1.950776016e-06	2.92791073e-05	v2.7.1	
2	Broyden	0	0.05236183281	-109.7252408	-90.67068576	-0.7560027844	YY	0	-0.002155710431	10.74223647	0.4436793124	self-energy	sharp_wc_2_b_35	1.3251661	2	1.249005732	-0.2540556091	1.933554754	5.238555979	0.689568643	1.90717762	0.02684906168	42.6441323	0.002289434754	-23.00978035	1.999987739	4.214645369	0.2150609073	-0.2407873986	1.512325175	5.297317243	0.2868679828	a248bdd	2x2_2C_8b_C2v_L	12.65900182	1.435748795	2	1.702714159	1.0000006929952026	1.0	0.298424839	-0.3372378584	2.640299453	-3.36493059	0.7224015545	-0.2687280981	-2.529429915	0.0811585995	0.03932180979	-0.01739300179	1.792227771	-1.168605006	0.2129036845	-1.624674273	-1.994620344	1.693309965	boucle_AF.py	R0:S0:1	uncorrelated	-0.03815562235	0.1246167533	-0.03856015463	0.1259643625	-0.004654963729	-0.03832691352	-0.004274890708	-0.03890675836	-0.003240629345	-0.003002709283	-0.003819063276	-0.003227417221	-0.003670522649	0.0005820662345	-0.003560737945	0.0006316275202	0.001728556363	0.0006477455722	0.002090574187	0.0006438270531	0.0177492928	-0.1841560649	0.01519727663	-0.1849407861	0.1173399919	-0.3651442857	0.120069922	-0.3758682293	-0.02009942165	-0.1038871999	-0.01876134527	-0.1058430218	-0.03852032113	0.1258843923	-0.03819887769	0.1247027188	-0.004487011888	-0.0388861063	-0.004531766683	-0.03832414839	0.003769596766	0.003242352952	0.003228963947	0.002994673179	0.003006896292	-0.0006112577994	0.003105179701	-0.0005606592653	-0.001860923935	-0.0006449815007	-0.001549276862	-0.0006683734335	-0.01548621409	0.1850151448	-0.01793034885	0.1841968929	0.1201753336	-0.3759565588	0.1173944713	-0.3652117415	-0.01845317347	-0.105924502	-0.01995572726	-0.1039315775	2025-01-20@07:59	2.7131637	-0.6095303968	1	-2.775557562e-16	-0.2211981565	-0.318924249	2.775557562e-17	0.1009239025	1.884519662e-05	-2.221916949e-05	-3.401592771e-05	2.997318562e-05	-3.718267174e-05	1.122277815e-05	-0.0002025929521	7.325783996e-06	-0.0002955153795	0.0001307188473	-6.500448023e-06	-3.28327708e-06	-5.761562698e-06	-5.479456138e-07	1.812668458e-06	1.973208794e-05	v2.7.1	
3	Broyden	0	0.05222273666	-109.4793454	-90.11068576	-0.7704218046	YY	0	-0.00348008719	10.74223647	0.4173693251	self-energy	sharp_wc_2_b_35	1.3251661	2	1.248592005	-0.28542289	1.969382191	5.233039139	0.6933688173	1.926364956	0.02902357176	42.64368235	0.00257287722	-23.00978003	1.999988571	4.218553508	0.264158917	-0.261098263	1.634525539	5.30563696	0.2896479961	a248bdd	2x2_2C_8b_C2v_L	12.58900182	1.408802874	2	1.698920963	0.9999976969796637	1.0	0.307791918	-0.2855097882	2.651113565	-3.372870776	0.7209203301	-0.2944081285	-2.543543329	0.09077668711	0.03955265751	-0.01639411397	1.796715786	-1.411640403	0.2200341869	-1.36095037	-2.006606283	1.716532386	boucle_AF.py	R0:S0:1	uncorrelated	-0.02495379952	0.08321984067	-0.02496727384	0.0844904772	0.001074385134	-0.03389784661	0.001520247994	-0.03467222469	-0.00337160415	-0.0006400549587	-0.003914815601	-0.0009708956048	-0.003199973092	9.308731019e-05	-0.003093207044	0.0001595521608	0.001780118581	0.0006387672416	0.00215008048	0.0006343523299	0.0192683027	-0.184398885	0.0155443064	-0.1852465421	0.1044388292	-0.3163239509	0.1090653444	-0.3328492606	-0.01368465778	-0.1039202474	-0.01178430025	-0.106430394	-0.02493608895	0.08449862285	-0.02502394557	0.08322466453	0.001370654484	-0.03465417258	0.001167538841	-0.03389826293	0.003851801426	0.0009731450641	0.003278832677	0.0006597836192	0.00253874281	-0.000139447562	0.002633696973	-7.175919533e-05	-0.001918733546	-0.0006358799062	-0.001601729909	-0.0006594053711	-0.0157309255	0.1852870321	-0.01943250696	0.1844450843	0.1091465245	-0.3329840378	0.1044838811	-0.3163420474	-0.01155883559	-0.1064802649	-0.01358071398	-0.1039473448	2025-01-20@08:03	2.7131637	-0.611316138	1	-2.498001805e-16	-0.2206210889	-0.318924249	-7.395570986e-32	0.1008929958	-0.0002411715007	0.0002007432952	0.0002469187868	-9.528908257e-05	-3.503897428e-05	-9.895715288e-06	-0.000191468479	1.092760317e-05	-0.0002980897154	0.0001234537631	-8.837047782e-06	3.793102413e-05	1.183533777e-05	-2.931486932e-05	9.812558568e-06	4.061962396e-06	v2.7.1	
2	Broyden	0	0.05236642348	-109.7854545	-90.75068576	-0.7476162189	YY	0	-0.003650104405	10.74223647	0.4462324495	self-energy	sharp_wc_2_b_35	1.3251661	2	1.249147924	-0.2579095624	1.938478226	5.217355029	0.6923166891	1.903266256	0.02674947966	42.64417673	0.002259713895	-23.00977974	1.999987351	4.209241934	0.2128302863	-0.240710252	1.505911563	5.299099853	0.2858891316	a248bdd	2x2_2C_8b_C2v_L	12.66900182	1.438350096	2	1.703515515	1.000002691273362	1.0	0.2993614185	-0.3318819942	2.634843692	-3.370839675	0.7222808651	-0.2667137489	-2.526084818	0.08019889187	0.03984983075	-0.01769403081	1.791508708	-1.155451117	0.2131811826	-1.65153759	-1.995974693	1.686077991	boucle_AF.py	R0:S0:1	uncorrelated	-0.0359310909	0.1194058136	-0.03674502649	0.1216423393	-0.003649095379	-0.03826228082	-0.00322421937	-0.03923672733	-0.002435193984	-0.003274464858	-0.003664806455	-0.003636908119	-0.003510152942	0.0005573414943	-0.003356386769	0.0006436296814	0.00178871269	0.0006598756415	0.002159807104	0.000659076655	0.0187585269	-0.1854668536	0.0146990191	-0.1868917482	0.1142008277	-0.3600859103	0.1189897495	-0.3784551001	-0.01978523444	-0.1047651432	-0.01801417234	-0.1079980825	-0.03673099464	0.1215197633	-0.03598155064	0.1195374306	-0.003352774939	-0.03922580605	-0.003542013298	-0.03826284967	0.003607047818	0.003636016996	0.002345666809	0.003297650979	0.002798898135	-0.0006235961517	0.002940642606	-0.0005359590832	-0.001928637035	-0.0006599783729	-0.00161083395	-0.0006805612272	-0.01485532675	0.1869299115	-0.01890737428	0.1854981562	0.1190771842	-0.3784935907	0.114212097	-0.3601524382	-0.01777927399	-0.1080628934	-0.01967949175	-0.1047991641	2025-01-20@08:08	2.7131637	-0.6086030438	1	-1.387778781e-16	-0.2211382772	-0.318924249	2.775557562e-17	0.1008262166	0.0001333697835	-0.0001231894594	-0.0001514119729	8.059654885e-05	-3.545776945e-05	1.585959923e-05	-0.0001899643588	6.224472612e-06	-0.0003005258372	0.0001334712493	-3.822063856e-06	-1.215847441e-05	-8.54999613e-06	3.962661202e-06	8.680931735e-06	2.66725855e-06	v2.7.1	
2	Broyden	0	0.05202409782	-109.4360595	-90.03068576	-0.7717699021	YY	0	-0.002209954806	10.74223647	0.4135822522	self-energy	sharp_wc_2_b_35	1.3251661	2	1.24854318	-0.2876274321	1.973869199	5.241714697	0.6932748978	1.925141127	0.02940066419	42.64374236	0.002607697026	-23.00978034	1.999988853	4.220330242	0.2711282092	-0.2622703317	1.651958555	5.302887889	0.2900638201	a248bdd	2x2_2C_8b_C2v_L	12.57900182	1.404920209	2	1.698393945	1.0000010466775704	0.9999999999999998	0.3084537684	-0.2780608977	2.654813405	-3.37332214	0.7205456937	-0.2983581362	-2.542355757	0.09205927181	0.03929687033	-0.01613338184	1.797513728	-1.446417759	0.2202904204	-1.322297514	-2.007665502	1.719220412	boucle_AF.py	R0:S0:1	uncorrelated	-0.0216015224	0.07530527115	-0.02165715402	0.07610748771	0.002559263624	-0.03331151327	0.00293237684	-0.03377912687	-0.002017567651	-0.001509958033	-0.002487045858	-0.0016688944	-0.003464621749	0.0001106163574	-0.003362302192	0.000148070758	0.001747250215	0.0006290770655	0.002111631679	0.0006228198422	0.01929339723	-0.1832402273	0.01645065747	-0.1836209897	0.1027691491	-0.3114463832	0.1057150383	-0.3219243169	-0.01273575918	-0.1036992281	-0.0110471253	-0.1053530566	-0.02162483346	0.07604349083	-0.02166435837	0.0753787991	0.002744554247	-0.03375874361	0.002652618026	-0.03330757476	0.002426752378	0.001685500008	0.001994565166	0.001504071065	0.00280872504	-0.0001277209144	0.002899088529	-8.932191875e-05	-0.001881341781	-0.0006244770065	-0.001568208106	-0.0006496455024	-0.01670898121	0.1836848454	-0.01946301853	0.1832813745	0.1058052079	-0.3220309946	0.1028388701	-0.3115355325	-0.01074819088	-0.1054194056	-0.01261847386	-0.1037289783	2025-01-20@08:11	2.7131637	-0.6114981022	1	-1.387778781e-16	-0.2205197487	-0.318924249	2.775557562e-17	0.1008688682	-2.200412877e-05	1.662081083e-05	1.158524856e-05	4.491202504e-06	-3.709550564e-05	9.588276668e-06	-0.0001995396464	8.581928208e-06	-0.0002956418623	0.0001213826568	-7.045735389e-06	2.097100588e-06	-1.118280986e-06	-2.702612796e-06	6.488014816e-06	1.001441548e-06	v2.7.1	
1	Broyden	0	0.05143096383	-109.4054574	-89.95068576	-0.7721593051	YY	0	-0.006959426916	10.74223647	0.408823154	self-energy	sharp_wc_2_b_35	1.3251661	2	1.248508748	-0.2911009401	1.978525697	5.216229877	0.6952879289	1.949415748	0.02953049718	42.64311511	0.002694780873	-23.00977899	1.999988466	4.221153269	0.2816364538	-0.2705238988	1.677351351	5.322132126	0.2890710958	a248bdd	2x2_2C_8b_C2v_L	12.56900182	1.400078259	2	1.697772395	0.9999973489465517	0.9999999999999998	0.308287899	-0.2695435373	2.649646222	-3.375385862	0.7206795998	-0.302100398	-2.559403769	0.09450228979	0.0403571354	-0.01632634642	1.798075237	-1.498147199	0.2226248297	-1.269310449	-2.013209176	1.717535582	boucle_AF.py	R0:S0:1	uncorrelated	-0.0188100325	0.065875938	-0.01840780498	0.06785545231	0.002744582865	-0.03102588937	0.003259117947	-0.03238046611	-0.001508222463	-0.0008154629045	-0.002256826855	-0.001427894792	-0.002898718957	-0.0001159312747	-0.002753612159	5.985423532e-06	0.001909494215	0.0006274073869	0.002304012482	0.0006240034853	0.02161474867	-0.1805636156	0.01374780795	-0.1817361383	0.09707728634	-0.2893333036	0.1067295225	-0.3223173573	-0.0138870969	-0.1003618824	-0.009787405274	-0.1050120625	-0.01842218278	0.06783936433	-0.01888590067	0.06591292255	0.003216916646	-0.03237185399	0.002784221655	-0.03102659614	0.002149646314	0.001417409369	0.001284807828	0.0008760690004	0.002196758319	1.363926338e-05	0.002326772165	0.0001374816387	-0.002068373617	-0.0006258795834	-0.001733976417	-0.000647741528	-0.0137467154	0.1817337323	-0.02173259968	0.1805948448	0.1067400413	-0.3223709967	0.09710056247	-0.28932809	-0.009743095979	-0.1050197851	-0.01383916893	-0.1003738272	2025-01-20@08:17	2.7131637	-0.6116096586	1	1.110223025e-16	-0.220321134	-0.318924249	2.775557562e-17	0.1008065246	-8.205127206e-05	6.385548388e-05	5.912799618e-05	-1.926846244e-05	-2.863108544e-05	7.967153817e-06	-0.0001651814475	6.979699373e-06	-0.0003063090353	0.0001238572099	-1.932146383e-06	1.009459149e-05	-1.878655284e-05	2.082864229e-05	-2.356496194e-05	2.802088876e-05	v2.7.1	
2	Broyden	0	0.05228280239	-109.7989006	-90.83068576	-0.7500432829	YY	0	-0.002238165677	10.74223647	0.4510012479	self-energy	sharp_wc_2_b_35	1.3251661	2	1.249149261	-0.243157795	1.920930946	5.238588654	0.688710969	1.904576019	0.02620721334	42.64419555	0.002215188991	-23.00978028	1.999987456	4.213822811	0.2021388177	-0.2378733635	1.482875824	5.297146158	0.2856209439	a248bdd	2x2_2C_8b_C2v_L	12.67900182	1.44323934	2	1.703848875	1.0000098047637493	1.0000000000000002	0.2957310009	-0.3539780909	2.637164419	-3.362965718	0.7226561826	-0.2613383616	-2.527161437	0.07857869544	0.03936637453	-0.01770181339	1.79044783	-1.104687592	0.2113984842	-1.693279418	-1.992503356	1.683996875	boucle_AF.py	R0:S0:1	uncorrelated	-0.03988573157	0.1336719771	-0.04031701382	0.1351810642	-0.00549132755	-0.03933839773	-0.005057299063	-0.03997365878	-0.001373247554	-0.00539339045	-0.002056605087	-0.005622423197	-0.004082440052	0.0008361422642	-0.003967602603	0.0008894256845	0.001730628915	0.0006440853594	0.002093273435	0.0006407036277	0.01760397653	-0.1821559031	0.0147765599	-0.182999845	0.1194635547	-0.374285893	0.12244528	-0.3856726806	-0.02182392274	-0.1033656498	-0.02039902666	-0.1055067709	-0.04025300394	0.1350868085	-0.03998396763	0.1337782185	-0.005286884421	-0.03994697993	-0.005391772062	-0.03933611815	0.001998701184	0.005643738749	0.001368597713	0.005378747858	0.003415993937	-0.000868952741	0.003518876355	-0.0008145151673	-0.001863563555	-0.0006418397172	-0.001551417245	-0.000664580938	-0.01506847406	0.1830773563	-0.01777957142	0.1821947911	0.1224868184	-0.3857250106	0.1196032622	-0.374390638	-0.02009765268	-0.105584542	-0.02167978493	-0.1034185912	2025-01-20@08:17	2.7131637	-0.6088267649	1	-6.106226635e-16	-0.2213246469	-0.318924249	-5.551115123e-17	0.1008808741	-5.063444366e-05	2.678873977e-05	2.383434309e-05	2.733982746e-05	-3.674560334e-05	9.162573196e-06	-0.0002004686478	7.078269035e-06	-0.0002959227849	0.0001330871989	-6.14712163e-06	5.153467253e-07	-5.325789997e-06	2.055267005e-05	8.141864133e-06	-7.651367762e-05	v2.7.1	
2	Broyden	0	0.05154587943	-109.4024648	-89.87068576	-0.7730778193	YY	0	0.003267192206	10.74223647	0.4045730254	self-energy	sharp_wc_2_b_35	1.3251661	2	1.248468331	-0.2985076051	1.980530355	5.257716498	0.6925865548	1.995157631	0.02921417974	42.64224747	0.002806163075	-23.00977981	1.999989008	4.24415908	0.2868480795	-0.2802583926	1.695310986	5.338030017	0.288351869	a248bdd	2x2_2C_8b_C2v_L	12.55900182	1.395730774	2	1.697232292	0.9999933305878292	0.9999999999999993	0.3115853737	-0.2659744125	2.661903616	-3.371739975	0.7218736554	-0.3032950768	-2.590039977	0.09726596173	0.03963400091	-0.01588266646	1.803142133	-1.527636431	0.2247472427	-1.230783867	-2.016929118	1.717362687	boucle_AF.py	R0:S0:1	uncorrelated	-0.01747374908	0.0635578588	-0.01776627974	0.06275102785	0.003233603538	-0.03084791254	0.003145845073	-0.03030258112	-0.003362415731	0.0001153794137	-0.003152305201	0.0003531735087	-0.001594559475	-0.0002096092587	-0.001583941633	-0.0002663720887	0.00189957197	0.000611930356	0.002232358346	0.0006021849806	0.01495204748	-0.1790842611	0.02097114585	-0.1790842636	0.1051327011	-0.3079900773	0.1005785155	-0.292458056	-0.009755086012	-0.1028798376	-0.01444887935	-0.1001423279	-0.01782609128	0.06273427595	-0.01758220905	0.06361160165	0.003121584075	-0.03029862887	0.003310789207	-0.0308533823	0.003002309543	-0.0003680329216	0.003042256718	-2.9184286e-05	0.00102596629	0.0002863935575	0.001036333892	0.0002296755066	-0.002001908579	-0.0006037302878	-0.001719387896	-0.0006327491301	-0.02085443	0.179054217	-0.0151044182	0.1791226194	0.1006452861	-0.2925300035	0.105088765	-0.3079446554	-0.0142132977	-0.1001911187	-0.00995759146	-0.1028394223	2025-01-20@08:25	2.7131637	-0.6117647067	1	-1.110223025e-16	-0.2201667741	-0.318924249	3.053113318e-16	0.10076357	-1.013347537e-05	7.815993908e-06	-6.5950405e-06	-3.428988508e-06	-3.685470206e-05	9.88686753e-06	-0.0001839206687	8.496290381e-06	-0.0002989270204	0.0001200311047	-6.701220257e-06	8.260545169e-06	-3.876158511e-07	-3.391208996e-05	2.330575936e-06	6.72730045e-05	v2.7.1	
2	Broyden	0	0.05190391035	-109.8206165	-90.91068576	-0.7493732547	YY	0	-0.00885329751	10.74223647	0.4548898515	self-energy	sharp_wc_2_b_35	1.3251661	2	1.24919034	-0.2370155472	1.922612408	5.16545118	0.6941506341	1.891701801	0.02607458817	42.64427469	0.002165144808	-23.00977802	1.999986102	4.195285059	0.1994208355	-0.2368289737	1.471777817	5.302306797	0.2837121277	a248bdd	2x2_2C_8b_C2v_L	12.68900182	1.447235513	2	1.704226952	0.9999994205770082	1.0	0.291761151	-0.3503581888	2.616981445	-3.371297762	0.7221791864	-0.2586713532	-2.517819047	0.07706921414	0.04132557581	-0.01867082975	1.786175716	-1.088212134	0.2119848499	-1.730303549	-1.993401247	1.673023646	boucle_AF.py	R0:S0:1	uncorrelated	-0.03704580416	0.1285926153	-0.03935488764	0.1342677492	-0.004740830725	-0.03854943908	-0.003634070528	-0.04106876955	-0.0004507574678	-0.004265743353	-0.004013840946	-0.005097895744	-0.003132821409	0.0005792390292	-0.002868299585	0.0007991602474	0.00195195493	0.0006683319567	0.002360315241	0.0006790554985	0.02161082833	-0.1819493183	0.01119078961	-0.1858110623	0.1132852505	-0.3563453985	0.1248657681	-0.4014413785	-0.02421350663	-0.1000989037	-0.01855507708	-0.1088680266	-0.03940733234	0.134274793	-0.03707046075	0.1286037976	-0.003629813454	-0.04106541019	-0.004749099793	-0.03854497102	0.003891883565	0.005108003195	0.0002944494185	0.004300307242	0.002305517718	-0.0007792810264	0.002550497735	-0.0005569146046	-0.002123960281	-0.0006798050878	-0.001778808851	-0.0006888156229	-0.01120576245	0.1858134262	-0.02170333869	0.1819750033	0.1248973462	-0.401459828	0.1132865591	-0.3563583332	-0.0184412823	-0.1088938793	-0.02423291384	-0.1000984593	2025-01-20@08:26	2.7131637	-0.6087261801	1	-2.220446049e-16	-0.2214303168	-0.318924249	-5.551115123e-17	0.1008756301	2.231391993e-05	-2.043939999e-05	-4.606553177e-05	1.321054945e-05	-3.187115827e-05	1.023520031e-05	-0.0001639404248	5.472108873e-06	-0.0003143964364	0.000141913126	-5.431958548e-06	-1.985843839e-06	-1.807683859e-05	1.043045767e-05	-1.490243836e-06	1.207750187e-05	v2.7.1	
2	Broyden	0	0.05027243884	-109.3334758	-89.79068576	-0.7763135868	YY	0	-0.01647499967	10.74223647	0.3993319222	self-energy	sharp_wc_2_b_35	1.3251661	2	1.248389648	-0.2912129061	1.987527297	5.167732201	0.6990997234	2.003226023	0.02974734034	42.64183938	0.002871048564	-23.00977569	1.99998748	4.227145778	0.3022467921	-0.2890257819	1.72909893	5.370472733	0.2868012825	a248bdd	2x2_2C_8b_C2v_L	12.54900182	1.390420212	2	1.696320587	1.0000060979352843	1.0	0.3067171447	-0.2518001319	2.639258935	-3.379141213	0.7215897985	-0.3093892694	-2.591943381	0.09942140802	0.04289177666	-0.01683058188	1.799175019	-1.601055721	0.2273363988	-1.164292709	-2.027121737	1.712453608	boucle_AF.py	R0:S0:1	uncorrelated	-0.01116833441	0.04193986111	-0.007012693128	0.04419948231	0.005997666755	-0.02680965811	0.007504636712	-0.02959184522	-0.002580209956	0.001644606332	-0.00284968225	0.0002733922269	-0.001026795296	-0.000590937536	-0.0008891444496	-0.0003429110154	0.002295343698	0.0006238987646	0.002796401326	0.0006167046788	0.02997147609	-0.175102357	0.005189938967	-0.1754349281	0.08281212349	-0.2417738054	0.1073538712	-0.3199989066	-0.01714166644	-0.09396823766	-0.001265526745	-0.1051215096	-0.00713908037	0.04423904489	-0.01125345081	0.04194552675	0.007676070545	-0.02960270632	0.005939197118	-0.02681334731	0.002648532398	-0.0003049820698	0.002103971605	-0.001506902701	0.0003202875383	0.0003615034802	0.0004235435324	0.0006140969281	-0.002545654338	-0.0006192994837	-0.002130488133	-0.0006436312168	-0.004838742356	0.1753552225	-0.02991616018	0.1750779	0.1071739416	-0.319765032	0.08283031021	-0.2417767548	-0.001646674281	-0.1050454866	-0.01716014026	-0.09397239563	2025-01-20@08:33	2.7131637	-0.6121888882	1	-3.60822483e-16	-0.2199999858	-0.318924249	-1.110223025e-16	0.1007329555	0.0001200689508	-0.0001091613143	-0.0002039432315	8.538099557e-05	-2.265726269e-05	3.259791273e-05	-9.459218163e-05	-3.862101396e-07	-0.0003321132115	0.000130201838	6.845836491e-06	-2.773910902e-05	-3.877045064e-05	9.2517379e-05	-2.488224102e-05	-6.7985586e-05	v2.7.1	
3	Broyden	0	0.05126899929	-109.7922478	-90.99068576	-0.7492098314	YY	0	0.006677465214	10.74223647	0.4598471579	self-energy	sharp_wc_2_b_35	1.3251661	2	1.249225926	-0.2191319363	1.914870365	5.073587465	0.7000179788	1.82072379	0.02650415123	42.64568324	0.002033339788	-23.00977669	1.999985158	4.152465406	0.1959125902	-0.2295470825	1.458300031	5.259958718	0.284750856	a248bdd	2x2_2C_8b_C2v_L	12.69900182	1.452320011	2	1.704644625	1.000005168956177	1.0	0.2837342609	-0.3567663784	2.59093504	-3.378147586	0.7189726942	-0.2576008268	-2.467722615	0.07382764672	0.04251085916	-0.01934521932	1.776777138	-1.066584878	0.2095459831	-1.760819421	-1.984882433	1.671401414	boucle_AF.py	R0:S0:1	uncorrelated	-0.03760572634	0.1352289968	-0.0361476769	0.1311379946	-0.002832005374	-0.04101313747	-0.003740873654	-0.0391032209	-0.004135755394	-0.004748066162	-0.0008731167613	-0.004240927633	-3.42709304e-06	0.0004904500558	9.583463966e-05	0.0003246893403	0.002057822882	0.0006982773308	0.002355570037	0.0006793837663	0.009474070092	-0.183943525	0.02127629219	-0.181832078	0.1215247311	-0.3965171525	0.1129872901	-0.3620763855	-0.01583932369	-0.1082772461	-0.02427953748	-0.1002906614	-0.03608850068	0.1309132814	-0.03787848218	0.1355030733	-0.004085750195	-0.0390862411	-0.002319418442	-0.04105248618	0.0005758142829	0.004266643885	0.00374350259	0.004839856372	-0.0006685189083	-0.0003037647317	-0.0005599346957	-0.0004706382693	-0.002127125369	-0.0006788602692	-0.001879521829	-0.0007202809384	-0.02084743454	0.1817019131	-0.009485613123	0.1839693127	0.1128619907	-0.361951336	0.1214894876	-0.3965088042	-0.02496658836	-0.1001135495	-0.01557103127	-0.108317603	2025-01-20@08:38	2.7131637	-0.6086665581	1	1.110223025e-16	-0.2215815969	-0.318924249	-1.110223025e-16	0.1008855572	-2.438425262e-05	-1.242789157e-05	8.297652676e-06	6.713592011e-05	-2.077597575e-05	2.43694094e-06	-0.000115319284	4.913254338e-06	-0.0003263904955	0.0001490398387	-6.292926367e-06	1.470610028e-05	-4.10962142e-07	5.533906315e-05	1.093065375e-05	-0.0001102101109	v2.7.1	
1	Broyden	0	0.04941532599	-109.4251874	-89.71068576	-0.7903075616	YY	0	0.03006343654	10.74223647	0.3945233735	self-energy	sharp_wc_2_b_35	1.3251661	2	1.248142237	-0.3294740281	1.989094514	5.360799352	0.6874701882	2.058288482	0.02947179699	42.64145905	0.002987754969	-23.00978256	1.999990534	4.290391112	0.3003220941	-0.2978826416	1.736707652	5.356686056	0.2880122265	a248bdd	2x2_2C_8b_C2v_L	12.53900182	1.385400975	2	1.695037834	0.9999839542240134	0.9999999999999998	0.3224391982	-0.253180674	2.692735024	-3.366282675	0.7235369901	-0.3103494725	-2.622256215	0.1023170678	0.03733787567	-0.01460719132	1.811256675	-1.603335072	0.2267417384	-1.126844314	-2.02432896	1.718262681	boucle_AF.py	R0:S0:1	uncorrelated	-0.005150736774	0.0400992996	-0.0105684563	0.03620738828	0.007956439784	-0.02949464941	0.005859231644	-0.02486652255	-0.0007944756834	-0.002119103422	0.0007011633706	-0.0001248995483	-0.0005503481603	-0.0001649540827	-0.0007846338188	-0.0006081260505	0.001779761585	0.0005460254378	0.001914193098	0.0005307993548	-0.004964965722	-0.1694949177	0.04157420869	-0.1694811955	0.1200016031	-0.3527788729	0.07446560917	-0.2104723322	0.003295654623	-0.1063067523	-0.02635152122	-0.08618757224	-0.01061598838	0.03619003013	-0.005228024182	0.04014780647	0.005757880413	-0.02485999099	0.008121260724	-0.02950149468	-0.0009330703821	0.0001668575056	0.0005783721356	0.002143023605	0.000217114275	0.0006306437203	2.461105759e-05	0.0001817134123	-0.001701834104	-0.0005317023562	-0.001583844743	-0.0005679613395	-0.0415717389	0.169479729	0.004741826292	0.1695403823	0.07464114595	-0.2106675332	0.1198643708	-0.3525947193	-0.02554330647	-0.08637139339	0.002737218991	-0.1062012823	2025-01-20@08:39	2.7131637	-0.6137024801	1	-2.220446049e-16	-0.2201656409	-0.318924249	-1.110223025e-16	0.100935258	-4.273281191e-07	4.130646295e-06	-1.487228665e-05	-1.156875235e-05	-4.995572801e-05	1.610584646e-05	-0.0002410815088	1.126093124e-05	-0.000275572968	0.0001086584666	-5.748916917e-06	7.134921643e-06	8.477289629e-06	-0.0001042279022	-1.613183314e-05	0.0002161433215	v2.7.1	
4	Broyden	0	0.0502370273	-109.8525177	-91.07068576	-0.768171803	YY	0	-0.02775072268	10.74223647	0.4626462557	self-energy	sharp_wc_2_b_35	1.3251661	2	1.248981255	-0.2166305933	1.917051264	5.003891429	0.7052755695	1.86505998	0.02581229914	42.64429546	0.002072724648	-23.0097724	1.999982536	4.154651291	0.1942950909	-0.2439192229	1.45595347	5.312786018	0.2797656473	a248bdd	2x2_2C_8b_C2v_L	12.70900182	1.455224477	2	1.703642447	0.9999935342853961	1.0	0.2814510011	-0.3526149935	2.570578088	-3.385339364	0.7196368405	-0.2534455486	-2.500990564	0.07422684328	0.04611283028	-0.02100407483	1.774503451	-1.058481156	0.2136955143	-1.779656578	-1.993972595	1.65073932	boucle_AF.py	R0:S0:1	uncorrelated	-0.03240641766	0.122066784	-0.03824166592	0.1395629987	-0.005053042166	-0.03588910206	-0.001279043067	-0.04403571734	0.003048774322	-0.002880275815	-0.00796358852	-0.005569218927	-0.0008675803393	6.84891858e-05	-0.0003158648924	0.0007695709031	0.002486463675	0.000708759988	0.003081542046	0.0007649981227	0.03263904128	-0.176937374	-0.003995066509	-0.1897430893	0.09846284902	-0.3075905933	0.1364764064	-0.4520112907	-0.0335211036	-0.08804615658	-0.0119098464	-0.1184771151	-0.038516794	0.1398311046	-0.03237140318	0.1218693877	-0.0008606165262	-0.04406204818	-0.005381175731	-0.03586974283	0.007739533841	0.00556010137	-0.003444601632	0.002995354783	-0.0002725624486	-0.0007502847857	0.0002255146685	-4.210443205e-05	-0.002825078671	-0.0007652546934	-0.002331448869	-0.0007287609376	0.004336064929	0.1896594186	-0.03252854159	0.1769175755	0.1364459198	-0.4519568386	0.09835700802	-0.3075198726	-0.01203371829	-0.1184315355	-0.03387245921	-0.08794162859	2025-01-20@08:52	2.7131637	-0.610702413	1	-4.440892099e-16	-0.221964285	-0.318924249	-8.326672685e-17	0.1011681727	2.040728285e-05	1.105068126e-05	-3.834191289e-05	-5.682614625e-05	-1.847162191e-05	3.528318383e-06	-8.83411544e-05	2.959943277e-06	-0.0003597069213	0.0001631030544	-7.13144411e-06	7.333908659e-06	-9.559136074e-06	-1.648004115e-05	3.876514848e-06	2.374650796e-05	v2.7.1	
2	Broyden	0	0.04762074226	-110.028524	-91.15068576	-0.814354965	YY	0	0.05143256931	10.74223647	0.4653413091	self-energy	sharp_wc_2_b_35	1.3251661	2	1.248304103	-0.2445480258	1.952189257	5.011202089	0.7117245833	1.839379884	0.02585308722	42.64427405	0.002096225201	-23.00977531	1.999984496	4.124137184	0.1969511661	-0.2789614663	1.468035041	5.181603639	0.2787696186	a248bdd	2x2_2C_8b_C2v_L	12.71900182	1.457833999	2	1.70104375	1.0000197970372	1.0	0.2935007922	-0.3123450795	2.573492603	-3.407789784	0.708286365	-0.2515365608	-2.52442428	0.07434311335	0.04343332273	-0.0197814892	1.762797306	-1.067465867	0.2222813769	-1.778273113	-1.972651992	1.625104409	boucle_AF.py	R0:S0:1	uncorrelated	-0.02671420236	0.1115375879	-0.02122769289	0.08683942097	0.004423452073	-0.04473877881	-0.003521607923	-0.03078797932	-0.01019702143	-0.007494343424	0.009603987867	-0.003207914361	0.007568511403	0.000237523069	0.009294343648	-0.001104921046	0.002625304239	0.0007586812186	0.002137083763	0.0006443853722	-0.03850064529	-0.1949843231	0.06173006937	-0.1751248708	0.1517406481	-0.5086783014	0.07022038074	-0.232595115	0.009780877957	-0.1400995728	-0.05809539252	-0.06967670407	-0.02119162072	0.08647108478	-0.027141677	0.1120717741	-0.00417710815	-0.03073812337	0.005050305645	-0.0447648306	-0.01009442166	0.003381324707	0.01003683181	0.007428696709	-0.01007284715	0.001142266454	-0.008151308965	-0.0002212859126	-0.001957439204	-0.0006408602352	-0.002408660116	-0.0007860970284	-0.06151033627	0.1750630037	0.03866064824	0.1949619748	0.0701038422	-0.2324515766	0.151807342	-0.508805607	-0.05900649544	-0.06940967235	0.01025875465	-0.1401770402	2025-01-20@09:02	2.7131637	-0.6155428974	1	-2.498001805e-16	-0.2230867101	-0.318924249	-7.395570986e-32	0.1019257085	7.680187213e-05	-9.987615903e-05	-0.0001144468225	0.0001447510083	-2.774378726e-05	9.379219422e-06	-0.000141541796	5.142572767e-06	-0.0003391001971	0.0001573726414	-3.875268022e-06	1.174159266e-05	-3.574465139e-05	0.000155009567	1.26359962e-05	-0.0002077698307	v2.7.1	
7	Broyden	0	0.005375971246	-112.9303432	-91.23068576	-0.9034439202	YY	0	-0.08054532693	10.74223647	0.5100864665	self-energy	sharp_wc_2_b_35	1.3251661	2	1.246595027	-0.2790410629	1.979185752	5.446961538	0.7061706162	1.841144951	0.100381706	42.56304534	0.01178207512	-22.78522564	1.926323199	6.396036907	0.1197099638	-0.256412446	1.193931158	4.891874543	0.2205804578	a248bdd	2x2_2C_8b_C2v_L	12.72900182	1.498366781	2	1.703506101	1.0000836807463112	0.9999999999999999	0.308216705	-0.2576516622	2.722428623	-3.427347021	0.6124363477	-0.2713545348	-3.417447175	0.1302848863	2.715233553	-1.30473862	2.498621072	-0.5854480707	0.2477196194	-2.710631628	-1.894108807	1.258196191	boucle_AF.py	R0:S0:1	uncorrelated	-0.04034321362	-0.03807254311	0.06240687207	-0.07167055142	-0.09765406919	0.03968547919	0.1164625878	-0.03496967973	-0.5546146828	0.3592392547	-0.1310683705	0.2387589187	-2.248135961	0.1533098359	0.08471098973	0.04967730553	0.7363337594	0.01122650501	2.453840087	-0.09441155933	0.396204041	-0.1619171196	0.6008431997	-0.2403952567	0.01339155965	-0.003322879244	0.004096917395	-0.1589182274	-0.1751156891	0.06869620738	0.1760113574	-0.1405834061	0.06091179371	-0.07055609004	-0.04120434305	-0.0384985412	0.1142238965	-0.03491084246	-0.096682514	0.0397540723	0.131077971	-0.2386758213	0.5551038031	-0.3593879513	-0.0776987321	-0.05005692441	2.246232902	-0.1530609233	-2.460876808	0.09476308155	-0.7293284706	-0.01125622343	-0.6000871547	0.2402067675	-0.3958908914	0.1620209611	0.004780357078	-0.1585682841	0.01300475221	-0.003215036426	0.174471061	-0.140123514	-0.1744226834	0.06862165605	2025-01-20@09:23	2.7131637	-0.6225431565	1	-1.942890293e-16	-0.2311541758	-0.318924249	-7.395570986e-32	0.1030896019	4.614020227e-05	-0.0002332934666	0.0001298245573	0.0001127274354	-9.133283765e-05	-0.0001187493366	0.0006025332639	1.835511431e-05	-0.001689437259	0.0007203015315	0.0001530254434	0.0002645699845	6.415753882e-05	-6.147935549e-05	1.885064222e-05	-0.0003661059561	v2.7.1	
24	Broyden	0	0.01451266686	-138.4857518	-89.63068576	-0.5869552115	YY	0	-0.1607925285	10.74223647	0.2863536944	self-energy	sharp_wc_2_b_35	1.3251661	2	1.248570311	0.1560969395	0.03014947331	5.560439993	0.6384452576	-10.5800609	1.896562952	44.58936833	0.03280355109	-24.88498496	1.838869915	4.844052586	0.1180739552	0.116471554	0.0574426467	5.777857775	0.3010087618	a248bdd	2x2_2C_8b_C2v_L	12.52900182	1.261353052	2	1.70919841	1.0001265862422326	1.0	0.000295982594	-0.002185572389	2.707215062	-3.091608058	0.5769045843	-0.4063196534	1.699078186	-0.1256302571	-0.4478183972	0.02120445714	0.3334530464	-0.5489766181	0.009950283104	-0.2066351597	-2.077832619	1.810994169	boucle_AF.py	R0:S0:1	uncorrelated	0.5047581625	-0.2748983197	0.1463955864	0.08454175533	-0.01760830003	0.005602773784	0.02524886057	-0.0100270819	2.157141273	0.1018299219	2.969616819	-0.4567701579	3.352023016	-0.2784065723	3.879339501	-0.1649409757	-4.873958512	0.08073589927	-5.783166246	0.6797127615	1.403454365	-0.4611727936	1.571793823	-0.1127635209	-0.437889676	0.3407107223	-0.01941850233	0.004003746442	-0.003698650492	0.001904266811	0.007400503579	-0.09431286612	0.1461474635	0.08453315885	0.5050748337	-0.2747622872	0.02270416772	-0.009492064067	-0.02075993432	0.006578499549	-2.979538641	0.4596717971	-2.186059856	-0.1006175945	-4.004168175	0.1687553508	-3.317780032	0.2748365623	5.790338906	-0.6814979625	4.861431174	-0.0803906775	-1.570434259	0.1129026666	-1.400532674	0.4602204456	-0.01947964348	0.003735030356	-0.4383553274	0.3408493231	0.01665320391	-0.09471316084	-0.005528632392	0.002177284268	2025-01-20@09:30	2.7131637	-0.5859071874	1	-3.885780586e-16	-0.2296367242	-0.318924249	5.551115123e-17	0.09693822316	-6.795971083e-05	0.0004433042039	0.0005853022784	-0.00171289172	0.007943257423	-0.00670989013	-0.1032024638	0.005936818501	0.03611683921	-0.008189510826	0.005187671498	-0.006665782646	-0.0002090120089	0.002513781331	-0.0001182860201	0.0004308526742	v2.7.1	
7	Broyden	0	-0.0260659521	-111.2628408	-91.31068576	-0.8901379626	YY	0	0.1006549459	10.74223647	0.4659380016	self-energy	sharp_wc_2_b_35	1.3251661	2	1.246827718	-0.2894077298	1.948830646	5.547665868	0.6763733815	2.141312678	0.1435549264	42.56312163	0.01559035227	-22.97026628	1.985100643	3.951122598	0.1517779788	-0.2639469576	1.304185456	4.853096686	0.2281929607	a248bdd	2x2_2C_8b_C2v_L	12.73900182	1.45601905	2	1.699273673	1.0000561981038754	1.0	0.3168798983	-0.319703001	2.732227104	-3.336455616	0.5232006419	-0.2841856317	-4.051433536	0.2133976221	0.1428305219	-0.177433907	1.657117919	-0.8687184233	0.2515138713	-2.2960401	-1.834716634	1.379084253	boucle_AF.py	R0:S0:1	uncorrelated	0.04685564287	-0.127865596	-0.01274908446	-0.05925667891	0.08510055589	0.01108093535	-0.07365249285	0.04094785811	-0.3078191864	0.3225376664	-0.7729348518	0.4677357034	-0.3390928894	0.05942006631	-1.907218471	0.1432481635	2.311514202	-0.1413576714	-0.1841218777	0.02033541187	0.007366804434	0.2251572069	0.009057044348	0.05618301679	-0.0147696241	0.4086238763	-0.03667996713	0.002304432357	0.03915136019	0.1439274951	-0.001617106922	0.00909105159	-0.01338002339	-0.05831972098	0.04819387716	-0.1298014555	-0.07258744402	0.04076792224	0.08295987757	0.01121443914	0.7713655947	-0.4672892065	0.3070686051	-0.3224796331	1.928644687	-0.1451282933	0.3112813209	-0.05790990151	0.1723353305	-0.02216862567	-2.311879502	0.1481139447	-0.02724054813	-0.04706896788	-0.01288334225	-0.2249328541	-0.03580078261	0.004732500685	-0.01535788366	0.4101945854	-0.02909868672	0.02175940732	0.01009530326	0.1543314822	2025-01-20@09:44	2.7131637	-0.6221808739	1	-4.718447855e-16	-0.2282162803	-0.318924249	-2.775557562e-17	0.1024432515	-8.803120807e-05	-0.0002033314443	0.0002217140068	0.00018739529	0.0001623105975	-0.0003958208914	0.003388115417	-7.144096669e-05	-0.1351116406	0.06439671634	-0.001796814357	-0.001355009283	7.558587211e-05	-0.001289156351	0.0004314597147	-0.00354691998	v2.7.1	
7	Broyden	0	0.0004890510239	-124.3471568	-89.47068576	-1.201655129	YY	0	0.19421933	10.74223647	0.3241388632	self-energy	sharp_wc_2_b_35	1.3251661	2	1.240881927	-2.693857789	1.878370015	6.975747507	0.5454915998	0.6055922742	0.04744377776	42.64011852	0.006215499293	-23.00978709	1.999981462	5.375869206	0.2299496542	-4.64746299	1.778370019	7.394937289	0.2483334928	a248bdd	2x2_2C_8b_C2v_L	12.50900182	1.309058593	2	1.667256	0.99998401560162	1.0	0.005294566812	-0.0005959310567	3.052430922	-2.973890061	0.002539907286	-0.005644950288	-2.967986741	0.1856026884	-0.04554323267	0.01589025598	1.770877894	-1.501100233	0.8046338312	-0.7338433647	-2.461274024	1.672248496	boucle_AF.py	R0:S0:1	uncorrelated	0.9923106956	-0.5215149413	-0.4222955541	-0.1321457125	0.006461907392	-0.002298126882	-0.003110040958	-0.000344036206	0.2110241136	0.09597046912	-0.643557138	0.34508491	0.006330813756	0.000525899485	-0.03948136619	0.00280582536	-0.03314518197	0.003648687865	-0.003793367288	-0.0001001377167	-0.5035050146	0.02964374687	0.5198318402	-0.1647398407	1.42944535	-0.6983344411	-0.2074412264	-0.004673906998	-0.2168605928	0.008026768046	-0.3993735598	0.1039300972	-0.4233024382	-0.1321073582	0.9921570977	-0.521504205	-0.00298475218	-0.0003158754432	0.005977524656	-0.002270488817	0.6436974152	-0.3451232501	-0.2107934314	-0.09602176589	0.0347860179	-0.002471542438	-0.006379686361	-0.0005954842915	0.003004992447	8.170264833e-05	0.04083494428	-0.004494422352	-0.5209093623	0.1651500021	0.5021085396	-0.02948247859	-0.2039074685	-0.004717110126	1.429168447	-0.6981146353	-0.3953189978	0.102957346	-0.2197421244	0.00821795251	2025-01-20@09:53	2.7131637	-0.6556205568	1	-8.326672685e-16	-0.23148696	-0.318924249	5.551115123e-17	0.1085948111	-0.0002050455572	0.0001330690089	7.745488745e-05	4.45569476e-06	7.727258483e-06	2.2583597e-06	-0.0009949831304	6.094427049e-05	0.004898990137	-0.001708731203	-0.000455370932	0.0004188844114	0.0003467595642	-0.0003295234342	-0.0006636445908	0.0005702306987	v2.7.1	
15	Broyden	0	-0.001167156448	-184.2912348	-89.39068576	-0.6337948761	YY	0	-0.002197105619	10.74223647	0.5079899007	self-energy	sharp_wc_2_b_35	1.3251661	2	1.24844365	0.1008571354	1.72720111	4.47525632	0.6985403454	-22.5074028	1.894213404	46.6098833	0.1383076249	-29.61053698	1.918060838	10.39040072	0.4111413121	0.07612059395	0.7090158044	4.343265576	0.2387119466	a248bdd	2x2_2C_8b_C2v_L	12.49900182	1.479524505	2	1.731960026	1.000222975936679	1.0	-0.00677109906	0.2466986809	2.457614063	-3.196197257	3.084958653	-1.435959627	4.932415429	-0.1903223423	2.474271845	-0.8706558337	-1.85822106	0.3579688898	-0.009115191898	0.09829103277	-1.840513417	1.229920399	boucle_AF.py	R0:S0:1	uncorrelated	0.2507679244	-0.4391630457	0.2623336029	-0.4478791878	-0.006634056684	0.003830225498	0.008871579965	0.003285861222	5.798512055	-0.06373191309	5.52837604	-0.04946404739	7.679204799	-0.4898458642	6.978784253	-0.4581795047	-6.874629254	0.1535085676	-6.895465884	0.1750918661	3.298362595	-0.7089110103	3.202928116	-0.6643221581	-0.1877871744	0.6667251046	-0.2172354153	0.7469860102	0.008773302057	-0.009741680192	-0.002084023913	-0.01297680878	0.2495182121	-0.4545765045	0.2373309737	-0.4452937561	0.01146798618	0.003709924118	-0.004472794902	0.004272456508	-5.463179835	0.0528338337	-5.846757746	0.07021595161	-7.144838881	0.4656387511	-7.470494287	0.4749672033	6.761290895	-0.1576929087	6.983657699	-0.1441682345	-3.211472093	0.6901245541	-3.272933639	0.7218750122	-0.1843053716	0.7026980515	-0.1499623296	0.6138320742	-0.00103581891	-0.01665331298	0.008553461289	-0.01294857431	2025-01-20@10:33	2.7131637	-0.5880657756	1	-3.60822483e-16	-0.2374006456	-0.318924249	2.775557562e-17	0.1026601157	-0.0001489564513	-2.30807273e-05	-0.0002767059994	0.0005861987106	0.05434862138	-0.02674433887	-0.1363240126	0.00308467562	0.129627598	-0.03972404675	0.03286460262	-0.005998447098	-0.000283095495	-0.000292344992	0.0004536099739	-0.01036301732	v2.7.1	
21	Broyden	0	0.006121416843	-118.7325143	-91.39068576	-0.7088262207	YY	0	-0.003144793395	10.74223647	0.553596443	self-energy	sharp_wc_2_b_35	1.3251661	2	1.249313149	-0.09338857341	0.2098319341	4.95004583	0.6845310784	1.684493183	0.01373706517	43.18368998	0.005807262453	-23.8978103	1.825591829	13.14676049	0.1270928402	-0.09823475467	1.19003435	4.431416782	0.2591394957	a248bdd	2x2_2C_8b_C2v_L	12.74900182	1.539275922	2	1.721560845	1.0000397550639195	1.0	0.2357769372	-1.73874433	2.602558046	-3.211158908	0.6990876652	-0.1187136362	-2.548799905	0.04711946787	4.569867303	-2.031294027	4.342539341	-0.4591381623	-0.1869342875	2.829715643	-1.834718811	1.367674092	boucle_AF.py	R0:S0:1	uncorrelated	-0.01477883066	0.01586468748	0.01487657289	-0.01849795967	-0.1282511955	0.04218632691	0.1269154379	-0.03800710976	-0.1319039392	0.0327757798	0.1192922304	-0.02079093883	-1.722335039	0.07363682587	1.662134673	-0.0668131449	2.984348907	-0.05320935443	3.017191761	-0.05768902918	1.742753749	-0.3258257085	1.75193811	-0.3254491725	-0.008371189245	0.03192809381	-0.00976094385	0.0377712395	-0.005398340088	-0.001736220926	0.001529063141	-0.006927176803	0.01486063045	-0.01852022929	-0.0147500969	0.01583750875	0.1272106812	-0.03810781954	-0.1278898001	0.04208339372	-0.1191489397	0.02076402888	0.13204591	-0.03280837512	-1.658523476	0.06667052851	1.726478271	-0.07382767198	-3.018490187	0.05776825747	-2.985202078	0.05325540876	-1.752813523	0.3255110383	-1.743715615	0.3259238053	-0.009901361576	0.03791114611	-0.008508947926	0.03206204655	0.001721507999	-0.007050879818	-0.005235844603	-0.001853497623	2025-01-20@10:50	2.7131637	-0.6002339966	1	-2.775557562e-16	-0.2310804818	-0.318924249	2.775557562e-17	0.1009934742	-4.20956316e-06	-4.288322806e-05	0.0001422360295	5.532207627e-05	-2.780872424e-05	2.269839781e-06	-8.84457878e-05	-2.268675175e-05	-0.000718163796	0.0002371388139	-0.0003695130415	3.835709783e-05	-2.816200965e-06	-7.164543129e-05	2.16257097e-06	-0.000168983876	v2.7.1	
17	Broyden	0	0.0002154501734	-161.5363398	-89.31068576	-0.5774215048	YY	0	0.0002970783011	10.74223647	0.5153824191	self-energy	sharp_wc_2_b_35	1.3251661	2	1.248932267	-4.668353197	1.265864321	0.188296919	0.5291873805	24.57291972	0.1947401884	40.3372229	0.1132507893	-23.18568964	1.907401616	12.94739243	0.3453535518	-11.45216505	1.851638034	0.58917011	0.3793027617	a248bdd	2x2_2C_8b_C2v_L	12.48900182	1.4835948	2	1.738555518	0.9919137351057559	1.0	-0.01235459834	-0.1913260256	-0.08040596686	1.174818506	4.749832414	-0.1675591422	-6.939445686	0.2983740429	2.437173842	-1.110757082	-2.246668767	0.2415508271	-0.01861726676	-0.02957462131	0.03223000005	-0.09584398217	boucle_AF.py	R0:S0:1	uncorrelated	-2.505564683	0.8343210455	-2.519967163	0.8443785368	-0.2908470747	0.2344055336	-0.2912214068	0.2241346548	-4.891129528	0.5207741631	-4.977824118	0.5315734968	-5.599745757	0.4107768871	-5.399409012	0.3976484269	6.06872879	-0.1331447685	6.155859193	-0.1342714825	-3.708875434	0.6696874902	-3.635059411	0.6575014365	3.325364125	-0.1414308233	3.400160111	-0.1761398633	-0.3139330139	0.6044038181	-0.3342474395	0.6592466327	-2.513348846	0.8341163561	-2.509393107	0.8447500323	-0.2878250374	0.2299961755	-0.2947820964	0.2295494605	4.898863864	-0.5208506023	4.964268158	-0.5311818067	5.610608741	-0.4115985709	5.385960547	-0.3968766407	-6.076322241	0.132441059	-6.234480534	0.1361490786	3.69602262	-0.6688391512	3.692880428	-0.6670029496	3.310317521	-0.1399173617	3.376965291	-0.1739476601	-0.3125785036	0.6029760201	-0.3310049095	0.6511822685	2025-01-20@11:10	2.7131637	-0.5808058786	1	-2.220446049e-16	-0.2389523484	-0.318924249	-7.395570986e-32	0.1026662654	-0.01612718944	0.002109768962	0.006097229166	-0.0399771301	0.0532611631	-0.002915190068	0.09833890484	-0.001671900176	0.1107773564	-0.047566668	0.05673003054	-0.00609858172	-1.647837261	1.262668677	-0.2471277692	0.2816795394	v2.7.1	
10	Broyden	0	1.640571954e-06	-421.3743412	-89.23068576	-0.330282328	YY	0	-0.002659509496	10.74223647	0.528089355	self-energy	sharp_wc_2_b_35	1.3251661	2	1.251430173	4.180109422	0.7546143584	-0.07086704073	0.2636552826	-83.92932173	1.961516841	70.35877671	0.2799672365	-57.52499215	1.949146585	36.07377598	0.4888611726	17.07561193	0.05727513892	-8.70204392	1.584769116	a248bdd	2x2_2C_8b_C2v_L	12.47900182	1.483491011	2	1.760433987	1.0002110881767519	1.0	2.386210732	-3.262856488	-0.2436197614	1.910195124	5.278147466	-0.7615660074	5.063887548	-0.07359310065	-0.6608764782	0.1164404879	0.5697681473	-0.02952256852	-5.285590343	0.5923713063	-2.834252987	2.983448648	boucle_AF.py	R0:S0:1	uncorrelated	0.005001963319	0.002701817059	0.002332484869	0.001793681582	-0.003304193711	0.01632042048	-0.004381225884	0.01832409442	17.77153464	-0.05690005972	18.63321032	-0.08078418391	15.64505752	-0.6659809793	16.17978651	-0.6661657424	-16.53622614	0.153930688	-16.53135336	0.1547390865	12.0635045	-0.8123006558	12.06948536	-0.8130105398	0.3151661255	-0.04387671231	-0.1234645899	0.01742606045	-0.02065748993	0.0008437794297	0.2066306082	-0.01122916296	-0.005942140306	0.004646112094	-0.001912194107	0.005460797758	-0.005256048432	0.01980513174	-0.004020641069	0.01767301324	-18.54763563	0.08230601266	-17.9369228	0.05896911855	-16.35516607	0.6713815791	-15.53004017	0.6597342408	16.43667264	-0.1533165442	16.38099419	-0.1517950964	-11.95949924	0.806616768	-11.9544409	0.8067176738	0.3248554173	-0.0448253197	-0.1276693476	0.01842428626	-0.01423762257	0.0003628396563	0.2063678024	-0.01179973302	2025-01-20@11:37	2.7131637	-0.5512980632	1	-2.498001805e-16	-0.2401206781	-0.318924249	-7.395570986e-32	0.102106942	0.00010854141	0.000192862544	-1.378224169e-05	0.0004562267203	0.2618689579	-0.03677263627	-0.1885650552	0.003960360985	0.2149395909	-0.03687328122	0.124492209	-0.006995405042	0.006266339228	-0.001045184806	-0.001591768759	0.001524596162	v2.7.1	
7	Broyden	0	0.000281105077	-229.7931722	-91.55068576	-0.8242205692	YY	0	0.001042083422	10.74223647	0.6385493094	self-energy	sharp_wc_2_b_35	1.3251661	2	1.24750369	-2.492035938	1.995454857	18.71549134	0.6672054646	0.05850653286	1.812279258	45.23569742	0.0880506779	-36.01068101	1.985361899	-16.60307455	1.691656464	-12.87440938	1.975268207	-3.09270267	1.988391323	a248bdd	2x2_2C_8b_C2v_L	12.76900182	1.620671179	2	1.72389771	0.9953250469225345	0.9999999999999998	-0.2552322827	0.1013554606	8.567521461	-3.231084967	-0.01479649278	0.07212667365	-1.837536962	0.07826809667	-0.6585035449	0.2182316224	0.1601328339	-0.08399747142	0.04899359338	-0.05108624352	0.004642333993	-0.008007545002	boucle_AF.py	R0:S0:1	uncorrelated	0.9917806662	-0.01587926896	-0.9561992	-0.004134774714	0.8531198441	-0.08303507952	-0.7720588303	0.07578511186	0.1925775269	-0.4000152138	-0.2031630969	0.3950667435	11.12555846	-0.2753178872	-10.93014366	0.2636212335	5.468053794	-0.04240078775	2.938532541	-0.05204538716	0.1623290357	7.035939502e-05	-0.3584096579	0.008298430345	-3.660096797	0.07988887938	4.896838412	-0.0876446604	-1.470901045	0.02406850949	-1.270135786	0.01710043686	-0.9357454884	-0.009355576516	0.9890841679	-0.01121648446	-0.8381748224	0.08438374525	0.7395357628	-0.07320796291	0.2089624738	-0.4028873954	-0.1933301765	0.3937646171	11.05066567	-0.2675332324	-10.98025422	0.2684468225	-1.568480094	0.03348545364	-6.468263699	0.0601215258	-0.2701840676	-0.003306578264	0.7003838867	-0.01466189327	4.992852772	-0.08579788552	-3.113565566	0.07989295222	-1.299912616	0.01817956652	-1.477436594	0.02513676866	2025-01-20@12:35	2.7131637	-0.6103044953	1	-5.551115123e-17	-0.23913688	-0.318924249	-2.775557562e-17	0.1031495924	-0.0124564921	0.003523636684	-0.03356139034	-0.004823337015	0.000764281853	-0.003588265356	0.1037819387	-0.004250214852	1.152989251	-0.3684120036	4.273260635	-2.728963474	0.08946244099	-0.07756367698	0.002885806937	-0.01047090918	v2.7.1	
9	Broyden	0	0.0003081578558	-135.2337199	-91.63068576	-0.4835348065	YY	0	0.03314692549	10.74223647	0.5562609659	self-energy	sharp_wc_2_b_35	1.3251661	2	1.251923776	-0.03843037845	0.2376975446	7.967570297	0.6962405567	1.553234567	0.02575274365	44.0424984	0.03917481672	-27.09364431	1.750242957	25.93880752	0.1397135231	0.04918195962	0.6685130917	4.27116644	0.1933849849	a248bdd	2x2_2C_8b_C2v_L	12.77900182	1.535266899	2	1.739304647	1.0000679293595793	0.9999999999999998	-0.2070099012	1.731564599	3.922966474	-3.157450538	0.6339029537	-0.08308533681	-3.145817774	0.111666341	6.307703271	-2.269482789	7.173649047	-0.576737682	1.302904509e-05	-0.001110813769	-1.797516472	0.9972938044	boucle_AF.py	R0:S0:1	uncorrelated	0.02578201017	-0.02360013119	-0.01629068063	-0.01187388722	-0.5977929738	0.1253816844	0.5921888215	-0.130864485	-0.3279844482	0.0736738236	0.3065365745	-0.06137384628	-5.327832477	0.1851349328	5.250196628	-0.2030036225	4.420151059	-0.1349165762	4.382838966	-0.04220979664	3.713297984	-0.3082746263	3.698834839	-0.3783693227	-0.2344425994	0.9219449501	-0.08116620124	0.3146797164	-0.01079412681	0.00250202273	0.007816853704	-0.0008966007422	-0.01626789345	-0.01199557573	0.02580902036	-0.02370481502	0.5921201213	-0.1308325805	-0.5985843853	0.1254550349	-0.3065704307	0.06126629735	0.3278690194	-0.07375750294	-5.252084979	0.2030380391	5.325599479	-0.1851189259	-4.415979064	0.04245825621	-4.396687974	0.1341202897	-3.681746591	0.3765894698	-3.740381501	0.3106040176	-0.08120433569	0.314855707	-0.2344647231	0.9218750417	0.008338459894	-0.0009728559807	-0.01025001477	0.002475972102	2025-01-20@13:00	2.7131637	-0.5742955813	1	-1.942890293e-16	-0.230442372	-0.318924249	8.326672685e-17	0.09903580613	-0.000238847487	0.001042550562	-0.0001430927162	0.0005069262648	-4.948706985e-05	3.917687642e-05	-0.0004913912788	5.417017772e-05	-0.008645070055	0.002879483909	0.006755635382	-0.000546750973	1.046261165e-05	-0.0001491400541	1.088848653e-06	-0.0002742746364	v2.7.1	
3	Broyden	0	-0.0007115379148	-490.0180865	-91.71068576	-0.3752228622	YY	0	-0.0003450043776	10.74223647	0.6188869324	self-energy	sharp_wc_2_b_35	1.3251661	2	1.252988651	0.08087254364	0.8199846615	49.95321534	0.5521864268	-11.40072699	1.94406552	66.34116344	0.1227351728	-57.60905363	1.813829701	-70.08155343	1.879160989	-34.60067455	1.979085848	-3.657585552	1.988080819	a248bdd	2x2_2C_8b_C2v_L	12.78900182	1.591208938	2	1.75418727	0.9950427757946507	1.0	-0.002599820563	9.572566104e-05	20.47723801	-3.060775715	-1.30939503	1.282436258	0.3955343855	-0.01255887429	-10.51269489	2.052334552	-4.414621895	0.7311292164	-0.1876552145	0.06125090467	0.02440714399	-0.1179999288	boucle_AF.py	R0:S0:1	uncorrelated	0.1952544937	-0.2932116459	-0.1943874904	0.291794656	-0.1411514387	0.03064628493	-0.03536032601	0.01183155949	2.264094681	0.01789940882	-2.526978519	0.01568184195	21.74173503	-0.2856876794	-21.86673483	0.2887315637	-0.3587536702	-0.001142295242	7.358171746	-0.03625642696	-1.70161294	0.00879403352	-4.110089494	0.01744927416	-12.35454969	0.07251479815	10.67011311	-0.07462890454	-1.66344343	0.01887934555	-1.653939091	0.01892397467	0.1969574482	-0.294197533	-0.1897160016	0.2852335325	0.65482896	-0.004006939378	-0.4399399584	0.02226140465	-2.602563203	0.02325855997	2.434745983	0.003138384284	21.9466032	-0.2942623208	-21.804287	0.2875973971	0.3821883514	0.001794051854	-5.216349436	0.0353349252	2.129035398	-0.009385185951	3.972505703	-0.01542501662	12.30272389	-0.07270922042	-11.44223615	0.07563224673	-1.678129991	0.0186390581	-1.640770825	0.01863980527	2025-01-20@13:13	2.7131637	-0.5602909489	1	-3.885780586e-16	-0.2335576092	-0.318924249	-7.395570986e-32	0.09962772774	-0.1322777384	1.392878729	-0.00380184929	-0.002983689052	-0.0458463563	0.04221656735	-0.08383744037	-0.001545763496	-3.373946977	0.643721186	9.750317727	-1.601569193	-0.1455296275	0.05018551806	0.001502379963	0.001251689322	v2.7.1	
