CDMFT_iterations	CDMFT_method	D	D_ave	E0_1	E0_2	E_kin	GS_consistency	U	U_1_ave	convergence	dist_function	e	e_2_ave	e_ave	eb1_1	eb1_1_ave	eb2_1	eb2_1_ave	eb3_1	eb3_1_ave	eb4_1	eb4_1_ave	eb5_1	eb5_1_ave	eb6_1	eb6_1_ave	eb7_1	eb7_1_ave	eb8_1	eb8_1_ave	githash	model	mu	mu_1_ave	mu_2_ave	mu_ave	n_1	n_2	sb1_1	sb1_1_ave	sb2_1	sb2_1_ave	sb3_1	sb3_1_ave	sb4_1	sb4_1_ave	sb5_1	sb5_1_ave	sb6_1	sb6_1_ave	sb7_1	sb7_1_ave	sb8_1	sb8_1_ave	script	sector_1	sector_2	tb1_1	tb1_1_ave	tb2_1	tb2_1_ave	tb3_1	tb3_1_ave	tb4_1	tb4_1_ave	tb5_1	tb5_1_ave	tb6_1	tb6_1_ave	tb7_1	tb7_1_ave	tb8_1	tb8_1_ave	time	tpd	tpd_ave	tpp	tpp_2_ave	tpp_ave	tppp	tppp_2_ave	tppp_ave	version	
2	Broyden	0	0.04527597714	-99.96133945	-173.7905549	6.135057864	YY	12.73357601	0.4213746674	self-energy/D	sharp_wc_2_b_35	3.199839199	2	1.240949521	0.002267627408	0.04018317321	-3.407959567	1.96219926	-4.392478791	1.742124042	-0.1772223108	1.489997077	-4.395796476	1.742382414	-0.1775418833	1.490403798	0.2400206813	0.006271569068	-3.799659346	1.225915262	a248bdd	2x2_2C_8b_C2v_L	14.06174888	1.413178972	2	1.696607994	0.9999999998663962	1.0000000000000004	0.0008003584652	-0.004970167903	1.542489044e-05	0.0002811265624	0.02516904311	0.2550801085	-0.1790211385	1.648948013	0.02533237284	0.2550154183	-0.179101728	1.648920021	0.0002639125496	-0.003918267676	0.0002027124378	-0.001533673932	boucle_copy.py	R0:S0:1	uncorrelated	-0.1070795569	0.7327104551	-1.071124291	0.3595934055	1.791406796	-1.523475734	0.1337310345	-1.239081392	-1.792033748	1.522582134	-0.1337910877	1.238509483	0.3192351109	-0.2808901525	-2.291076403	3.41893033	2024-10-21@11:38	2.446978869	-0.6220530162	1	5.70323623e-16	-0.2370057808	-1.376613401	-3.989644749e-16	0.1210675887	v2.7.1	
2	Broyden	0	0.04486300127	-100.1757954	-174.5905549	6.17956076	YY	12.73357601	0.4285465097	self-energy/D	sharp_wc_2_b_35	3.199839199	2	1.241685748	-0.003655366398	0.04261409081	-3.408380379	1.962481657	-4.392582099	1.746362349	-0.1704402454	1.471262484	-4.39587067	1.746476038	-0.1708783349	1.471197326	0.2256281508	0.00621428151	-3.801237396	1.222417457	a248bdd	2x2_2C_8b_C2v_L	14.11174888	1.420540335	2	1.699951631	0.9999999997402913	1.0000000000000004	0.0008140985112	-0.006938209289	-7.369756792e-05	-6.646384458e-05	0.02484125555	0.2502057421	-0.177151975	1.704729439	0.02487293768	0.2500505519	-0.1772533712	1.704874799	-0.000223547967	0.003241373071	-2.371161766e-05	0.0008517356772	boucle_copy.py	R0:S0:1	uncorrelated	-0.1083501119	0.7547713262	-1.068001364	0.3541184222	1.787051394	-1.495183012	0.1308495143	-1.238352645	-1.787684125	1.494988518	-0.1310188474	1.238798976	0.3148900488	-0.2786279226	-2.283818443	3.426324947	2024-10-21@11:42	2.446978869	-0.6176250666	1	-7.020512424e-17	-0.2363586979	-1.376613401	-3.555599407e-16	0.1203438501	v2.7.1	
3	Broyden	0	0.04413167792	-100.4042018	-175.3905549	6.227927922	YY	12.73357601	0.4358740345	self-energy/D	sharp_wc_2_b_35	3.199839199	2	1.242478082	-0.006355191024	0.04507918415	-3.408751213	1.962724883	-4.392475739	1.750638736	-0.1670231417	1.454550341	-4.395759518	1.750855227	-0.167374523	1.455021609	0.2141636617	0.006205352027	-3.801391979	1.218909486	a248bdd	2x2_2C_8b_C2v_L	14.16174888	1.428057196	2	1.703481348	0.9999999997133218	0.9999999999999998	0.0008309215269	-0.008252716814	-4.456982878e-06	0.000204931225	0.0258044624	0.2418367328	-0.1763199695	1.759224934	0.02598975239	0.2418729047	-0.1764246637	1.759062693	0.0001737293336	-0.003741720752	0.0003012971016	-0.001722191656	boucle_copy.py	R0:S0:1	uncorrelated	-0.1101657085	0.7781475252	-1.065570897	0.3488425494	1.783811317	-1.466662371	0.1284729015	-1.233502342	-1.784429121	1.465987234	-0.1285623071	1.233145977	0.3114851116	-0.2772604192	-2.27575464	3.433396036	2024-10-21@11:48	2.446978869	-0.6128221239	1	-4.677452659e-16	-0.2356495531	-1.376613401	-3.260119675e-18	0.1195264814	v2.7.1	
25	Broyden	0	0.03029933221	-98.79242416	-176.1905549	6.197775195	YY	12.73357601	0.4548527737	self-energy/D	sharp_wc_2_b_35	3.199839199	2	1.24226371	-0.0206001652	0.5880785924	-3.421423052	1.962215799	-4.133357495	1.728018488	-0.06817473158	1.312644973	-4.090922739	1.726925297	-0.0811333782	1.281983729	0.1108004836	1.419431149	-3.684933053	1.308447606	a248bdd	2x2_2C_8b_C2v_L	14.21174888	1.447832453	2	1.70313424	0.9999999996090907	0.9999999999999996	-0.0325909559	0.5046737988	0.003166359477	-0.0127554802	0.01282239214	0.1593356192	-0.1488066353	1.937964601	0.01368953892	0.1258189359	-0.1501981995	1.933836345	-0.008744150428	0.5723693534	0.001030095619	0.1202735956	boucle_copy.py	R0:S0:1	uncorrelated	-0.1196594914	0.8280525862	-1.059755472	0.3421656038	1.730479703	-1.534639868	0.0841861429	-1.094882588	-1.721608541	1.535802599	-0.09237107092	1.144829924	0.2664120114	-1.463356815	-2.218625033	3.118501261	2024-10-21@12:27	2.446978869	-0.6163382441	1	-6.876760765e-16	-0.2359783675	-1.376613401	4.037168195e-16	0.1198404898	v2.7.1	
17	Broyden	0	0.006869516972	-98.33099414	-176.9905549	6.248605417	YY	12.73357601	0.4640758515	self-energy/D	sharp_wc_2_b_35	3.199839199	2	1.243122333	0.01876047323	1.843260109	-3.484167462	1.961077112	-3.938961232	1.71789002	-0.02894995143	1.176507305	-3.9735759	1.720606749	-0.03227454943	1.18834612	0.1090382682	1.650324703	-3.693577508	1.329030002	a248bdd	2x2_2C_8b_C2v_L	14.26174888	1.457391875	2	1.706743567	0.999999999751102	0.9999999999999996	-0.1260919348	1.056495115	3.63579368e-05	-0.0028680866	0.001638542451	0.01613238515	-0.1528675073	2.251980396	0.00121210726	0.01480974727	-0.1546903834	2.257616705	-0.0004332592128	0.0350475559	0.0003822873755	0.007747891229	boucle_copy.py	R0:S0:1	uncorrelated	-0.00260946277	0.04914050754	-1.066678251	0.3452181786	1.687205007	-1.547743029	0.01833232701	-0.2652076499	-1.695726647	1.539469234	-0.0128759101	0.1863430399	0.2682865869	-1.712177309	-2.213063082	3.046399287	2024-10-21@12:57	2.446978869	-0.61145027	1	-5.179188989e-16	-0.2352346301	-1.376613401	5.826572295e-16	0.1187570738	v2.7.1	
5	Broyden	0	0.00801449533	-99.57228677	-177.7905549	6.296495499	YY	12.73357601	0.4730237838	self-energy/D	sharp_wc_2_b_35	3.199839199	2	1.243897971	-0.05897999315	1.810413723	-3.505837129	1.968147843	-4.060036135	1.737325771	-0.0432502285	1.100462634	-4.065321767	1.746635159	0.1296632746	0.7393935019	-0.1483424234	1.426165426	-3.729494628	1.277565718	a248bdd	2x2_2C_8b_C2v_L	14.31174888	1.466252472	2	1.710289374	0.9999999997871678	1.0000000000000002	0.07846225232	-0.7401627928	0.00513941101	-0.03048194925	-0.002327870085	0.0966254042	-0.1479338615	2.245908414	0.01500687119	0.1161852488	0.1077763377	-1.135367829	-0.2767135334	0.8841381728	0.01545226637	0.1292125978	boucle_copy.py	R0:S0:1	uncorrelated	0.1081559664	-0.2539058785	-1.06688506	0.2980804857	1.707716397	-1.458128827	-0.05422872795	0.6814442035	-1.709254376	1.426070309	-0.164269293	2.059066426	-0.08829619081	1.065359535	-2.214509372	3.224905641	2024-10-21@13:07	2.446978869	-0.6065781578	1	7.137474002e-17	-0.2346017255	-1.376613401	-3.164974494e-16	0.1180839843	v2.7.1	
9	Broyden	0	-0.004161241814	-99.16125047	-178.5905549	6.347925235	YY	12.73357601	0.4811425321	self-energy/D	sharp_wc_2_b_35	3.199839199	2	1.244767377	0.02369083129	1.864677304	-3.686985866	1.96417355	-3.92543646	1.728125801	-0.03387348167	1.219225393	-3.929933351	1.728463606	-0.03391575792	1.220642312	0.1080940372	1.657019049	-3.701566905	1.32821	a248bdd	2x2_2C_8b_C2v_L	14.36174888	1.474865597	2	1.713833417	0.9999999997865885	1.0000000000000002	0.1277067821	-1.07352496	-0.0001624975369	-0.001016095182	-0.001499388412	-0.009309940993	-0.1540438953	2.315068895	-0.0006887867492	-0.009155488227	-0.1542943862	2.318211093	9.418943926e-05	0.00222109598	-0.0001818278598	0.001277985335	boucle_copy.py	R0:S0:1	uncorrelated	0.0009968465299	-0.02584844169	-1.089236717	0.3210244129	1.678224992	-1.482354649	-0.01157813342	0.1671683694	-1.679223644	1.481316242	0.007509976494	-0.1103089208	0.2666436384	-1.763788519	-2.201943938	3.04178315	2024-10-21@13:25	2.446978869	-0.6017270747	1	3.430061026e-16	-0.2336457847	-1.376613401	-3.798571592e-16	0.1169690384	v2.7.1	
CDMFT_iterations	CDMFT_method	D	D_ave	E0_1	E0_2	E_kin	GS_consistency	U	U_1_ave	convergence	dist_function	e	e_2_ave	e_ave	eb1_1	eb1_1_ave	eb2_1	eb2_1_ave	eb3_1	eb3_1_ave	eb4_1	eb4_1_ave	eb5_1	eb5_1_ave	eb6_1	eb6_1_ave	eb7_1	eb7_1_ave	eb8_1	eb8_1_ave	githash	model	mu	mu_1_ave	mu_2_ave	mu_ave	n_1	n_2	sb1_1	sb1_1_ave	sb2_1	sb2_1_ave	sb3_1	sb3_1_ave	sb4_1	sb4_1_ave	sb5_1	sb5_1_ave	sb6_1	sb6_1_ave	sb7_1	sb7_1_ave	sb8_1	sb8_1_ave	script	sector_1	sector_2	tb1_1	tb1_1_ave	tb2_1	tb2_1_ave	tb3_1	tb3_1_ave	tb4_1	tb4_1_ave	tb5_1	tb5_1_ave	tb6_1	tb6_1_ave	tb7_1	tb7_1_ave	tb8_1	tb8_1_ave	time	tpd	tpd_ave	tpp	tpp_2_ave	tpp_ave	tppp	tppp_2_ave	tppp_ave	version	
2	Broyden	0	0.04527474721	-99.96010478	-173.7905549	6.135046039	YY	12.73357601	0.4213761687	self-energy/D	sharp_wc_2_b_35	3.199839199	2	1.24094941	0.00229376198	0.040181158	-3.408013234	1.962198649	-4.392241703	1.742111399	-0.1772032912	1.490003339	-4.395555928	1.742370114	-0.1775218313	1.490412114	0.2400110383	0.006271414279	-3.799544737	1.225907614	a248bdd	2x2_2C_8b_C2v_L	14.06174888	1.413180724	2	1.696606899	0.9999999998693898	1.0000000000000004	0.0007999001358	-0.004962284299	1.552306793e-05	0.0002827966202	0.0251639619	0.2550845779	-0.1790099467	1.648893608	0.02532718733	0.2550211418	-0.1790903914	1.648865614	0.0002656453563	-0.003942294483	0.0002035953486	-0.001542050453	boucle.py	R0:S0:1	uncorrelated	-0.1070800244	0.7327004625	-1.071142302	0.3595978434	1.791359639	-1.52351235	0.133724723	-1.239072815	-1.791986088	1.522616601	-0.133783887	1.238494991	0.3192242409	-0.2808871098	-2.29104242	3.418934153	2024-10-21@13:57	2.446978869	-0.6220545369	1	5.70323623e-16	-0.2370056001	-1.376613401	-3.989644749e-16	0.1210676224	v2.7.1	
2	Broyden	0	0.04500918525	-99.70310611	-172.9905549	6.093509347	YY	12.73357601	0.4142414613	self-energy/D	sharp_wc_2_b_35	3.199839199	2	1.240264361	0.001853704833	0.03869391727	-3.407866247	1.961872963	-4.391486573	1.737986172	-0.1766229371	1.506344202	-4.394790681	1.738156887	-0.1769259208	1.506392225	0.2412322715	0.006206249895	-3.798139586	1.230057591	a248bdd	2x2_2C_8b_C2v_L	14.01174888	1.405894628	2	1.693329047	0.9999999998279474	1.0	0.0007927905147	-0.004905211999	1.156763635e-06	4.929974246e-05	0.02413601195	0.256275565	-0.1782827473	1.59353933	0.02424149139	0.2560587181	-0.1783951053	1.593746946	6.981671673e-05	-0.0008032643964	-2.103782889e-05	-0.0001513964099	boucle.py	R0:S0:1	uncorrelated	-0.1060997793	0.71631894	-1.072279579	0.3655854053	1.795284788	-1.550750354	0.1342352955	-1.232025865	-1.79591929	1.550292076	-0.1343447431	1.232052869	0.3187241575	-0.2796516296	-2.296933664	3.410551593	2024-10-21@14:00	2.446978869	-0.6262366387	1	-3.282862895e-16	-0.2375780941	-1.376613401	7.024993837e-16	0.1216832706	v2.7.1	
2	Broyden	0	0.0446621619	-99.46120337	-172.1905549	6.052896254	YY	12.73357601	0.4076901177	self-energy/D	sharp_wc_2_b_35	3.199839199	2	1.239587973	0.00391468035	0.03749092188	-3.407625939	1.961545946	-4.390670547	1.734256127	-0.1768133495	1.521138416	-4.393954263	1.734388005	-0.1771456582	1.52106799	0.2512745916	0.006248356364	-3.797357665	1.233919652	a248bdd	2x2_2C_8b_C2v_L	13.96174888	1.39917619	2	1.690200635	0.9999999998015805	0.9999999999999997	0.0007867987629	-0.004379841297	-9.898239035e-06	4.394866391e-07	0.02299847583	0.2577144252	-0.1791343747	1.55116019	0.02307932061	0.2574706426	-0.179261386	1.551407088	-4.941052035e-05	0.0005655954888	-6.113186807e-05	0.0002536356031	boucle.py	R0:S0:1	uncorrelated	-0.1055223461	0.7032751147	-1.07428474	0.371190948	1.800264293	-1.575474102	0.1330791821	-1.214652539	-1.8009083	1.575206474	-0.1332161584	1.214941139	0.3213705512	-0.2808343049	-2.304352813	3.402698361	2024-10-21@14:04	2.446978869	-0.6302917011	1	1.33419625e-15	-0.2381870739	-1.376613401	-2.461276886e-16	0.122294723	v2.7.1	
2	Broyden	0	0.04454109633	-99.25183441	-171.3905549	6.015844969	YY	12.73357601	0.4013866722	self-energy/D	sharp_wc_2_b_35	3.199839199	2	1.23896606	0.008441624224	0.0353682008	-3.407436899	1.96142169	-4.39023889	1.730852006	-0.1821268515	1.542794466	-4.393468174	1.731020113	-0.1822132223	1.542897356	0.2719851959	0.006342429288	-3.798087976	1.237511791	a248bdd	2x2_2C_8b_C2v_L	13.91174888	1.392703453	2	1.687274318	0.9999999997663512	0.9999999999999996	0.0007558234599	-0.003559451533	4.260846172e-05	0.0001868257017	0.02216359919	0.2623896431	-0.1807561094	1.499279657	0.02224498718	0.2622971639	-0.1807949566	1.499305365	0.0002163249889	-0.002518302689	0.0001928132746	-0.001107868776	boucle.py	R0:S0:1	uncorrelated	-0.1041677997	0.6831201423	-1.07705874	0.3752767316	1.804967024	-1.598925561	0.1336426416	-1.198576566	-1.805584573	1.598452422	-0.1336974507	1.198613676	0.3267635281	-0.2836124149	-2.313840516	3.39593705	2024-10-21@14:07	2.446978869	-0.6339986273	1	-3.634902708e-16	-0.2387089064	-1.376613401	5.631911399e-16	0.1228524705	v2.7.1	
6	Broyden	0	0.04460117522	-99.12799887	-170.5905549	5.982071844	YY	12.73357601	0.3949549648	self-energy/D	sharp_wc_2_b_35	3.199839199	2	1.238392711	0.01996296772	0.03263609056	-3.400198386	1.96131213	-4.391584968	1.728048367	-0.195428557	1.572304426	-4.395124365	1.728361613	-0.1945227011	1.572583502	0.298320363	0.006494475601	-3.824909238	1.243223113	a248bdd	2x2_2C_8b_C2v_L	13.86174888	1.386090014	2	1.684482632	0.9999999997747941	1.0000000000000002	0.00173802991	-0.006109214648	0.0001442136624	0.0004337151005	0.02236290754	0.2689976335	-0.1840617928	1.437388317	0.02228781795	0.2690752511	-0.1837407865	1.437193706	0.00132118041	-0.0109176314	-0.000179173715	-0.002158816306	boucle.py	R0:S0:1	uncorrelated	-0.1027370104	0.6572821034	-1.080498967	0.3791647159	1.80962823	-1.620049709	0.1364396644	-1.182125286	-1.810207254	1.618778806	-0.1362044402	1.181504231	0.3343147115	-0.2867984636	-2.330812915	3.387815986	2024-10-21@14:14	2.446978869	-0.6373993985	1	-9.148476223e-18	-0.2391506105	-1.376613401	3.757766583e-16	0.1233317386	v2.7.1	
2	Broyden	0	0.04407819605	-99.16594486	-169.7905549	5.955662495	YY	12.73357601	0.3880667559	self-energy/D	sharp_wc_2_b_35	3.199839199	2	1.237923554	0.0288533696	0.03065080148	-3.406872394	1.961179169	-4.410837902	1.725552479	-0.2012735491	1.596448673	-4.413675169	1.726868854	-0.2019618833	1.597814203	0.3219735929	0.006615671403	-3.887580573	1.251513679	a248bdd	2x2_2C_8b_C2v_L	13.81174888	1.378992896	2	1.68205232	0.9999999997866805	0.9999999999999996	-8.041273422e-05	0.0002104803041	-5.371417092e-05	5.663051923e-05	0.02177421745	0.2698715971	-0.1854773275	1.379245223	0.02222130397	0.2691787897	-0.1853309491	1.381088738	-1.63648085e-05	0.0004290942822	-0.0002891936203	0.0006745710722	boucle.py	R0:S0:1	uncorrelated	-0.1024235521	0.6387127393	-1.085260798	0.3835073633	1.818645645	-1.640724666	0.1373004391	-1.162507718	-1.818752532	1.634483636	-0.1368548869	1.156402665	0.3429081147	-0.2892891038	-2.359906063	3.377499921	2024-10-21@14:18	2.446978869	-0.640061842	1	-6.518443528e-16	-0.2394638965	-1.376613401	6.85011327e-16	0.1236758142	v2.7.1	
2	Broyden	0	0.04364873058	-98.86064552	-168.9905549	5.923788246	YY	12.73357601	0.3825728273	self-energy/D	sharp_wc_2_b_35	3.199839199	2	1.237384216	0.03866676686	0.02902825114	-3.386084171	1.961086744	-4.396017734	1.72256204	-0.2135548342	1.625154458	-4.39995952	1.72267396	-0.2129584657	1.624906483	0.3364709702	0.006592939489	-3.876567088	1.254394228	a248bdd	2x2_2C_8b_C2v_L	13.76174888	1.373355548	2	1.679403091	0.9999999997787058	1.0	0.002806588274	-0.006566694297	0.0004792510342	-0.0008536094902	0.02142437726	0.2747136971	-0.1892260493	1.325925238	0.02131903767	0.2745579607	-0.1891139257	1.326400846	-0.0002221624661	0.001125917608	-5.954604507e-05	0.0001942568349	boucle.py	R0:S0:1	uncorrelated	-0.1020905338	0.6226237673	-1.085090089	0.3869438175	1.821874238	-1.659996593	0.1361611127	-1.126428611	-1.822698391	1.659769802	-0.1360137609	1.126475539	0.3436949676	-0.2890280372	-2.364804648	3.371808414	2024-10-21@14:21	2.446978869	-0.6432813772	1	5.003978293e-16	-0.2398977849	-1.376613401	-1.394961632e-16	0.1241021733	v2.7.1	
1	Broyden	0	0.04257541765	-99.15145048	-168.1905549	5.907113029	YY	12.73357601	0.375232511	self-energy/D	sharp_wc_2_b_35	3.199839199	2	1.237071216	0.04218998844	0.02664090372	-3.427182603	1.961246629	-4.448950157	1.721305236	-0.2189405954	1.650272546	-4.450359487	1.723140611	-0.2169629509	1.650620675	0.3691059598	0.006747809266	-3.963281147	1.264489984	a248bdd	2x2_2C_8b_C2v_L	13.71174888	1.365823942	2	1.677342848	0.9999999997983477	1.0000000000000004	-0.001245304081	0.002847642248	-0.0002592143006	3.514233276e-05	0.02129764282	0.2692755164	-0.1892842229	1.261376933	0.0210178588	0.267978046	-0.1890817946	1.264936241	-0.0002739875	0.00349774379	-0.001121068135	0.003429288574	boucle.py	R0:S0:1	uncorrelated	-0.1007137447	0.5985286684	-1.093423261	0.3900100045	1.838155217	-1.678201612	0.1373192046	-1.103081771	-1.83710994	1.669421982	-0.1368961175	1.097346054	0.3543207718	-0.2915394599	-2.401289542	3.359368631	2024-10-21@14:23	2.446978869	-0.6450557518	1	1.59250877e-16	-0.2399497194	-1.376613401	4.212997734e-16	0.1242206272	v2.7.1	
2	Broyden	0	0.04160657876	-98.50658241	-167.3905549	5.879197223	YY	12.73357601	0.3710703734	self-energy/D	sharp_wc_2_b_35	3.199839199	2	1.236584491	0.1027110092	0.02888294431	-3.352294634	1.960083043	-4.395767718	1.717386882	-0.2286102974	1.676438797	-4.401214802	1.718194948	-0.2277311809	1.676586569	0.3722558582	0.00674377031	-3.915907552	1.264420208	a248bdd	2x2_2C_8b_C2v_L	13.66174888	1.361521766	2	1.675090453	0.9999999998529826	1.0	-0.005703338756	0.008837437442	-0.001866414394	0.003633287306	0.02073425438	0.270067475	-0.1910988715	1.208390428	0.02059074826	0.269469577	-0.1913515313	1.211382601	-0.0001187318685	0.001645490562	-3.422201173e-05	0.0006336978628	boucle.py	R0:S0:1	uncorrelated	-0.1131430096	0.6337995204	-1.091285365	0.399308071	1.833394511	-1.69722136	0.135839498	-1.065940957	-1.834229253	1.693845117	-0.1353269815	1.062196503	0.351559731	-0.2911672923	-2.396261118	3.35608126	2024-10-21@14:26	2.446978869	-0.647805236	1	1.899904706e-16	-0.2404385355	-1.376613401	7.114371064e-17	0.1246064143	v2.7.1	
2	Broyden	0	0.04084201613	-99.3770164	-166.5905549	5.866132249	YY	12.73357601	0.3639657403	self-energy/D	sharp_wc_2_b_35	3.199839199	2	1.236321935	0.1372036774	0.02922703326	-3.517040522	1.960356835	-4.565946957	1.723002324	-0.2418524554	1.695694081	-4.562717455	1.722413304	-0.2429409495	1.695620607	0.3940262271	0.006653042611	-3.917811388	1.268424138	a248bdd	2x2_2C_8b_C2v_L	13.61174888	1.354250637	2	1.673338037	0.9999999997846175	0.9999999999999999	0.007473685392	-0.01064711754	0.002620968516	-0.004770225463	0.02236717747	0.2599854462	-0.195274714	1.170341278	0.02262112682	0.2603616931	-0.1950453526	1.167375201	0.001595036989	-0.009516919464	-0.0005967751474	-0.0008562398361	boucle.py	R0:S0:1	uncorrelated	-0.1204039458	0.6462803405	-1.119180335	0.4034745753	1.871886343	-1.694633941	0.1392284707	-1.045698841	-1.871435554	1.697249822	-0.1398702457	1.049423294	0.3552531134	-0.291075534	-2.407350652	3.346709097	2024-10-21@14:29	2.446978869	-0.6491783905	1	5.610082582e-16	-0.2404661184	-1.376613401	-2.482636348e-16	0.1246988091	v2.7.1	
7	Broyden	0	0.0370119322	-97.51213836	-165.7905549	5.846902125	YY	12.73357601	0.3597944248	self-energy/D	sharp_wc_2_b_35	3.199839199	2	1.236102321	0.09002287767	0.0208876336	-3.237339933	1.960632301	-4.312785818	1.706116713	-0.2376404705	1.759076748	-4.325428625	1.709439943	-0.2392522576	1.759337784	0.4081632933	0.00660725288	-3.914079292	1.27367114	a248bdd	2x2_2C_8b_C2v_L	13.56174888	1.350290867	2	1.670413287	0.9999999997939581	1.0000000000000007	0.002373143355	-0.003651786945	0.0007395240025	-0.001104816532	0.01596851562	0.2567784518	-0.1858665319	1.016444362	0.01654380045	0.2543400804	-0.1873445875	1.024521079	0.0005127785117	-0.002685394461	-0.0003428463823	0.0002350302449	boucle.py	R0:S0:1	uncorrelated	-0.1008624399	0.5444530482	-1.075777109	0.4008743921	1.830686982	-1.756177702	0.1256396881	-0.932845486	-1.83202139	1.741781434	-0.1258801091	0.9250821936	0.3496089944	-0.2868598112	-2.414787948	3.342361773	2024-10-21@14:37	2.446978869	-0.6518195811	1	8.734509401e-16	-0.2399771169	-1.376613401	2.612468851e-16	0.1245051288	v2.7.1	
52	Broyden	0	0.004305001917	-98.69584768	-179.3905549	6.393217442	YY	12.73357601	0.4917598232	self-energy/D	sharp_wc_2_b_35	3.199839199	2	1.245532333	0.005196145667	1.071926102	-3.41570227	1.964363573	-3.898203166	1.732442567	-0.03568902452	1.238216811	-3.894941531	1.732382876	-0.03591178794	1.239000399	0.1025221071	1.697014555	-3.656425942	1.322424946	a248bdd	2x2_2C_8b_C2v_L	14.41174888	1.485710526	2	1.717241197	0.9999999997648941	1.0	0.09673453103	-0.7590562806	0.002091522908	-0.0002437599119	0.001264785707	0.01190059933	0.1538678538	-2.345270252	0.001208073969	0.009441216253	-0.1539671218	2.346596262	-9.567587496e-06	-0.01196041585	0.0001273232224	-0.003815402731	boucle_copy.py	R0:S0:1	uncorrelated	-0.07511676166	0.6873636052	-1.059397241	0.3096376454	1.669134962	-1.450739943	-0.01163522423	0.1696632096	-1.668663968	1.450566544	-0.009449233448	0.1380561063	0.2624121142	-1.788964149	-2.181593226	3.048918478	2024-10-21@14:40	2.446978869	-0.5972906842	1	-3.153688673e-16	-0.2329933059	-1.376613401	1.080819194e-16	0.1161398796	v2.7.1	
3	Broyden	0	0.03943303602	-101.5523023	-164.9905549	5.845545728	YY	12.73357601	0.350309885	self-energy/D	sharp_wc_2_b_35	3.199839199	2	1.235866983	0.1807849766	0.0290129841	-3.904839783	1.961294526	-4.929805305	1.734672638	-0.3118164163	1.740559132	-4.906438499	1.731556918	-0.305054524	1.73999	0.4254953333	0.006333953081	-3.945575089	1.277605453	a248bdd	2x2_2C_8b_C2v_L	13.51174888	1.340181341	2	1.670286854	0.9999999998414681	1.0	-0.000244021248	0.0003136749661	-0.0002152246353	0.0001746009566	0.03299645463	0.235512049	-0.2139663824	1.09091416	0.03154900774	0.238503856	-0.2111819216	1.082025201	0.001365184643	-0.006162050008	-0.0008095281514	0.0004680981068	boucle.py	R0:S0:1	uncorrelated	-0.13140427	0.6607359966	-1.182401776	0.4085025793	1.953319222	-1.684993755	0.1561758864	-1.011053273	-1.949774398	1.698358322	-0.1551772463	1.019541576	0.3605329139	-0.2881642372	-2.43654164	3.32877592	2024-10-21@14:41	2.446978869	-0.6513051687	1	3.805314571e-16	-0.240497437	-1.376613401	-5.464587881e-16	0.1248229545	v2.7.1	
2	Broyden	0	0.03033882514	-98.6523631	-164.1905549	5.846148059	YY	12.73357601	0.3455558373	self-energy/D	sharp_wc_2_b_35	3.199839199	2	1.236114818	-0.1520617669	1.983398885	-3.377970602	1.961286301	-4.502581886	1.712167087	-0.3226820621	1.853662245	-4.452000979	1.703763722	-0.3165890767	1.852914608	0.4893056748	0.006368742502	-3.908953961	1.283000556	a248bdd	2x2_2C_8b_C2v_L	13.46174888	1.336069585	2	1.666903739	0.9999999997741406	0.9999999999999996	0.105406271	-0.5092775686	-0.0004498969165	0.0007821059214	0.01947640655	0.2085693903	-0.2023480253	0.8370832998	0.01965603909	0.2109910298	-0.1939268333	0.8005090044	0.002952131013	-0.01217742391	-0.001016035959	-0.0001184197935	boucle.py	R0:S0:1	uncorrelated	-0.0009726359848	0.001050098632	-1.103818104	0.4060897961	1.885972422	-1.761240129	0.1191781501	-0.733129759	-1.874692186	1.797623774	-0.1248907633	0.7734921533	0.3545403101	-0.2844406238	-2.435752494	3.324191073	2024-10-21@14:43	2.446978869	-0.6529436694	1	3.13340733e-16	-0.2385257985	-1.376613401	1.94885828e-16	0.1237729258	v2.7.1	
4	Broyden	0	0.03285872871	-100.1289585	-163.3905549	5.827305451	YY	12.73357601	0.3436100545	self-energy/D	sharp_wc_2_b_35	3.199839199	2	1.235668478	0.3108300869	0.02686480797	-4.264204931	1.963024218	-4.580985158	1.714282273	-0.2971205985	1.813320243	-4.572005066	1.717088413	-0.2992706708	1.812809958	0.4481560401	0.006378337938	-3.842978819	1.281700329	a248bdd	2x2_2C_8b_C2v_L	13.41174888	1.333815278	2	1.666651128	0.999999999842845	0.9999999999999998	-0.0757476982	0.07637896012	-0.02907475406	0.04915329216	0.02309253034	0.2168853647	-0.1961220378	0.9013727921	0.02366017619	0.2142416526	-0.1974158642	0.909030157	-0.007091257125	0.03721684904	0.001986465651	0.004025573194	boucle.py	R0:S0:1	uncorrelated	-0.1366234374	0.6283924792	-1.231603788	0.4056990676	1.903922635	-1.763923663	0.1380953026	-0.8544272839	-1.899174599	1.750395053	-0.1395966899	0.8520244878	0.3470450164	-0.2798876895	-2.425568846	3.318568569	2024-10-21@14:48	2.446978869	-0.654077147	1	2.61021921e-16	-0.2396791385	-1.376613401	6.286211003e-16	0.1244453867	v2.7.1	
4	Broyden	0	0.02087341608	-100.129571	-162.5905549	5.863092366	YY	12.73357601	0.3382018316	self-energy/D	sharp_wc_2_b_35	3.199839199	2	1.236518984	-1.102360432	1.988096868	-3.557469046	1.962805883	-4.33427586	1.701101264	-0.3529950924	1.915963725	-4.359218184	1.704043033	-0.360395925	1.915121173	0.627662733	0.006177062647	-3.917798978	1.294279533	a248bdd	2x2_2C_8b_C2v_L	13.36174888	1.329065945	2	1.665076448	0.9999999997928635	1.0000000000000002	0.1514142662	-0.4803502058	-0.01414930876	0.02670865471	0.01834440561	0.1434811877	-0.179645907	0.6357587369	0.01921023957	0.1412048033	-0.1810539981	0.6413914715	-0.001698131215	0.006706146877	0.0003799911557	0.0002531835779	boucle.py	R0:S0:1	uncorrelated	-0.04927644595	0.02965964669	-1.143213325	0.4047609389	1.866357273	-1.813691696	0.1154281407	-0.5748876763	-1.869798468	1.802331992	-0.1179237213	0.5782342504	0.3605268114	-0.2815962597	-2.465885515	3.308653881	2024-10-21@14:52	2.446978869	-0.6525005787	1	1.678595964e-16	-0.2366584649	-1.376613401	-3.133163022e-16	0.1227535638	v2.7.1	
10	Broyden	0	-9.23128963e-06	-100.3524648	-180.1905549	6.455714702	YY	12.73357601	0.4982222219	self-energy/D	sharp_wc_2_b_35	3.199839199	2	1.246533222	0.02429263461	1.815750306	-3.875764449	1.967505405	-4.006519513	1.744888208	0.03819582263	0.7412905937	-4.010845662	1.745050662	-0.03824698814	1.258662163	0.1108749121	1.568328068	-3.708414733	1.323499931	a248bdd	2x2_2C_8b_C2v_L	14.46174888	1.492354644	2	1.721186706	0.999999999622607	0.9999999999999997	0.1279373081	-1.039164679	0.0006191332591	0.0009845128786	0.001548669571	-0.01181436274	0.01941161271	-0.2617700375	-0.001581070733	0.01177381744	-0.1544409444	2.361515725	0.01348752826	-0.4146710505	-0.00190210401	-0.07846134984	boucle_copy.py	R0:S0:1	uncorrelated	0.01071168318	-0.2345929983	-1.111017921	0.2946633539	1.686897941	-1.398696842	0.154373378	-2.361292688	-1.687791188	1.398457623	0.01953299849	-0.263388825	0.266667045	-1.743882077	-2.191030914	3.050023978	2024-10-21@14:56	2.446978869	-0.5912167824	1	-9.725872136e-17	-0.2317701136	-1.376613401	-2.840021132e-16	0.1150184047	v2.7.1	
21	Broyden	0	0.01727645939	-103.7666423	-161.7905549	5.907070445	YY	12.73357601	0.3350667851	self-energy/D	sharp_wc_2_b_35	3.199839199	2	1.23752174	1.471451071	0.01431725028	-6.519067783	1.98037756	-4.371135138	1.70873917	-0.3852414992	1.931641967	-4.40732767	1.711685752	-0.4245498424	1.930506616	0.6366471986	0.005446202499	-3.834647689	1.302488743	a248bdd	2x2_2C_8b_C2v_L	13.31174888	1.326954699	2	1.665329622	0.9999999998756103	0.9999999999999998	-0.46458511	0.2452900549	0.0101270808	-0.01296544404	0.0211373578	0.109904958	-0.1580053082	0.554337223	0.02454992905	0.1054848716	-0.164965966	0.5650900784	0.002393789019	-0.008526340039	0.0005153455547	-0.001831082859	boucle.py	R0:S0:1	uncorrelated	0.008142646506	-0.02433305117	-1.241407416	0.2976080555	1.876338172	-1.798597113	0.1358746152	-0.5578056839	-1.882876678	1.788426807	-0.1419491336	0.5617718954	0.324826216	-0.2556198647	-2.45171642	3.29532217	2024-10-21@15:06	2.446978869	-0.6497910027	1	4.671965052e-16	-0.2338784755	-1.376613401	-3.055051506e-16	0.1212713485	v2.7.1	
27	Broyden	0	0.0001641138546	-287.7653005	-180.9905549	7.440497161	YY	12.73357601	0.5419660124	self-energy/D	sharp_wc_2_b_35	3.199839199	2	1.257302544	9.413522903	0.04065070098	-32.66318197	1.929747758	0.03376607026	0.3280640467	-3.77853581	1.88942582	-26.28066349	1.942874448	14.52044175	0.4335239062	17.58904699	0.6018022677	-29.19324255	1.758074405	a248bdd	2x2_2C_8b_C2v_L	14.51174888	1.507975097	2	1.799929344	0.9999999997401726	1.0000000000000002	2.521872272	-0.1001651165	-3.607293022	1.427458711	0.04950564231	-0.4509342814	-0.001606440251	-0.06153504757	-0.3592342987	0.09901108593	0.3274966832	-0.08129858222	-7.525773617	2.988053737	-8.470549442	0.8650971399	boucle_copy.py	R0:S0:1	uncorrelated	0.8607153449	-0.8963759113	-2.047630528	0.07282345501	0.1622134975	-1.889578478	-1.663067295	0.5429304392	-7.647800513	0.6236222537	4.776357739	-3.041647742	-4.804361892	0.5909877752	-7.046823201	1.842985593	2024-10-21@15:25	2.446978869	-0.4763319733	1	3.287293184e-16	-0.231313371	-1.376613401	-6.570727609e-16	0.1061391683	v2.7.1	
30	Broyden	0	0.02087703187	-105.1622722	-160.9905549	5.853469551	YY	12.73357601	0.338408476	self-energy/D	sharp_wc_2_b_35	3.199839199	2	1.236339889	-4.539529511	1.971605644	-3.306506973	1.972904618	-4.167168556	1.703151523	-0.3536378424	1.912753981	-4.183397743	1.704003545	-0.3618695415	1.912339624	0.645306908	0.005458701767	-3.788125908	1.294168451	a248bdd	2x2_2C_8b_C2v_L	13.26174888	1.329206351	2	1.664644349	0.9999999998717943	1.0	-0.2389774684	0.3884000933	-0.2650220463	0.5160080699	0.01934075794	0.1427415493	-0.1546588554	0.6139747944	0.02069118992	0.140189938	-0.1544597652	0.6095542426	0.00588039032	-0.0198033915	-0.001736133714	0.002171122069	boucle.py	R0:S0:1	uncorrelated	1.040925149	-0.3186270522	-0.7137294944	0.2606285614	1.837100546	-1.801742752	0.1443542701	-0.6223662917	-1.839048141	1.799670817	-0.1482910226	0.6311948664	0.3375631992	-0.2664078289	-2.449737239	3.305575011	2024-10-21@15:26	2.446978869	-0.6533196381	1	-2.792366413e-16	-0.2370225487	-1.376613401	-3.196083179e-16	0.122946954	v2.7.1	
11	Broyden	0	0.0297076447	-117.0111358	-160.1905549	5.73814442	YY	12.73357601	0.3371928978	self-energy/D	sharp_wc_2_b_35	3.199839199	2	1.233489195	6.736502795	0.04906046296	-13.05835327	1.93674002	-4.299030977	1.703500321	-0.3183413575	1.845365685	-4.383740581	1.706279151	-0.3325212067	1.840566862	0.5092371616	0.00557046818	-3.714190334	1.273723499	a248bdd	2x2_2C_8b_C2v_L	13.21174888	1.323513146	2	1.663955651	0.9999999998163762	0.9999999999999999	-1.884728013	0.4452237721	1.660990689	-1.225597359	0.0223368652	0.2033704774	-0.1855967128	0.8248505928	0.02536433073	0.1964432267	-0.1902493467	0.8383357293	-0.002362090835	0.009461820511	0.0005644349623	-0.004263195619	boucle.py	R0:S0:1	uncorrelated	-0.3672387691	0.4271774215	0.7922948595	-0.127516888	1.868655024	-1.791848542	0.1477068703	-0.7900111553	-1.885166035	1.788561448	-0.1537565364	0.8100601612	0.3456154345	-0.2798117952	-2.428290271	3.318117489	2024-10-21@15:36	2.446978869	-0.6600317589	1	6.747792302e-16	-0.2443400674	-1.376613401	-5.359949562e-16	0.1269989355	v2.7.1	
8	Broyden	0	9.171632361e-06	-102.0879407	-181.7905549	6.563464818	YY	12.73357601	0.5172858134	self-energy/D	sharp_wc_2_b_35	3.199839199	2	1.24829465	0.0605595438	0.2439082676	-4.495781247	1.977087877	-3.992653825	1.764380732	0.06197464474	0.7365294199	-3.991220494	1.764303425	0.061893313	0.7365937833	0.1410275277	0.8553148308	-3.745836549	1.286438097	a248bdd	2x2_2C_8b_C2v_L	14.56174888	1.511735672	2	1.728505824	0.9999999997921292	1.0000000000000002	0.1284453611	-0.2988697055	-0.01019290081	0.02797675474	0.005256666268	-0.01435904325	0.05803483941	-0.7143189852	-0.00524743133	0.01461116736	0.05794400029	-0.7133567749	0.05786481873	-1.045380191	-0.009908416471	-0.1752743379	boucle_copy.py	R0:S0:1	uncorrelated	0.06190401653	-0.7056647127	-1.179912854	0.2294708097	1.677010753	-1.28963953	0.1528176131	-2.314779395	-1.676735247	1.289829177	0.1527978411	-2.314983589	0.2774581599	-1.20377649	-2.187390891	3.178565177	2024-10-21@15:37	2.446978869	-0.5806675776	1	5.855299167e-16	-0.2299260437	-1.376613401	-5.434245716e-16	0.1131132473	v2.7.1	
2	Broyden	0	5.769389084e-05	-694.8503688	-182.5905549	8.308768588	YY	12.73357601	0.5155091346	self-energy/D	sharp_wc_2_b_35	3.199839199	2	1.268389841	28.20259011	0.03382547422	-89.75318444	1.902970051	8.761021836	0.2761342607	-11.49897793	1.956412451	-70.64123765	1.949643089	43.56040878	0.4873684153	52.57705227	0.5149856592	-79.74815747	1.703421299	a248bdd	2x2_2C_8b_C2v_L	14.61174888	1.459473446	2	1.844536327	0.999999999886851	1.0000000000000002	6.879630327	-0.08758506234	-11.14914943	1.687680222	0.3430875988	0.01255706756	0.2327133845	-0.2686608652	-1.303014902	0.1523781454	1.048847826	-0.08626460206	-22.40349965	2.822644264	-26.41016261	1.11479926	boucle_copy.py	R0:S0:1	uncorrelated	2.049871969	-0.866094307	-4.069168514	0.04397956462	-2.433737913	2.548376905	-3.941307177	0.4201897592	-19.76631923	0.6069504457	14.53910503	-3.237321908	-13.91256919	0.2202276573	-17.99234991	2.013878483	2024-10-21@15:41	2.446978869	-0.386867584	1	9.176616882e-16	-0.2105832563	-1.376613401	-5.242497636e-16	0.09575233308	v2.7.1	
5	Broyden	0	-0.000338055592	-466.4445645	-183.3905549	8.579328844	YY	12.73357601	0.4980184314	self-energy/D	sharp_wc_2_b_35	3.199839199	2	1.271975179	-28.11734997	1.749684747	80.55041243	0.01608426991	-16.45394145	1.958482562	12.36966584	0.3243831836	62.80080702	0.3261424276	-43.1869101	1.968495038	-52.74610261	1.695717219	72.16342376	0.4500161259	a248bdd	2x2_2C_8b_C2v_L	14.66174888	1.436952955	2	1.856947138	0.9999999999135151	1.0	-6.205424857	2.563062208	11.63715091	-0.2181209448	0.09630164823	-0.06613820982	0.1069247341	-0.004605046436	1.155978171	-0.0325640626	-0.8901172404	0.205639722	21.60105852	-0.8622556818	26.50628395	-2.860465695	boucle_copy.py	R0:S0:1	uncorrelated	-1.443074357	0.02212977986	2.200024524	-0.3779666201	5.33258534	-0.4513332363	3.588369361	-2.753475744	16.37109508	-2.837449754	-14.63035022	0.3747662525	13.12874098	-1.976409894	14.6314566	-0.3947221739	2024-10-21@15:48	2.446978869	-0.3599680108	1	2.802364542e-16	-0.2027160103	-1.376613401	-1.604691709e-16	0.09210256878	v2.7.1	
14	Broyden	0	0.03184609989	-128.6065491	-159.3905549	5.688393762	YY	12.73357601	0.3390181008	self-energy/D	sharp_wc_2_b_35	3.199839199	2	1.232594643	-19.12441584	1.950979328	5.755717267	0.05508723155	-4.233940244	1.702433999	-0.2813638113	1.812224337	-4.416850221	1.707827461	-0.289388966	1.802205092	0.4579360932	0.005658008795	-3.64009396	1.269947591	a248bdd	2x2_2C_8b_C2v_L	13.16174888	1.325125293	2	1.662374426	0.9999999998750746	1.0000000000000002	1.966351661	-1.086676824	-1.71374617	0.4307539674	0.02109865339	0.2198912454	-0.1807169619	0.8920722684	0.02474256855	0.2068079278	-0.1854639065	0.9161421101	-0.005245255992	0.02152149878	0.001363142133	-0.008263794594	boucle.py	R0:S0:1	uncorrelated	1.179260939	-0.1439524711	-0.4204020153	0.5437521336	1.859330201	-1.794028477	0.1524157858	-0.8541908788	-1.894828307	1.788744264	-0.160204546	0.8912669398	0.3350534738	-0.2777132654	-2.414160869	3.325111181	2024-10-21@15:48	2.446978869	-0.6641086206	1	1.008824122e-15	-0.2464278398	-1.376613401	-6.261608638e-16	0.1282028779	v2.7.1	
6	Broyden	0	0.04006661361	-170.5441801	-158.5905549	5.511112861	YY	12.73357601	0.3433061099	self-energy/D	sharp_wc_2_b_35	3.199839199	2	1.227826234	35.01148231	0.1015180242	-35.51704142	1.83791891	-4.255282094	1.700407498	-0.2442121249	1.637979209	-4.25478919	1.700142996	-0.2366461816	1.637674177	0.4006144651	0.006594157402	-3.556691762	1.227025758	a248bdd	2x2_2C_8b_C2v_L	13.11174888	1.316258389	2	1.665987332	0.9999999995725312	0.9999999999999998	-7.032441312	0.481834593	6.480988676	-1.840858954	0.02878046481	0.254639691	-0.2040135384	1.261733149	0.02736385033	0.2556353349	-0.2016015674	1.260910441	0.0007110780842	-0.003449203419	-0.0001551493454	-0.0005068158144	boucle.py	R0:S0:1	uncorrelated	-4.273352869	1.22717483	4.703753844	-0.320523825	1.862618896	-1.759890118	0.1623989226	-1.14138295	-1.862206151	1.760304914	-0.1603930601	1.140791215	0.3720915758	-0.3136232579	-2.390103655	3.366173585	2024-10-21@15:56	2.446978869	-0.6725687828	1	2.415342675e-16	-0.2594631514	-1.376613401	-4.992349503e-16	0.1355385195	v2.7.1	
8	Broyden	0	0.03691237207	-268.6307406	-157.7905549	5.57921704	YY	12.73357601	0.332913252	self-energy/D	sharp_wc_2_b_35	3.199839199	2	1.229694483	-82.03799682	1.882563241	53.06320485	0.07040973314	-4.605238135	1.712101608	-0.3207823412	1.742025373	-4.350123812	1.706406481	-0.2996066738	1.745580702	0.4713275879	0.005718429656	-3.596932314	1.253939029	a248bdd	2x2_2C_8b_C2v_L	13.06174888	1.309332339	2	1.662864687	0.9999999994681908	1.0000000000000007	12.03930412	-1.662043045	-10.4149811	0.4529943546	0.03610369451	0.2241113111	-0.2100201045	1.059406718	0.02950297396	0.2402237085	-0.2032447239	1.05934776	-0.003396932757	0.01246781097	0.0009246496033	-0.003651713278	boucle.py	R0:S0:1	uncorrelated	5.923821281	-0.2029996775	-4.430776787	0.8814357841	1.939916592	-1.772611108	0.1822916923	-1.034429227	-1.889326124	1.771958673	-0.1703071795	1.000941618	0.3633224618	-0.292405328	-2.419133277	3.334187419	2024-10-21@16:08	2.446978869	-0.6700939765	1	1.243835395e-15	-0.2533708509	-1.376613401	-8.781874874e-16	0.132215003	v2.7.1	
