D	D_ave	E0_1	E0_2	E_kin	U	U_1_ave	e	e_2_ave	e_ave	eb1_1	eb1_1_ave	eb2_1	eb2_1_ave	eb3_1	eb3_1_ave	eb4_1	eb4_1_ave	eb5_1	eb5_1_ave	eb6_1	eb6_1_ave	eb7_1	eb7_1_ave	eb8_1	eb8_1_ave	githash	model	mu	mu_1_ave	mu_2_ave	mu_ave	n_1	n_2	sb1_1	sb1_1_ave	sb2_1	sb2_1_ave	sb3_1	sb3_1_ave	sb4_1	sb4_1_ave	sb5_1	sb5_1_ave	sb6_1	sb6_1_ave	sb7_1	sb7_1_ave	sb8_1	sb8_1_ave	script	sector_1	sector_2	tb1_1	tb1_1_ave	tb2_1	tb2_1_ave	tb3_1	tb3_1_ave	tb4_1	tb4_1_ave	tb5_1	tb5_1_ave	tb6_1	tb6_1_ave	tb7_1	tb7_1_ave	tb8_1	tb8_1_ave	time	tpd	tpd_ave	tpp	tpp_2_ave	tpp_ave	tppp	tppp_2_ave	tppp_ave	version	
0	0.02277972268	-86.55600111	-113.4704	10.17569448	14	0.1947902662	4.0781	2	1.237152968	0.02817793502	0.1919546016	-3.942375102	1.932191345	-4.357672856	1.7159471	-0.305711894	1.650209822	-4.358030621	1.716562994	-0.3056950985	1.648316485	0.3843404318	0.01587359145	-3.411397907	1.379194939	a248bdd	2x2_2C_8b_C2v_L	11.17	1.161838363	2	1.623063296	0.9999999997090229	1.0	0.0004424596262	-0.003014421264	0.0001233036369	-0.0001610174131	0.01554520998	0.2011452993	-0.3033883688	1.304996934	0.01518775853	0.201617143	-0.3036947065	1.31243489	0.0004709110858	-0.001811859622	-0.0002092551065	-0.000106552703	boucle.py	R0:S0:1	uncorrelated	-0.1530840877	1.375274735	-1.319292328	0.7075848571	1.99398858	-1.890659706	0.0644665491	-0.6576765007	-1.994118491	1.887315454	-0.06366692485	0.6545294412	0.4198583378	-0.3711375162	-2.518452677	3.005791395	2025-01-09@10:43	2.1719	-0.6580709632	1	-1.233624044e-17	-0.2401198018	0.1609	-9.9261356e-17	0.0997437444	v2.7.1	
0	0.02145688517	-80.38655457	-113.4704	10.33264824	14	0.1855289574	4.0781	2	1.241981852	-0.00697884974	0.2027779089	-2.913646885	1.929810215	-3.79179548	1.754332597	-0.1571202641	1.612327778	-3.791862728	1.753900724	-0.1552833728	1.612127073	0.2252384462	0.01308388165	-3.469619136	1.464007371	a248bdd	2x2_2C_8b_C2v_L	11.17	1.162176652	2	1.619656884	0.9999999997629658	1.0	-0.0016645234	0.01715798951	-0.0002186031624	0.001043098478	0.01811123552	0.1559076421	-0.1992244905	1.176153273	0.01833213683	0.1546428671	-0.1983079668	1.170417823	-0.0007483003503	0.003368760073	0.0003153516738	-2.050643487e-05	boucle.py	R0:S0:1	uncorrelated	-0.1409904928	1.26401508	-1.090047489	0.7306073362	1.756041031	-1.730303692	0.08710854099	-0.7538059757	-1.755616182	1.732751306	-0.08817320201	0.7592126354	0.2876527244	-0.2910236564	-2.34505327	2.819031909	2025-01-09@10:43	2.1719	-0.6488619658	1	-1.233624044e-17	-0.2266283981	0.1609	-9.9261356e-17	0.09435419947	v2.7.1	
0	0.02122969028	-80.33161538	-113.4704	10.32202335	14	0.1855982934	4.0781	2	1.241611481	-0.004670365289	0.2051131172	-2.919496984	1.930115725	-3.798443651	1.750451565	-0.1234452655	1.555073971	-3.798435792	1.750309771	-0.124110977	1.555988929	0.1749784089	0.01227958804	-3.479357249	1.458229245	a248bdd	2x2_2C_8b_C2v_L	11.17	1.16185458	2	1.619918567	0.9999999997093891	1.0	-0.001448737597	0.01452287173	-1.204714026e-07	4.119245506e-05	0.01418514132	0.1512823903	-0.1833992805	1.20944876	0.01417296708	0.1516818463	-0.1833243897	1.207190389	8.55109645e-06	-0.0003175110851	0.0001002913975	-0.0003546068525	boucle.py	R0:S0:1	uncorrelated	-0.1372489684	1.256576893	-1.09143574	0.7302557518	1.762957245	-1.742462028	0.08140641366	-0.7786670175	-1.762948828	1.743167332	-0.08150985982	0.7797809021	0.2615794531	-0.2713724965	-2.355753901	2.83229799	2025-01-09@10:44	2.1719	-0.6491408584	1	-1.233624044e-17	-0.2281244992	0.1609	-9.9261356e-17	0.09479301189	v2.7.1	
0	0.0208474929	-80.32303516	-113.4704	10.30573644	14	0.1853561783	4.0781	2	1.241240074	0.001296794333	0.2139192025	-2.930422436	1.929302704	-3.804483488	1.750143245	-0.1137323541	1.51411618	-3.80456816	1.750249838	-0.1127979231	1.512712466	0.1640026262	0.01305920701	-3.474736423	1.456461539	a248bdd	2x2_2C_8b_C2v_L	11.17	1.161423961	2	1.619072072	0.9999999997352759	1.0	-0.001461071482	0.01303122138	0.0001159243817	-0.0002536780924	0.01280120056	0.1442580528	-0.1848032442	1.25213764	0.01271585593	0.1440540728	-0.184694459	1.255219188	0.0002402020729	-0.001027573915	-0.0001343487772	0.0002619115512	boucle.py	R0:S0:1	uncorrelated	-0.1388023483	1.267072556	-1.092908905	0.737272572	1.764026305	-1.743022623	0.07315121963	-0.757853144	-1.764053274	1.742410864	-0.07248990337	0.7545457821	0.2627236709	-0.2762386257	-2.352739322	2.833270157	2025-01-09@10:45	2.1719	-0.6506580645	1	-1.233624044e-17	-0.2287969947	0.1609	-9.9261356e-17	0.09512477522	v2.7.1	
0	0.02046026383	-80.33738872	-113.4704	10.3186319	14	0.1854062526	4.0781	2	1.241586578	0.002342326007	0.2069854782	-2.932663962	1.930106601	-3.804953109	1.751379106	-0.1160645694	1.534414978	-3.805032818	1.751099272	-0.1163461698	1.535590679	0.1674133193	0.01300517916	-3.474374887	1.459814152	a248bdd	2x2_2C_8b_C2v_L	11.17	1.161825009	2	1.619252165	0.9999999997481297	1.0	-0.001415489611	0.01231564094	-0.0001264866023	0.0001861679871	0.01185707008	0.1447938458	-0.186995203	1.24030189	0.01198300185	0.1446535425	-0.1868322343	1.23539639	-0.0004512128004	0.002396262518	8.848574474e-05	0.0001286104716	boucle.py	R0:S0:1	uncorrelated	-0.1382931076	1.252436746	-1.093486081	0.7323762934	1.76490732	-1.739260673	0.0677190732	-0.7205308553	-1.764814798	1.740916535	-0.06854653796	0.7248861413	0.2645814244	-0.2771150572	-2.352159967	2.826899076	2025-01-09@10:45	2.1719	-0.6498008847	1	-1.233624044e-17	-0.2277155785	0.1609	-9.9261356e-17	0.09476609712	v2.7.1	
0	0.02045054001	-80.34081924	-113.4704	10.32259187	14	0.1854594822	4.0781	2	1.241667214	0.001502458695	0.2055889961	-2.932789549	1.93020952	-3.804881289	1.751169471	-0.1164054384	1.540645509	-3.80497511	1.751063552	-0.116604275	1.541254018	0.1680288532	0.01281594555	-3.474145304	1.459834933	a248bdd	2x2_2C_8b_C2v_L	11.17	1.16190893	2	1.619489372	0.9999999997271838	1.0	-0.001420273777	0.01252650578	-1.840160441e-05	1.960724045e-05	0.01186969553	0.145418286	-0.1858020654	1.2313854	0.01210511543	0.1452544211	-0.1856782172	1.229075625	-0.0001519234	0.0007620326524	0.0001045081852	-5.022573104e-05	boucle.py	R0:S0:1	uncorrelated	-0.1381247825	1.251176041	-1.093950313	0.7314941155	1.765616691	-1.740244355	0.06874570673	-0.723760089	-1.765518762	1.74089962	-0.06907999361	0.7257381176	0.2632449849	-0.2753474576	-2.352949544	2.827259007	2025-01-09@10:46	2.1719	-0.6493891938	1	-1.233624044e-17	-0.2276083834	0.1609	-9.9261356e-17	0.09470271984	v2.7.1	
0	0.02080063905	-80.35412017	-113.4704	10.31246541	14	0.1854046306	4.0781	2	1.241385523	-0.002225712664	0.2133328275	-2.935124256	1.929310439	-3.805790206	1.750309183	-0.1169199968	1.528458082	-3.805860487	1.750535624	-0.1167636823	1.527457733	0.1688218808	0.01301685371	-3.473770746	1.456971184	a248bdd	2x2_2C_8b_C2v_L	11.17	1.161537632	2	1.619402484	0.999999999612442	1.0	-0.001432719857	0.01367712053	4.88926528e-05	-0.0001417250129	0.01387967631	0.1445259749	-0.1845541017	1.236933195	0.01337158749	0.1450648421	-0.1848648491	1.241852582	0.0004876992291	-0.00250697088	-0.0003007677491	8.943784002e-05	boucle.py	R0:S0:1	uncorrelated	-0.1383604869	1.266194052	-1.09420557	0.7368422607	1.764851212	-1.742898744	0.07505730044	-0.7610542305	-1.765154058	1.741508628	-0.0742477489	0.7565450186	0.2639888919	-0.2766659472	-2.353012571	2.832407237	2025-01-09@10:46	2.1719	-0.6500126388	1	-1.233624044e-17	-0.2285290427	0.1609	-9.9261356e-17	0.09500100879	v2.7.1	
0	0.02053919812	-80.35074816	-113.4704	10.32006089	14	0.1854474331	4.0781	2	1.241596355	0.0005379033966	0.2075232941	-2.935027215	1.92999218	-3.805686615	1.750954948	-0.1167557806	1.537912181	-3.805786103	1.750955526	-0.1168316452	1.538006751	0.1682952447	0.01287167813	-3.473806678	1.459100611	a248bdd	2x2_2C_8b_C2v_L	11.17	1.161815741	2	1.619469214	0.9999999996737075	1.0	-0.001424869281	0.01281476333	-1.791472305e-06	1.999782017e-06	0.01246980399	0.1450937316	-0.1855762025	1.232574751	0.01252635241	0.1450581104	-0.1855883342	1.232388104	5.785014143e-06	-3.810394172e-05	1.502130094e-05	-2.36658373e-05	boucle.py	R0:S0:1	uncorrelated	-0.1381865393	1.254988814	-1.094323452	0.7328424824	1.765586534	-1.740962027	0.07040893784	-0.7333361842	-1.765601899	1.740983602	-0.0704570384	0.733567336	0.2635609034	-0.2757921382	-2.352942339	2.828544395	2025-01-09@10:47	2.1719	-0.6495441773	1	-1.233624044e-17	-0.2278385303	0.1609	-9.9261356e-17	0.09477769527	v2.7.1	
D	D_ave	E0_1	E0_2	E_kin	GS_consistency	U	U_1_ave	e	e_2_ave	e_ave	eb1_1	eb1_1_ave	eb2_1	eb2_1_ave	eb3_1	eb3_1_ave	eb4_1	eb4_1_ave	eb5_1	eb5_1_ave	eb6_1	eb6_1_ave	eb7_1	eb7_1_ave	eb8_1	eb8_1_ave	githash	model	mu	mu_1_ave	mu_2_ave	mu_ave	n_1	n_2	sb1_1	sb1_1_ave	sb2_1	sb2_1_ave	sb3_1	sb3_1_ave	sb4_1	sb4_1_ave	sb5_1	sb5_1_ave	sb6_1	sb6_1_ave	sb7_1	sb7_1_ave	sb8_1	sb8_1_ave	script	sector_1	sector_2	tb1_1	tb1_1_ave	tb2_1	tb2_1_ave	tb3_1	tb3_1_ave	tb4_1	tb4_1_ave	tb5_1	tb5_1_ave	tb6_1	tb6_1_ave	tb7_1	tb7_1_ave	tb8_1	tb8_1_ave	time	tpd	tpd_ave	tpp	tpp_2_ave	tpp_ave	tppp	tppp_2_ave	tppp_ave	version	
0	0.02055352413	-80.35200082	-113.4704	10.31961437	YY	14	0.1854439754	4.0781	2	1.24158652	0.0006054857594	0.20758934	-2.935433586	1.930007422	-3.805841576	1.75096073	-0.1167747214	1.537433865	-3.80594244	1.750954989	-0.1168434723	1.537528616	0.1683070554	0.01287222966	-3.473769537	1.459052313	a248bdd	2x2_2C_8b_C2v_L	11.17	1.161805698	2	1.619450778	0.9999999997277136	1.0	-0.001425207904	0.0128002857	-6.919532171e-06	5.705499641e-06	0.01251455246	0.1450665341	-0.1856342611	1.23309914	0.01254646018	0.1450497515	-0.1856506859	1.232886563	1.327955793e-06	-5.483605103e-06	5.136218392e-06	-6.845868728e-06	boucle.py	R0:S0:1	uncorrelated	-0.1382367365	1.255236562	-1.094229723	0.7327888056	1.765520446	-1.740939852	0.07052032831	-0.7340537216	-1.765547198	1.740994689	-0.07057168472	0.7342848003	0.2636238365	-0.2758325613	-2.352885092	2.828634491	2025-01-09@10:48	2.1719	-0.649585369	1	-1.233624044e-17	-0.2278591455	0.1609	-9.9261356e-17	0.09478606121	v2.7.1	
D	D_ave	E0_1	E0_2	E_kin	U	U_1_ave	e	e_2_ave	e_ave	eb1_1	eb1_1_ave	eb2_1	eb2_1_ave	eb3_1	eb3_1_ave	eb4_1	eb4_1_ave	eb5_1	eb5_1_ave	eb6_1	eb6_1_ave	eb7_1	eb7_1_ave	eb8_1	eb8_1_ave	githash	model	mu	mu_1_ave	mu_2_ave	mu_ave	n_1	n_2	sb1_1	sb1_1_ave	sb2_1	sb2_1_ave	sb3_1	sb3_1_ave	sb4_1	sb4_1_ave	sb5_1	sb5_1_ave	sb6_1	sb6_1_ave	sb7_1	sb7_1_ave	sb8_1	sb8_1_ave	script	sector_1	sector_2	tb1_1	tb1_1_ave	tb2_1	tb2_1_ave	tb3_1	tb3_1_ave	tb4_1	tb4_1_ave	tb5_1	tb5_1_ave	tb6_1	tb6_1_ave	tb7_1	tb7_1_ave	tb8_1	tb8_1_ave	time	tpd	tpd_ave	tpp	tpp_2_ave	tpp_ave	tppp	tppp_2_ave	tppp_ave	version	
0	0.02047470797	-80.1198729	-112.6704	10.26738324	14	0.1836701459	4.0781	2	1.24031066	0.0006054857594	0.2138858301	-2.935433586	1.929459097	-3.805841576	1.750673634	-0.1167747214	1.527786508	-3.80594244	1.750667978	-0.1168434723	1.527884784	0.1683070554	0.01314285646	-3.473769537	1.458486129	a248bdd	2x2_2C_8b_C2v_L	11.12	1.159473432	2	1.617178152	0.9999999997275761	1.0	-0.001425207904	0.012917611	-6.919532171e-06	5.322423856e-06	0.01251455246	0.1458386215	-0.1856342611	1.243860665	0.01254646018	0.1458228566	-0.1856506859	1.243643797	1.327955793e-06	-6.114024735e-06	5.136218392e-06	-7.246571973e-06	boucle.py	R0:S0:1	uncorrelated	-0.1382367365	1.266509597	-1.094229723	0.7370946291	1.765520446	-1.741910344	0.07052032831	-0.7410595511	-1.765547198	1.741964805	-0.07057168472	0.7412942952	0.2636238365	-0.2769834827	-2.352885092	2.827673201	2025-01-09@10:49	2.1719	-0.6539453531	1	-3.365084945e-16	-0.2307737633	0.1609	3.864225111e-16	0.09588473311	v2.7.1	
D	D_ave	E0_1	E0_2	E_kin	U	U_1_ave	e	e_2_ave	e_ave	eb1_1	eb1_1_ave	eb2_1	eb2_1_ave	eb3_1	eb3_1_ave	eb4_1	eb4_1_ave	eb5_1	eb5_1_ave	eb6_1	eb6_1_ave	eb7_1	eb7_1_ave	eb8_1	eb8_1_ave	githash	model	mu	mu_1_ave	mu_2_ave	mu_ave	n_1	n_2	sb1_1	sb1_1_ave	sb2_1	sb2_1_ave	sb3_1	sb3_1_ave	sb4_1	sb4_1_ave	sb5_1	sb5_1_ave	sb6_1	sb6_1_ave	sb7_1	sb7_1_ave	sb8_1	sb8_1_ave	script	sector_1	sector_2	tb1_1	tb1_1_ave	tb2_1	tb2_1_ave	tb3_1	tb3_1_ave	tb4_1	tb4_1_ave	tb5_1	tb5_1_ave	tb6_1	tb6_1_ave	tb7_1	tb7_1_ave	tb8_1	tb8_1_ave	time	tpd	tpd_ave	tpp	tpp_2_ave	tpp_ave	tppp	tppp_2_ave	tppp_ave	version	
0	0.02277972267	-86.55600111	-113.4704	10.17569448	14	0.1947902662	4.0781	2	1.237152968	0.02817793502	0.1919546016	-3.942375102	1.932191345	-4.357672856	1.7159471	-0.305711894	1.650209822	-4.358030621	1.716562994	-0.3056950985	1.648316485	0.3843404318	0.01587359145	-3.411397907	1.379194939	a248bdd	2x2_2C_8b_C2v_L	11.17	1.161838363	2	1.623063296	0.9999999996913068	1.0	0.0004424596262	-0.003014421264	0.0001233036369	-0.0001610174132	0.01554520998	0.2011452993	-0.3033883688	1.304996934	0.01518775853	0.201617143	-0.3036947065	1.31243489	0.0004709110858	-0.001811859622	-0.0002092551065	-0.000106552703	boucle.py	R0:S0:1	uncorrelated	-0.1530840877	1.375274735	-1.319292328	0.7075848571	1.99398858	-1.890659706	0.0644665491	-0.6576765007	-1.994118491	1.887315454	-0.06366692485	0.6545294412	0.4198583378	-0.3711375162	-2.518452677	3.005791395	2025-01-09@10:56	2.1719	-0.6580709632	1	-1.233624044e-17	-0.2401198018	0.1609	-9.9261356e-17	0.0997437444	v2.7.1	
0	0.02065105764	-90.06854582	-113.4704	10.66954647	14	0.1819905181	4.0781	2	1.249133604	-0.02034465032	0.1218922416	-4.437317772	1.946913512	-4.928555992	1.794417283	-0.2352282725	1.752291933	-4.928942333	1.794328817	-0.2351729889	1.752127259	0.3337880948	0.01155595723	-4.026920078	1.522906477	a248bdd	2x2_2C_8b_C2v_L	11.17	1.161588494	2	1.632709727	0.999999999648048	1.0	-0.0001249553353	0.001219462116	-0.0001109733185	-0.0002084750936	0.01957917877	0.1333425441	-0.2381228357	1.030648293	0.01970203053	0.1328558722	-0.2381147842	1.029331322	-0.0005578549571	0.002396412564	-0.0006983382108	0.0012095184	boucle.py	R0:S0:1	uncorrelated	-0.1350394915	1.040691255	-1.321749651	0.6577910044	1.99560428	-1.625129141	0.1044858376	-0.6320426764	-1.995608852	1.625870131	-0.1051279092	0.6337263177	0.3444496915	-0.306897634	-2.5266831	2.713557259	2025-01-09@10:56	2.1719	-0.6184499362	1	-1.233624044e-17	-0.2084967222	0.1609	-9.9261356e-17	0.08783018786	v2.7.1	
0	0.02190915537	-93.32027232	-113.4704	10.79528093	14	0.1834738716	4.0781	2	1.252199565	-0.4262422288	1.985958892	-5.589665519	1.963180174	-5.00734934	1.797824176	-0.2254580804	1.761754098	-5.007102358	1.797654864	-0.2254636899	1.761797363	0.2709252341	0.01499407378	-3.948629892	1.545521057	a248bdd	2x2_2C_8b_C2v_L	11.17	1.166679042	2	1.637130548	0.9999999998188498	1.0	-0.001820930297	0.01369084994	0.001271647758	-0.0006367715772	0.02077745475	0.1569880817	-0.1669531685	0.8999411958	0.02084256518	0.1568154902	-0.1663740636	0.8979265307	0.001806467275	-0.006101088233	3.878115323e-05	-0.001350046618	boucle.py	R0:S0:1	uncorrelated	-0.2978101337	0.2569301617	-1.402724486	0.5530374086	2.017974885	-1.624094599	0.1626142817	-0.7635706436	-2.017797289	1.624725983	-0.1626187067	0.7650988537	0.2580256649	-0.2650189729	-2.531088719	2.660121015	2025-01-09@10:57	2.1719	-0.6079564764	1	-1.233624044e-17	-0.2013253737	0.1609	-9.9261356e-17	0.08438766244	v2.7.1	
0	0.0236808635	-92.38973445	-113.4704	10.71663638	14	0.1831724443	4.0781	2	1.250318246	-0.2521488053	1.987705157	-5.225332808	1.961631066	-5.057907896	1.794686072	-0.2118899401	1.710989531	-5.056686937	1.794688229	-0.2116903319	1.710645373	0.298539592	0.0154631078	-3.951749604	1.535118054	a248bdd	2x2_2C_8b_C2v_L	11.17	1.164848077	2	1.63479095	0.9999999997784477	1.0	-0.0004355868686	0.00491788309	0.00026164339	9.649970101e-05	0.0208782701	0.1639513982	-0.1677480131	0.9412962291	0.02094858423	0.1638598276	-0.1676004409	0.9418934231	0.001343398767	-0.004327535813	-0.000223214153	-0.0004423348224	boucle.py	R0:S0:1	uncorrelated	-0.2417467526	0.2230251394	-1.379776837	0.5626587667	2.01792444	-1.637309448	0.1756784746	-0.8841501054	-2.017696159	1.636972196	-0.1755389403	0.8845877249	0.2682489044	-0.2695563727	-2.528890014	2.682066836	2025-01-09@10:57	2.1719	-0.6143403018	1	-1.233624044e-17	-0.2062944205	0.1609	-9.9261356e-17	0.08619895413	v2.7.1	
0	0.02355954979	-92.16021178	-113.4704	10.6980774	14	0.1830321744	4.0781	2	1.249915761	-0.2033510313	1.987805086	-5.214185399	1.961203161	-5.037176515	1.792946454	-0.196749144	1.699069399	-5.036586737	1.793077088	-0.1966336791	1.698211936	0.3070477881	0.01661858983	-3.963846787	1.534317689	a248bdd	2x2_2C_8b_C2v_L	11.17	1.164369329	2	1.633841891	0.9999999997749498	1.0	-0.0004995195384	0.005860775418	0.0001736013562	0.0002271881523	0.02024190941	0.1549358273	-0.178592879	0.9726924941	0.02026789896	0.1547954544	-0.1787469736	0.9753026046	0.0006173073277	-0.002313471199	-0.0002037574585	-0.0004420686646	boucle.py	R0:S0:1	uncorrelated	-0.2233178134	0.2134133044	-1.382259967	0.5655808227	2.014624724	-1.643923754	0.1653247173	-0.8759006645	-2.014572906	1.642849402	-0.1651902643	0.8759787642	0.2802332005	-0.2797289792	-2.529809251	2.683109618	2025-01-09@10:58	2.1719	-0.6161830215	1	-1.233624044e-17	-0.2068931159	0.1609	-9.9261356e-17	0.08654665269	v2.7.1	
0	0.02314422147	-92.1662666	-113.4704	10.71921743	14	0.1830117656	4.0781	2	1.250433123	-0.2066504177	1.987849159	-5.211293552	1.961145379	-5.035513281	1.794270675	-0.2001745062	1.713553789	-5.034955156	1.794309388	-0.1998602678	1.713050591	0.3077483965	0.01666831705	-3.965181349	1.53745485	a248bdd	2x2_2C_8b_C2v_L	11.17	1.164764155	2	1.634395695	0.9999999997495661	1.0	-0.0003269343547	0.003090792776	0.0001284594875	-0.0002159722364	0.01999394042	0.1532361459	-0.1796329217	0.9632772493	0.02005650384	0.1529857189	-0.1796569054	0.9642167215	0.0002171761384	-0.0007160150633	-0.0006520790795	0.0005307745284	boucle.py	R0:S0:1	uncorrelated	-0.2223883093	0.2126480452	-1.382639448	0.5661209857	2.015258086	-1.638686996	0.1617234981	-0.8428217276	-2.015177267	1.638382838	-0.1617303354	0.8431032914	0.2812378086	-0.2805522164	-2.529611955	2.676597747	2025-01-09@10:59	2.1719	-0.6145264514	1	-1.233624044e-17	-0.2054726161	0.1609	-9.9261356e-17	0.08603961073	v2.7.1	
0	0.02335210722	-92.16261897	-113.4704	10.71423215	14	0.1830468655	4.0781	2	1.250301182	-0.207677677	1.987937526	-5.209590366	1.961201805	-5.034727405	1.794045956	-0.2012350504	1.709296897	-5.034193817	1.794041735	-0.2009785316	1.709122442	0.3091673106	0.01635857264	-3.964538027	1.536433277	a248bdd	2x2_2C_8b_C2v_L	11.17	1.164704369	2	1.6343638	0.9999999997937402	1.0	-9.067071308e-05	0.001093115971	6.652590541e-05	-2.894711551e-05	0.0202558973	0.1558905478	-0.1761656293	0.9600069076	0.02028180062	0.155802325	-0.1761104874	0.960223282	0.0003010656726	-0.000933805479	-0.0001607554636	5.693373538e-05	boucle.py	R0:S0:1	uncorrelated	-0.2241032177	0.213287737	-1.38212996	0.5657144505	2.014416535	-1.639369589	0.1657290912	-0.8604726653	-2.014346533	1.639315453	-0.1657059806	0.8606506583	0.278910307	-0.2781672204	-2.530003718	2.678919177	2025-01-09@10:59	2.1719	-0.6148317461	1	-1.233624044e-17	-0.2059554619	0.1609	-9.9261356e-17	0.08617772936	v2.7.1	
0	0.02341893861	-92.16314848	-113.4704	10.71133964	14	0.1830648278	4.0781	2	1.250231938	-0.2077209916	1.98794581	-5.209425046	1.961215458	-5.034653904	1.793838678	-0.2010889313	1.707910615	-5.034124475	1.793842364	-0.2008467265	1.707724134	0.3091598954	0.01634632348	-3.964466716	1.535984576	a248bdd	2x2_2C_8b_C2v_L	11.17	1.164663212	2	1.634282789	0.9999999997731183	1.0	-0.0001002024687	0.001347911681	5.394502882e-05	8.143310227e-05	0.02022640925	0.156220664	-0.1765326444	0.9619454068	0.02022554399	0.1561700223	-0.1764734053	0.9622633804	0.0003186457174	-0.00105037634	-2.951969873e-05	-0.0001510806567	boucle.py	R0:S0:1	uncorrelated	-0.224204229	0.2132781172	-1.382082392	0.5655422586	2.014404157	-1.640193264	0.1658980419	-0.8633126173	-2.014329632	1.640061154	-0.1658664736	0.8634957077	0.2789552089	-0.2781371768	-2.530246345	2.679951262	2025-01-09@11:00	2.1719	-0.615069241	1	-1.233624044e-17	-0.2061322384	0.1609	-9.9261356e-17	0.08624487541	v2.7.1	
D	D_ave	E0_1	E0_2	E_kin	GS_consistency	U	U_1_ave	e	e_2_ave	e_ave	eb1_1	eb1_1_ave	eb2_1	eb2_1_ave	eb3_1	eb3_1_ave	eb4_1	eb4_1_ave	eb5_1	eb5_1_ave	eb6_1	eb6_1_ave	eb7_1	eb7_1_ave	eb8_1	eb8_1_ave	githash	model	mu	mu_1_ave	mu_2_ave	mu_ave	n_1	n_2	sb1_1	sb1_1_ave	sb2_1	sb2_1_ave	sb3_1	sb3_1_ave	sb4_1	sb4_1_ave	sb5_1	sb5_1_ave	sb6_1	sb6_1_ave	sb7_1	sb7_1_ave	sb8_1	sb8_1_ave	script	sector_1	sector_2	tb1_1	tb1_1_ave	tb2_1	tb2_1_ave	tb3_1	tb3_1_ave	tb4_1	tb4_1_ave	tb5_1	tb5_1_ave	tb6_1	tb6_1_ave	tb7_1	tb7_1_ave	tb8_1	tb8_1_ave	time	tpd	tpd_ave	tpp	tpp_2_ave	tpp_ave	tppp	tppp_2_ave	tppp_ave	version	
0	0.02341629584	-92.16232085	-113.4704	10.71097456	YY	14	0.1830553525	4.0781	2	1.250224307	-0.2079119857	1.98793114	-5.209274446	1.961213397	-5.034580692	1.793844992	-0.2010555848	1.707622304	-5.03405561	1.793844092	-0.200827194	1.70744861	0.3091461857	0.01637475395	-3.964473486	1.535995338	a248bdd	2x2_2C_8b_C2v_L	11.17	1.164648729	2	1.634262288	0.9999999997299077	1.0	-0.0001077117227	0.001368068076	4.127462866e-05	7.896967103e-05	0.02031828217	0.1559684035	-0.1767170082	0.9624474971	0.0203082159	0.1559229534	-0.1766598282	0.9627217562	0.0002914965104	-0.0009608480968	-6.776053709e-05	-0.0001018010936	boucle.py	R0:S0:1	uncorrelated	-0.224245378	0.2133823371	-1.381950715	0.5655697139	2.014269535	-1.640167935	0.165920663	-0.8636200925	-2.01419638	1.64006947	-0.1658832662	0.8637815525	0.2791560171	-0.2783674112	-2.530062812	2.679872125	2025-01-09@11:01	2.1719	-0.6151056731	1	-1.233624044e-17	-0.2061447186	0.1609	-9.9261356e-17	0.08625131301	v2.7.1	
D	D_ave	E0_1	E0_2	E_kin	U	U_1_ave	e	e_2_ave	e_ave	eb1_1	eb1_1_ave	eb2_1	eb2_1_ave	eb3_1	eb3_1_ave	eb4_1	eb4_1_ave	eb5_1	eb5_1_ave	eb6_1	eb6_1_ave	eb7_1	eb7_1_ave	eb8_1	eb8_1_ave	githash	model	mu	mu_1_ave	mu_2_ave	mu_ave	n_1	n_2	sb1_1	sb1_1_ave	sb2_1	sb2_1_ave	sb3_1	sb3_1_ave	sb4_1	sb4_1_ave	sb5_1	sb5_1_ave	sb6_1	sb6_1_ave	sb7_1	sb7_1_ave	sb8_1	sb8_1_ave	script	sector_1	sector_2	tb1_1	tb1_1_ave	tb2_1	tb2_1_ave	tb3_1	tb3_1_ave	tb4_1	tb4_1_ave	tb5_1	tb5_1_ave	tb6_1	tb6_1_ave	tb7_1	tb7_1_ave	tb8_1	tb8_1_ave	time	tpd	tpd_ave	tpp	tpp_2_ave	tpp_ave	tppp	tppp_2_ave	tppp_ave	version	
0	0.02346268156	-91.92959406	-112.6704	10.65895689	14	0.1814841158	4.0781	2	1.248993066	-0.2079119857	1.987943402	-5.209274446	1.961267788	-5.034580692	1.793600466	-0.2010555848	1.702693343	-5.03405561	1.793599806	-0.200827194	1.702509761	0.3091461857	0.0164920636	-3.964473486	1.536349356	a248bdd	2x2_2C_8b_C2v_L	11.12	1.162618088	2	1.632019783	0.9999999997650751	1.0	-0.0001077117227	0.001393841518	4.127462866e-05	8.309896256e-05	0.02031828217	0.1575903434	-0.1767170082	0.9685654654	0.0203082159	0.1575426745	-0.1766598282	0.968857939	0.0002914965104	-0.0009684228705	-6.776053709e-05	-0.0001056402258	boucle.py	R0:S0:1	uncorrelated	-0.224245378	0.2132899938	-1.381950715	0.5663374523	2.014269535	-1.641779715	0.165920663	-0.873152309	-2.01419638	1.641677054	-0.1658832662	0.8733219189	0.2791560171	-0.2792417504	-2.530062812	2.676826671	2025-01-09@11:02	2.1719	-0.6195109374	1	-3.365084945e-16	-0.2090612555	0.1609	3.864225111e-16	0.08728444659	v2.7.1	
0	0.02419521536	-91.84510066	-112.6704	10.60887076	14	0.1823179944	4.0781	2	1.247771804	-0.212919933	1.987838223	-5.20153847	1.961356368	-5.020170703	1.78840596	-0.2047743807	1.687329851	-5.019804522	1.788406884	-0.20475888	1.687172629	0.3150476322	0.01679518596	-3.919914348	1.525255338	a248bdd	2x2_2C_8b_C2v_L	11.12	1.162323382	2	1.630830232	0.9999999997327322	1.0	-0.0001524851764	0.001603677313	4.638622854e-05	6.489098388e-06	0.02154319089	0.1619301979	-0.1833594273	1.000742156	0.02155129203	0.1618713974	-0.1833705228	1.001001052	1.956172132e-05	-0.0001491794498	-0.0001182294412	1.595725065e-05	boucle.py	R0:S0:1	uncorrelated	-0.2267598924	0.2145360429	-1.382791999	0.5636610966	2.018406614	-1.661789647	0.1658378187	-0.9033039039	-2.018357573	1.661723824	-0.1658365986	0.9034113654	0.2867929699	-0.285021975	-2.529275965	2.701046751	2025-01-09@11:02	2.1719	-0.6235238333	1	-3.365084945e-16	-0.2122539477	0.1609	3.864225111e-16	0.08848613668	v2.7.1	
0	0.02287873221	-91.17912185	-112.6704	10.61906782	14	0.1825532673	4.0781	2	1.248135099	-0.2134504182	1.98763942	-5.113309207	1.96103316	-4.901579179	1.786557714	-0.1934728612	1.703158071	-4.902427715	1.786596585	-0.1934460497	1.702862436	0.3376555482	0.01824098679	-3.942127078	1.530347736	a248bdd	2x2_2C_8b_C2v_L	11.12	1.162946184	2	1.630428419	0.9999999997306294	1.0	-0.0003680613289	0.003741735598	0.0002457953636	-0.0001468869117	0.01905793961	0.150989896	-0.1967248418	1.018689358	0.01909773912	0.1508800486	-0.1967339885	1.019334257	-2.610264417e-05	-0.000180942506	1.086348787e-05	-0.0002272387348	boucle.py	R0:S0:1	uncorrelated	-0.2215985922	0.2134907035	-1.371080779	0.5652079162	2.000380614	-1.666354344	0.1431517684	-0.8143443081	-2.000534826	1.666112077	-0.1431287482	0.8145121289	0.3051511729	-0.3013098211	-2.531420387	2.69114719	2025-01-09@11:03	2.1719	-0.6233604505	1	-3.365084945e-16	-0.2106223106	0.1609	3.864225111e-16	0.08805717613	v2.7.1	
0	0.02362833997	-91.4922437	-112.6704	10.623604	14	0.1824707008	4.0781	2	1.248181847	-0.2110264537	1.987878389	-5.125841496	1.961143626	-4.968590083	1.788479043	-0.2052091653	1.702342888	-4.968677353	1.788480217	-0.205122502	1.70246389	0.3261676605	0.01724424358	-3.929549379	1.528923107	a248bdd	2x2_2C_8b_C2v_L	11.12	1.162870367	2	1.630994276	0.9999999996735078	1.0	0.0002907105846	-0.002817812661	-0.0001245139619	4.617229551e-05	0.02082355931	0.1587262884	-0.1875323572	0.9984466436	0.02084486543	0.1587450647	-0.1875234767	0.9983382098	0.0003773370392	-0.000912803843	-7.058413711e-05	0.000181801582	boucle.py	R0:S0:1	uncorrelated	-0.2236035629	0.2129121413	-1.374544856	0.5647441634	2.010434053	-1.660395561	0.1577775278	-0.8573045514	-2.010457097	1.660427722	-0.157762988	0.8571695627	0.2933741614	-0.2906665586	-2.530248999	2.694123189	2025-01-09@11:03	2.1719	-0.6226017627	1	-3.365084945e-16	-0.2109477936	0.1609	3.864225111e-16	0.0880516152	v2.7.1	
D	D_ave	E0_1	E0_2	E_kin	U	U_1_ave	e	e_2_ave	e_ave	eb1_1	eb1_1_ave	eb2_1	eb2_1_ave	eb3_1	eb3_1_ave	eb4_1	eb4_1_ave	eb5_1	eb5_1_ave	eb6_1	eb6_1_ave	eb7_1	eb7_1_ave	eb8_1	eb8_1_ave	githash	model	mu	mu_1_ave	mu_2_ave	mu_ave	n_1	n_2	sb1_1	sb1_1_ave	sb2_1	sb2_1_ave	sb3_1	sb3_1_ave	sb4_1	sb4_1_ave	sb5_1	sb5_1_ave	sb6_1	sb6_1_ave	sb7_1	sb7_1_ave	sb8_1	sb8_1_ave	script	sector_1	sector_2	tb1_1	tb1_1_ave	tb2_1	tb2_1_ave	tb3_1	tb3_1_ave	tb4_1	tb4_1_ave	tb5_1	tb5_1_ave	tb6_1	tb6_1_ave	tb7_1	tb7_1_ave	tb8_1	tb8_1_ave	time	tpd	tpd_ave	tpp	tpp_2_ave	tpp_ave	tppp	tppp_2_ave	tppp_ave	version	
0	0.01810207528	-83.21450656	-101.7904	9.278109892	14	0.1706663636	4.0781	2	1.214435301	0.02817793502	0.2728525748	-3.942375102	1.924546345	-4.357672856	1.707919742	-0.305711894	1.568694783	-4.358030621	1.708557261	-0.3056950985	1.565823148	0.3843404318	0.01887308428	-3.411397907	1.367263074	a248bdd	2x2_2C_8b_C2v_L	10.44	1.126770939	2	1.583956116	0.9999999996938691	0.9999999999999998	0.0004424596262	-0.003610619201	0.0001233036369	-0.0001060600744	0.01554520998	0.230128437	-0.3033883688	1.391914862	0.01518775853	0.2305719278	-0.3036947065	1.401320072	0.0004709110858	-0.001929748849	-0.0002092551065	-0.000165772774	boucle.py	R0:S0:1	uncorrelated	-0.1530840877	1.53913507	-1.319292328	0.7696847677	1.99398858	-1.930271012	0.0644665491	-0.7566496049	-1.994118491	1.926798741	-0.06366692485	0.7532487156	0.4198583378	-0.3808767564	-2.518452677	3.015668386	2025-01-09@11:07	2.1719	-0.7326261004	1	1.788576356e-16	-0.2877213558	0.1609	-3.673588811e-17	0.118251591	v2.7.1	
D	D_ave	E0_1	E0_2	E_kin	GS_consistency	U	U_1_ave	e	e_2_ave	e_ave	eb1_1	eb1_1_ave	eb2_1	eb2_1_ave	eb3_1	eb3_1_ave	eb4_1	eb4_1_ave	eb5_1	eb5_1_ave	eb6_1	eb6_1_ave	eb7_1	eb7_1_ave	eb8_1	eb8_1_ave	githash	model	mu	mu_1_ave	mu_2_ave	mu_ave	n_1	n_2	sb1_1	sb1_1_ave	sb2_1	sb2_1_ave	sb3_1	sb3_1_ave	sb4_1	sb4_1_ave	sb5_1	sb5_1_ave	sb6_1	sb6_1_ave	sb7_1	sb7_1_ave	sb8_1	sb8_1_ave	script	sector_1	sector_2	tb1_1	tb1_1_ave	tb2_1	tb2_1_ave	tb3_1	tb3_1_ave	tb4_1	tb4_1_ave	tb5_1	tb5_1_ave	tb6_1	tb6_1_ave	tb7_1	tb7_1_ave	tb8_1	tb8_1_ave	time	tpd	tpd_ave	tpp	tpp_2_ave	tpp_ave	tppp	tppp_2_ave	tppp_ave	version	
0	0.01808522484	-83.21442674	-101.7904	9.278473302	YY	14	0.1706624203	4.0781	2	1.214444408	0.02800538147	0.2728552842	-3.942322015	1.924557209	-4.357816387	1.707957282	-0.3057093441	1.568868053	-4.358168411	1.708582634	-0.3056831172	1.565988367	0.3842332519	0.01887928565	-3.411380249	1.367346161	a248bdd	2x2_2C_8b_C2v_L	10.44	1.126777247	2	1.58396483	0.9999999996388199	0.9999999999999998	0.0005022496834	-0.004093166164	7.372728474e-05	7.303958181e-05	0.0154749864	0.2301048643	-0.3033973574	1.391912122	0.0151990368	0.2303359378	-0.3037072072	1.401089559	0.0003174027872	-0.001374302565	-0.0001466577669	-0.0001809945271	boucle.py	R0:S0:1	uncorrelated	-0.1530237914	1.538800326	-1.31922314	0.7696288616	1.994035582	-1.930129343	0.06426629483	-0.7556590726	-1.994152312	1.926737691	-0.06366104686	0.7528248115	0.4198175854	-0.3808881219	-2.518339113	3.01546841	2025-01-09@11:08	2.1719	-0.732596133	1	1.788576356e-16	-0.2877010766	0.1609	-3.673588811e-17	0.1182430686	v2.7.1	
D	D_ave	E0_1	E0_2	E_kin	U	U_1_ave	e	e_2_ave	e_ave	eb1_1	eb1_1_ave	eb2_1	eb2_1_ave	eb3_1	eb3_1_ave	eb4_1	eb4_1_ave	eb5_1	eb5_1_ave	eb6_1	eb6_1_ave	eb7_1	eb7_1_ave	eb8_1	eb8_1_ave	githash	model	mu	mu_1_ave	mu_2_ave	mu_ave	n_1	n_2	sb1_1	sb1_1_ave	sb2_1	sb2_1_ave	sb3_1	sb3_1_ave	sb4_1	sb4_1_ave	sb5_1	sb5_1_ave	sb6_1	sb6_1_ave	sb7_1	sb7_1_ave	sb8_1	sb8_1_ave	script	sector_1	sector_2	tb1_1	tb1_1_ave	tb2_1	tb2_1_ave	tb3_1	tb3_1_ave	tb4_1	tb4_1_ave	tb5_1	tb5_1_ave	tb6_1	tb6_1_ave	tb7_1	tb7_1_ave	tb8_1	tb8_1_ave	time	tpd	tpd_ave	tpp	tpp_2_ave	tpp_ave	tppp	tppp_2_ave	tppp_ave	version	
0	0.017469959	-82.98931358	-100.9904	9.209866318	14	0.1691141042	4.0781	2	1.212630741	0.02800538147	0.279131942	-3.942322015	1.923982151	-4.357816387	1.707148077	-0.3057093441	1.562979297	-4.358168411	1.707774133	-0.3056831172	1.560024204	0.3842332519	0.01908657442	-3.411380249	1.365968704	a248bdd	2x2_2C_8b_C2v_L	10.39	1.12435378	2	1.580987467	0.9999999996340265	0.9999999999999997	0.0005022496834	-0.00414147872	7.372728474e-05	7.708273634e-05	0.0154749864	0.2322610609	-0.3033973574	1.397389303	0.0151990368	0.2324909269	-0.3037072072	1.4066973	0.0003174027872	-0.001380872086	-0.0001466577669	-0.0001846644016	boucle.py	R0:S0:1	uncorrelated	-0.1530237914	1.549958436	-1.31922314	0.773975563	1.994035582	-1.933738003	0.06426629483	-0.7632983856	-1.994152312	1.930344473	-0.06366104686	0.760451096	0.4198175854	-0.381422524	-2.518339113	3.017779931	2025-01-09@11:09	2.1719	-0.7381824482	1	-1.590503847e-16	-0.2912727559	0.1609	-1.016562065e-16	0.1196844632	v2.7.1	
0	0.01676537407	-82.95578596	-100.9904	9.183633273	14	0.1696471221	4.0781	2	1.211967298	0.02868651647	0.2850961069	-3.938483498	1.922769287	-4.351137764	1.702605102	-0.311738374	1.559627431	-4.351461214	1.702860042	-0.3116411902	1.558113538	0.3907871244	0.01927887952	-3.369244507	1.356274443	a248bdd	2x2_2C_8b_C2v_L	10.39	1.123988446	2	1.58046034	0.999999999664662	0.9999999999999997	0.001228032365	-0.009718600583	0.0001505004804	0.0002152768948	0.01462613791	0.234799076	-0.3085447493	1.407967575	0.01486353467	0.2339176418	-0.3086516602	1.411452959	-0.0003146105958	0.001028737117	1.461821368e-05	3.681218741e-05	boucle.py	R0:S0:1	uncorrelated	-0.1543976083	1.570154294	-1.322129491	0.7788830284	1.999739379	-1.94946564	0.06029998974	-0.7512373945	-1.999704699	1.948161297	-0.06103637533	0.7528937568	0.4260869694	-0.3859790953	-2.517519928	3.035181022	2025-01-09@11:09	2.1719	-0.7403293485	1	-1.590503847e-16	-0.2927501582	0.1609	-1.016562065e-16	0.1203152482	v2.7.1	
0	0.01615412914	-82.94518262	-100.9904	9.204268699	14	0.1697006707	4.0781	2	1.212497138	0.02695860801	0.2764565166	-3.934400674	1.923457707	-4.346043289	1.703472106	-0.3177178454	1.579783539	-4.346292867	1.703904721	-0.3176725816	1.577610923	0.387167252	0.01928364619	-3.371013415	1.360608051	a248bdd	2x2_2C_8b_C2v_L	10.39	1.124555115	2	1.581087707	0.9999999996474914	0.9999999999999997	0.0004171229028	-0.003418923333	5.945570699e-07	0.0001594885012	0.01361092653	0.2259532219	-0.3109384427	1.38903479	0.01347887641	0.2260197167	-0.3111193687	1.395500379	0.0001417149622	-0.0006171745157	-0.0001370537044	-2.416310859e-05	boucle.py	R0:S0:1	uncorrelated	-0.1540010474	1.559092213	-1.32098499	0.7740750715	1.998792655	-1.946780138	0.05584678076	-0.7062560944	-1.998893129	1.944461826	-0.05540371568	0.7043881439	0.4261109715	-0.386408768	-2.516808838	3.026343871	2025-01-09@11:10	2.1719	-0.7386513212	1	-1.590503847e-16	-0.2915893177	0.1609	-1.016562065e-16	0.1197707221	v2.7.1	
0	0.01633807313	-82.94422376	-100.9904	9.201494804	14	0.1697243277	4.0781	2	1.212417533	0.02660672508	0.2776805776	-3.933818748	1.923335277	-4.345373759	1.703062239	-0.3179228988	1.578062262	-4.345622137	1.703445135	-0.317877326	1.576195538	0.387685622	0.01908073872	-3.370357735	1.359649301	a248bdd	2x2_2C_8b_C2v_L	10.39	1.124469455	2	1.581079523	0.9999999996422717	0.9999999999999997	0.0004850342938	-0.003964164078	3.535543259e-05	0.0001643314233	0.01390743251	0.2278167848	-0.3105408948	1.390513954	0.01383897058	0.2277032021	-0.3107047958	1.395975175	-2.581717084e-05	-4.469713531e-05	8.516023957e-06	-0.0001301557645	boucle.py	R0:S0:1	uncorrelated	-0.1542484867	1.562870015	-1.321024313	0.7746585579	1.999147731	-1.948042323	0.05668491121	-0.7131244643	-1.999189576	1.946014387	-0.05658473833	0.7122297911	0.4244332047	-0.3845672684	-2.517275105	3.028626977	2025-01-09@11:11	2.1719	-0.7388257921	1	-1.590503847e-16	-0.2918243552	0.1609	-1.016562065e-16	0.1198575914	v2.7.1	
D	D_ave	E0_1	E0_2	E_kin	GS_consistency	U	U_1_ave	e	e_2_ave	e_ave	eb1_1	eb1_1_ave	eb2_1	eb2_1_ave	eb3_1	eb3_1_ave	eb4_1	eb4_1_ave	eb5_1	eb5_1_ave	eb6_1	eb6_1_ave	eb7_1	eb7_1_ave	eb8_1	eb8_1_ave	githash	model	mu	mu_1_ave	mu_2_ave	mu_ave	n_1	n_2	sb1_1	sb1_1_ave	sb2_1	sb2_1_ave	sb3_1	sb3_1_ave	sb4_1	sb4_1_ave	sb5_1	sb5_1_ave	sb6_1	sb6_1_ave	sb7_1	sb7_1_ave	sb8_1	sb8_1_ave	script	sector_1	sector_2	tb1_1	tb1_1_ave	tb2_1	tb2_1_ave	tb3_1	tb3_1_ave	tb4_1	tb4_1_ave	tb5_1	tb5_1_ave	tb6_1	tb6_1_ave	tb7_1	tb7_1_ave	tb8_1	tb8_1_ave	time	tpd	tpd_ave	tpp	tpp_2_ave	tpp_ave	tppp	tppp_2_ave	tppp_ave	version	
0	0.01636706419	-82.94275187	-100.9904	9.199792085	YY	14	0.1697255575	4.0781	2	1.212379593	0.02671913078	0.278396591	-3.933568001	1.923276516	-4.345155191	1.703140357	-0.3179084449	1.576560375	-4.345399626	1.703408637	-0.3178742135	1.575194071	0.3875526255	0.01913565568	-3.370097383	1.359429638	a248bdd	2x2_2C_8b_C2v_L	10.39	1.124445909	2	1.580998962	0.999999999651832	0.9999999999999997	0.0005025564595	-0.004062744399	4.140720051e-05	0.0001407522088	0.01399618667	0.2283973422	-0.3106976785	1.392661746	0.0139771912	0.2282571415	-0.3108118273	1.396569495	-4.075515118e-05	1.531138829e-05	3.215249683e-05	-0.0001387605817	boucle.py	R0:S0:1	uncorrelated	-0.1541895828	1.563429433	-1.320935816	0.7750458717	1.998906631	-1.947648572	0.0570332174	-0.7160260078	-1.998955041	1.946226103	-0.05700132585	0.7155282915	0.4248903268	-0.3850179341	-2.517347941	3.029048247	2025-01-09@11:12	2.1719	-0.7389922865	1	-1.590503847e-16	-0.2918809211	0.1609	-1.016562065e-16	0.1198906763	v2.7.1	
D	D_ave	E0_1	E0_2	E_kin	U	U_1_ave	e	e_2_ave	e_ave	eb1_1	eb1_1_ave	eb2_1	eb2_1_ave	eb3_1	eb3_1_ave	eb4_1	eb4_1_ave	eb5_1	eb5_1_ave	eb6_1	eb6_1_ave	eb7_1	eb7_1_ave	eb8_1	eb8_1_ave	githash	model	mu	mu_1_ave	mu_2_ave	mu_ave	n_1	n_2	sb1_1	sb1_1_ave	sb2_1	sb2_1_ave	sb3_1	sb3_1_ave	sb4_1	sb4_1_ave	sb5_1	sb5_1_ave	sb6_1	sb6_1_ave	sb7_1	sb7_1_ave	sb8_1	sb8_1_ave	script	sector_1	sector_2	tb1_1	tb1_1_ave	tb2_1	tb2_1_ave	tb3_1	tb3_1_ave	tb4_1	tb4_1_ave	tb5_1	tb5_1_ave	tb6_1	tb6_1_ave	tb7_1	tb7_1_ave	tb8_1	tb8_1_ave	time	tpd	tpd_ave	tpp	tpp_2_ave	tpp_ave	tppp	tppp_2_ave	tppp_ave	version	
0	0.0167982816	-82.76468546	-100.1904	9.140408873	14	0.1675789321	4.0781	2	1.210783732	0.02800538147	0.2854620746	-3.942322015	1.923402953	-4.357816387	1.706305201	-0.3057093441	1.557094261	-4.358168411	1.706931787	-0.3056831172	1.554063291	0.3842332519	0.01929165075	-3.411380249	1.364533012	a248bdd	2x2_2C_8b_C2v_L	10.34	1.121926872	2	1.577973154	0.9999999996955616	1.0	0.0005022496834	-0.004189700621	7.372728474e-05	8.097699041e-05	0.0154749864	0.2344280956	-0.3033973574	1.40274689	0.0151990368	0.23465711	-0.3037072072	1.412182982	0.0003174027872	-0.001387445986	-0.0001466577669	-0.0001883409192	boucle.py	R0:S0:1	uncorrelated	-0.1530237914	1.561058826	-1.31922314	0.7783166746	1.994035582	-1.937472039	0.06426629483	-0.7710191451	-1.994152312	1.934078002	-0.06366104686	0.7681597206	0.4198175854	-0.3819289555	-2.518339113	3.020286078	2025-01-09@11:13	2.1719	-0.7438223528	1	3.44189518e-16	-0.2948786712	0.1609	7.007364217e-19	0.1211451871	v2.7.1	
0	0.01564145551	-82.45927717	-100.1904	9.093028132	14	0.1688979763	4.0781	2	1.209595024	0.0286938236	0.2887791916	-3.903475906	1.921030035	-4.293735161	1.693811958	-0.3261979944	1.56721367	-4.293990933	1.69421853	-0.3259003233	1.564813009	0.3930713653	0.0194314741	-3.327856167	1.346267596	a248bdd	2x2_2C_8b_C2v_L	10.34	1.121499206	2	1.577265277	0.9999999996513079	1.0	0.001202036788	-0.009819023037	0.0001406250758	0.0003785838908	0.0140947594	0.2392681596	-0.31506009	1.401063364	0.01427301576	0.2384492512	-0.3151463175	1.407071994	-1.722004528e-05	-0.0002389392987	0.0001100794026	-0.000362021983	boucle.py	R0:S0:1	uncorrelated	-0.1554521418	1.599432956	-1.321068515	0.7851863032	1.99663423	-1.979143415	0.05673250576	-0.7324881994	-1.996597861	1.977015127	-0.05730135313	0.7334767664	0.4310246215	-0.389489261	-2.51680337	3.053899432	2025-01-09@11:13	2.1719	-0.7476596883	1	3.44189518e-16	-0.297664177	0.1609	7.007364217e-19	0.1222259963	v2.7.1	
0	0.01486763428	-82.44850909	-100.1904	9.104821984	14	0.1688315615	4.0781	2	1.209911584	0.02835783746	0.2866722098	-3.902056582	1.921226296	-4.294173033	1.695507417	-0.3262039918	1.574685172	-4.294412736	1.695748254	-0.325978323	1.573072293	0.3934369162	0.01961027627	-3.328940859	1.349157586	a248bdd	2x2_2C_8b_C2v_L	10.34	1.121813552	2	1.577472009	0.9999999996560202	1.0	0.001182507998	-0.009445517966	0.0001261842515	0.0001402091505	0.01350953051	0.2296008084	-0.3163393737	1.397386352	0.01360228906	0.2290176536	-0.3163606801	1.401138847	-0.0001830553742	0.0006084894037	-0.0001112220587	0.0001600735579	boucle.py	R0:S0:1	uncorrelated	-0.1560947682	1.59611369	-1.319977724	0.7843108599	1.99528741	-1.973036851	0.05254978139	-0.6987357216	-1.995284948	1.971776675	-0.05290830226	0.6994311457	0.4324297337	-0.3911881942	-2.515395476	3.047540245	2025-01-09@11:14	2.1719	-0.7467833169	1	3.44189518e-16	-0.2968747296	0.1609	7.007364217e-19	0.1218996072	v2.7.1	
D	D_ave	E0_1	E0_2	E_kin	GS_consistency	U	U_1_ave	e	e_2_ave	e_ave	eb1_1	eb1_1_ave	eb2_1	eb2_1_ave	eb3_1	eb3_1_ave	eb4_1	eb4_1_ave	eb5_1	eb5_1_ave	eb6_1	eb6_1_ave	eb7_1	eb7_1_ave	eb8_1	eb8_1_ave	githash	model	mu	mu_1_ave	mu_2_ave	mu_ave	n_1	n_2	sb1_1	sb1_1_ave	sb2_1	sb2_1_ave	sb3_1	sb3_1_ave	sb4_1	sb4_1_ave	sb5_1	sb5_1_ave	sb6_1	sb6_1_ave	sb7_1	sb7_1_ave	sb8_1	sb8_1_ave	script	sector_1	sector_2	tb1_1	tb1_1_ave	tb2_1	tb2_1_ave	tb3_1	tb3_1_ave	tb4_1	tb4_1_ave	tb5_1	tb5_1_ave	tb6_1	tb6_1_ave	tb7_1	tb7_1_ave	tb8_1	tb8_1_ave	time	tpd	tpd_ave	tpp	tpp_2_ave	tpp_ave	tppp	tppp_2_ave	tppp_ave	version	
0	0.01484356388	-82.448308	-100.1904	9.107237175	YY	14	0.168840021	4.0781	2	1.209959624	0.02782253631	0.2856920039	-3.901623853	1.921264687	-4.294080427	1.695313288	-0.3263265899	1.576532178	-4.294315278	1.695499647	-0.3261232451	1.575230578	0.3937400699	0.01951516165	-3.328907226	1.349233569	a248bdd	2x2_2C_8b_C2v_L	10.34	1.121832882	2	1.577628083	0.9999999996169389	1.0	0.001082261968	-0.008640173619	0.0001571037896	-7.225888009e-06	0.01337526453	0.2288264936	-0.3159276305	1.395250722	0.01345375161	0.22837826	-0.3159284406	1.398244129	-0.0001055250745	0.0003438852593	-0.0001250259937	0.0001653887071	boucle.py	R0:S0:1	uncorrelated	-0.1560786908	1.595709782	-1.320180929	0.7839026554	1.995791849	-1.973658433	0.05214012593	-0.6945344314	-1.995806218	1.97268162	-0.05238666031	0.6950189581	0.4316472164	-0.390397097	-2.515508091	3.04743022	2025-01-09@11:15	2.1719	-0.7465141578	1	3.44189518e-16	-0.2968442828	0.1609	7.007364217e-19	0.1218630378	v2.7.1	
D	D_ave	E0_1	E0_2	E_kin	U	U_1_ave	e	e_2_ave	e_ave	eb1_1	eb1_1_ave	eb2_1	eb2_1_ave	eb3_1	eb3_1_ave	eb4_1	eb4_1_ave	eb5_1	eb5_1_ave	eb6_1	eb6_1_ave	eb7_1	eb7_1_ave	eb8_1	eb8_1_ave	githash	model	mu	mu_1_ave	mu_2_ave	mu_ave	n_1	n_2	sb1_1	sb1_1_ave	sb2_1	sb2_1_ave	sb3_1	sb3_1_ave	sb4_1	sb4_1_ave	sb5_1	sb5_1_ave	sb6_1	sb6_1_ave	sb7_1	sb7_1_ave	sb8_1	sb8_1_ave	script	sector_1	sector_2	tb1_1	tb1_1_ave	tb2_1	tb2_1_ave	tb3_1	tb3_1_ave	tb4_1	tb4_1_ave	tb5_1	tb5_1_ave	tb6_1	tb6_1_ave	tb7_1	tb7_1_ave	tb8_1	tb8_1_ave	time	tpd	tpd_ave	tpp	tpp_2_ave	tpp_ave	tppp	tppp_2_ave	tppp_ave	version	
0	0.01385134544	-82.44880704	-99.3904	9.051045267	14	0.1672653877	4.0781	2	1.208425502	0.0254328801	0.2888748439	-3.924813987	1.921394001	-4.332493995	1.697290664	-0.3301075456	1.578819511	-4.33263084	1.697130449	-0.3300653097	1.579403978	0.3908719991	0.01953435597	-3.328814516	1.350074085	a248bdd	2x2_2C_8b_C2v_L	10.29	1.119652739	2	1.575020721	0.9999999996908944	0.9999999999999994	0.0005028632356	-0.004064003917	9.087116279e-06	0.0002085488187	0.01251738695	0.2261272837	-0.3179979996	1.397245151	0.01275534561	0.2256109022	-0.3179164473	1.394975964	-0.0003989130895	0.001386838388	0.0002109627605	-9.748452786e-05	boucle.py	R0:S0:1	uncorrelated	-0.1553553741	1.599559063	-1.322648493	0.7846956035	2.00377768	-1.969626513	0.04980013997	-0.6787648553	-2.003757771	1.970498934	-0.05034160484	0.6805425058	0.4299630681	-0.3895162086	-2.516356768	3.045014251	2025-01-09@11:16	2.1719	-0.7510246167	1	3.326204849e-16	-0.2997037423	0.1609	-2.48228827e-16	0.1229904068	v2.7.1	
0	0.01322706165	-81.96839031	-99.3904	9.009061992	14	0.167942734	4.0781	2	1.207365207	0.02721841694	0.2943895385	-3.869902495	1.919215959	-4.248148283	1.686282382	-0.3300073307	1.570754962	-4.248306467	1.686576675	-0.3301366105	1.569383015	0.4033175435	0.01979999696	-3.289471469	1.337484965	a248bdd	2x2_2C_8b_C2v_L	10.29	1.118991691	2	1.574158759	0.9999999996003168	0.9999999999999994	0.0002377876516	-0.002037995022	0.0001360952977	-0.0001239771241	0.01245860699	0.2300846469	-0.3190361565	1.399507549	0.01205340205	0.2312736678	-0.3191469051	1.404441026	0.0002278327749	-0.001513548613	0.000717245853	-0.001510231606	boucle.py	R0:S0:1	uncorrelated	-0.1567590022	1.625284578	-1.319176786	0.7926519659	1.994456735	-2.00411771	0.04821550263	-0.6821667387	-1.994603337	2.002445944	-0.04707562478	0.6787536184	0.4376760398	-0.3946631663	-2.515762257	3.069154425	2025-01-09@11:16	2.1719	-0.7544076696	1	3.326204849e-16	-0.3021903908	0.1609	-2.48228827e-16	0.1240088465	v2.7.1	
0	0.01242530387	-81.9662645	-99.3904	9.019987904	14	0.1679369077	4.0781	2	1.207657058	0.02753387897	0.2900629876	-3.868152836	1.919467006	-4.248767749	1.687452878	-0.3312582127	1.580062047	-4.248943087	1.687761964	-0.3313338207	1.578448366	0.4014736895	0.02000713353	-3.289262512	1.339988461	a248bdd	2x2_2C_8b_C2v_L	10.29	1.119306102	2	1.57439965	0.9999999996167039	0.9999999999999994	0.0005479882351	-0.004520505671	-4.719193196e-05	0.000330111547	0.01150123233	0.2198332388	-0.320940524	1.393625564	0.01158698569	0.219261226	-0.3211043614	1.397693659	-0.0003640207819	0.001392009638	-0.0001372854563	0.0003616947976	boucle.py	R0:S0:1	uncorrelated	-0.1572336253	1.62113469	-1.318770631	0.7910540754	1.993744551	-2.000146387	0.04329430584	-0.6421984668	-1.993733523	1.998608931	-0.04373052698	0.6429319127	0.4397320139	-0.3969456989	-2.514863502	3.063575345	2025-01-09@11:17	2.1719	-0.7535811809	1	3.326204849e-16	-0.3014839586	0.1609	-2.48228827e-16	0.1236998777	v2.7.1	
0	0.01242018071	-81.96641051	-99.3904	9.02283903	14	0.1679432728	4.0781	2	1.207716625	0.0270985991	0.288680776	-3.867862239	1.919548615	-4.248757423	1.687388867	-0.3315636235	1.582093391	-4.248931258	1.687517863	-0.3316570891	1.581382629	0.4016707746	0.01985164538	-3.289174834	1.340142987	a248bdd	2x2_2C_8b_C2v_L	10.29	1.119336379	2	1.574570637	0.999999999644652	0.9999999999999994	0.0005045336445	-0.00413528984	3.95714084e-05	0.0001541310114	0.01142299597	0.2183171878	-0.3205644919	1.391746349	0.0115865521	0.2179176563	-0.3206488008	1.393501234	-0.000158509377	0.0004852782258	6.399085559e-05	-6.754720731e-05	boucle.py	R0:S0:1	uncorrelated	-0.1573972607	1.621305967	-1.31879694	0.790402114	1.994112055	-2.000233884	0.04296263886	-0.6367996744	-1.994127988	1.999593747	-0.04324597636	0.6374448252	0.4386215752	-0.3957654332	-2.514876041	3.063356417	2025-01-09@11:18	2.1719	-0.7532754551	1	3.326204849e-16	-0.3014324875	0.1609	-2.48228827e-16	0.1236500225	v2.7.1	
D	D_ave	E0_1	E0_2	E_kin	GS_consistency	U	U_1_ave	e	e_2_ave	e_ave	eb1_1	eb1_1_ave	eb2_1	eb2_1_ave	eb3_1	eb3_1_ave	eb4_1	eb4_1_ave	eb5_1	eb5_1_ave	eb6_1	eb6_1_ave	eb7_1	eb7_1_ave	eb8_1	eb8_1_ave	githash	model	mu	mu_1_ave	mu_2_ave	mu_ave	n_1	n_2	sb1_1	sb1_1_ave	sb2_1	sb2_1_ave	sb3_1	sb3_1_ave	sb4_1	sb4_1_ave	sb5_1	sb5_1_ave	sb6_1	sb6_1_ave	sb7_1	sb7_1_ave	sb8_1	sb8_1_ave	script	sector_1	sector_2	tb1_1	tb1_1_ave	tb2_1	tb2_1_ave	tb3_1	tb3_1_ave	tb4_1	tb4_1_ave	tb5_1	tb5_1_ave	tb6_1	tb6_1_ave	tb7_1	tb7_1_ave	tb8_1	tb8_1_ave	time	tpd	tpd_ave	tpp	tpp_2_ave	tpp_ave	tppp	tppp_2_ave	tppp_ave	version	
0	0.01239036121	-81.96614457	-99.3904	9.023417435	YY	14	0.1679438124	4.0781	2	1.207731191	0.02691638874	0.2885107161	-3.867649994	1.919560575	-4.248788263	1.687458247	-0.3316909312	1.582419994	-4.248962536	1.687506057	-0.3317907127	1.582122015	0.4015495385	0.01985629853	-3.289063822	1.340241317	a248bdd	2x2_2C_8b_C2v_L	10.29	1.119350945	2	1.574589718	0.9999999996599059	0.9999999999999994	0.0004741692726	-0.003856646219	5.739303106e-05	5.693443217e-05	0.01134776073	0.2179779124	-0.3206294736	1.391819846	0.01146205047	0.2177129154	-0.3206836755	1.392504376	-0.0001027944568	0.0002975419382	4.364918584e-05	-5.703264786e-05	boucle.py	R0:S0:1	uncorrelated	-0.1573335472	1.620975293	-1.318750245	0.7903029306	1.99412025	-1.999939703	0.04280005663	-0.6351099291	-1.994147834	1.999705198	-0.04303316064	0.6357208991	0.4386247134	-0.3957994914	-2.514829353	3.063129459	2025-01-09@11:19	2.1719	-0.753226487	1	3.326204849e-16	-0.3014031132	0.1609	-2.48228827e-16	0.1236355699	v2.7.1	
D	D_ave	E0_1	E0_2	E_kin	U	U_1_ave	e	e_2_ave	e_ave	eb1_1	eb1_1_ave	eb2_1	eb2_1_ave	eb3_1	eb3_1_ave	eb4_1	eb4_1_ave	eb5_1	eb5_1_ave	eb6_1	eb6_1_ave	eb7_1	eb7_1_ave	eb8_1	eb8_1_ave	githash	model	mu	mu_1_ave	mu_2_ave	mu_ave	n_1	n_2	sb1_1	sb1_1_ave	sb2_1	sb2_1_ave	sb3_1	sb3_1_ave	sb4_1	sb4_1_ave	sb5_1	sb5_1_ave	sb6_1	sb6_1_ave	sb7_1	sb7_1_ave	sb8_1	sb8_1_ave	script	sector_1	sector_2	tb1_1	tb1_1_ave	tb2_1	tb2_1_ave	tb3_1	tb3_1_ave	tb4_1	tb4_1_ave	tb5_1	tb5_1_ave	tb6_1	tb6_1_ave	tb7_1	tb7_1_ave	tb8_1	tb8_1_ave	time	tpd	tpd_ave	tpp	tpp_2_ave	tpp_ave	tppp	tppp_2_ave	tppp_ave	version	
0	0.01285794473	-81.50796376	-98.5904	8.929532193	14	0.1664681197	4.0781	2	1.205265233	0.03131559805	0.3013835925	-3.84648957	1.91779491	-4.204592097	1.683021508	-0.3309637794	1.564320224	-4.204915367	1.683511736	-0.3304302122	1.560826227	0.4027955851	0.02018382042	-3.287809778	1.335274829	a248bdd	2x2_2C_8b_C2v_L	10.24	1.116443945	2	1.570735172	0.9999999995931279	1.0	0.00224136621	-0.01797652819	0.000420817052	-0.0003074604935	0.01361221996	0.2358935913	-0.3190872133	1.402046774	0.01362871802	0.2351762976	-0.3190570472	1.410105174	0.0001230930173	-0.0003782353646	-0.0006181932385	0.000718014199	boucle.py	R0:S0:1	uncorrelated	-0.1586911154	1.646104894	-1.316958479	0.8010357579	1.984691238	-2.01362827	0.04958702043	-0.7015926224	-1.984705841	2.011073383	-0.04981705025	0.7017656365	0.4400882544	-0.3972615467	-2.512819564	3.073407127	2025-01-09@11:19	2.1719	-0.7609495455	1	2.717176759e-16	-0.3061920809	0.1609	-3.893635906e-17	0.1256493758	v2.7.1	
0	0.01160425473	-81.52279576	-98.5904	8.918674345	14	0.1670518535	4.0781	2	1.20498039	0.02967708808	0.2991414681	-3.837276482	1.917002781	-4.207496887	1.678809528	-0.3405582655	1.575440439	-4.207640839	1.679320781	-0.3405409657	1.572867106	0.4077323884	0.02013499331	-3.245756157	1.327859737	a248bdd	2x2_2C_8b_C2v_L	10.24	1.116411721	2	1.570799039	0.9999999995926958	1.0	0.0002945411981	-0.00258850033	5.850586642e-05	0.0001011609806	0.01161940311	0.2264415979	-0.3255012415	1.395569516	0.01164099637	0.2262906487	-0.3256679019	1.402553577	0.000208641213	-0.000889662549	-3.706276668e-05	-0.0001803181891	boucle.py	R0:S0:1	uncorrelated	-0.1591413145	1.659547934	-1.318798136	0.8021676935	1.992717924	-2.02929871	0.04302497281	-0.6485733593	-1.992722325	2.026728114	-0.04288973704	0.6476280243	0.4454250494	-0.4009293228	-2.513116992	3.085535321	2025-01-09@11:20	2.1719	-0.7617686529	1	2.717176759e-16	-0.3069077107	0.1609	-3.893635906e-17	0.1258792261	v2.7.1	
0	0.01059617753	-81.52478464	-98.5904	8.939047753	14	0.1670844919	4.0781	2	1.20548848	0.02771909203	0.2876442718	-3.834874033	1.917968222	-4.208550379	1.67969059	-0.3420969762	1.592006983	-4.208706473	1.679975681	-0.3420925528	1.59040225	0.4075035478	0.01998134023	-3.247679345	1.331552214	a248bdd	2x2_2C_8b_C2v_L	10.24	1.116909015	2	1.571517284	0.999999999651471	1.0	0.000759797811	-0.006274099357	3.823254984e-05	0.0002382313625	0.009716899339	0.2076946993	-0.3265863194	1.381554966	0.00987011884	0.2070069422	-0.3266909557	1.3853999	-0.0004190745359	0.00151613054	-2.952515574e-05	0.0002407966669	boucle.py	R0:S0:1	uncorrelated	-0.1586169452	1.6482942	-1.317560493	0.7957417134	1.9929025	-2.026607755	0.03624005287	-0.5802744157	-1.992877722	2.025204481	-0.03679593734	0.5814116524	0.445348295	-0.4006759996	-2.513245274	3.078028826	2025-01-09@11:21	2.1719	-0.7600137301	1	2.717176759e-16	-0.3059170261	0.1609	-3.893635906e-17	0.1253627218	v2.7.1	
D	D_ave	E0_1	E0_2	E_kin	GS_consistency	U	U_1_ave	e	e_2_ave	e_ave	eb1_1	eb1_1_ave	eb2_1	eb2_1_ave	eb3_1	eb3_1_ave	eb4_1	eb4_1_ave	eb5_1	eb5_1_ave	eb6_1	eb6_1_ave	eb7_1	eb7_1_ave	eb8_1	eb8_1_ave	githash	model	mu	mu_1_ave	mu_2_ave	mu_ave	n_1	n_2	sb1_1	sb1_1_ave	sb2_1	sb2_1_ave	sb3_1	sb3_1_ave	sb4_1	sb4_1_ave	sb5_1	sb5_1_ave	sb6_1	sb6_1_ave	sb7_1	sb7_1_ave	sb8_1	sb8_1_ave	script	sector_1	sector_2	tb1_1	tb1_1_ave	tb2_1	tb2_1_ave	tb3_1	tb3_1_ave	tb4_1	tb4_1_ave	tb5_1	tb5_1_ave	tb6_1	tb6_1_ave	tb7_1	tb7_1_ave	tb8_1	tb8_1_ave	time	tpd	tpd_ave	tpp	tpp_2_ave	tpp_ave	tppp	tppp_2_ave	tppp_ave	version	
0	0.01052065398	-81.52653006	-98.5904	8.940275345	YY	14	0.167097463	4.0781	2	1.205508446	0.02728272127	0.2873043903	-3.834576812	1.917939627	-4.208561172	1.679574539	-0.3422457659	1.592938221	-4.208714497	1.679689537	-0.3422580426	1.592174832	0.4076878442	0.01985740182	-3.247538	1.331393502	a248bdd	2x2_2C_8b_C2v_L	10.24	1.116903426	2	1.57163055	0.9999999996504365	1.0	0.0007125100653	-0.005865358549	7.96741234e-05	0.0001277019509	0.009834324929	0.2055207971	-0.3264409445	1.381119705	0.01001379816	0.2049986994	-0.3264886235	1.382816022	-0.0002434630656	0.0007945021602	6.947156587e-05	-1.69175745e-05	boucle.py	R0:S0:1	uncorrelated	-0.1589772888	1.650256651	-1.31757788	0.7957317844	1.993285937	-2.026832259	0.03592116366	-0.5751127659	-1.993293018	2.026264604	-0.03633776426	0.5761197683	0.4445424278	-0.3997370331	-2.513547589	3.0784951	2025-01-09@11:22	2.1719	-0.7598525715	1	2.717176759e-16	-0.3059374067	0.1609	-3.893635906e-17	0.1253511051	v2.7.1	
D	D_ave	E0_1	E0_2	E_kin	U	U_1_ave	e	e_2_ave	e_ave	eb1_1	eb1_1_ave	eb2_1	eb2_1_ave	eb3_1	eb3_1_ave	eb4_1	eb4_1_ave	eb5_1	eb5_1_ave	eb6_1	eb6_1_ave	eb7_1	eb7_1_ave	eb8_1	eb8_1_ave	githash	model	mu	mu_1_ave	mu_2_ave	mu_ave	n_1	n_2	sb1_1	sb1_1_ave	sb2_1	sb2_1_ave	sb3_1	sb3_1_ave	sb4_1	sb4_1_ave	sb5_1	sb5_1_ave	sb6_1	sb6_1_ave	sb7_1	sb7_1_ave	sb8_1	sb8_1_ave	script	sector_1	sector_2	tb1_1	tb1_1_ave	tb2_1	tb2_1_ave	tb3_1	tb3_1_ave	tb4_1	tb4_1_ave	tb5_1	tb5_1_ave	tb6_1	tb6_1_ave	tb7_1	tb7_1_ave	tb8_1	tb8_1_ave	time	tpd	tpd_ave	tpp	tpp_2_ave	tpp_ave	tppp	tppp_2_ave	tppp_ave	version	
0	0.008132821635	-81.27489845	-97.7904	8.878895619	14	0.1655453469	4.0781	2	1.203792739	0.02400068808	0.2861763819	-3.831646424	1.917964672	-4.209278696	1.67794363	-0.3340014688	1.592354294	-4.209341401	1.677684463	-0.3348766162	1.594527507	0.4109810312	0.02007256779	-3.250567171	1.330992166	a248bdd	2x2_2C_8b_C2v_L	10.19	1.11451783	2	1.569015862	0.9999999996286876	1.0	-0.001321721628	0.01109647128	-0.0002577250751	0.0004069716627	0.007913675275	0.1870089271	-0.3248032079	1.381779852	0.008002087785	0.1874077494	-0.325077532	1.377257329	-3.256329816e-05	-0.0001638811803	0.0005381780355	-0.0008616812338	boucle.py	R0:S0:1	uncorrelated	-0.1579541522	1.64887213	-1.316643763	0.7956173934	1.993891834	-2.033449765	0.0290130095	-0.52023823	-1.99397989	2.034783588	-0.02894082684	0.5203527748	0.4458228177	-0.4008334353	-2.515311728	3.078930776	2025-01-09@11:23	2.1719	-0.7646027575	1	1.014824381e-16	-0.3092936637	0.1609	-1.294943246e-16	0.1266569144	v2.7.1	
0	0.008118537756	-81.19344708	-97.7904	8.8716208	14	0.166310443	4.0781	2	1.203632242	0.02537760161	0.276161846	-3.812517447	1.916996203	-4.184006998	1.672954241	-0.3592245334	1.614906457	-4.184339867	1.672815455	-0.359067211	1.615553346	0.4044675448	0.01951476261	-3.201930326	1.324790794	a248bdd	2x2_2C_8b_C2v_L	10.19	1.114812	2	1.56922122	0.9999999996512929	1.0	-8.623597434e-05	0.0007579972568	-1.376592189e-05	-1.695961752e-05	0.007624774103	0.1690869863	-0.3343136585	1.360366168	0.007610119193	0.1690872144	-0.3342208758	1.358474033	-7.969282936e-05	0.0003289949117	1.536633951e-05	6.169897419e-05	boucle.py	R0:S0:1	uncorrelated	-0.1593589667	1.675328151	-1.317883685	0.7966928157	1.996456574	-2.050410011	0.02636506894	-0.4515574051	-1.996545613	2.051159748	-0.02637447324	0.4516831971	0.4476822362	-0.4017854028	-2.511200313	3.088718371	2025-01-09@11:23	2.1719	-0.7651938628	1	1.014824381e-16	-0.3097811416	0.1609	-1.294943246e-16	0.1266624054	v2.7.1	
D	D_ave	E0_1	E0_2	E_kin	GS_consistency	U	U_1_ave	e	e_2_ave	e_ave	eb1_1	eb1_1_ave	eb2_1	eb2_1_ave	eb3_1	eb3_1_ave	eb4_1	eb4_1_ave	eb5_1	eb5_1_ave	eb6_1	eb6_1_ave	eb7_1	eb7_1_ave	eb8_1	eb8_1_ave	githash	model	mu	mu_1_ave	mu_2_ave	mu_ave	n_1	n_2	sb1_1	sb1_1_ave	sb2_1	sb2_1_ave	sb3_1	sb3_1_ave	sb4_1	sb4_1_ave	sb5_1	sb5_1_ave	sb6_1	sb6_1_ave	sb7_1	sb7_1_ave	sb8_1	sb8_1_ave	script	sector_1	sector_2	tb1_1	tb1_1_ave	tb2_1	tb2_1_ave	tb3_1	tb3_1_ave	tb4_1	tb4_1_ave	tb5_1	tb5_1_ave	tb6_1	tb6_1_ave	tb7_1	tb7_1_ave	tb8_1	tb8_1_ave	time	tpd	tpd_ave	tpp	tpp_2_ave	tpp_ave	tppp	tppp_2_ave	tppp_ave	version	
0	0.00831960672	-81.19038023	-97.7904	8.870286784	YY	14	0.1663213456	4.0781	2	1.203601447	0.02652255949	0.276599523	-3.811714915	1.917039569	-4.183756787	1.672853815	-0.359010111	1.615236692	-4.184085757	1.672910207	-0.3588618098	1.614958738	0.4062305407	0.0193363073	-3.201924534	1.324424701	a248bdd	2x2_2C_8b_C2v_L	10.19	1.114794381	2	1.56917458	0.9999999996455518	1.0	-9.037553906e-05	0.000737024196	-2.117560533e-05	2.798582782e-05	0.007363096609	0.1715441666	-0.334014648	1.359203113	0.007339687364	0.1714991205	-0.3339772836	1.359799736	-3.521686652e-05	0.0001681279471	-2.396680161e-05	7.876257036e-05	boucle.py	R0:S0:1	uncorrelated	-0.1602835594	1.678624724	-1.317109598	0.796498426	1.996018202	-2.050808551	0.02659395392	-0.455841646	-1.99608052	2.050595088	-0.02661453393	0.4558319681	0.4469490157	-0.4005467488	-2.511847406	3.089820081	2025-01-09@11:24	2.1719	-0.7653183028	1	1.014824381e-16	-0.3098340031	0.1609	-1.294943246e-16	0.1266875475	v2.7.1	
D	D_ave	E0_1	E0_2	E_kin	U	U_1_ave	e	e_2_ave	e_ave	eb1_1	eb1_1_ave	eb2_1	eb2_1_ave	eb3_1	eb3_1_ave	eb4_1	eb4_1_ave	eb5_1	eb5_1_ave	eb6_1	eb6_1_ave	eb7_1	eb7_1_ave	eb8_1	eb8_1_ave	githash	model	mu	mu_1_ave	mu_2_ave	mu_ave	n_1	n_2	sb1_1	sb1_1_ave	sb2_1	sb2_1_ave	sb3_1	sb3_1_ave	sb4_1	sb4_1_ave	sb5_1	sb5_1_ave	sb6_1	sb6_1_ave	sb7_1	sb7_1_ave	sb8_1	sb8_1_ave	script	sector_1	sector_2	tb1_1	tb1_1_ave	tb2_1	tb2_1_ave	tb3_1	tb3_1_ave	tb4_1	tb4_1_ave	tb5_1	tb5_1_ave	tb6_1	tb6_1_ave	tb7_1	tb7_1_ave	tb8_1	tb8_1_ave	time	tpd	tpd_ave	tpp	tpp_2_ave	tpp_ave	tppp	tppp_2_ave	tppp_ave	version	
0	0.008781083175	-80.90630156	-96.9904	8.782644792	14	0.1647646458	4.0781	2	1.201263734	0.0289215339	0.293504908	-3.802404309	1.915269174	-4.173399157	1.671063033	-0.3579910939	1.599435345	-4.173571161	1.671599941	-0.3575252349	1.595922716	0.4121549872	0.01985371461	-3.20432976	1.321031819	a248bdd	2x2_2C_8b_C2v_L	10.14	1.111974646	2	1.565404682	0.9999999996300746	1.0000000000000004	0.001797284347	-0.01502668817	0.0002239470666	0.0002152212207	0.008834957127	0.197584036	-0.3333620431	1.371303208	0.009108994664	0.196397171	-0.3333432847	1.379288628	-0.0005275309008	0.001813040051	-4.755885361e-05	0.0002724803959	boucle.py	R0:S0:1	uncorrelated	-0.1610099155	1.698469328	-1.316663835	0.8079445112	1.993288908	-2.05706272	0.03150344702	-0.5304950112	-1.993241771	2.054409438	-0.03230047117	0.5321827035	0.4494003597	-0.4030376502	-2.511662799	3.096664503	2025-01-09@11:25	2.1719	-0.7725240415	1	5.784992631e-16	-0.3141644402	0.1609	-2.633523358e-16	0.1285521321	v2.7.1	
0	0.007838935036	-80.58293825	-96.9904	8.752180201	14	0.165395799	4.0781	2	1.200475027	0.03080923033	0.2957200029	-3.732551194	1.912687609	-4.129685659	1.662100038	-0.3599537274	1.598050585	-4.129878782	1.662673209	-0.3602325564	1.595027695	0.4235369096	0.01996978702	-3.164925272	1.310051653	a248bdd	2x2_2C_8b_C2v_L	10.14	1.111427485	2	1.564961992	0.9999999996475185	1.0000000000000004	0.001356353152	-0.01125368596	0.0002854418201	-0.0003236076714	0.007850649004	0.1856948099	-0.3363134167	1.370216104	0.007798129296	0.1858277871	-0.3365392572	1.378124319	0.0003412755072	-0.001367988353	-0.0002168973144	-6.640142666e-05	boucle.py	R0:S0:1	uncorrelated	-0.1625429191	1.724024259	-1.311603152	0.8163408475	1.992107398	-2.085569345	0.02771552989	-0.4905850294	-1.992129767	2.08271919	-0.0274527829	0.4897068698	0.4569927598	-0.4082001734	-2.511623775	3.116462439	2025-01-09@11:26	2.1719	-0.7749125729	1	5.784992631e-16	-0.3160324684	0.1609	-2.633523358e-16	0.1292807726	v2.7.1	
0	0.006975363466	-80.5828235	-96.9904	8.765771232	14	0.1653990718	4.0781	2	1.200824238	0.03035813294	0.2866595498	-3.731317048	1.913370356	-4.130894214	1.663093336	-0.3610840108	1.60901513	-4.131104463	1.663739843	-0.3613183914	1.605778841	0.4231351355	0.01992541753	-3.165517467	1.312695653	a248bdd	2x2_2C_8b_C2v_L	10.14	1.11178701	2	1.565384966	0.999999999600632	1.0000000000000004	0.0008163482053	-0.006874873433	0.0001563802184	6.205544903e-05	0.006949453274	0.1624779543	-0.3372949799	1.360080086	0.006950585084	0.1624943095	-0.3375323064	1.368655633	9.911295798e-05	-0.0007466399682	0.0002921581842	-0.0007223450116	boucle.py	R0:S0:1	uncorrelated	-0.1624096684	1.718289228	-1.310715036	0.8120621537	1.991280158	-2.082668634	0.02351276312	-0.4277100639	-1.991289065	2.079491973	-0.02342047625	0.4271265196	0.458176489	-0.4091213525	-2.511126647	3.11082382	2025-01-09@11:26	2.1719	-0.7737809807	1	5.784992631e-16	-0.3153240001	0.1609	-2.633523358e-16	0.1289082215	v2.7.1	
D	D_ave	E0_1	E0_2	E_kin	GS_consistency	U	U_1_ave	e	e_2_ave	e_ave	eb1_1	eb1_1_ave	eb2_1	eb2_1_ave	eb3_1	eb3_1_ave	eb4_1	eb4_1_ave	eb5_1	eb5_1_ave	eb6_1	eb6_1_ave	eb7_1	eb7_1_ave	eb8_1	eb8_1_ave	githash	model	mu	mu_1_ave	mu_2_ave	mu_ave	n_1	n_2	sb1_1	sb1_1_ave	sb2_1	sb2_1_ave	sb3_1	sb3_1_ave	sb4_1	sb4_1_ave	sb5_1	sb5_1_ave	sb6_1	sb6_1_ave	sb7_1	sb7_1_ave	sb8_1	sb8_1_ave	script	sector_1	sector_2	tb1_1	tb1_1_ave	tb2_1	tb2_1_ave	tb3_1	tb3_1_ave	tb4_1	tb4_1_ave	tb5_1	tb5_1_ave	tb6_1	tb6_1_ave	tb7_1	tb7_1_ave	tb8_1	tb8_1_ave	time	tpd	tpd_ave	tpp	tpp_2_ave	tpp_ave	tppp	tppp_2_ave	tppp_ave	version	
0	0.006863842223	-80.58422781	-96.9904	8.767679423	YY	14	0.1654104657	4.0781	2	1.200862501	0.02996673592	0.2855073333	-3.731079888	1.913418816	-4.130977137	1.662928955	-0.3612779209	1.610625312	-4.131188812	1.6635099	-0.3615107736	1.607723286	0.4233286033	0.01979513174	-3.165437078	1.312747839	a248bdd	2x2_2C_8b_C2v_L	10.14	1.111800417	2	1.565514256	0.9999999996077928	1.0000000000000004	0.0007898941344	-0.006635978907	0.0001371266626	5.366257018e-05	0.006828918967	0.1582965336	-0.3371698557	1.358572736	0.006850875722	0.1582498786	-0.3373920942	1.366229949	5.703765278e-05	-0.0005083457414	0.000199761154	-0.0005207078216	boucle.py	R0:S0:1	uncorrelated	-0.1626319186	1.719341384	-1.3106769	0.8115910138	1.991700851	-2.083170809	0.02280891946	-0.4163104174	-1.991714886	2.080326707	-0.0227604041	0.4158993396	0.4573689867	-0.4082117258	-2.511150765	3.110822165	2025-01-09@11:28	2.1719	-0.7735660857	1	5.784992631e-16	-0.3153050991	0.1609	-2.633523358e-16	0.1288733434	v2.7.1	
D	D_ave	E0_1	E0_2	E_kin	U	U_1_ave	e	e_2_ave	e_ave	eb1_1	eb1_1_ave	eb2_1	eb2_1_ave	eb3_1	eb3_1_ave	eb4_1	eb4_1_ave	eb5_1	eb5_1_ave	eb6_1	eb6_1_ave	eb7_1	eb7_1_ave	eb8_1	eb8_1_ave	githash	model	mu	mu_1_ave	mu_2_ave	mu_ave	n_1	n_2	sb1_1	sb1_1_ave	sb2_1	sb2_1_ave	sb3_1	sb3_1_ave	sb4_1	sb4_1_ave	sb5_1	sb5_1_ave	sb6_1	sb6_1_ave	sb7_1	sb7_1_ave	sb8_1	sb8_1_ave	script	sector_1	sector_2	tb1_1	tb1_1_ave	tb2_1	tb2_1_ave	tb3_1	tb3_1_ave	tb4_1	tb4_1_ave	tb5_1	tb5_1_ave	tb6_1	tb6_1_ave	tb7_1	tb7_1_ave	tb8_1	tb8_1_ave	time	tpd	tpd_ave	tpp	tpp_2_ave	tpp_ave	tppp	tppp_2_ave	tppp_ave	version	
0	0.004972327673	-80.7379417	-96.1904	8.730852356	14	0.1640919979	4.0781	2	1.199795584	0.02463590341	0.2722702821	-3.7990643	1.915246334	-4.174375105	1.667007857	-0.3819839665	1.632496953	-4.175076316	1.66674632	-0.3816020143	1.634014195	0.397177628	0.01864935263	-3.152223425	1.31657415	a248bdd	2x2_2C_8b_C2v_L	10.09	1.110372465	2	1.563560802	0.999999999648135	1.0000000000000002	-0.001934487541	0.01672188434	-0.0002451561551	-0.0001999086518	0.003934075771	0.1060298326	-0.3433505843	1.343929308	0.003439718096	0.1072545519	-0.3431496558	1.340031354	0.0005219441403	-0.00162493737	-0.0002366659166	0.0001702455425	boucle.py	R0:S0:1	uncorrelated	-0.161252359	1.727958382	-1.317345398	0.8034382646	2.002317046	-2.073223226	0.01481842739	-0.2662042326	-2.002510339	2.07464696	-0.01386346965	0.2639304778	0.4458444769	-0.3990372919	-2.509728803	3.102658314	2025-01-09@11:28	2.1719	-0.7764097316	1	-1.286290117e-16	-0.3171260304	0.1609	-2.738695583e-16	0.1293230216	v2.7.1	
0	0.004882652147	-80.18975124	-96.1904	8.675782498	14	0.1645787116	4.0781	2	1.198369647	0.0314851866	0.2861373002	-3.728857742	1.911610445	-4.089025352	1.653876596	-0.3698602843	1.612034911	-4.089276491	1.653334793	-0.3698439449	1.614859386	0.4235018206	0.01928233481	-3.11710366	1.301420965	a248bdd	2x2_2C_8b_C2v_L	10.09	1.109061722	2	1.562289989	0.9999999996108775	1.0000000000000002	-0.0004752820663	0.003860491344	-0.0001979560919	0.0006579333797	0.00409730982	0.1153146931	-0.3413635862	1.357664813	0.004502205847	0.1140121606	-0.3412532179	1.35039183	-0.0002105388426	0.0009038612857	6.608734591e-06	0.0002601963968	boucle.py	R0:S0:1	uncorrelated	-0.164776724	1.760557552	-1.313920738	0.8189870719	1.991481148	-2.112114149	0.01407038617	-0.2879399414	-1.991537598	2.114785794	-0.01534704283	0.2909804257	0.4585621252	-0.4081095126	-2.509663799	3.130539547	2025-01-09@11:29	2.1719	-0.7808386067	1	-1.286290117e-16	-0.3202751166	0.1609	-2.738695583e-16	0.1307316863	v2.7.1	
0	0.004569063565	-80.1847382	-96.1904	8.679679186	14	0.1645116504	4.0781	2	1.198484049	0.03152849852	0.2844935544	-3.728305658	1.911707419	-4.089608871	1.655096196	-0.3698894237	1.613639878	-4.089852712	1.65435212	-0.3698876171	1.617507428	0.4234754941	0.01957600832	-3.11855966	1.302968903	a248bdd	2x2_2C_8b_C2v_L	10.09	1.109184462	2	1.562283943	0.9999999996056288	1.0000000000000002	-0.0005648395186	0.004666386619	-0.000106531476	0.0002779271598	0.004198835706	0.1086985978	-0.3424210152	1.358026274	0.004558979494	0.1079056185	-0.3422675473	1.348222054	2.336012592e-05	4.243987284e-05	1.660816119e-05	0.0001071182893	boucle.py	R0:S0:1	uncorrelated	-0.1646211813	1.757266657	-1.313641101	0.8187330704	1.990036243	-2.107936618	0.01370234449	-0.2751817	-1.990127944	2.111564291	-0.01441478254	0.2770648575	0.4614021851	-0.4110382589	-2.50808823	3.126816802	2025-01-09@11:30	2.1719	-0.7805967607	1	-1.286290117e-16	-0.3199489397	0.1609	-2.738695583e-16	0.1306130515	v2.7.1	
D	D_ave	E0_1	E0_2	E_kin	GS_consistency	U	U_1_ave	e	e_2_ave	e_ave	eb1_1	eb1_1_ave	eb2_1	eb2_1_ave	eb3_1	eb3_1_ave	eb4_1	eb4_1_ave	eb5_1	eb5_1_ave	eb6_1	eb6_1_ave	eb7_1	eb7_1_ave	eb8_1	eb8_1_ave	githash	model	mu	mu_1_ave	mu_2_ave	mu_ave	n_1	n_2	sb1_1	sb1_1_ave	sb2_1	sb2_1_ave	sb3_1	sb3_1_ave	sb4_1	sb4_1_ave	sb5_1	sb5_1_ave	sb6_1	sb6_1_ave	sb7_1	sb7_1_ave	sb8_1	sb8_1_ave	script	sector_1	sector_2	tb1_1	tb1_1_ave	tb2_1	tb2_1_ave	tb3_1	tb3_1_ave	tb4_1	tb4_1_ave	tb5_1	tb5_1_ave	tb6_1	tb6_1_ave	tb7_1	tb7_1_ave	tb8_1	tb8_1_ave	time	tpd	tpd_ave	tpp	tpp_2_ave	tpp_ave	tppp	tppp_2_ave	tppp_ave	version	
0	0.003619158763	-80.20335539	-96.1904	8.687551268	YY	14	0.1645652758	4.0781	2	1.198677812	0.03046876365	0.2785549322	-3.723861288	1.912060316	-4.091891489	1.655398414	-0.3714371251	1.619973219	-4.092113803	1.654569257	-0.3714124605	1.62427083	0.4279784219	0.01948492628	-3.123688957	1.304560364	a248bdd	2x2_2C_8b_C2v_L	10.09	1.109382721	2	1.562590598	0.9999999996186207	1.0000000000000002	-0.000761852789	0.006521253311	-9.887888474e-05	-0.0004274263801	0.003030493962	0.07987197346	-0.3429020839	1.352332914	0.002691823955	0.08092698502	-0.3427105567	1.341614749	0.0001995020803	-0.0004117181422	-0.0003578180932	0.0005238310081	boucle.py	R0:S0:1	uncorrelated	-0.1642210279	1.754616894	-1.312727582	0.8159541488	1.990820677	-2.107209703	0.01046128987	-0.2023519361	-1.990955196	2.111204163	-0.009549779558	0.2004959674	0.4627026065	-0.4113625059	-2.509892564	3.124195336	2025-01-09@11:31	2.1719	-0.7798954202	1	-1.286290117e-16	-0.319602944	0.1609	-2.738695583e-16	0.1303930629	v2.7.1	
D	D_ave	E0_1	E0_2	E_kin	U	U_1_ave	e	e_2_ave	e_ave	eb1_1	eb1_1_ave	eb2_1	eb2_1_ave	eb3_1	eb3_1_ave	eb4_1	eb4_1_ave	eb5_1	eb5_1_ave	eb6_1	eb6_1_ave	eb7_1	eb7_1_ave	eb8_1	eb8_1_ave	githash	model	mu	mu_1_ave	mu_2_ave	mu_ave	n_1	n_2	sb1_1	sb1_1_ave	sb2_1	sb2_1_ave	sb3_1	sb3_1_ave	sb4_1	sb4_1_ave	sb5_1	sb5_1_ave	sb6_1	sb6_1_ave	sb7_1	sb7_1_ave	sb8_1	sb8_1_ave	script	sector_1	sector_2	tb1_1	tb1_1_ave	tb2_1	tb2_1_ave	tb3_1	tb3_1_ave	tb4_1	tb4_1_ave	tb5_1	tb5_1_ave	tb6_1	tb6_1_ave	tb7_1	tb7_1_ave	tb8_1	tb8_1_ave	time	tpd	tpd_ave	tpp	tpp_2_ave	tpp_ave	tppp	tppp_2_ave	tppp_ave	version	
0	0.005461114086	-79.48678735	-95.3904	8.562684901	14	0.1628764926	4.0781	2	1.195352036	0.03761525055	0.3180075065	-3.592671732	1.906268959	-4.050222224	1.648076161	-0.3490491957	1.578424259	-4.050023662	1.64984712	-0.3502049339	1.568654199	0.458982032	0.02126166822	-3.138075631	1.295610774	a248bdd	2x2_2C_8b_C2v_L	10.04	1.105462974	2	1.557573596	0.9999999995822919	0.9999999999999999	0.003353319086	-0.02778989049	0.0005545809273	0.0004718732797	0.008231792001	0.1813194488	-0.3359065676	1.375772527	0.00854736323	0.1806480929	-0.3367330553	1.400249757	3.330049233e-05	-0.001296472344	0.0007406554328	-0.001930896791	boucle.py	R0:S0:1	uncorrelated	-0.1660223663	1.776192623	-1.298279785	0.8447488754	1.980333885	-2.130631553	0.0245660603	-0.4873264628	-1.980196116	2.121957352	-0.02477537477	0.4870153322	0.4758023408	-0.4222127317	-2.511457666	3.14323209	2025-01-09@11:31	2.1719	-0.7901907417	1	5.102057999e-17	-0.3257796239	0.1609	1.434388197e-16	0.1333627084	v2.7.1	
0	0.004413238716	-79.58912707	-95.3904	8.57052763	14	0.1636730146	4.0781	2	1.195581907	0.03446895062	0.3060904689	-3.597567601	1.905542849	-4.053182584	1.6457513	-0.3797543241	1.609487436	-4.053442211	1.647505068	-0.3803740065	1.601066817	0.436237477	0.02047154858	-3.082990173	1.291151087	a248bdd	2x2_2C_8b_C2v_L	10.04	1.106150444	2	1.558245684	0.9999999996292386	0.9999999999999999	0.000459275046	-0.004033203094	8.468942887e-05	-1.219810117e-05	0.004893898186	0.1150447608	-0.3475400682	1.352068627	0.004877712092	0.1151428533	-0.3481411894	1.373301219	0.0001052113642	-0.0005104392539	-6.835301945e-05	-0.0001278246462	boucle.py	R0:S0:1	uncorrelated	-0.1656992191	1.804808338	-1.30106271	0.8445898804	1.989962764	-2.139550212	0.0147802669	-0.2897422041	-1.989880026	2.13136569	-0.01457896219	0.2889092801	0.4719728399	-0.4201986978	-2.508036832	3.148341666	2025-01-09@11:32	2.1719	-0.7895294901	1	5.102057999e-17	-0.325463456	0.1609	1.434388197e-16	0.1328932523	v2.7.1	
D	D_ave	E0_1	E0_2	E_kin	GS_consistency	U	U_1_ave	e	e_2_ave	e_ave	eb1_1	eb1_1_ave	eb2_1	eb2_1_ave	eb3_1	eb3_1_ave	eb4_1	eb4_1_ave	eb5_1	eb5_1_ave	eb6_1	eb6_1_ave	eb7_1	eb7_1_ave	eb8_1	eb8_1_ave	githash	model	mu	mu_1_ave	mu_2_ave	mu_ave	n_1	n_2	sb1_1	sb1_1_ave	sb2_1	sb2_1_ave	sb3_1	sb3_1_ave	sb4_1	sb4_1_ave	sb5_1	sb5_1_ave	sb6_1	sb6_1_ave	sb7_1	sb7_1_ave	sb8_1	sb8_1_ave	script	sector_1	sector_2	tb1_1	tb1_1_ave	tb2_1	tb2_1_ave	tb3_1	tb3_1_ave	tb4_1	tb4_1_ave	tb5_1	tb5_1_ave	tb6_1	tb6_1_ave	tb7_1	tb7_1_ave	tb8_1	tb8_1_ave	time	tpd	tpd_ave	tpp	tpp_2_ave	tpp_ave	tppp	tppp_2_ave	tppp_ave	version	
0	0.004225737991	-79.5900393	-95.3904	8.573970229	YY	14	0.1636885142	4.0781	2	1.195672271	0.03529572206	0.3039790246	-3.59787909	1.905927117	-4.0535941	1.646356574	-0.3800851317	1.610583956	-4.053854569	1.647502418	-0.3807155254	1.605208813	0.4371789206	0.02015486171	-3.083083497	1.291599875	a248bdd	2x2_2C_8b_C2v_L	10.04	1.106256233	2	1.558353086	0.9999999996113074	0.9999999999999999	0.000498023636	-0.004247239416	7.644503739e-05	1.573287823e-05	0.004550859783	0.1047365181	-0.3471955277	1.353245726	0.004529088319	0.1048017456	-0.3476816003	1.367004393	3.513288103e-05	-0.0002670544671	3.044752314e-06	-0.000169054738	boucle.py	R0:S0:1	uncorrelated	-0.1663993005	1.805716966	-1.300059326	0.84253178	1.989572133	-2.137207197	0.01345808026	-0.2636293111	-1.989553341	2.131855171	-0.01338097806	0.2632466114	0.4698413304	-0.4177703679	-2.508594621	3.147933171	2025-01-09@11:33	2.1719	-0.7892432515	1	5.102057999e-17	-0.3252880901	0.1609	1.434388197e-16	0.1327811983	v2.7.1	
D	D_ave	E0_1	E0_2	E_kin	U	U_1_ave	e	e_2_ave	e_ave	eb1_1	eb1_1_ave	eb2_1	eb2_1_ave	eb3_1	eb3_1_ave	eb4_1	eb4_1_ave	eb5_1	eb5_1_ave	eb6_1	eb6_1_ave	eb7_1	eb7_1_ave	eb8_1	eb8_1_ave	githash	model	mu	mu_1_ave	mu_2_ave	mu_ave	n_1	n_2	sb1_1	sb1_1_ave	sb2_1	sb2_1_ave	sb3_1	sb3_1_ave	sb4_1	sb4_1_ave	sb5_1	sb5_1_ave	sb6_1	sb6_1_ave	sb7_1	sb7_1_ave	sb8_1	sb8_1_ave	script	sector_1	sector_2	tb1_1	tb1_1_ave	tb2_1	tb2_1_ave	tb3_1	tb3_1_ave	tb4_1	tb4_1_ave	tb5_1	tb5_1_ave	tb6_1	tb6_1_ave	tb7_1	tb7_1_ave	tb8_1	tb8_1_ave	time	tpd	tpd_ave	tpp	tpp_2_ave	tpp_ave	tppp	tppp_2_ave	tppp_ave	version	
0	-0.003374500961	-79.83783083	-94.5904	8.509574154	14	0.1621565991	4.0781	2	1.193881672	0.0280286427	0.3031830111	-3.790059116	1.909399227	-4.06649984	1.649917418	-0.3894877234	1.598216646	-4.06686073	1.645541118	-0.3885668706	1.618937534	0.4201799965	0.01943984947	-3.076680173	1.291898822	a248bdd	2x2_2C_8b_C2v_L	9.99	1.104052973	2	1.555291205	0.9999999996210382	1.0	-0.004745616309	0.04185008684	-0.0007291922475	-0.0007541279253	-0.004032178404	-0.0907950784	-0.3512113326	1.385946473	-0.005137467938	-0.08789407019	-0.349932671	1.333667756	0.0003921764159	-8.612090135e-05	-0.001696704543	0.002687989846	boucle.py	R0:S0:1	uncorrelated	-0.1650508874	1.814231512	-1.323261646	0.833856956	1.99337768	-2.123922481	-0.01044893487	0.223198157	-1.993801451	2.144329011	0.0130173397	-0.2299472618	0.4629498751	-0.4120075781	-2.508072803	3.146554074	2025-01-09@11:34	2.1719	-0.7944600875	1	2.429466356e-16	-0.3283142676	0.1609	-2.504872819e-16	0.133983858	v2.7.1	
0	-0.002108674708	-79.22588914	-94.5904	8.473650884	14	0.1627512742	4.0781	2	1.192944546	0.0407953157	0.3156768774	-3.592980763	1.90300364	-4.02107335	1.639742013	-0.3845674561	1.592544439	-4.020045814	1.636124785	-0.3834829576	1.610148084	0.4413054211	0.02017624367	-3.041054016	1.27981865	a248bdd	2x2_2C_8b_C2v_L	9.99	1.103200693	2	1.5546433	0.9999999996049697	1.0	0.003947311811	-0.03263109992	0.00087545199	8.601897795e-05	-0.002447959818	-0.04904723859	-0.3512699483	1.384224715	-0.001399459214	-0.05262052971	-0.3502012287	1.341470717	0.0003287526514	-0.001262357876	-0.0004714567822	0.0003774439906	boucle.py	R0:S0:1	uncorrelated	-0.1698703754	1.848801452	-1.304283948	0.8567505133	1.990276636	-2.155556692	-0.007434871098	0.1276287063	-1.990429528	2.172010093	0.004339279324	-0.1208015552	0.4745318155	-0.4212537023	-2.507784979	3.168312776	2025-01-09@11:35	2.1719	-0.797304724	1	2.429466356e-16	-0.3304259674	0.1609	-2.504872819e-16	0.1348367832	v2.7.1	
0	-0.001107963883	-79.25409641	-94.5904	8.482416558	14	0.1627759007	4.0781	2	1.193186561	0.0423921816	0.3157625067	-3.591720431	1.902788942	-4.022673986	1.641391358	-0.390235071	1.599542534	-4.021765266	1.638312521	-0.3891487277	1.613728182	0.4487002373	0.02037133114	-3.043926005	1.281944753	a248bdd	2x2_2C_8b_C2v_L	9.99	1.103491248	2	1.554819591	0.9999999996221115	1.0	-0.003483806564	0.0284602905	-0.0007698990618	-0.0008593996682	0.000140377306	-0.0282391949	-0.3530243742	1.378635507	-0.00181882219	-0.02205279539	-0.3520234609	1.343164693	0.001731984274	-0.00576493261	-0.0005518370663	-0.0003840842501	boucle.py	R0:S0:1	uncorrelated	-0.1708917782	1.85315344	-1.304078744	0.8582672372	1.989892604	-2.150099163	-0.0001943844704	0.05429494347	-1.989957427	2.164108945	0.005554986939	-0.06635283222	0.4778790227	-0.4238155023	-2.507242041	3.163984329	2025-01-09@11:35	2.1719	-0.7966418945	1	2.429466356e-16	-0.3298836371	0.1609	-2.504872819e-16	0.1345446726	v2.7.1	
D	D_ave	E0_1	E0_2	E_kin	GS_consistency	U	U_1_ave	e	e_2_ave	e_ave	eb1_1	eb1_1_ave	eb2_1	eb2_1_ave	eb3_1	eb3_1_ave	eb4_1	eb4_1_ave	eb5_1	eb5_1_ave	eb6_1	eb6_1_ave	eb7_1	eb7_1_ave	eb8_1	eb8_1_ave	githash	model	mu	mu_1_ave	mu_2_ave	mu_ave	n_1	n_2	sb1_1	sb1_1_ave	sb2_1	sb2_1_ave	sb3_1	sb3_1_ave	sb4_1	sb4_1_ave	sb5_1	sb5_1_ave	sb6_1	sb6_1_ave	sb7_1	sb7_1_ave	sb8_1	sb8_1_ave	script	sector_1	sector_2	tb1_1	tb1_1_ave	tb2_1	tb2_1_ave	tb3_1	tb3_1_ave	tb4_1	tb4_1_ave	tb5_1	tb5_1_ave	tb6_1	tb6_1_ave	tb7_1	tb7_1_ave	tb8_1	tb8_1_ave	time	tpd	tpd_ave	tpp	tpp_2_ave	tpp_ave	tppp	tppp_2_ave	tppp_ave	version	
0	-0.0007061824899	-79.26961559	-94.5904	8.485790184	YY	14	0.1628206074	4.0781	2	1.193274942	0.04449589715	0.3165386456	-3.590773314	1.902683442	-4.02391707	1.641240005	-0.3928233806	1.604577226	-4.023081143	1.639555843	-0.3918702138	1.611862332	0.4510049752	0.02030235445	-3.043604706	1.282209488	a248bdd	2x2_2C_8b_C2v_L	9.99	1.103583432	2	1.554950324	0.9999999996266148	1.0	-0.001466996006	0.01193931021	0.0003341989031	-0.002076826764	-0.0003095069955	-0.01700427128	-0.3532450509	1.369789564	-0.0008703566757	-0.01448950516	-0.3525821271	1.351165532	0.002278304883	-0.007476506674	-0.0007398554947	-2.384398443e-05	boucle.py	R0:S0:1	uncorrelated	-0.1721102474	1.857491158	-1.303924396	0.8589914628	1.990256085	-2.151404023	-0.000816278428	0.03550110959	-1.990281245	2.159000041	0.002904881841	-0.04041765243	0.4778000614	-0.4234350291	-2.507628215	3.163695547	2025-01-09@11:36	2.1719	-0.7963551759	1	2.429466356e-16	-0.3297250696	0.1609	-2.504872819e-16	0.1344379286	v2.7.1	
D	D_ave	E0_1	E0_2	E_kin	U	U_1_ave	e	e_2_ave	e_ave	eb1_1	eb1_1_ave	eb2_1	eb2_1_ave	eb3_1	eb3_1_ave	eb4_1	eb4_1_ave	eb5_1	eb5_1_ave	eb6_1	eb6_1_ave	eb7_1	eb7_1_ave	eb8_1	eb8_1_ave	githash	model	mu	mu_1_ave	mu_2_ave	mu_ave	n_1	n_2	sb1_1	sb1_1_ave	sb2_1	sb2_1_ave	sb3_1	sb3_1_ave	sb4_1	sb4_1_ave	sb5_1	sb5_1_ave	sb6_1	sb6_1_ave	sb7_1	sb7_1_ave	sb8_1	sb8_1_ave	script	sector_1	sector_2	tb1_1	tb1_1_ave	tb2_1	tb2_1_ave	tb3_1	tb3_1_ave	tb4_1	tb4_1_ave	tb5_1	tb5_1_ave	tb6_1	tb6_1_ave	tb7_1	tb7_1_ave	tb8_1	tb8_1_ave	time	tpd	tpd_ave	tpp	tpp_2_ave	tpp_ave	tppp	tppp_2_ave	tppp_ave	version	
0	0.006075414877	-78.52999188	-93.7904	8.341228899	14	0.1612292524	4.0781	2	1.189435384	0.04444761115	0.3621939297	-3.353133294	1.893459125	-4.016084971	1.631857777	-0.3872219408	1.581639315	-4.016411109	1.637772549	-0.3894199683	1.551039131	0.4509300993	0.02136725546	-3.043620696	1.270239044	a248bdd	2x2_2C_8b_C2v_L	9.94	1.099363033	2	1.549281608	0.9999999995966505	0.9999999999999997	0.004569523409	-0.04013064857	0.0006630984291	0.002023784412	0.01139001643	0.2309737536	-0.3500501871	1.354228352	0.01236266882	0.2289823907	-0.3523052251	1.42763828	-0.0004360699449	-0.0008023242574	0.001282349691	-0.003545277848	boucle.py	R0:S0:1	uncorrelated	-0.1691667365	1.871501245	-1.272672132	0.8955491169	1.987955217	-2.187734716	0.03179929065	-0.5880981339	-1.98750932	2.160443024	-0.03425399961	0.5938738864	0.4787851583	-0.4254986958	-2.507256935	3.189456143	2025-01-09@11:37	2.1719	-0.8084191191	1	3.080112988e-16	-0.3366212358	0.1609	1.963673064e-16	0.1379733711	v2.7.1	
0	0.007049838426	-79.10077938	-93.7904	8.367053429	14	0.1628811479	4.0781	2	1.19021419	0.2052916744	0.335795135	-3.610822671	1.90434687	-3.988086536	1.630770342	-0.4074957878	1.604790845	-3.990423798	1.633524634	-0.4099840356	1.59307718	0.4604157894	0.02013908973	-3.006366477	1.271423228	a248bdd	2x2_2C_8b_C2v_L	9.94	1.100863946	2	1.55085797	0.999999999669828	0.9999999999999997	0.00322701841	-0.01370594014	0.001262261142	-0.0009135585632	0.00482550833	0.09855816476	-0.3586740634	1.361141074	0.004766022639	0.09901825395	-0.3603289408	1.391154828	0.001019025092	-0.00393804437	-0.0006876870914	-0.0004134948257	boucle.py	R0:S0:1	uncorrelated	-0.243998902	1.9653704	-1.321866945	0.8616263244	1.989753822	-2.188575444	0.01397239583	-0.2361359627	-1.990260135	2.176335035	-0.01324891237	0.2357223582	0.4878135478	-0.4286927113	-2.506442989	3.189116864	2025-01-09@11:38	2.1719	-0.80644731	1	3.080112988e-16	-0.3352345126	0.1609	1.963673064e-16	0.1364993542	v2.7.1	
D	D_ave	E0_1	E0_2	E_kin	GS_consistency	U	U_1_ave	e	e_2_ave	e_ave	eb1_1	eb1_1_ave	eb2_1	eb2_1_ave	eb3_1	eb3_1_ave	eb4_1	eb4_1_ave	eb5_1	eb5_1_ave	eb6_1	eb6_1_ave	eb7_1	eb7_1_ave	eb8_1	eb8_1_ave	githash	model	mu	mu_1_ave	mu_2_ave	mu_ave	n_1	n_2	sb1_1	sb1_1_ave	sb2_1	sb2_1_ave	sb3_1	sb3_1_ave	sb4_1	sb4_1_ave	sb5_1	sb5_1_ave	sb6_1	sb6_1_ave	sb7_1	sb7_1_ave	sb8_1	sb8_1_ave	script	sector_1	sector_2	tb1_1	tb1_1_ave	tb2_1	tb2_1_ave	tb3_1	tb3_1_ave	tb4_1	tb4_1_ave	tb5_1	tb5_1_ave	tb6_1	tb6_1_ave	tb7_1	tb7_1_ave	tb8_1	tb8_1_ave	time	tpd	tpd_ave	tpp	tpp_2_ave	tpp_ave	tppp	tppp_2_ave	tppp_ave	version	
0	0.01418629212	-79.25445476	-93.7904	8.312234536	YY	14	0.1628107193	4.0781	2	1.188812647	0.2060400846	0.3443502997	-3.61836628	1.904494524	-3.9942581	1.626452764	-0.4305226659	1.606106514	-3.995954982	1.629324477	-0.4300341845	1.593309836	0.5331397636	0.0191810325	-3.01266912	1.264386204	a248bdd	2x2_2C_8b_C2v_L	9.94	1.099639268	2	1.54908928	0.9999999996815465	0.9999999999999997	0.0004421264205	-0.002512162	4.095221404e-06	0.0005325927675	0.01087754083	0.2592865149	-0.3606164319	1.344001458	0.01107605689	0.2593838458	-0.3611628116	1.374656543	-0.000705510495	0.001680394634	0.000217168341	-0.0005768886414	boucle.py	R0:S0:1	uncorrelated	-0.2483321245	1.976489606	-1.320683812	0.8615381115	1.989857492	-2.203340113	0.03794483539	-0.5979894866	-1.989952999	2.190842766	-0.03849087337	0.6011687755	0.4973820411	-0.4279518773	-2.509964647	3.203401541	2025-01-09@11:39	2.1719	-0.8111724463	1	3.080112988e-16	-0.3377598957	0.1609	1.963673064e-16	0.1379323881	v2.7.1	
D	D_ave	E0_1	E0_2	E_kin	U	U_1_ave	e	e_2_ave	e_ave	eb1_1	eb1_1_ave	eb2_1	eb2_1_ave	eb3_1	eb3_1_ave	eb4_1	eb4_1_ave	eb5_1	eb5_1_ave	eb6_1	eb6_1_ave	eb7_1	eb7_1_ave	eb8_1	eb8_1_ave	githash	model	mu	mu_1_ave	mu_2_ave	mu_ave	n_1	n_2	sb1_1	sb1_1_ave	sb2_1	sb2_1_ave	sb3_1	sb3_1_ave	sb4_1	sb4_1_ave	sb5_1	sb5_1_ave	sb6_1	sb6_1_ave	sb7_1	sb7_1_ave	sb8_1	sb8_1_ave	script	sector_1	sector_2	tb1_1	tb1_1_ave	tb2_1	tb2_1_ave	tb3_1	tb3_1_ave	tb4_1	tb4_1_ave	tb5_1	tb5_1_ave	tb6_1	tb6_1_ave	tb7_1	tb7_1_ave	tb8_1	tb8_1_ave	time	tpd	tpd_ave	tpp	tpp_2_ave	tpp_ave	tppp	tppp_2_ave	tppp_ave	version	
0	-0.006916191355	-79.05026947	-92.9904	8.240380393	14	0.1601456914	4.0781	2	1.186648129	0.05806928893	0.3622511018	-3.702543961	1.900039697	-4.0028604	1.630271092	-0.4096518717	1.555803153	-3.999793527	1.623191103	-0.4048765257	1.580504135	0.4694565858	0.02040284112	-3.005252584	1.259727401	a248bdd	2x2_2C_8b_C2v_L	9.89	1.096160366	2	1.545476339	0.9999999996521988	0.9999999999999997	-0.006656911715	0.05169345639	0.0006743827124	-0.007231972657	-0.01155060637	-0.2593663124	-0.3610506534	1.416016331	-0.01350651103	-0.2486220266	-0.357412137	1.346585229	0.006929018087	-0.02289595355	-0.002586518834	-0.0002854823118	boucle.py	R0:S0:1	uncorrelated	-0.1813538685	1.915734777	-1.32432279	0.8819738482	1.992872535	-2.186337251	-0.0323617862	0.6223665099	-1.993138909	2.217425749	0.03930780015	-0.6392360374	0.4865787995	-0.4276742734	-2.506993347	3.205634467	2025-01-09@11:39	2.1719	-0.8165557244	1	-8.778757856e-17	-0.3415383296	0.1609	-5.00774644e-16	0.1400835151	v2.7.1	
0	-0.008108198074	-78.84983074	-92.9904	8.250255678	14	0.16210047	4.0781	2	1.187168188	0.2104913839	0.3534072641	-3.621863832	1.901606149	-3.957381016	1.628428263	-0.4297257557	1.583802648	-3.955450094	1.623812151	-0.4296883395	1.604525404	0.4719081228	0.02049484917	-2.968346411	1.262418855	a248bdd	2x2_2C_8b_C2v_L	9.89	1.098249129	2	1.546054193	0.9999999996840823	0.9999999999999997	0.001791230801	-0.009008266103	0.0003877856481	0.001519091184	-0.005860116602	-0.120912186	-0.3674338079	1.405242489	-0.004616778266	-0.1248950465	-0.3666858637	1.356634092	-0.001697485416	0.004920042679	0.000428359935	-0.0002430303763	boucle.py	R0:S0:1	uncorrelated	-0.2482113297	2.007712526	-1.327442062	0.8772599549	1.990224846	-2.191396674	-0.01747321047	0.2824791716	-1.990371152	2.211307494	0.01304486401	-0.2713943228	0.4959154717	-0.4351430831	-2.506011288	3.204501499	2025-01-09@11:40	2.1719	-0.8164442275	1	-8.778757856e-17	-0.3403746084	0.1609	-5.00774644e-16	0.1386231443	v2.7.1	
