CDMFT_iterations	CDMFT_method	D	D_ave	E0_1	E_kin	GS_consistency	U	U_1_ave	convergence	dist_function	eb1_1	eb1_1_ave	eb2_1	eb2_1_ave	eb3_1	eb3_1_ave	eb4_1	eb4_1_ave	eb5_1	eb5_1_ave	eb6_1	eb6_1_ave	eb7_1	eb7_1_ave	eb8_1	eb8_1_ave	githash	model	mu	mu_1_ave	mu_ave	n_1	sb1_1	sb1_1_ave	sb2_1	sb2_1_ave	sb3_1	sb3_1_ave	sb4_1	sb4_1_ave	sb5_1	sb5_1_ave	sb6_1	sb6_1_ave	sb7_1	sb7_1_ave	sb8_1	sb8_1_ave	script	sector_1	t	t_1_ave	t_ave	tb1_1	tb1_1_ave	tb2_1	tb2_1_ave	tb3_1	tb3_1_ave	tb4_1	tb4_1_ave	tb5_1	tb5_1_ave	tb6_1	tb6_1_ave	tb7_1	tb7_1_ave	tb8_1	tb8_1_ave	time	tp	tp_1_ave	tp_ave	tpp	tpp_ave	version	
0	Broyden	0	0.05907881362	-14.25207814	-0.828594671	Y	11.095834	0.02637674896	self-energy/D	sharp_wc_2_b_50	1.616708997	0.01320951686	0.2674526843	0.002872158547	0.2571089688	0.144201404	1.60187724	0.04216989902	1.601563384	0.04219896755	0.2569150015	0.1441591965	-0.3285434942	1.996840217	0.7663527609	0.01671942489	c61843e	2x2_2C_8b_C2v_L	3.0385852	0.971975022	0.9658243017	0.9999999998859812	0.7795464478	-0.317095027	0.246009741	-0.1198720375	0.138896626	-0.6265041345	0.4710330694	-0.6156982325	0.4710437885	-0.6158374822	0.1388196512	-0.6263886002	0.07804128934	-0.1168644482	-0.1726678546	0.4089814853	boucle_1bande.py	R0:S0:1	1	-0.467572507	-0.6813740219	1.554095891e-05	-7.09866416e-05	-7.649019916e-06	1.165771174e-05	-0.07525201136	0.8676911839	0.0131876093	0.2367575415	-0.01309821792	-0.237031513	0.07521022991	-0.8675052652	-7.232886395e-06	1.638499188e-05	7.118170297e-05	-9.320264818e-05	2024-06-18@16:09	0.67456547	-0.03412908521	-0.2007072675	0.26414835	-0.04478716938	v2.6.0	
22	Broyden	0	0.05901301686	-14.24482582	-0.83232671	Y	11.095834	0.02637671655	self-energy/D	sharp_wc_2_b_50	1.611384628	0.01325332602	0.2662252316	0.002907090725	0.255684799	0.1486339477	1.599078236	0.04339524703	1.599391769	0.04338207978	0.2556872641	0.1486406586	-0.32547016	1.996743089	0.7651074793	0.01720227522	c61843e	2x2_2C_8b_C2v_L	3.0375852	0.9708076794	0.9645188114	0.9999999998609563	0.7791399398	-0.3169083058	0.2455045968	-0.1197377999	0.1387522562	-0.6417329557	0.4713512784	-0.624325447	0.4713437934	-0.6242678111	0.1387797057	-0.6417942179	0.07894557042	-0.1184560893	-0.1727115481	0.4144075025	boucle_1bande.py	R0:S0:1	1	-0.468352126	-0.6839980266	2.772344053e-05	-6.068719977e-05	-5.089715347e-05	0.0002876517045	-0.07636311663	0.8781757584	0.01332854965	0.2395351562	-0.01333349453	-0.2394743144	0.07634701792	-0.8781298237	8.665938076e-05	-0.0002701764447	-4.30724458e-05	5.852138542e-05	2024-06-18@16:26	0.67456547	-0.03523471099	-0.2025308152	0.26414835	-0.04432505002	v2.6.0	
17	Broyden	0	0.05895370453	-14.24203996	-0.8356613133	Y	11.095834	0.02637630159	self-energy/D	sharp_wc_2_b_50	1.608548804	0.01328494834	0.2657820847	0.002945189439	0.2548190061	0.1525929046	1.596898543	0.04444694561	1.596909268	0.04445981549	0.2545758291	0.1525721972	-0.3248141211	1.996657183	0.766262802	0.01760721345	c61843e	2x2_2C_8b_C2v_L	3.0365852	0.9697710281	0.9633527806	0.9999999998513849	0.7788058244	-0.3166880501	0.2455884076	-0.1198553302	0.1388403599	-0.6555840119	0.4715117091	-0.6317412802	0.4715049205	-0.6318129577	0.1387868815	-0.6555446701	0.07989040134	-0.1199121826	-0.1729126825	0.4191888178	boucle_1bande.py	R0:S0:1	1	-0.4690433317	-0.686346544	-5.04507416e-05	0.0001556326188	3.632637546e-05	-0.0001766029815	-0.07728922706	0.8871634837	0.01352594091	0.2418174794	-0.01344154226	-0.2420101451	0.07722573629	-0.8869375325	-0.0001207936799	0.0004020372054	8.329817216e-05	-8.419525023e-05	2024-06-18@16:40	0.67456547	-0.03621338688	-0.204156444	0.26414835	-0.04390669744	v2.6.0	
8	Broyden	0	0.05879919771	-14.23067709	-0.8392911731	Y	11.095834	0.02637427011	self-energy/D	sharp_wc_2_b_50	1.602697209	0.01332704059	0.2644721058	0.002979288159	0.253291114	0.1568627236	1.59337213	0.04567125408	1.593726577	0.04565062407	0.2535550711	0.1568830181	-0.3197495194	1.996562681	0.7634682582	0.01808150187	c61843e	2x2_2C_8b_C2v_L	3.0355852	0.9686329481	0.9620754021	0.9999999998123297	0.7783195871	-0.3164821944	0.2449703496	-0.1196664828	0.1386360643	-0.670197761	0.4717223103	-0.6402508527	0.4717384806	-0.6401413143	0.1387168436	-0.6702579914	0.08055557093	-0.1213202529	-0.1727640191	0.4243250721	boucle_1bande.py	R0:S0:1	1	-0.4698095407	-0.6888868611	-3.547510125e-05	5.936937369e-05	7.264339329e-05	-0.0004334090847	-0.07834698704	0.8967418624	0.01364232259	0.2443590255	-0.01368002997	-0.24422582	0.07840329816	-0.8969377155	-7.906624543e-07	-1.876149413e-05	1.0617995e-05	-3.741745991e-05	2024-06-18@16:47	0.67456547	-0.0372902393	-0.2059536584	0.26414835	-0.04344182209	v2.6.0	
7	Broyden	0	0.05867303558	-14.22238092	-0.8426916676	Y	11.095834	0.02637382016	self-energy/D	sharp_wc_2_b_50	1.596538637	0.01336765903	0.2624593069	0.002996615227	0.2526985509	0.1608651234	1.593260246	0.04668521705	1.591212476	0.04676838559	0.2521216137	0.1609147981	-0.3163821822	1.996487995	0.7616938242	0.01853846233	c61843e	2x2_2C_8b_C2v_L	3.0345852	0.967582588	0.9608857189	0.9999999997989213	0.77803422	-0.3163472605	0.2439669107	-0.1192637799	0.1389019863	-0.6844539262	0.4720030167	-0.647597516	0.4719319257	-0.6478788709	0.1386491995	-0.6842290916	0.08111446804	-0.1224317235	-0.1727713908	0.4293286265	boucle_1bande.py	R0:S0:1	1	-0.470524284	-0.6912786472	-1.519942298e-05	2.032091676e-05	3.470988545e-05	-0.0002051358937	-0.07922615141	0.9051039961	0.01386147427	0.2462424372	-0.0137636952	-0.2467593781	0.07919860726	-0.9054155723	-0.0001957124825	0.0006468808134	0.0001397810398	-0.0001793945566	2024-06-18@16:54	0.67456547	-0.03828778172	-0.2076217908	0.26414835	-0.04300056973	v2.6.0	
7	Broyden	0	0.05849991174	-14.21701517	-0.8461452236	Y	11.095834	0.02637188417	self-energy/D	sharp_wc_2_b_50	1.592643208	0.01340204235	0.2617139835	0.003031323767	0.250716576	0.1648949414	1.586837294	0.04798920153	1.589013249	0.04787188785	0.2514674393	0.1648849499	-0.3144474995	1.996400765	0.7614691605	0.01897451212	c61843e	2x2_2C_8b_C2v_L	3.0335852	0.9665095872	0.9596726164	0.9999999998583865	0.7776534618	-0.3161259973	0.2437671651	-0.1192476375	0.1384511982	-0.6980068	0.4720428303	-0.6561011051	0.4720618875	-0.6556611962	0.1388286486	-0.6984363928	0.08191967396	-0.1237929068	-0.1728553658	0.4342812192	boucle_1bande.py	R0:S0:1	1	-0.4712445319	-0.6936980927	1.760620446e-05	-4.35679938e-09	-6.200965809e-05	0.0003905776773	-0.080069856	0.9137594111	0.01379143133	0.2495390859	-0.01398450694	-0.2487184928	0.0801053764	-0.9134408196	2.273761574e-05	-5.185506367e-05	-4.07688521e-05	7.920555626e-05	2024-06-18@17:00	0.67456547	-0.03930204065	-0.2093319499	0.26414835	-0.04254815803	v2.6.0	
8	Broyden	0	0.05825266874	-14.20741074	-0.8495514348	Y	11.095834	0.02637042855	self-energy/D	sharp_wc_2_b_50	1.587474284	0.01344570356	0.2606078505	0.003067123433	0.2497296644	0.1688866627	1.585201041	0.0490781505	1.584633964	0.04909869595	0.2495845148	0.1689764303	-0.3103187637	1.996301641	0.7604489405	0.01941190037	c61843e	2x2_2C_8b_C2v_L	3.0325852	0.9654451943	0.958469394	0.9999999998481761	0.7772425104	-0.3159575724	0.2432679266	-0.1191210342	0.1384941575	-0.7119227295	0.4722628786	-0.6638393963	0.4722520979	-0.6638639183	0.1384534918	-0.7119501528	0.08264002941	-0.1252380266	-0.1728729329	0.4391700255	boucle_1bande.py	R0:S0:1	1	-0.4719560732	-0.6960665237	-1.42407956e-06	-3.027263816e-05	2.177921499e-05	-0.0001446771891	-0.08103237226	0.9218057281	0.01402442642	0.2510809364	-0.01398788477	-0.2512450467	0.0810532951	-0.9222004792	-0.0002278485341	0.0007759425356	0.0001947369419	-0.0002510781716	2024-06-18@17:07	0.67456547	-0.04030874583	-0.2110475381	0.26414835	-0.04209577462	v2.6.0	
10	Broyden	0	0.05797379757	-14.20465394	-0.8531460854	Y	11.095834	0.02637102373	self-energy/D	sharp_wc_2_b_50	1.582771997	0.01348777907	0.2595165965	0.00310117541	0.2478508649	0.1731092333	1.581546573	0.05037441532	1.581628387	0.05034492972	0.2481632831	0.1731896656	-0.3094968809	1.996205817	0.759636104	0.01988317103	c61843e	2x2_2C_8b_C2v_L	3.0315852	0.9643249729	0.9572044293	0.9999999997815583	0.7768504048	-0.3157678874	0.2428754649	-0.119032518	0.1381795744	-0.7261856191	0.4726085349	-0.6726335113	0.4725899775	-0.6724227073	0.1382264481	-0.7262127622	0.08358952781	-0.1267406018	-0.1729519924	0.4444467746	boucle_1bande.py	R0:S0:1	1	-0.4727041814	-0.6985675514	0.000149886502	-0.0003028441727	-0.0002707930419	0.001607190311	-0.08193719205	0.9302303532	0.01407346193	0.2534773677	-0.01414210384	-0.2533210731	0.08205400474	-0.9308748658	-2.332357203e-05	0.0001116504388	-1.478442611e-06	2.94021373e-05	2024-06-18@17:16	0.67456547	-0.04137040685	-0.2128570465	0.26414835	-0.0416149501	v2.6.0	
4	Broyden	0	0.05786061992	-14.20157983	-0.8554340852	Y	11.095834	0.02636896748	self-energy/D	sharp_wc_2_b_50	1.58059492	0.01350593989	0.2585899976	0.003118263175	0.2481590992	0.1758252306	1.583233597	0.05093356506	1.577918073	0.05120044429	0.2467662465	0.1757226278	-0.3092422822	1.9961629	0.7598068432	0.02017043188	c61843e	2x2_2C_8b_C2v_L	3.0305852	0.9636330998	0.9563995207	0.9999999998442262	0.7767641852	-0.3156345013	0.2426800899	-0.1189614546	0.1387441244	-0.7361700941	0.4727324727	-0.6769335665	0.472530948	-0.6779078899	0.1380159292	-0.735235577	0.08400535695	-0.1273934136	-0.1730321633	0.447683116	boucle_1bande.py	R0:S0:1	1	-0.4731719349	-0.7001772104	-0.0003564743285	0.000733861505	0.0006000487756	-0.003594503387	-0.0824188293	0.935073601	0.01435954248	0.2540824837	-0.01403542874	-0.255662598	0.08229259475	-0.9352359033	0.0002490488121	-0.001019639863	-8.568618659e-05	-3.566527012e-05	2024-06-18@17:20	0.67456547	-0.04202443315	-0.2139833731	0.26414835	-0.04130663753	v2.6.0	
5	Broyden	0	0.05743694921	-14.19582834	-0.8597129963	Y	11.095834	0.02636864408	self-energy/D	sharp_wc_2_b_50	1.574830923	0.01355836932	0.2574795016	0.003161623276	0.2459019977	0.1808719847	1.576734867	0.05255177002	1.575785325	0.05261736491	0.2453979139	0.180860676	-0.306629735	1.99603705	0.7585043688	0.02074198226	c61843e	2x2_2C_8b_C2v_L	3.0295852	0.9622913599	0.9548895214	0.999999999830181	0.7762059801	-0.3153957528	0.2422287014	-0.1188800533	0.1382717153	-0.7530067142	0.4728844614	-0.6875701501	0.4728914765	-0.6878594931	0.1380638116	-0.7528086618	0.08509733627	-0.129262189	-0.1731095034	0.4540369587	boucle_1bande.py	R0:S0:1	1	-0.4740654066	-0.703138725	5.232637736e-05	-0.0001143737335	-8.503278245e-05	0.0004913015395	-0.08356200988	0.945019605	0.01438503076	0.2570255084	-0.01429283398	-0.2574068793	0.08349852899	-0.9449685724	0.0002793800195	-0.001002006032	-0.0002138398718	0.0002682227866	2024-06-18@17:25	0.67456547	-0.04329749974	-0.2161673482	0.26414835	-0.0407166745	v2.6.0	
0	Broyden	0	0.05907881362	-14.25207814	-0.828594671	Y	11.095834	0.02637674896	self-energy/D	sharp_wc_2_b_50	1.616708997	0.01320951686	0.2674526843	0.002872158547	0.2571089688	0.144201404	1.60187724	0.04216989902	1.601563384	0.04219896755	0.2569150015	0.1441591965	-0.3285434942	1.996840217	0.7663527609	0.01671942489	c61843e	2x2_2C_8b_C2v_L	3.0385852	0.971975022	0.9658243017	0.9999999998859761	0.7795464478	-0.317095027	0.246009741	-0.1198720375	0.138896626	-0.6265041345	0.4710330694	-0.6156982325	0.4710437885	-0.6158374822	0.1388196512	-0.6263886002	0.07804128934	-0.1168644482	-0.1726678546	0.4089814853	boucle_1bande.py	R0:S0:1	1	-0.467572507	-0.6813740219	1.554095891e-05	-7.09866416e-05	-7.649019916e-06	1.165771173e-05	-0.07525201136	0.8676911839	0.0131876093	0.2367575415	-0.01309821792	-0.237031513	0.07521022991	-0.8675052652	-7.232886395e-06	1.638499188e-05	7.118170297e-05	-9.320264818e-05	2024-06-18@16:09	0.67456547	-0.03412908521	-0.2007072675	0.26414835	-0.04478716938	v2.6.0	
5	Broyden	0	0.05906520492	-14.26115323	-0.8252922796	Y	11.095834	0.02637867466	self-energy/D	sharp_wc_2_b_50	1.620494801	0.01317478694	0.2681965451	0.002837439303	0.2585941775	0.1403250665	1.606526477	0.04103959463	1.604498394	0.04112492684	0.2582435278	0.1402110608	-0.3322268726	1.996923301	0.7657631153	0.01631705833	c61843e	2x2_2C_8b_C2v_L	3.0395852	0.97300168	0.9669773754	0.9999999998888295	0.779844328	-0.3172768885	0.2462131468	-0.1198874808	0.1391012853	-0.6130602907	0.4709940171	-0.6080000036	0.470899549	-0.6083335128	0.1388548992	-0.6126462698	0.07732710329	-0.1155114575	-0.1725435944	0.4043018247	boucle_1bande.py	R0:S0:1	1	-0.4668883987	-0.6790396983	-8.685276553e-05	0.0001856397704	0.0001643248688	-0.0009580236093	-0.07440265915	0.8585694069	0.01314666236	0.2336320705	-0.01299223162	-0.2342755691	0.07435726278	-0.8583257292	0.000605015869	-0.001896692869	-0.0004364506347	0.000476249457	2024-06-18@16:14	0.67456547	-0.03315958753	-0.1991147614	0.26414835	-0.04518914736	v2.6.0	
23	Broyden	0	0.05906655979	-14.26735178	-0.8213333044	Y	11.095834	0.0263802683	self-energy/D	sharp_wc_2_b_50	1.626405701	0.01313300302	0.2693841998	0.002801328447	0.2600391143	0.1355713228	1.609387921	0.03978510863	1.608842459	0.03980803599	0.2599535606	0.1354566763	-0.3348199245	1.997022926	0.7674438421	0.01580423313	c61843e	2x2_2C_8b_C2v_L	3.0405852	0.9742460798	0.9683640009	0.999999999888757	0.780422964	-0.3175264003	0.2467142601	-0.1200182359	0.1391936727	-0.5966884835	0.4707397938	-0.5990268704	0.4706536347	-0.5991364189	0.1391551695	-0.5965631141	0.07629709405	-0.1137993199	-0.1725227331	0.3985439574	boucle_1bande.py	R0:S0:1	1	-0.4660551201	-0.6762503119	-5.220143734e-05	0.0001226468203	7.52707064e-05	-0.0004382522738	-0.07314222102	0.8467643254	0.01291108336	0.2308198841	-0.01285616516	-0.2309969308	0.07306231797	-0.8461985034	0.000406799268	-0.001236378279	-0.0002523029913	0.0002897122044	2024-06-18@16:32	0.67456547	-0.03198216037	-0.1971932883	0.26414835	-0.04566831229	v2.6.0	
12	Broyden	0	0.05899210935	-14.27735137	-0.8175614828	Y	11.095834	0.02638028761	self-energy/D	sharp_wc_2_b_50	1.630452753	0.0130943013	0.2701839296	0.002760916638	0.2617282467	0.1309808414	1.613117641	0.03855540739	1.610934424	0.03863953668	0.260896844	0.1310103764	-0.3392689874	1.997115381	0.7677384084	0.01533045453	c61843e	2x2_2C_8b_C2v_L	3.0415852	0.975428082	0.9696776897	0.999999999842208	0.7807744566	-0.3177460467	0.2469126196	-0.1200177724	0.1394861517	-0.5812511613	0.4704430202	-0.5903774866	0.470411421	-0.5906853473	0.1390653338	-0.5808375156	0.07547507595	-0.1122501605	-0.1724026109	0.3930772852	boucle_1bande.py	R0:S0:1	1	-0.4652668982	-0.6735840113	-5.660315267e-05	0.0001765694834	3.953421678e-05	-0.0002005269865	-0.07190967018	0.834605259	0.01276126648	0.2275253246	-0.01261709585	-0.2282097678	0.07188144457	-0.834995284	0.0002572391113	-0.0007666604309	-0.0001800121168	0.0002070546015	2024-06-18@16:43	0.67456547	-0.03086266058	-0.1953788726	0.26414835	-0.04611662516	v2.6.0	
6	Broyden	0	0.05884754883	-14.28700454	-0.813880527	Y	11.095834	0.02638235418	self-energy/D	sharp_wc_2_b_50	1.636624521	0.01305110288	0.2717140972	0.002730189239	0.2620465324	0.1266795059	1.614596023	0.0374667387	1.615551075	0.03744338843	0.26266461	0.1265523518	-0.3433943682	1.997209888	0.7695137221	0.01485484674	c61843e	2x2_2C_8b_C2v_L	3.0425852	0.9765771865	0.9709634682	0.9999999998924151	0.781229078	-0.3179254259	0.2476221016	-0.1202471462	0.1391414722	-0.5657024375	0.4702564281	-0.5823843199	0.4703160399	-0.582382877	0.1393656128	-0.5657713828	0.07456605734	-0.1106085149	-0.1723958443	0.3877573159	boucle_1bande.py	R0:S0:1	1	-0.4644972766	-0.6709722215	-3.364984852e-05	8.390106231e-05	3.477151996e-05	-0.0001951405845	-0.07073853733	0.8235761074	0.01244678937	0.2248842733	-0.01252014708	-0.2245808313	0.07075397097	-0.8229724539	0.0001063779231	-0.0003042384822	-4.585937722e-05	6.132636849e-05	2024-06-18@16:48	0.67456547	-0.02977596396	-0.1936261769	0.26414835	-0.0465449526	v2.6.0	
6	Broyden	0	0.05868438469	-14.29537797	-0.8102019147	Y	11.095834	0.02638455698	self-energy/D	sharp_wc_2_b_50	1.64106598	0.01301435053	0.2724881957	0.002691481563	0.2641720073	0.1221681982	1.619213777	0.03625630243	1.617997641	0.03629644245	0.2637662488	0.1221823728	-0.3469170331	1.997301245	0.770653942	0.01439042381	c61843e	2x2_2C_8b_C2v_L	3.0435852	0.9777340663	0.9722467765	0.9999999998922375	0.7816783856	-0.3181566691	0.2478220112	-0.12024566	0.1395328184	-0.5505521061	0.4701046204	-0.5739396903	0.4700578372	-0.5740839237	0.1393830836	-0.5504267243	0.0736258116	-0.1089704324	-0.1723719574	0.3824877046	boucle_1bande.py	R0:S0:1	1	-0.4637311415	-0.6683651398	-4.444535025e-05	9.698022374e-05	6.948138061e-05	-0.0003915395211	-0.06957944172	0.8112054431	0.01238959322	0.2211575776	-0.01230875823	-0.2214969544	0.06954194552	-0.8112576959	-5.649851593e-05	0.0001498205239	3.836578885e-05	-5.853232059e-05	2024-06-18@16:54	0.67456547	-0.02868209395	-0.1918720095	0.26414835	-0.04696808683	v2.6.0	
11	Broyden	0	0.0584302059	-14.30696776	-0.8062591682	Y	11.095834	0.0263842708	self-energy/D	sharp_wc_2_b_50	1.647368193	0.0129727085	0.2738829823	0.002658944635	0.2651079756	0.1174045441	1.620187412	0.03508897218	1.620965806	0.03507418896	0.2650709064	0.1174411165	-0.3521857031	1.997391716	0.7707851322	0.01390564439	c61843e	2x2_2C_8b_C2v_L	3.0445852	0.9789719748	0.9736120738	0.9999999998846469	0.7821599517	-0.3183791818	0.2484825182	-0.1204629786	0.1394250518	-0.5338872079	0.4697274725	-0.5653218738	0.4697942312	-0.5652846166	0.1394438888	-0.5339635952	0.07278123966	-0.1073735651	-0.1722622094	0.3768460607	boucle_1bande.py	R0:S0:1	1	-0.4628897127	-0.6655535574	-2.156245773e-05	6.27696051e-05	3.489609994e-05	-0.0001857101984	-0.06821354227	0.7977436347	0.01210740023	0.2179094816	-0.01210850305	-0.217827108	0.06821593917	-0.7978358177	0.0002361298062	-0.0006553924661	-0.0001871005129	0.0002223274939	2024-06-18@17:04	0.67456547	-0.02751296237	-0.190019057	0.26414835	-0.0474177345	v2.6.0	
17	Broyden	0	0.05812745377	-14.31799754	-0.8023504752	Y	11.095834	0.02638635134	self-energy/D	sharp_wc_2_b_50	1.653536549	0.01292752983	0.2751716575	0.002620206375	0.2661770651	0.1127356515	1.624302855	0.03387271609	1.624788993	0.03386263007	0.2662178439	0.112760122	-0.3571295128	1.997496466	0.771569081	0.01342397198	c61843e	2x2_2C_8b_C2v_L	3.0455852	0.9802044742	0.9749727635	0.9999999998304626	0.7827022805	-0.3185915361	0.2490247147	-0.1205946973	0.139498201	-0.5176729014	0.4695803692	-0.5565910248	0.4696108586	-0.5565522036	0.139548569	-0.5177590723	0.07168164127	-0.1054286734	-0.1722171178	0.3713004957	boucle_1bande.py	R0:S0:1	1	-0.4620648287	-0.6627700979	8.609714855e-07	-6.428045291e-06	4.908004109e-06	-3.747194217e-05	-0.0667866359	0.7839054322	0.01187012544	0.2141876731	-0.01186787288	-0.2141339288	0.06678970894	-0.7839563759	0.0003123366598	-0.0008510943697	-0.0001915316618	0.0002218736509	2024-06-18@17:18	0.67456547	-0.02635124418	-0.1881812501	0.26414835	-0.04785115618	v2.6.0	
7	Broyden	0	0.05774902581	-14.32950098	-0.7982287742	Y	11.095834	0.02638734822	self-energy/D	sharp_wc_2_b_50	1.660306609	0.01288288466	0.2765413056	0.002584332564	0.2674717506	0.1077166282	1.62760444	0.03261822365	1.628538497	0.03259144667	0.2674950696	0.1078193892	-0.3624034588	1.997596491	0.7731944562	0.01290152655	c61843e	2x2_2C_8b_C2v_L	3.0465852	0.9815042915	0.9764040531	0.9999999999193968	0.7832717737	-0.3188241828	0.2496892528	-0.1207955862	0.1395903549	-0.5004152062	0.4692766898	-0.5474259668	0.4693601167	-0.5473359724	0.1397199071	-0.5006966499	0.07062122672	-0.1035377907	-0.1721660376	0.3653256189	boucle_1bande.py	R0:S0:1	1	-0.4611917474	-0.6598296519	-4.557566292e-05	0.0001065710116	7.119447438e-05	-0.0003952087895	-0.06522958459	0.7685434123	0.01154708476	0.2104212404	-0.01161771682	-0.2101274043	0.06524675448	-0.7688026845	0.0003199243818	-0.0008540400362	-0.0002197429533	0.0002531727173	2024-06-18@17:24	0.67456547	-0.02512261385	-0.1862533385	0.26414835	-0.04830259792	v2.6.0	
18	Broyden	0	0.05730486469	-14.34430126	-0.7941798513	Y	11.095834	0.0263894271	self-energy/D	sharp_wc_2_b_50	1.666885841	0.01284009845	0.2776633667	0.002543801873	0.2688680144	0.102843009	1.631287678	0.03137247699	1.630179112	0.03142147566	0.2682654571	0.1028086205	-0.369283791	1.99769936	0.7749345591	0.01240075602	c61843e	2x2_2C_8b_C2v_L	3.0475852	0.9827875903	0.9778078881	0.9999999999093254	0.7839037253	-0.3190773961	0.2501826949	-0.1209093703	0.1397712844	-0.4835128209	0.469041152	-0.5383566832	0.4690874816	-0.5386477341	0.1395544777	-0.4833158908	0.06958239617	-0.1015829005	-0.1722148418	0.359634953	boucle_1bande.py	R0:S0:1	1	-0.4603313155	-0.656934562	-3.989730358e-05	6.447401403e-05	8.203471916e-05	-0.0004782997816	-0.06370493855	0.7531830331	0.01131649728	0.206215508	-0.01123995145	-0.2065662981	0.06362309143	-0.7528925847	0.0001734551708	-0.0004551592336	-7.223465389e-05	7.628456483e-05	2024-06-18@17:39	0.67456547	-0.02391293824	-0.1843713763	0.26414835	-0.04874050982	v2.6.0	
9	Broyden	0	0.05677978492	-14.3560885	-0.7904321525	Y	11.095834	0.02638981389	self-energy/D	sharp_wc_2_b_50	1.671225868	0.01280226137	0.2784659254	0.002504248259	0.2700758574	0.09832176003	1.633542177	0.030250217	1.634374195	0.0302497171	0.2699379704	0.0982700333	-0.3745227072	1.997790787	0.7741186506	0.01194448799	c61843e	2x2_2C_8b_C2v_L	3.0485852	0.9839650109	0.9791021549	0.9999999998811253	0.7842850229	-0.3192917742	0.2503745277	-0.1209019171	0.1397839878	-0.4676335199	0.4687850217	-0.5301204602	0.4688493549	-0.5302114848	0.1398033706	-0.4676526282	0.06855882144	-0.09976553277	-0.1720136342	0.3542122901	boucle_1bande.py	R0:S0:1	1	-0.4595487234	-0.6542449797	-7.173848301e-06	2.135501189e-05	1.947205331e-05	-9.799378219e-05	-0.06238098259	0.7387552164	0.01113828999	0.2020378158	-0.01109452306	-0.2020606411	0.06230222812	-0.7382499378	-4.644876179e-05	0.0001271913545	1.46194238e-06	1.356514013e-05	2024-06-18@17:47	0.67456547	-0.02280070911	-0.1826483676	0.26414835	-0.049134855	v2.6.0	
12	Broyden	0	0.05614746296	-14.37116681	-0.7862705605	Y	11.095834	0.02639190438	self-energy/D	sharp_wc_2_b_50	1.67856721	0.01276076823	0.2798926648	0.002470021393	0.271450326	0.09322110884	1.637418975	0.02899910909	1.635327623	0.02906672674	0.2705169857	0.09320819984	-0.3815450137	1.99788397	0.7767131412	0.01142456977	c61843e	2x2_2C_8b_C2v_L	3.0495852	0.9852834584	0.9805402301	0.9999999998934882	0.7849139115	-0.3195477419	0.2510813411	-0.1211316984	0.1399232566	-0.4500547983	0.4685416648	-0.5209636618	0.4685591601	-0.5213168424	0.1395731596	-0.449753779	0.06756483101	-0.09790780464	-0.1721029192	0.3483475812	boucle_1bande.py	R0:S0:1	1	-0.4586590259	-0.6512540559	-1.554948437e-05	2.715251045e-05	2.858018787e-05	-0.0001731011978	-0.06070409603	0.7213566649	0.01085184463	0.1973608546	-0.01073222273	-0.1979233213	0.06061028344	-0.7211931886	0.0003638448656	-0.0008977692585	-0.0001893076721	0.0002206518837	2024-06-18@17:57	0.67456547	-0.02155664087	-0.1807414228	0.26414835	-0.0495728316	v2.6.0	
19	Broyden	0	0.05534837593	-14.3910908	-0.7816155066	Y	11.095834	0.02639370659	self-energy/D	sharp_wc_2_b_50	1.686226791	0.0127105644	0.2813494434	0.00242540227	0.2724243169	0.08751040931	1.640881589	0.02763439502	1.64018653	0.02765518053	0.2721860519	0.08750517714	-0.3911893168	1.997999499	0.777632176	0.01085381854	c61843e	2x2_2C_8b_C2v_L	3.0505852	0.9867648516	0.9821454873	0.9999999998938796	0.7855852858	-0.3198138841	0.2517614151	-0.1213125677	0.1399055767	-0.4301860012	0.4682982746	-0.5108458716	0.4682883805	-0.5109368046	0.1398087528	-0.4300887728	0.06631467584	-0.09554557968	-0.1720294405	0.3416912978	boucle_1bande.py	R0:S0:1	1	-0.4576654481	-0.6479058926	2.714922018e-05	-6.639291459e-05	-3.607820441e-05	0.0001886578735	-0.0586850907	0.7010088065	0.01047330732	0.192197559	-0.01041314659	-0.1924248479	0.05866387906	-0.7009830106	0.0002071701496	-0.000493697618	-0.0001084271397	0.0001283858877	2024-06-18@18:12	0.67456547	-0.02015971555	-0.1786170223	0.26414835	-0.05005042952	v2.6.0	
8	Broyden	0	0.05459254601	-14.40912767	-0.7779703152	Y	11.095834	0.02639457078	self-energy/D	sharp_wc_2_b_50	1.691061079	0.01267402231	0.2823657324	0.002388150835	0.2739860973	0.08303697615	1.643758398	0.02654946506	1.642684443	0.02657947468	0.2733919586	0.08307068343	-0.3994936304	1.998086603	0.7780708204	0.01040695134	c61843e	2x2_2C_8b_C2v_L	3.0515852	0.9879147171	0.9834012602	0.9999999998924696	0.7859968229	-0.3200238116	0.2520792041	-0.1213629389	0.1400950449	-0.4147377451	0.4680051577	-0.5028309162	0.4680117184	-0.5029558369	0.1398808029	-0.4145892716	0.0653804893	-0.09372518547	-0.1719337637	0.3364662965	boucle_1bande.py	R0:S0:1	1	-0.4569003689	-0.6452756333	-1.465651067e-05	1.918439714e-05	2.344538008e-05	-0.0001487173703	-0.05724438391	0.684732068	0.0102739904	0.1874962155	-0.01019330462	-0.1878311368	0.05721039835	-0.6848943935	0.0003084284841	-0.0007254816827	-0.0001228518391	0.0001333701093	2024-06-18@18:20	0.67456547	-0.01907411818	-0.1769702144	0.26414835	-0.05041366343	v2.6.0	
18	Broyden	0	0.05349829803	-14.43735317	-0.7729710978	Y	11.095834	0.02639683237	self-energy/D	sharp_wc_2_b_50	1.701106504	0.0126202456	0.2843659286	0.002347298973	0.2746747237	0.07689237193	1.646542068	0.02512341319	1.645963696	0.02514844043	0.2742806902	0.07685751061	-0.4134087928	1.998203777	0.7808719303	0.009791804694	c61843e	2x2_2C_8b_C2v_L	3.0525852	0.9895141889	0.9851204468	0.9999999998586244	0.7868197421	-0.3203089839	0.2532102907	-0.1217494264	0.1399946239	-0.393227294	0.4676919578	-0.4920544103	0.4676966113	-0.4921985582	0.1398613948	-0.393088223	0.06416521755	-0.0912439327	-0.1720057211	0.3294063611	boucle_1bande.py	R0:S0:1	1	-0.4558157803	-0.6416643528	5.386873326e-06	-9.769483569e-06	-7.436922597e-06	3.370376672e-05	-0.05485917037	0.6607882012	0.009767904636	0.1816895505	-0.00967352182	-0.181995535	0.05479141342	-0.6605040058	0.0004390492842	-0.0009850954403	-0.0002237246957	0.000267078009	2024-06-18@18:34	0.67456547	-0.01756743159	-0.1747175167	0.26414835	-0.050912077	v2.6.0	
13	Broyden	0	0.05231834415	-14.46252779	-0.7684066809	Y	11.095834	0.02639905963	self-energy/D	sharp_wc_2_b_50	1.707096667	0.01257509828	0.2852229755	0.002296729663	0.2758684445	0.07121258162	1.65081113	0.02380070072	1.650145672	0.02381199592	0.2756564188	0.07123021972	-0.4256154244	1.998318006	0.7806702477	0.009241689838	c61843e	2x2_2C_8b_C2v_L	3.0535852	0.9909716891	0.9866881136	0.9999999998865179	0.7874555774	-0.320601375	0.253463584	-0.1217317433	0.1400691176	-0.3735545909	0.4674877861	-0.4821905283	0.4674770103	-0.4822217939	0.1399667713	-0.3734762924	0.06279259622	-0.08866371277	-0.1718606176	0.3228714627	boucle_1bande.py	R0:S0:1	1	-0.4548477746	-0.6383613496	3.768713865e-07	-7.03460563e-06	9.112101625e-07	-2.111868333e-05	-0.05269425475	0.6376307352	0.009358744548	0.175587404	-0.009340723091	-0.1757071512	0.05269751596	-0.6377839822	0.0005504876662	-0.001203072212	-0.0002535552901	0.0002913599504	2024-06-18@18:44	0.67456547	-0.01619407288	-0.1726751951	0.26414835	-0.05135223138	v2.6.0	
6	Broyden	0	0.05124248572	-14.48477913	-0.7648639948	Y	11.095834	0.02640076164	self-energy/D	sharp_wc_2_b_50	1.712265313	0.01254218767	0.286311589	0.002263390556	0.277048203	0.06685066016	1.6535213	0.02278655044	1.652046527	0.02281120228	0.276465634	0.06687907455	-0.435942082	1.99839576	0.7823156182	0.008806417561	c61843e	2x2_2C_8b_C2v_L	3.0545852	0.9920914183	0.9879055278	0.9999999999048599	0.7878879746	-0.3208156049	0.2538156675	-0.1218104388	0.1401154548	-0.358318808	0.4672784291	-0.4745953636	0.4672411505	-0.4746816607	0.139897077	-0.3581554737	0.06191129783	-0.08689221743	-0.1718539793	0.3178484626	boucle_1bande.py	R0:S0:1	1	-0.4541016114	-0.6357878877	-8.832806862e-06	2.02594821e-05	1.316250901e-05	-7.514145456e-05	-0.05111695045	0.6193300148	0.009099654749	0.1703533334	-0.009042018209	-0.170642986	0.0510915571	-0.6195015194	0.000246034469	-0.0005265526088	-0.0001224529762	0.0001372150125	2024-06-18@18:50	0.67456547	-0.01513705967	-0.1711078882	0.26414835	-0.05168547902	v2.6.0	
16	Broyden	0	0.04956063445	-14.52642543	-0.7596064575	Y	11.095834	0.026403316	self-energy/D	sharp_wc_2_b_50	1.721263841	0.0124887395	0.2877228453	0.002211219505	0.2777986676	0.06029805139	1.656836324	0.02130446002	1.656726081	0.02130570559	0.2777764122	0.06030456999	-0.4566248346	1.998524061	0.7835677338	0.008171261197	c61843e	2x2_2C_8b_C2v_L	3.0555852	0.9937810365	0.9897048993	0.9999999998929795	0.7887423389	-0.32114489	0.2545356516	-0.1219880907	0.1400425355	-0.3354039024	0.4669534497	-0.4633081368	0.466966839	-0.4633243584	0.1400381851	-0.3354113609	0.06046446533	-0.08388133569	-0.1718088668	0.3103826382	boucle_1bande.py	R0:S0:1	1	-0.4529671534	-0.6319672955	1.377415002e-06	-4.860493432e-06	-6.393667392e-06	2.98503573e-05	-0.04831463848	0.5897076245	0.008526735755	0.1628688522	-0.008542662791	-0.1628430181	0.04831869092	-0.5897416109	0.0001056714025	-0.0002152837021	-3.444063064e-05	4.140719026e-05	2024-06-18@19:03	0.67456547	-0.0135467718	-0.1687848221	0.26414835	-0.05217806269	v2.6.0	
21	Broyden	0	0.04785091477	-14.56909121	-0.7550460609	Y	11.095834	0.02640569537	self-energy/D	sharp_wc_2_b_50	1.729318818	0.01244378754	0.2893263234	0.002169851295	0.2785384231	0.05461640235	1.659356479	0.02003219233	1.659725421	0.0200247255	0.2788573703	0.05460397521	-0.4775153577	1.998627899	0.7852444807	0.007620709925	c61843e	2x2_2C_8b_C2v_L	3.0565852	0.9952402828	0.9912634491	0.9999999999226769	0.7894244321	-0.3214178506	0.2552812571	-0.1222096866	0.139936956	-0.3154414846	0.4666870284	-0.4536278498	0.4666806779	-0.4535843111	0.1400240103	-0.315492719	0.05934277532	-0.0813775912	-0.171820325	0.3039665048	boucle_1bande.py	R0:S0:1	1	-0.4519855104	-0.6286405677	7.998392127e-06	-2.450418402e-05	-7.093130149e-06	3.295894556e-05	-0.04587474403	0.5625494088	0.008070936754	0.1556179355	-0.008094432774	-0.1555214199	0.04589821171	-0.5625265039	-3.688290776e-05	7.22489224e-05	2.653229394e-05	-3.240105619e-05	2024-06-18@19:19	0.67456547	-0.01217301414	-0.1667927583	0.26414835	-0.05259490641	v2.6.0	
17	Broyden	0	0.04586825842	-14.61247933	-0.7503617299	Y	11.095834	0.02640780867	self-energy/D	sharp_wc_2_b_50	1.736666137	0.01239838222	0.290667677	0.002124507854	0.2793546883	0.04871349443	1.662436035	0.01873278452	1.662952471	0.01871493861	0.279756588	0.04876327897	-0.4988306834	1.99873601	0.7865032086	0.007053868261	c61843e	2x2_2C_8b_C2v_L	3.0575852	0.9967424793	0.9928630021	0.9999999998810907	0.7900958209	-0.3217037573	0.2558159655	-0.1223267372	0.1398605512	-0.294846503	0.4664359686	-0.4437251725	0.4663976622	-0.4435680456	0.1400183749	-0.2950181099	0.05797064071	-0.07858375201	-0.1717451084	0.2972690001	boucle_1bande.py	R0:S0:1	1	-0.4509831813	-0.6252202158	-9.862873472e-06	2.171949013e-05	1.510459872e-05	-8.335267057e-05	-0.04317920831	0.5323030138	0.007546838952	0.1476917377	-0.007590840954	-0.1475045323	0.0432529356	-0.5327248869	0.0003952372411	-0.0007558862945	-0.0001758670526	0.0001970999347	2024-06-18@19:32	0.67456547	-0.01075787793	-0.1647551135	0.26414835	-0.05301340537	v2.6.0	
30	Broyden	0	0.04309287385	-14.69499809	-0.7445881813	Y	11.095834	0.0264112697	self-energy/D	sharp_wc_2_b_50	1.747378209	0.01234036811	0.2924456675	0.002070255852	0.280441089	0.0414335919	1.666930294	0.01712386572	1.666415032	0.01712947289	0.2801159431	0.04146094981	-0.5400562967	1.998871581	0.7883134037	0.006362906131	c61843e	2x2_2C_8b_C2v_L	3.0585852	0.998606132	0.9948284227	0.9999999999105444	0.7910464072	-0.3220545292	0.2568034606	-0.1226137672	0.1399412319	-0.2694971181	0.4661008263	-0.4313717411	0.4661136118	-0.4313940747	0.1398228369	-0.2694230668	0.0565754279	-0.07504969644	-0.1717545221	0.289144445	boucle_1bande.py	R0:S0:1	1	-0.4497284024	-0.620993057	-2.34544322e-06	2.658227818e-06	7.662550556e-06	-4.901940555e-05	-0.03956032348	0.4916950244	0.006858247772	0.1369698511	-0.006845330633	-0.1370503141	0.03956778054	-0.4919139411	0.0007757044617	-0.001406072462	-0.000311119188	0.0003617563624	2024-06-18@19:54	0.67456547	-0.009005700978	-0.1622637821	0.26414835	-0.05352136378	v2.6.0	
49	Broyden	0	0.04024966559	-14.78081766	-0.7395938153	Y	11.095834	0.02641448501	self-energy/D	sharp_wc_2_b_50	1.755994563	0.01229284956	0.2939498438	0.002022971984	0.2813294317	0.03511309272	1.670237293	0.01575026986	1.670421016	0.01574817877	0.2813894718	0.03513427676	-0.5826234001	1.99897862	0.7903150968	0.005758801499	c61843e	2x2_2C_8b_C2v_L	3.0595852	1.00021445	0.9965272284	0.9999999999184217	0.7918210537	-0.3223669873	0.2575058256	-0.122799021	0.1398956866	-0.2473687054	0.4658099684	-0.4207935364	0.4658352021	-0.4207831025	0.1399388231	-0.2474418375	0.05538494636	-0.07190208991	-0.1716723943	0.2819582201	boucle_1bande.py	R0:S0:1	1	-0.4486503462	-0.6173263897	-2.782192094e-05	6.101316125e-05	3.815463324e-05	-0.0002397244246	-0.03624347389	0.4531246864	0.006226835866	0.1266255464	-0.006257214653	-0.1265372857	0.03626171302	-0.4532757011	0.00526066804	-0.009128816785	-0.00196053974	0.00230151767	2024-06-18@20:29	0.67456547	-0.007492627461	-0.1601283836	0.26414835	-0.05394827272	v2.6.0	
26	Broyden	0	0.0366605333	-14.8818661	-0.7342543587	Y	11.095834	0.02641777845	self-energy/D	sharp_wc_2_b_50	1.764771578	0.01224371154	0.2953815543	0.001972859097	0.2820171673	0.02833457973	1.673728892	0.0142964135	1.672980214	0.01430368406	0.2815813891	0.02835138807	-0.6329253646	1.999101641	0.7916305941	0.005125965113	c61843e	2x2_2C_8b_C2v_L	3.0605852	1.001937073	0.9983402278	0.9999999999148601	0.7926521096	-0.3227106779	0.2581339338	-0.1229435978	0.1398002882	-0.2235908043	0.465553732	-0.4095768832	0.4655756997	-0.4096236603	0.1396342639	-0.2234664579	0.05396255419	-0.06836839413	-0.1716925841	0.2745135446	boucle_1bande.py	R0:S0:1	1	-0.4474983894	-0.6133968279	-9.623716956e-06	2.175409979e-05	1.559724945e-05	-9.632100332e-05	-0.03232354301	0.4068838417	0.005505985184	0.1140775254	-0.005489285347	-0.1141804542	0.03232368081	-0.4070482645	0.003099256821	-0.005143625313	-0.001093000003	0.001283674437	2024-06-18@20:48	0.67456547	-0.00587262866	-0.157863519	0.26414835	-0.05439463056	v2.6.0	
38	Broyden	0	0.0306727714	-15.07230337	-0.7271098604	Y	11.095834	0.02642260979	self-energy/D	sharp_wc_2_b_50	1.77755344	0.01217801221	0.2972702401	0.001909510937	0.2820331918	0.01919886183	1.677096017	0.01237149113	1.677916136	0.01236480387	0.282453932	0.01920867193	-0.728478179	1.99922191	0.7940896345	0.004241151083	c61843e	2x2_2C_8b_C2v_L	3.0615852	1.004250959	1.000759983	0.999999999940973	0.7938591375	-0.3231728141	0.2591907918	-0.123236551	0.1394556113	-0.1913673805	0.4652098957	-0.3946424402	0.4652073319	-0.394583522	0.1396065355	-0.1915119418	0.05194450641	-0.06301441658	-0.1708437761	0.2631372513	boucle_1bande.py	R0:S0:1	1	-0.4459441645	-0.6081228939	-2.321872867e-05	5.597342045e-05	2.858593425e-05	-0.0001749257357	-0.02612504624	0.3331524093	0.00432695033	0.09433029033	-0.004363880357	-0.09418533269	0.02615344457	-0.3332631646	0.01719090718	-0.02681589149	-0.00545924835	0.006431691594	2024-06-18@21:14	0.67456547	-0.00369885354	-0.1548619651	0.26414835	-0.05497831874	v2.6.0	
29	Broyden	0	0.02268231379	-15.28822912	-0.7203462147	Y	11.095834	0.02642717066	self-energy/D	sharp_wc_2_b_50	1.789420289	0.01212010584	0.2991424033	0.001855396408	0.2825767728	0.01052821653	1.681159618	0.01055427848	1.680623734	0.01055603556	0.2823000724	0.0105361426	-0.8366057666	1.999380007	0.7946978505	0.003460477261	c61843e	2x2_2C_8b_C2v_L	3.0625852	1.006437962	1.00304782	0.9999999999218548	0.7949650691	-0.3236140048	0.2601417104	-0.1235131038	0.1392727222	-0.1608660033	0.4648974435	-0.3805275135	0.4649049629	-0.3805423197	0.1391681565	-0.1607828425	0.05015113177	-0.05814161604	-0.1711395821	0.2541934879	boucle_1bande.py	R0:S0:1	1	-0.4444780296	-0.6031118698	-4.115947029e-06	7.330036092e-06	7.892172529e-06	-5.387206773e-05	-0.01875310199	0.2416681848	0.003043768298	0.06889849149	-0.003042545957	-0.06892374096	0.01876414624	-0.2418140847	-0.0130950376	0.01932137918	0.003737218704	-0.004412065114	2024-06-18@21:35	0.67456547	-0.001643863794	-0.1520542304	0.26414835	-0.05551354554	v2.6.0	
1	Broyden	0	0.02178159401	-15.2498667	-0.7197626853	Y	11.095834	0.02642650836	self-energy/D	sharp_wc_2_b_50	1.791600465	0.01211283407	0.2992673817	0.001857058233	0.2820203566	0.009828757182	1.681406342	0.01040100716	1.684170342	0.01039399318	0.2834896147	0.009801303411	-0.8156437295	1.999198309	0.7895715664	0.003193238892	c61843e	2x2_2C_8b_C2v_L	3.0635852	1.006621238	1.003248254	0.9999999999644913	0.7949943297	-0.3236077428	0.2604245336	-0.1236505615	0.1391889358	-0.1583060464	0.4648538297	-0.3793298045	0.4648046401	-0.3792310861	0.1397513025	-0.1587610526	0.04732558358	-0.05533794041	-0.1646482886	0.2440192071	boucle_1bande.py	R0:S0:1	1	-0.44435784	-0.6026797341	-1.54412764e-05	2.03504317e-05	3.332571252e-05	-0.0001601674238	-0.01804528035	0.2326375744	0.002946269785	0.06619986654	-0.002866058966	-0.06627558525	0.01801305531	-0.2320708074	0.0471677116	-0.06962344552	-0.013308211	0.01572877016	2024-06-18@21:37	0.67456547	-0.001470389947	-0.1518133017	0.26414835	-0.05555567527	v2.6.0	
1	Broyden	0	0.01475925598	-15.28141035	-0.7159670861	Y	11.095834	0.02642793709	self-energy/D	sharp_wc_2_b_50	1.796613552	0.01208794441	0.2932086501	0.001825182325	0.2788098384	0.004977494804	1.688265175	0.00936882707	1.687730156	0.009374737776	0.2787094096	0.004951305281	-0.8307257249	1.999285486	0.7758889053	0.002743137076	c61843e	2x2_2C_8b_C2v_L	3.0645852	1.007855177	1.00453107	0.999999999953807	0.7957173244	-0.3239379254	0.2602311394	-0.1235695403	0.1401806795	-0.1422082359	0.4644965968	-0.3711072249	0.4645518548	-0.3712008539	0.1400103966	-0.1420393492	0.0442224769	-0.05144377766	-0.1631270347	0.2371726289	boucle_1bande.py	R0:S0:1	1	-0.4435402747	-0.599865875	-3.859229942e-05	0.0001657789455	-6.061595136e-05	0.0003147087243	-0.01159798444	0.1543193132	0.00182249457	0.04453774743	-0.001839416235	-0.04455863391	0.01151294248	-0.1536995241	-0.04958976244	0.07156334922	0.01301948042	-0.01546401255	2024-06-18@21:39	0.67456547	-0.0003093483543	-0.1502432836	0.26414835	-0.05584846504	v2.6.0	
