w	up_1	up_2	up_3	cumul_up_1	cumul_up_2	cumul_up_3	
-20	0.000323315	0.0002294	0.000229401	0	0	0
-19.975	0.000326403	0.000230546	0.000230548	8.16008e-06	5.76366e-06	5.76369e-06
-19.95	0.000329632	0.000231707	0.000231708	1.64009e-05	1.15563e-05	1.15564e-05
-19.925	0.000333001	0.000232881	0.000232882	2.47259e-05	1.73783e-05	1.73784e-05
-19.9	0.000336514	0.000234069	0.000234071	3.31387e-05	2.32301e-05	2.32302e-05
-19.875	0.000340178	0.000235272	0.000235274	4.16432e-05	2.91119e-05	2.91121e-05
-19.85	0.000344005	0.000236492	0.000236494	5.02433e-05	3.50242e-05	3.50244e-05
-19.825	0.000348009	0.000237728	0.00023773	5.89435e-05	4.09673e-05	4.09676e-05
-19.8	0.000352214	0.000238982	0.000238985	6.77489e-05	4.69419e-05	4.69423e-05
-19.775	0.000356649	0.000240256	0.000240259	7.66651e-05	5.29483e-05	5.29487e-05
-19.75	0.000361355	0.000241553	0.000241557	8.5699e-05	5.89871e-05	5.89877e-05
-19.725	0.000366389	0.000242876	0.00024288	9.48587e-05	6.5059e-05	6.50597e-05
-19.7	0.000371831	0.000244229	0.000244234	0.000104154	7.11648e-05	7.11655e-05
-19.675	0.000377791	0.000245618	0.000245624	0.000113599	7.73052e-05	7.73061e-05
-19.65	0.000384424	0.000247053	0.000247059	0.00012321	8.34816e-05	8.34826e-05
-19.625	0.00039193	0.000248544	0.000248552	0.000133008	8.96952e-05	8.96964e-05
-19.6	0.000400541	0.000250105	0.000250113	0.000143022	9.59478e-05	9.59492e-05
-19.575	0.000410401	0.000251743	0.000251753	0.000153282	0.000102241	0.000102243
-19.55	0.000421258	0.000253444	0.000253456	0.000163813	0.000108577	0.000108579
-19.525	0.000431933	0.000255143	0.000255157	0.000174611	0.000114956	0.000114958
-19.5	0.000440324	0.000256722	0.000256739	0.00018562	0.000121374	0.000121377
-19.475	0.000445067	0.000258104	0.000258124	0.000196746	0.000127827	0.00012783
-19.45	0.000447205	0.000259347	0.000259372	0.000207926	0.00013431	0.000134314
-19.425	0.000448995	0.000260577	0.000260608	0.000219151	0.000140825	0.000140829
-19.4	0.000451985	0.000261879	0.000261919	0.000230451	0.000147372	0.000147377
-19.375	0.000456742	0.000263285	0.000263335	0.000241869	0.000153954	0.000153961
-19.35	0.000463377	0.000264798	0.000264863	0.000253454	0.000160574	0.000160582
-19.325	0.000471941	0.00026642	0.000266504	0.000265252	0.000167234	0.000167245
-19.3	0.000482601	0.000268157	0.000268267	0.000277317	0.000173938	0.000173952
-19.275	0.00049572	0.000270023	0.000270171	0.00028971	0.000180689	0.000180706
-19.25	0.000511913	0.000272048	0.000272249	0.000302508	0.00018749	0.000187512
-19.225	0.000532097	0.000274272	0.000274547	0.000315811	0.000194347	0.000194376
-19.2	0.000557491	0.000276756	0.000277127	0.000329748	0.000201266	0.000201304
-19.175	0.000589346	0.000279565	0.000280049	0.000344482	0.000208255	0.000208305
-19.15	0.000627927	0.000282732	0.000283304	0.00036018	0.000215323	0.000215388
-19.125	0.000670077	0.000286158	0.000286681	0.000376932	0.000222477	0.000222555
-19.1	0.000706409	0.000289446	0.000289644	0.000394592	0.000229713	0.000229796
-19.075	0.000723978	0.000291936	0.000291571	0.000412691	0.000237012	0.000237085
-19.05	0.000717744	0.000293214	0.000292375	0.000430635	0.000244342	0.000244395
-19.025	0.000696454	0.000293595	0.000292609	0.000448046	0.000251682	0.00025171
-19	0.000673025	0.000293761	0.000292873	0.000464872	0.000259026	0.000259032
-18.975	0.000655015	0.000294168	0.000293462	0.000481247	0.00026638	0.000266368
-18.95	0.00064438	0.00029496	0.000294425	0.000497357	0.000273754	0.000273729
-18.925	0.000640555	0.000296122	0.000295723	0.000513371	0.000281157	0.000281122
-18.9	0.00064245	0.0002976	0.000297302	0.000529432	0.000288597	0.000288554
-18.875	0.000649192	0.000299348	0.000299123	0.000545662	0.000296081	0.000296033
-18.85	0.000660302	0.000301339	0.000301168	0.000562169	0.000303614	0.000303562
-18.825	0.000675707	0.000303568	0.000303438	0.000579062	0.000311204	0.000311148
-18.8	0.000695745	0.000306051	0.000305952	0.000596456	0.000318855	0.000318796
-18.775	0.000721197	0.000308829	0.000308754	0.000614485	0.000326576	0.000326515
-18.75	0.000753366	0.000311969	0.000311913	0.00063332	0.000334375	0.000334313
-18.725	0.000794135	0.000315567	0.000315527	0.000653173	0.000342264	0.000342201
-18.7	0.000845844	0.000319737	0.000319711	0.000674319	0.000350257	0.000350194
-18.675	0.000910498	0.000324558	0.000324544	0.000697082	0.000358371	0.000358308
-18.65	0.000987461	0.000329923	0.00032992	0.000721768	0.000366619	0.000366556
-18.625	0.00106989	0.000335319	0.000335325	0.000748515	0.000375002	0.000374939
-18.6	0.0011452	0.000339886	0.000339903	0.000777145	0.0003835	0.000383436
-18.575	0.00120465	0.000343126	0.000343153	0.000807262	0.000392078	0.000392015
-18.55	0.00124652	0.000345292	0.00034533	0.000838425	0.00040071	0.000400648
-18.525	0.00126322	0.000346661	0.00034671	0.000870005	0.000409377	0.000409316
-18.5	0.00124364	0.000347207	0.000347269	0.000901096	0.000418057	0.000417998
-18.475	0.00119472	0.000347208	0.000347285	0.000930964	0.000426737	0.00042668
-18.45	0.00113904	0.000347295	0.000347389	0.00095944	0.000435419	0.000435365
-18.425	0.00109401	0.000347928	0.000348042	0.00098679	0.000444117	0.000444066
-18.4	0.00106544	0.000349239	0.000349377	0.00101343	0.000452848	0.0004528
-18.375	0.00105267	0.000351187	0.000351354	0.00103974	0.000461628	0.000461584
-18.35	0.00105325	0.000353691	0.000353895	0.00106607	0.00047047	0.000470432
-18.325	0.00106503	0.000356689	0.000356939	0.0010927	0.000479388	0.000479355
-18.3	0.00108657	0.000360151	0.000360459	0.00111986	0.000488391	0.000488366
-18.275	0.00111726	0.000364077	0.00036446	0.0011478	0.000497493	0.000497478
-18.25	0.0011572	0.0003685	0.000368982	0.00117673	0.000506706	0.000506703
-18.225	0.00120722	0.000373487	0.000374099	0.00120691	0.000516043	0.000516055
-18.2	0.00126891	0.000379145	0.000379931	0.00123863	0.000525522	0.000525553
-18.175	0.00134487	0.000385632	0.000386656	0.00127225	0.000535162	0.00053522
-18.15	0.00143894	0.000393176	0.00039453	0.00130822	0.000544992	0.000545083
-18.125	0.00155676	0.000402106	0.00040392	0.00134714	0.000555044	0.000555181
-18.1	0.00170633	0.000412888	0.000415346	0.0013898	0.000565367	0.000565565
-18.075	0.00189872	0.000426165	0.000429511	0.00143727	0.000576021	0.000576302
-18.05	0.00214779	0.00044277	0.000447277	0.00149096	0.00058709	0.000587484
-18.025	0.00246682	0.000463579	0.000469387	0.00155264	0.00059868	0.000599219
-18	0.00285592	0.000488912	0.000495568	0.00162403	0.000610902	0.000611608
-17.975	0.00327464	0.000517048	0.000522705	0.0017059	0.000623829	0.000624676
-17.95	0.0036173	0.000542386	0.000543741	0.00179633	0.000637388	0.000638269
-17.925	0.00375935	0.00055692	0.000551807	0.00189032	0.000651311	0.000652064
-17.9	0.00368242	0.000557668	0.000547853	0.00198238	0.000665253	0.000665761
-17.875	0.00350316	0.000550769	0.000539966	0.00206995	0.000679022	0.00067926
-17.85	0.00335583	0.000545057	0.00053565	0.00215385	0.000692649	0.000692651
-17.825	0.00330996	0.000545659	0.000538285	0.0022366	0.00070629	0.000706108
-17.8	0.00337149	0.000553279	0.000547735	0.00232089	0.000720122	0.000719802
-17.775	0.0034935	0.00056474	0.000560619	0.00240822	0.000734241	0.000733817
-17.75	0.00358277	0.000573449	0.000570384	0.00249779	0.000748577	0.000748077
-17.725	0.00355522	0.000573428	0.00057114	0.00258667	0.000762912	0.000762355
-17.7	0.00341885	0.00056531	0.000563599	0.00267215	0.000777045	0.000776445
-17.675	0.00325459	0.00055495	0.000553677	0.00275351	0.000790919	0.000790287
-17.65	0.00313014	0.000547216	0.000546283	0.00283176	0.000804599	0.000803944
-17.625	0.00307116	0.000543931	0.000543272	0.00290854	0.000818198	0.000817526
-17.6	0.00307905	0.000545151	0.000544719	0.00298552	0.000831826	0.000831144
-17.575	0.00314863	0.000550434	0.0005502	0.00306423	0.000845587	0.000844899
-17.55	0.00327613	0.000559409	0.000559353	0.00314614	0.000859572	0.000858883
-17.525	0.00346159	0.000571935	0.000572048	0.00323268	0.000873871	0.000873184
-17.5	0.00370958	0.000588137	0.000588419	0.00332542	0.000888574	0.000887895
-17.475	0.00402983	0.000608423	0.000608881	0.00342616	0.000903785	0.000903117
-17.45	0.00443826	0.000633518	0.000634169	0.00353712	0.000919623	0.000918971
-17.425	0.00495865	0.000664535	0.000665404	0.00366109	0.000936236	0.000935606
-17.4	0.00562465	0.000703061	0.000704186	0.0038017	0.000953813	0.000953211
-17.375	0.00648065	0.000751221	0.000752651	0.00396372	0.000972593	0.000972027
-17.35	0.00757639	0.000811502	0.00081331	0.00415313	0.000992881	0.00099236
-17.325	0.00894227	0.000885879	0.000888162	0.00437668	0.00101503	0.00101456
-17.3	0.0105267	0.00097354	0.000976427	0.00463985	0.00103937	0.00103897
-17.275	0.0121208	0.00106828	0.00107195	0.00494287	0.00106607	0.00106577
-17.25	0.0134367	0.00116196	0.00116664	0.00527879	0.00109512	0.00109494
-17.225	0.0144423	0.0012573	0.00126334	0.00563985	0.00112655	0.00112652
-17.2	0.0155115	0.00137305	0.00138095	0.00602763	0.00116088	0.00116105
-17.175	0.0171153	0.00153161	0.00154212	0.00645552	0.00119917	0.0011996
-17.15	0.019526	0.0017459	0.00176005	0.00694367	0.00124282	0.0012436
-17.125	0.0227007	0.00200922	0.00202842	0.00751118	0.00129305	0.00129431
-17.1	0.0262226	0.00228713	0.00231305	0.00816675	0.00135023	0.00135214
-17.075	0.029539	0.00253558	0.00256929	0.00890523	0.00141362	0.00141637
-17.05	0.0325098	0.00274617	0.00278558	0.00971797	0.00148227	0.00148601
-17.025	0.0352198	0.00293325	0.00296863	0.0105985	0.0015556	0.00156023
-17	0.0369655	0.00305433	0.00306753	0.0115226	0.00163196	0.00163691
-16.975	0.0363281	0.00300907	0.00298711	0.0124308	0.00170719	0.00171159
-16.95	0.0328874	0.00276297	0.00271405	0.013253	0.00177626	0.00177944
-16.925	0.0279392	0.002406	0.00235007	0.0139515	0.00183641	0.00183819
-16.9	0.0230815	0.00205345	0.00200403	0.0145285	0.00188775	0.00188829
-16.875	0.0191193	0.00176432	0.0017254	0.0150065	0.00193186	0.00193143
-16.85	0.0161825	0.00154831	0.00151904	0.0154111	0.00197056	0.00196941
-16.825	0.0141347	0.00139532	0.00137362	0.0157644	0.00200545	0.00200375
-16.8	0.0128035	0.00129229	0.00127621	0.0160845	0.00203775	0.00203565
-16.775	0.0120578	0.00122888	0.00121693	0.016386	0.00206848	0.00206607
-16.75	0.0118231	0.00119849	0.0011896	0.0166815	0.00209844	0.00209581
-16.725	0.0120789	0.00119796	0.00119139	0.0169835	0.00212839	0.0021256
-16.7	0.0128528	0.00122707	0.00122232	0.0173048	0.00215906	0.00215616
-16.675	0.014204	0.00128761	0.00128432	0.0176599	0.00219125	0.00218827
-16.65	0.0161722	0.00138094	0.0013789	0.0180642	0.00222578	0.00222274
-16.625	0.0186428	0.00150207	0.00150112	0.0185303	0.00226333	0.00226027
-16.6	0.0211375	0.00163102	0.00163105	0.0190587	0.0023041	0.00230104
-16.575	0.022829	0.00173529	0.00173621	0.0196295	0.00234749	0.00234445
-16.55	0.0232071	0.00179981	0.00180154	0.0202096	0.00239248	0.00238949
-16.525	0.0227207	0.00185	0.00185254	0.0207777	0.00243873	0.0024358
-16.5	0.0222639	0.00192348	0.00192688	0.0213342	0.00248682	0.00248397
-16.475	0.0222542	0.00202621	0.00203063	0.0218906	0.00253747	0.00253474
-16.45	0.0223289	0.00211488	0.00212057	0.0224488	0.00259035	0.00258775
-16.425	0.0217311	0.00212287	0.00213021	0.0229921	0.00264342	0.00264101
-16.4	0.0201728	0.00202964	0.00203912	0.0234964	0.00269416	0.00269198
-16.375	0.018163	0.00188524	0.00189751	0.0239505	0.00274129	0.00273942
-16.35	0.0163786	0.0017527	0.00176867	0.02436	0.00278511	0.00278364
-16.325	0.015179	0.00166551	0.00168642	0.0247394	0.00282675	0.0028258
-16.3	0.0146566	0.00163284	0.00166048	0.0251059	0.00286757	0.00286731
-16.275	0.0148173	0.00165568	0.00169262	0.0254763	0.00290896	0.00290963
-16.25	0.0156849	0.0017362	0.00178604	0.0258684	0.00295236	0.00295428
-16.225	0.0173407	0.00188126	0.00194875	0.0263019	0.00299939	0.003003
-16.2	0.0199235	0.00210282	0.00219324	0.0268	0.00305197	0.00305783
-16.175	0.0235736	0.00241415	0.00253014	0.0273894	0.00311232	0.00312108
-16.15	0.0282454	0.0028159	0.00294863	0.0280955	0.00318272	0.0031948
-16.125	0.0333084	0.00326398	0.00337907	0.0289282	0.00326432	0.00327927
-16.1	0.037211	0.00363478	0.00367353	0.0298585	0.00335519	0.00337111
-16.075	0.038159	0.00376623	0.00369267	0.0308124	0.00344934	0.00346343
-16.05	0.0358592	0.00360909	0.00345432	0.0317089	0.00353957	0.00354979
-16.025	0.0319038	0.00328951	0.00311598	0.0325065	0.00362181	0.00362769
-16	0.0281449	0.00297512	0.00282303	0.0332101	0.00369618	0.00369826
-15.975	0.0255624	0.00276079	0.00264129	0.0338492	0.0037652	0.00376429
-15.95	0.0243534	0.00266815	0.00257821	0.034458	0.00383191	0.00382875
-15.925	0.0242345	0.00267138	0.00260445	0.0350639	0.00389869	0.00389386
-15.9	0.0245086	0.00270293	0.00265308	0.0356766	0.00396627	0.00396019
-15.875	0.0242546	0.00267294	0.00263577	0.036283	0.00403309	0.00402608
-15.85	0.0230303	0.00253885	0.00251133	0.0368587	0.00409656	0.00408887
-15.825	0.0212964	0.0023455	0.00232555	0.0373912	0.0041552	0.004147
-15.8	0.019834	0.00216658	0.00215273	0.037887	0.00420936	0.00420082
-15.775	0.0191433	0.00204635	0.0020376	0.0383656	0.00426052	0.00425176
-15.75	0.0194212	0.00199847	0.00199421	0.0388511	0.00431048	0.00430162
-15.725	0.0207037	0.00202158	0.00202151	0.0393687	0.00436102	0.00435216
-15.7	0.0228511	0.0021032	0.00210726	0.03994	0.0044136	0.00440484
-15.675	0.0253321	0.00221002	0.00221832	0.0405733	0.00446885	0.0044603
-15.65	0.0270761	0.00228288	0.00229561	0.0412502	0.00452592	0.00451769
-15.625	0.0270241	0.0022703	0.00228774	0.0419258	0.00458268	0.00457488
-15.6	0.025174	0.00218061	0.00220341	0.0425551	0.0046372	0.00462996
-15.575	0.0225712	0.00207108	0.00210057	0.0431194	0.00468898	0.00468248
-15.55	0.0202654	0.00199305	0.00203144	0.0436261	0.0047388	0.00473326
-15.525	0.0187736	0.0019712	0.0020218	0.0440954	0.00478808	0.00478381
-15.5	0.0182401	0.00201484	0.00208232	0.0445514	0.00483845	0.00483587
-15.475	0.0186985	0.00213102	0.00222172	0.0450189	0.00489173	0.00489141
-15.45	0.0202045	0.00233059	0.00245223	0.045524	0.00494999	0.00495272
-15.425	0.0228462	0.00262775	0.00278697	0.0460951	0.00501569	0.00502239
-15.4	0.026625	0.00302995	0.00322392	0.0467608	0.00509144	0.00510299
-15.375	0.031134	0.00350937	0.0037087	0.0475391	0.00517917	0.00519571
-15.35	0.0351357	0.00395864	0.00409618	0.0484175	0.00527814	0.00529811
-15.325	0.0367713	0.00419365	0.00420202	0.0493368	0.00538298	0.00540316
-15.3	0.0350564	0.00409101	0.00397428	0.0502132	0.00548525	0.00550252
-15.275	0.0309818	0.00372769	0.00355462	0.0509877	0.00557844	0.00559138
-15.25	0.0264147	0.0032939	0.00312621	0.0516481	0.00566079	0.00566954
-15.225	0.0226062	0.0029283	0.00279134	0.0522133	0.005734	0.00573932
-15.2	0.0199757	0.00268191	0.0025776	0.0527127	0.00580105	0.00580376
-15.175	0.0185137	0.00255759	0.00247989	0.0531755	0.00586499	0.00586576
-15.15	0.0180481	0.00253868	0.00248079	0.0536267	0.00592845	0.00592778
-15.125	0.0182464	0.00258912	0.00254554	0.0540829	0.00599318	0.00599142
-15.1	0.0184937	0.00263979	0.00260653	0.0545452	0.00605918	0.00605658
-15.075	0.0180224	0.00260429	0.0025786	0.0549958	0.00612428	0.00612105
-15.05	0.0165201	0.00244898	0.00242899	0.0554088	0.00618551	0.00618177
-15.025	0.014417	0.00222441	0.0022088	0.0557692	0.00624112	0.00623699
-15	0.0123302	0.00200115	0.00198893	0.0560774	0.00629115	0.00628671
-14.975	0.0105865	0.00181616	0.00180661	0.0563421	0.00633655	0.00633188
-14.95	0.00924304	0.00167584	0.00166843	0.0565732	0.00637845	0.00637359
-14.925	0.00824538	0.00157403	0.00156838	0.0567793	0.0064178	0.0064128
-14.9	0.00751987	0.00150246	0.00149829	0.0569673	0.00645536	0.00645026
-14.875	0.00700478	0.00145419	0.00145129	0.0571424	0.00649171	0.00648654
-14.85	0.00665576	0.00142421	0.00142246	0.0573088	0.00652732	0.0065221
-14.825	0.00644371	0.00140924	0.00140857	0.0574699	0.00656255	0.00655731
-14.8	0.00635182	0.00140735	0.00140773	0.0576287	0.00659773	0.00659251
-14.775	0.00637343	0.00141773	0.00141917	0.057788	0.00663318	0.00662799
-14.75	0.00651119	0.00144056	0.00144314	0.0579508	0.00666919	0.00666407
-14.725	0.00677736	0.00147708	0.00148091	0.0581203	0.00670612	0.00670109
-14.7	0.00719555	0.0015297	0.00153496	0.0583002	0.00674436	0.00673946
-14.675	0.00780366	0.00160233	0.00160929	0.0584952	0.00678442	0.00677969
-14.65	0.00865779	0.00170076	0.00170978	0.0587117	0.00682694	0.00682244
-14.625	0.0098346	0.00183277	0.00184437	0.0589576	0.00687276	0.00686855
-14.6	0.011424	0.00200706	0.00202197	0.0592432	0.00692293	0.0069191
-14.575	0.01349	0.00222848	0.00224772	0.0595804	0.00697865	0.00697529
-14.55	0.0159661	0.0024859	0.00251093	0.0599796	0.00704079	0.00703806
-14.525	0.0185024	0.00273705	0.00276992	0.0604421	0.00710922	0.00710731
-14.5	0.02047	0.00291714	0.00296067	0.0609539	0.00718215	0.00718133
-14.475	0.0213317	0.00298864	0.0030466	0.0614872	0.00725686	0.00725749
-14.45	0.02111	0.00297906	0.00305628	0.0620149	0.00733134	0.0073339
-14.425	0.0204567	0.00296203	0.00306393	0.0625263	0.00740539	0.0074105
-14.4	0.0201602	0.00300733	0.00313673	0.0630303	0.00748057	0.00748892
-14.375	0.0205974	0.00314406	0.00329193	0.0635453	0.00755918	0.00757122
-14.35	0.0215194	0.00334334	0.0034745	0.0640832	0.00764276	0.00765808
-14.325	0.0220825	0.00350769	0.00356362	0.0646353	0.00773045	0.00774717
-14.3	0.0213656	0.00351057	0.00345839	0.0651695	0.00781822	0.00783363
-14.275	0.019251	0.00331111	0.00318346	0.0656507	0.00790099	0.00791321
-14.25	0.0164837	0.00299626	0.00285161	0.0660628	0.0079759	0.00798451
-14.225	0.013846	0.00267844	0.00255211	0.066409	0.00804286	0.00804831
-14.2	0.0116904	0.00241556	0.00231673	0.0667012	0.00810325	0.00810623
-14.175	0.010048	0.00221769	0.00214354	0.0669524	0.00815869	0.00815981
-14.15	0.00883114	0.00207542	0.00202032	0.0671732	0.00821058	0.00821032
-14.125	0.00793797	0.00197593	0.00193478	0.0673717	0.00825998	0.00825869
-14.1	0.00728527	0.00190838	0.00187731	0.0675538	0.00830769	0.00830562
-14.075	0.00681192	0.00186472	0.00184097	0.0677241	0.0083543	0.00835165
-14.05	0.00647487	0.0018393	0.00182093	0.067886	0.00840029	0.00839717
-14.025	0.00624435	0.00182827	0.00181391	0.0680421	0.00844599	0.00844252
-14	0.00610005	0.00182902	0.0018177	0.0681946	0.00849172	0.00848796
-13.975	0.00602845	0.00183988	0.00183091	0.0683453	0.00853772	0.00853374
-13.95	0.00602113	0.00185986	0.00185274	0.0684958	0.00858421	0.00858005
-13.925	0.00607367	0.00188853	0.0018829	0.0686476	0.00863143	0.00862713
-13.9	0.00618508	0.00192596	0.00192155	0.0688023	0.00867957	0.00867516
-13.875	0.00635773	0.0019727	0.0019693	0.0689612	0.00872889	0.0087244
-13.85	0.00659757	0.00202982	0.00202731	0.0691262	0.00877964	0.00877508
-13.825	0.00691485	0.00209909	0.00209735	0.069299	0.00883211	0.00882751
-13.8	0.00732541	0.00218313	0.00218209	0.0694822	0.00888669	0.00888207
-13.775	0.0078527	0.00228576	0.00228537	0.0696785	0.00894384	0.0089392
-13.75	0.00853073	0.00241248	0.00241273	0.0698918	0.00900415	0.00899952
-13.725	0.00940795	0.00257112	0.002572	0.070127	0.00906843	0.00906382
-13.7	0.0105511	0.00277239	0.00277391	0.0703907	0.00913774	0.00913317
-13.675	0.012044	0.00302971	0.00303191	0.0706918	0.00921348	0.00920896
-13.65	0.0139667	0.00335579	0.00335873	0.071041	0.00929737	0.00929293
-13.625	0.0163199	0.00375026	0.00375403	0.071449	0.00939113	0.00938678
-13.6	0.0188543	0.00417222	0.00417694	0.0719203	0.00949544	0.00949121
-13.575	0.0209142	0.00451521	0.00452108	0.0724432	0.00960832	0.00960423
-13.55	0.0217257	0.00465504	0.00466235	0.0729863	0.00972469	0.00972079
-13.525	0.0211889	0.00457731	0.00458641	0.0735161	0.00983913	0.00983545
-13.5	0.0200307	0.00439904	0.00441039	0.0740168	0.0099491	0.00994571
-13.475	0.0190526	0.00424681	0.00426095	0.0744932	0.0100553	0.0100522
-13.45	0.0186753	0.00418503	0.00420271	0.07496	0.0101599	0.0101573
-13.425	0.019039	0.00423265	0.00425488	0.075436	0.0102657	0.0102637
-13.4	0.0201989	0.00439428	0.00442246	0.075941	0.0103756	0.0103742
-13.375	0.022225	0.00467594	0.00471201	0.0764966	0.0104925	0.010492
-13.35	0.0252069	0.005087	0.00513365	0.0771268	0.0106196	0.0106204
-13.325	0.0291539	0.00562913	0.00569006	0.0778556	0.0107604	0.0107626
-13.3	0.0337555	0.00626961	0.00634968	0.0786995	0.0109171	0.0109214
-13.275	0.0381496	0.00691753	0.00702297	0.0796533	0.0110901	0.0110969
-13.25	0.0412785	0.00746997	0.00760875	0.0806852	0.0112768	0.0112872
-13.225	0.0429853	0.00793691	0.00811983	0.0817598	0.0114752	0.0114902
-13.2	0.0444208	0.00847618	0.00871673	0.0828704	0.0116871	0.0117081
-13.175	0.0470719	0.00927628	0.00958412	0.0840472	0.011919	0.0119477
-13.15	0.0517707	0.0104431	0.0108022	0.0853414	0.0121801	0.0122177
-13.125	0.0582354	0.0119224	0.0122494	0.0867973	0.0124782	0.012524
-13.1	0.0647154	0.0133983	0.0135214	0.0884152	0.0128131	0.012862
-13.075	0.0683184	0.0143077	0.0140664	0.0901232	0.0131708	0.0132137
-13.05	0.0669757	0.0142172	0.0136329	0.0917976	0.0135263	0.0135545
-13.025	0.0613375	0.0132452	0.0125102	0.093331	0.0138574	0.0138672
-13	0.0540202	0.0119199	0.0112241	0.0946815	0.0141554	0.0141478
-12.975	0.047394	0.0107186	0.0101524	0.0958664	0.0144233	0.0144017
-12.95	0.0425645	0.00986385	0.00943849	0.0969305	0.0146699	0.0146376
-12.925	0.0397272	0.00939802	0.00909262	0.0979236	0.0149049	0.0148649
-12.9	0.0387505	0.00929868	0.00908783	0.0988924	0.0151374	0.0150921
-12.875	0.03947	0.00953683	0.00940014	0.0998792	0.0153758	0.0153271
-12.85	0.0417109	0.010081	0.0100048	0.100922	0.0156278	0.0155773
-12.825	0.0451071	0.0108615	0.010838	0.10205	0.0158993	0.0158482
-12.8	0.0488673	0.0117238	0.0117512	0.103271	0.0161924	0.016142
-12.775	0.0520059	0.0124775	0.0125596	0.104571	0.0165044	0.016456
-12.75	0.0543138	0.0130918	0.0132379	0.105929	0.0168317	0.0167869
-12.725	0.056808	0.0137832	0.0140085	0.107349	0.0171762	0.0171371
-12.7	0.0609121	0.0148501	0.0151772	0.108872	0.0175475	0.0175166
-12.675	0.0677549	0.0165366	0.016996	0.110566	0.0179609	0.0179415
-12.65	0.0781888	0.0190385	0.0196652	0.112521	0.0184369	0.0184331
-12.625	0.0928799	0.0225155	0.0233296	0.114843	0.0189998	0.0190163
-12.6	0.111905	0.0269862	0.0279433	0.11764	0.0196744	0.0197149
-12.575	0.133703	0.0320571	0.0329795	0.120983	0.0204758	0.0205394
-12.55	0.154348	0.0367025	0.0373035	0.124842	0.0213934	0.021472
-12.525	0.169306	0.0396879	0.0397818	0.129074	0.0223856	0.0224665
-12.5	0.176843	0.040535	0.0401867	0.133495	0.023399	0.0234712
-12.475	0.178523	0.0397374	0.0391507	0.137959	0.0243924	0.02445
-12.45	0.176873	0.0381023	0.0374642	0.14238	0.025345	0.0253866
-12.425	0.173878	0.0362772	0.0357055	0.146727	0.0262519	0.0262792
-12.4	0.170845	0.0346845	0.0342309	0.150998	0.027119	0.027135
-12.375	0.16827	0.0335047	0.0331698	0.155205	0.0279566	0.0279642
-12.35	0.16552	0.0326043	0.0323597	0.159343	0.0287717	0.0287732
-12.325	0.160942	0.0315532	0.0313647	0.163367	0.0295606	0.0295573
-12.3	0.152857	0.0299031	0.0297472	0.167188	0.0303081	0.030301
-12.275	0.140674	0.027542	0.0274092	0.170705	0.0309967	0.0309862
-12.25	0.125037	0.024706	0.0245952	0.173831	0.0316143	0.0316011
-12.225	0.107705	0.0217792	0.0216902	0.176524	0.0321588	0.0321434
-12.2	0.0910534	0.019128	0.019059	0.1788	0.032637	0.0326199
-12.175	0.0769217	0.0169819	0.01693	0.180723	0.0330616	0.0330431
-12.15	0.0659747	0.0154009	0.015363	0.182372	0.0334466	0.0334272
-12.125	0.0580254	0.0143381	0.0143118	0.183823	0.0338051	0.033785
-12.1	0.0525974	0.0137174	0.0137011	0.185138	0.034148	0.0341275
-12.075	0.0492519	0.0134767	0.0134692	0.186369	0.0344849	0.0344642
-12.05	0.0476969	0.0135816	0.0135827	0.187562	0.0348244	0.0348038
-12.025	0.0478055	0.0140291	0.0140388	0.188757	0.0351752	0.0351548
-12	0.0496124	0.0148477	0.0148668	0.189997	0.0355464	0.0355264
-11.975	0.0533112	0.0160999	0.0161299	0.19133	0.0359489	0.0359297
-11.95	0.0592382	0.0178822	0.0179252	0.192811	0.0363959	0.0363778
-11.925	0.067788	0.0203111	0.0203703	0.194505	0.0369037	0.0368871
-11.9	0.0791546	0.0234747	0.023554	0.196484	0.0374906	0.0374759
-11.875	0.0928612	0.0273322	0.0274357	0.198806	0.0381739	0.0381618
-11.85	0.107409	0.0316092	0.0317407	0.201491	0.0389641	0.0389553
-11.825	0.120541	0.0357788	0.0359432	0.204505	0.0398586	0.0398539
-11.8	0.13005	0.0391992	0.039405	0.207756	0.0408385	0.040839
-11.775	0.135044	0.0415226	0.0417816	0.211132	0.0418766	0.0418836
-11.75	0.13685	0.0430535	0.0433715	0.214553	0.042953	0.0429679
-11.725	0.137783	0.0443951	0.0447493	0.217998	0.0440628	0.0440866
-11.7	0.138951	0.0457297	0.0460499	0.221472	0.0452061	0.0452378
-11.675	0.13958	0.0466022	0.0468003	0.224961	0.0463711	0.0464079
-11.65	0.138476	0.0465035	0.0465456	0.228423	0.0475337	0.0475715
-11.625	0.135429	0.045478	0.0453956	0.231809	0.0486707	0.0487064
-11.6	0.130636	0.0439207	0.0437569	0.235075	0.0497687	0.0498003
-11.575	0.123633	0.0420956	0.0418735	0.238165	0.0508211	0.0508471
-11.55	0.113615	0.0400796	0.0398099	0.241006	0.0518231	0.0518424
-11.525	0.100851	0.0380581	0.0377612	0.243527	0.0527745	0.0527864
-11.5	0.0872961	0.0365082	0.0362198	0.245709	0.0536872	0.0536919
-11.475	0.0753508	0.0360103	0.0357611	0.247593	0.0545875	0.0545859
-11.45	0.0663734	0.0369524	0.0367714	0.249253	0.0555113	0.0555052
-11.425	0.0603347	0.0394136	0.0392597	0.250761	0.0564966	0.0564867
-11.4	0.0561287	0.0430291	0.0429096	0.252164	0.0575724	0.0575595
-11.375	0.0521308	0.0471329	0.0470414	0.253467	0.0587507	0.0587355
-11.35	0.0472189	0.0509074	0.0508386	0.254648	0.0600234	0.0600065
-11.325	0.0414935	0.0539081	0.0538584	0.255685	0.0613711	0.0613529
-11.3	0.0358109	0.0561436	0.0561102	0.256581	0.0627747	0.0627557
-11.275	0.0308899	0.0578266	0.0578073	0.257353	0.0642203	0.0642009
-11.25	0.0269825	0.0591572	0.0591508	0.258027	0.0656993	0.0656796
-11.225	0.0240363	0.0602692	0.0602753	0.258628	0.067206	0.0671865
-11.2	0.0219082	0.0612489	0.061268	0.259176	0.0687372	0.0687182
-11.175	0.0204716	0.0621572	0.0621912	0.259688	0.0702911	0.070273
-11.15	0.0196503	0.0630445	0.0630964	0.260179	0.0718672	0.0718504
-11.125	0.0194244	0.0639585	0.064033	0.260665	0.0734662	0.0734512
-11.1	0.0198284	0.0649497	0.0650539	0.26116	0.07509	0.0750776
-11.075	0.0209406	0.0660736	0.0662165	0.261684	0.0767418	0.076733
-11.05	0.0228415	0.0673814	0.0675731	0.262255	0.0784263	0.0784223
-11.025	0.0255003	0.0688909	0.0691356	0.262892	0.0801486	0.0801507
-11	0.0285792	0.0705243	0.0708061	0.263607	0.0819117	0.0819209
-10.975	0.0313146	0.072048	0.0723106	0.26439	0.0837129	0.0837286
-10.95	0.0326937	0.0730863	0.0732419	0.265207	0.0855401	0.0855597
-10.925	0.0319013	0.0732959	0.0732925	0.266005	0.0873725	0.087392
-10.9	0.0289527	0.0726749	0.0725498	0.266728	0.0891893	0.0892057
-10.875	0.0248533	0.0716172	0.0714507	0.26735	0.0909798	0.090992
-10.85	0.0207698	0.0705607	0.0704081	0.267869	0.0927438	0.0927522
-10.825	0.0173181	0.0697278	0.0696075	0.268302	0.094487	0.0944924
-10.8	0.0146082	0.0691554	0.0690661	0.268667	0.0962159	0.096219
-10.775	0.0125325	0.0688033	0.0687384	0.26898	0.0979359	0.0979375
-10.75	0.0109431	0.0686177	0.0685703	0.269254	0.0996514	0.0996517
-10.725	0.00971362	0.0685562	0.0685216	0.269497	0.101365	0.101365
-10.7	0.0087495	0.0685843	0.0685587	0.269716	0.10308	0.103079
-10.675	0.00798363	0.0686783	0.0686592	0.269915	0.104797	0.104795
-10.65	0.00736925	0.068825	0.0688105	0.270099	0.106517	0.106515
-10.625	0.00687426	0.0690105	0.0689995	0.270271	0.108243	0.10824
-10.6	0.00647729	0.0692321	0.0692236	0.270433	0.109974	0.109971
-10.575	0.00616521	0.0694833	0.0694767	0.270587	0.111711	0.111708
-10.55	0.00593174	0.0697628	0.0697577	0.270736	0.113455	0.113452
-10.525	0.00577688	0.0700696	0.0700657	0.27088	0.115206	0.115204
-10.5	0.00570614	0.0704038	0.0704008	0.271023	0.116967	0.116964
-10.475	0.00572786	0.0707626	0.0707604	0.271166	0.118736	0.118733
-10.45	0.00584324	0.0711365	0.0711349	0.271312	0.120514	0.120511
-10.425	0.00602148	0.0714993	0.0714983	0.271463	0.122301	0.122298
-10.4	0.00616634	0.0718069	0.0718064	0.271617	0.124097	0.124094
-10.375	0.00613518	0.0720232	0.0720231	0.27177	0.125897	0.125894
-10.35	0.00586229	0.0721652	0.0721654	0.271917	0.127701	0.127698
-10.325	0.0054328	0.0722947	0.0722952	0.272052	0.129509	0.129506
-10.3	0.00497898	0.0724606	0.0724614	0.272177	0.13132	0.131317
-10.275	0.00457725	0.072677	0.0726782	0.272291	0.133137	0.133134
-10.25	0.00424661	0.0729387	0.0729401	0.272398	0.134961	0.134958
-10.225	0.0039802	0.0732329	0.0732347	0.272497	0.136791	0.136789
-10.2	0.00376509	0.0735516	0.0735537	0.272591	0.13863	0.138627
-10.175	0.00358956	0.0738913	0.0738938	0.272681	0.140478	0.140475
-10.15	0.00344466	0.0742465	0.0742493	0.272767	0.142334	0.142331
-10.125	0.00332399	0.0746148	0.0746181	0.27285	0.144199	0.144196
-10.1	0.00322321	0.0749947	0.0749984	0.272931	0.146074	0.146071
-10.075	0.00313948	0.075384	0.0753883	0.273009	0.147959	0.147956
-10.05	0.00307117	0.075782	0.075787	0.273086	0.149853	0.149851
-10.025	0.0030177	0.0761774	0.076183	0.273161	0.151758	0.151755
-10	0.0029795	0.0765683	0.0765748	0.273236	0.153672	0.15367
-9.975	0.00295812	0.0769493	0.0769569	0.27331	0.155595	0.155594
-9.95	0.00295637	0.0773293	0.0773382	0.273384	0.157529	0.157527
-9.925	0.00297853	0.0777444	0.0777548	0.273458	0.159472	0.159471
-9.9	0.0030303	0.0782238	0.0782362	0.273534	0.161428	0.161427
-9.875	0.00311856	0.0787562	0.0787713	0.273612	0.163397	0.163396
-9.85	0.00324909	0.0793239	0.0793426	0.273693	0.16538	0.16538
-9.825	0.0034197	0.0799111	0.0799345	0.273779	0.167378	0.167378
-9.8	0.00361072	0.0805118	0.0805413	0.273869	0.16939	0.169392
-9.775	0.00379226	0.0811383	0.0811753	0.273964	0.171419	0.171421
-9.75	0.00396095	0.0818041	0.0818492	0.274063	0.173464	0.173467
-9.725	0.00415357	0.0825208	0.0825712	0.274167	0.175527	0.175531
-9.7	0.00439612	0.0832506	0.0832953	0.274277	0.177608	0.177614
-9.675	0.00464285	0.0839027	0.0839199	0.274393	0.179706	0.179712
-9.65	0.00477366	0.0843637	0.0843344	0.274512	0.181815	0.18182
-9.625	0.00469894	0.0846071	0.0845392	0.274629	0.18393	0.183934
-9.6	0.00447235	0.0847519	0.084675	0.274741	0.186049	0.186051
-9.575	0.00423171	0.0849467	0.0848825	0.274847	0.188173	0.188173
-9.55	0.00407512	0.085261	0.0852148	0.274949	0.190304	0.190303
-9.525	0.00402401	0.0856909	0.0856602	0.275049	0.192446	0.192445
-9.5	0.00403045	0.0861875	0.086168	0.27515	0.194601	0.194599
-9.475	0.00399339	0.0866887	0.0866769	0.27525	0.196768	0.196766
-9.45	0.00382758	0.0871521	0.0871453	0.275346	0.198947	0.198944
-9.425	0.00354841	0.0875909	0.0875875	0.275434	0.201137	0.201134
-9.4	0.0032413	0.0880478	0.0880467	0.275516	0.203338	0.203335
-9.375	0.00297218	0.0885474	0.0885478	0.27559	0.205552	0.205549
-9.35	0.00276301	0.089096	0.0890976	0.275659	0.207779	0.207776
-9.325	0.00261157	0.089689	0.0896915	0.275724	0.210021	0.210019
-9.3	0.00250937	0.0903206	0.0903238	0.275787	0.212279	0.212277
-9.275	0.00244908	0.0909854	0.0909891	0.275848	0.214554	0.214551
-9.25	0.00242629	0.0916806	0.0916847	0.275909	0.216846	0.216843
-9.225	0.00243852	0.0924038	0.0924082	0.27597	0.219156	0.219154
-9.2	0.0024814	0.0931519	0.0931567	0.276032	0.221485	0.221483
-9.175	0.00254107	0.0939208	0.0939258	0.276095	0.223833	0.223831
-9.15	0.00258745	0.0947062	0.0947115	0.27616	0.226201	0.226199
-9.125	0.00258715	0.095505	0.0955107	0.276225	0.228588	0.228586
-9.1	0.0025361	0.0963258	0.0963319	0.276288	0.230996	0.230995
-9.075	0.00246308	0.0971784	0.0971848	0.27635	0.233426	0.233424
-9.05	0.00239789	0.0980673	0.0980742	0.27641	0.235878	0.235876
-9.025	0.0023542	0.0989958	0.0990031	0.276468	0.238352	0.238351
-9	0.00233406	0.0999644	0.0999722	0.276527	0.240852	0.24085
-8.975	0.00233531	0.100974	0.100982	0.276585	0.243376	0.243375
-8.95	0.00235528	0.102027	0.102036	0.276644	0.245927	0.245926
-8.925	0.00239198	0.103126	0.103136	0.276704	0.248505	0.248504
-8.9	0.00244429	0.104275	0.104285	0.276765	0.251112	0.251111
-8.875	0.00251185	0.105477	0.105489	0.276828	0.253749	0.253749
-8.85	0.00259492	0.106738	0.106751	0.276893	0.256417	0.256417
-8.825	0.00269434	0.108064	0.108078	0.27696	0.259119	0.259119
-8.8	0.00281147	0.109462	0.109478	0.27703	0.261855	0.261856
-8.775	0.00294818	0.110938	0.110956	0.277104	0.264629	0.26463
-8.75	0.00310693	0.112504	0.112523	0.277182	0.267441	0.267443
-8.725	0.00329084	0.114168	0.114191	0.277264	0.270295	0.270298
-8.7	0.00350382	0.115945	0.11597	0.277352	0.273194	0.273197
-8.675	0.00375071	0.117848	0.117877	0.277445	0.27614	0.276144
-8.65	0.00403759	0.119894	0.119927	0.277546	0.279138	0.279142
-8.625	0.00437196	0.122102	0.122141	0.277656	0.28219	0.282196
-8.6	0.00476314	0.124494	0.124539	0.277775	0.285302	0.285309
-8.575	0.0052226	0.127093	0.127146	0.277905	0.28848	0.288488
-8.55	0.00576387	0.129911	0.129972	0.278049	0.291728	0.291737
-8.525	0.0064028	0.13296	0.133027	0.278209	0.295052	0.295063
-8.5	0.00715541	0.136211	0.136281	0.278388	0.298457	0.29847
-8.475	0.00803392	0.139567	0.139631	0.278589	0.301946	0.301961
-8.45	0.00903775	0.142794	0.142829	0.278815	0.305516	0.305532
-8.425	0.0101405	0.145441	0.145409	0.279069	0.309152	0.309167
-8.4	0.0112843	0.146849	0.146704	0.279351	0.312823	0.312834
-8.375	0.0124052	0.146459	0.14617	0.279661	0.316485	0.316489
-8.35	0.0134755	0.144298	0.143882	0.279998	0.320092	0.320086
-8.325	0.0144795	0.141077	0.140589	0.28036	0.323619	0.3236
-8.3	0.0153036	0.137722	0.137237	0.280742	0.327062	0.327031
-8.275	0.0156953	0.13494	0.134556	0.281135	0.330436	0.330395
-8.25	0.0154184	0.13315	0.132966	0.28152	0.333764	0.333719
-8.225	0.0144619	0.132541	0.132611	0.281882	0.337078	0.337035
-8.2	0.0130885	0.133165	0.133466	0.282209	0.340407	0.340371
-8.175	0.0116921	0.134971	0.135442	0.282501	0.343781	0.343757
-8.15	0.0105745	0.137742	0.138317	0.282766	0.347225	0.347215
-8.125	0.00984338	0.141053	0.141662	0.283012	0.350751	0.350757
-8.1	0.00946132	0.14427	0.144835	0.283248	0.354358	0.354378
-8.075	0.00932535	0.146596	0.147032	0.283481	0.358023	0.358054
-8.05	0.00932417	0.14729	0.147539	0.283714	0.361705	0.361742
-8.025	0.00938063	0.146112	0.146181	0.283949	0.365358	0.365397
-8	0.00946821	0.143466	0.14341	0.284186	0.368944	0.368982
-7.975	0.00959323	0.140031	0.139908	0.284425	0.372445	0.37248
-7.95	0.00977162	0.136365	0.136214	0.28467	0.375854	0.375885
-7.925	0.0100198	0.1328	0.132641	0.28492	0.379174	0.379201
-7.9	0.0103554	0.129503	0.129347	0.285179	0.382412	0.382435
-7.875	0.0108005	0.126557	0.126407	0.285449	0.385576	0.385595
-7.85	0.0113852	0.124004	0.12386	0.285734	0.388676	0.388691
-7.825	0.0121509	0.121886	0.121748	0.286038	0.391723	0.391735
-7.8	0.0131506	0.120251	0.120118	0.286366	0.394729	0.394738
-7.775	0.0144399	0.119153	0.119025	0.286727	0.397708	0.397714
-7.75	0.0160408	0.118625	0.118499	0.287128	0.400674	0.400676
-7.725	0.0178635	0.118599	0.118469	0.287575	0.403639	0.403638
-7.7	0.019646	0.118837	0.118693	0.288066	0.40661	0.406605
-7.675	0.0211209	0.119096	0.11892	0.288594	0.409587	0.409578
-7.65	0.0223798	0.11952	0.119297	0.289154	0.412575	0.41256
-7.625	0.0238581	0.120663	0.120384	0.28975	0.415592	0.41557
-7.6	0.0258688	0.122973	0.122651	0.290397	0.418666	0.418636
-7.575	0.0282382	0.126325	0.12601	0.291103	0.421824	0.421787
-7.55	0.0302831	0.129893	0.129673	0.29186	0.425071	0.425028
-7.525	0.031264	0.132699	0.132652	0.292641	0.428389	0.428345
-7.5	0.0309706	0.134349	0.134503	0.293416	0.431748	0.431707
-7.475	0.0296957	0.135095	0.135433	0.294158	0.435125	0.435093
-7.45	0.0278562	0.135393	0.135876	0.294854	0.43851	0.43849
-7.425	0.0258254	0.135658	0.136237	0.2955	0.441901	0.441896
-7.4	0.0239302	0.136171	0.136785	0.296098	0.445306	0.445316
-7.375	0.0224692	0.137019	0.137594	0.29666	0.448731	0.448755
-7.35	0.0217031	0.138129	0.138591	0.297203	0.452184	0.45222
-7.325	0.0218172	0.139466	0.139772	0.297748	0.455671	0.455715
-7.3	0.0228649	0.141174	0.141321	0.29832	0.4592	0.459248
-7.275	0.0246429	0.14335	0.143372	0.298936	0.462784	0.462832
-7.25	0.0264934	0.145517	0.145467	0.299598	0.466422	0.466469
-7.225	0.0273897	0.146459	0.146377	0.300283	0.470083	0.470128
-7.2	0.0267352	0.145286	0.145188	0.300951	0.473716	0.473758
-7.175	0.0250345	0.142686	0.142567	0.301577	0.477283	0.477322
-7.15	0.0233184	0.14028	0.140129	0.30216	0.48079	0.480825
-7.125	0.0223062	0.13934	0.139144	0.302718	0.484273	0.484304
-7.1	0.0222991	0.140539	0.140283	0.303275	0.487787	0.487811
-7.075	0.0234202	0.144303	0.143965	0.303861	0.491394	0.49141
-7.05	0.025784	0.151087	0.150643	0.304505	0.495172	0.495176
-7.025	0.029516	0.161415	0.160841	0.305243	0.499207	0.499197
-7	0.034602	0.17558	0.174874	0.306108	0.503596	0.503569
-6.975	0.0405247	0.192892	0.192111	0.307121	0.508419	0.508372
-6.95	0.0459184	0.210872	0.210143	0.308269	0.51369	0.513625
-6.925	0.0489591	0.22576	0.225226	0.309493	0.519334	0.519256
-6.9	0.0486006	0.234728	0.234476	0.310708	0.525203	0.525118
-6.875	0.0452721	0.23748	0.237542	0.31184	0.53114	0.531056
-6.85	0.0402887	0.235773	0.236145	0.312847	0.537034	0.53696
-6.825	0.034891	0.23192	0.232575	0.31372	0.542832	0.542774
-6.8	0.0298328	0.227754	0.228652	0.314465	0.548526	0.548491
-6.775	0.0254575	0.22436	0.225447	0.315102	0.554135	0.554127
-6.75	0.0218656	0.222204	0.22341	0.315648	0.55969	0.559712
-6.725	0.0190276	0.221463	0.222685	0.316124	0.565227	0.565279
-6.7	0.0168616	0.222478	0.223579	0.316546	0.570789	0.570869
-6.675	0.0152845	0.226164	0.227005	0.316928	0.576443	0.576544
-6.65	0.0142339	0.234133	0.234627	0.317284	0.582296	0.582409
-6.625	0.013671	0.248477	0.2486	0.317625	0.588508	0.588624
-6.6	0.0135786	0.271476	0.271229	0.317965	0.595295	0.595405
-6.575	0.0139673	0.305247	0.304615	0.318314	0.602926	0.60302
-6.55	0.0148833	0.350665	0.349625	0.318686	0.611693	0.611761
-6.525	0.0164089	0.404839	0.40339	0.319096	0.621814	0.621846
-6.5	0.0186462	0.458632	0.456867	0.319563	0.633279	0.633268
-6.475	0.0216735	0.499707	0.497849	0.320104	0.645772	0.645714
-6.45	0.0254554	0.521006	0.519368	0.320741	0.658797	0.658698
-6.425	0.0296811	0.52316	0.522058	0.321483	0.671876	0.671749
-6.4	0.0335925	0.509	0.508688	0.322323	0.684601	0.684467
-6.375	0.036112	0.480301	0.480887	0.323225	0.696609	0.696489
-6.35	0.0364559	0.439611	0.440966	0.324137	0.707599	0.707513
-6.325	0.0347378	0.392468	0.394216	0.325005	0.717411	0.717368
-6.3	0.0318749	0.34597	0.347667	0.325802	0.72606	0.72606
-6.275	0.0288294	0.305155	0.306508	0.326523	0.733689	0.733723
-6.25	0.026085	0.271816	0.272714	0.327175	0.740484	0.740541
-6.225	0.0237602	0.246071	0.246508	0.327769	0.746636	0.746703
-6.2	0.0219213	0.227937	0.227947	0.328317	0.752334	0.752402
-6.175	0.0207164	0.217435	0.217091	0.328835	0.75777	0.757829
-6.15	0.0203056	0.213837	0.213263	0.329343	0.763116	0.763161
-6.125	0.0207821	0.215516	0.214871	0.329862	0.768504	0.768533
-6.1	0.0221568	0.220536	0.219947	0.330416	0.774017	0.774031
-6.075	0.0243506	0.227036	0.226573	0.331025	0.779693	0.779696
-6.05	0.0271742	0.233321	0.233	0.331704	0.785526	0.785521
-6.025	0.0303033	0.237903	0.237709	0.332462	0.791474	0.791463
-6	0.0332336	0.239307	0.239205	0.333293	0.797457	0.797443
-5.975	0.0352428	0.235608	0.235567	0.334174	0.803347	0.803333
-5.95	0.0354921	0.224568	0.224574	0.335061	0.808961	0.808947
-5.925	0.0334695	0.205143	0.205196	0.335898	0.81409	0.814077
-5.9	0.0296052	0.179716	0.179807	0.336638	0.818583	0.818572
-5.875	0.0250887	0.153401	0.153504	0.337265	0.822418	0.82241
-5.85	0.0209634	0.130452	0.130546	0.337789	0.825679	0.825673
-5.825	0.0176594	0.112326	0.112402	0.338231	0.828487	0.828483
-5.8	0.015166	0.098457	0.0985159	0.33861	0.830948	0.830946
-5.775	0.0133473	0.0878743	0.0879184	0.338943	0.833145	0.833144
-5.75	0.0121074	0.0801511	0.0801837	0.339246	0.835149	0.835149
-5.725	0.0113993	0.0752903	0.075314	0.339531	0.837031	0.837032
-5.7	0.0111796	0.0732097	0.0732268	0.339811	0.838862	0.838862
-5.675	0.011352	0.0733193	0.0733312	0.340094	0.840695	0.840696
-5.65	0.0116874	0.0741248	0.0741329	0.340387	0.842548	0.842549
-5.625	0.0118003	0.0733496	0.073355	0.340682	0.844381	0.844383
-5.6	0.0113419	0.0693242	0.0693279	0.340965	0.846114	0.846116
-5.575	0.0102983	0.0624372	0.0624398	0.341223	0.847675	0.847677
-5.55	0.00898065	0.0545588	0.0545607	0.341447	0.849039	0.849041
-5.525	0.00771853	0.0473386	0.0473399	0.34164	0.850223	0.850225
-5.5	0.0066728	0.0414779	0.0414787	0.341807	0.85126	0.851261
-5.475	0.00586685	0.0370229	0.0370231	0.341954	0.852185	0.852187
-5.45	0.00526963	0.0337943	0.033794	0.342085	0.85303	0.853032
-5.425	0.00484326	0.0316104	0.0316094	0.342206	0.85382	0.853822
-5.4	0.00455915	0.0303578	0.0303559	0.34232	0.854579	0.854581
-5.375	0.0043995	0.0299922	0.029989	0.34243	0.855329	0.855331
-5.35	0.00435152	0.0304886	0.030483	0.342539	0.856091	0.856093
-5.325	0.00439268	0.0317061	0.0316963	0.342649	0.856884	0.856885
-5.3	0.00446772	0.0331451	0.0331299	0.342761	0.857713	0.857713
-5.275	0.00448189	0.0338276	0.0338101	0.342873	0.858558	0.858559
-5.25	0.0043537	0.0328357	0.0328226	0.342982	0.859379	0.859379
-5.225	0.00408927	0.0302254	0.0302199	0.343084	0.860135	0.860135
-5.2	0.00376407	0.0269126	0.0269121	0.343178	0.860808	0.860808
-5.175	0.00344225	0.0237205	0.0237217	0.343264	0.861401	0.861401
-5.15	0.00315286	0.0209958	0.0209973	0.343343	0.861926	0.861926
-5.125	0.0029081	0.0187946	0.0187958	0.343415	0.862396	0.862395
-5.1	0.00271088	0.0170646	0.0170655	0.343483	0.862822	0.862822
-5.075	0.00255678	0.015723	0.0157236	0.343547	0.863215	0.863215
-5.05	0.00243863	0.0146913	0.0146918	0.343608	0.863583	0.863583
-5.025	0.00234981	0.0139103	0.0139108	0.343667	0.86393	0.86393
-5	0.00228552	0.0133414	0.0133418	0.343724	0.864264	0.864264
-4.975	0.00224285	0.0129648	0.0129653	0.34378	0.864588	0.864588
-4.95	0.00222051	0.0127757	0.0127763	0.343836	0.864907	0.864907
-4.925	0.00221832	0.0127759	0.0127767	0.343891	0.865227	0.865227
-4.9	0.00223597	0.0129539	0.0129548	0.343947	0.865551	0.865551
-4.875	0.00227074	0.013243	0.0132442	0.344004	0.865882	0.865882
-4.85	0.00231538	0.0134865	0.0134881	0.344062	0.866219	0.866219
-4.825	0.00236239	0.0135143	0.0135164	0.344121	0.866557	0.866557
-4.8	0.00241554	0.0133314	0.0133342	0.344181	0.86689	0.86689
-4.775	0.00249228	0.0131365	0.0131403	0.344243	0.867218	0.867219
-4.75	0.00261379	0.0131416	0.0131467	0.344309	0.867547	0.867547
-4.725	0.00279894	0.0134794	0.0134864	0.344379	0.867884	0.867885
-4.7	0.00306302	0.0142287	0.0142376	0.344455	0.86824	0.86824
-4.675	0.00340946	0.0154308	0.0154409	0.34454	0.868625	0.868627
-4.65	0.0038049	0.0170338	0.0170424	0.344636	0.869051	0.869053
-4.625	0.00415024	0.0187635	0.0187657	0.344739	0.86952	0.869522
-4.6	0.00431233	0.0200756	0.0200686	0.344847	0.870022	0.870023
-4.575	0.00424828	0.0204839	0.0204711	0.344953	0.870534	0.870535
-4.55	0.0040624	0.0200851	0.0200723	0.345055	0.871036	0.871037
-4.525	0.00390193	0.0195244	0.0195141	0.345152	0.871525	0.871525
-4.5	0.0038554	0.0194399	0.0194323	0.345249	0.872011	0.872011
-4.475	0.00393507	0.0201315	0.0201261	0.345347	0.872514	0.872514
-4.45	0.00407992	0.0215084	0.0215047	0.345449	0.873052	0.873051
-4.425	0.00416392	0.0230215	0.0230188	0.345553	0.873627	0.873627
-4.4	0.00406917	0.0237333	0.0237316	0.345655	0.87422	0.87422
-4.375	0.00378955	0.0229061	0.0229051	0.34575	0.874793	0.874793
-4.35	0.00341856	0.0206699	0.0206695	0.345835	0.87531	0.87531
-4.325	0.00305471	0.0178391	0.0178392	0.345912	0.875756	0.875756
-4.3	0.00275118	0.0151674	0.015168	0.34598	0.876135	0.876135
-4.275	0.00252042	0.0129925	0.0129937	0.346043	0.87646	0.87646
-4.25	0.00235538	0.0113498	0.0113516	0.346102	0.876744	0.876743
-4.225	0.0022448	0.0101624	0.010165	0.346158	0.876998	0.876998
-4.2	0.0021795	0.00933975	0.00934355	0.346213	0.877231	0.877231
-4.175	0.00215375	0.00880325	0.00880857	0.346267	0.877451	0.877451
-4.15	0.00216454	0.00847589	0.00848326	0.346321	0.877663	0.877663
-4.125	0.00221071	0.00827163	0.00828167	0.346376	0.87787	0.87787
-4.1	0.00229293	0.00812483	0.00813789	0.346433	0.878073	0.878074
-4.075	0.00241093	0.00803456	0.00804971	0.346494	0.878274	0.878275
-4.05	0.00254811	0.00801749	0.00803046	0.346557	0.878474	0.878476
-4.025	0.00264774	0.00799306	0.00799523	0.346624	0.878674	0.878676
-4	0.00261823	0.00775176	0.00773602	0.346689	0.878868	0.878869
-3.975	0.00240348	0.00710874	0.00707925	0.346749	0.879046	0.879046
-3.95	0.00203691	0.00608637	0.00605558	0.3468	0.879198	0.879198
-3.925	0.0015893	0.00484729	0.00482486	0.34684	0.879319	0.879318
-3.9	0.00111272	0.00354739	0.00353755	0.346868	0.879408	0.879407
-3.875	0.000675358	0.00237639	0.00238089	0.346885	0.879467	0.879466
-3.85	0.000464681	0.00173137	0.00175011	0.346896	0.87951	0.87951
-3.825	0.000772561	0.00210821	0.0021326	0.346915	0.879563	0.879563
-3.8	0.00147207	0.0032016	0.00321566	0.346952	0.879643	0.879644
-3.775	0.00195828	0.00397068	0.00397307	0.347001	0.879742	0.879743
-3.75	0.00208896	0.00414342	0.00414135	0.347053	0.879846	0.879846
-3.725	0.0020559	0.00401978	0.00401712	0.347105	0.879946	0.879947
-3.7	0.00198892	0.00382474	0.00382254	0.347155	0.880042	0.880042
-3.675	0.00193233	0.00364141	0.00363979	0.347203	0.880133	0.880133
-3.65	0.00189443	0.00348795	0.00348681	0.34725	0.88022	0.880221
-3.625	0.00187308	0.00336228	0.00336148	0.347297	0.880304	0.880305
-3.6	0.00186435	0.00325829	0.00325772	0.347344	0.880386	0.880386
-3.575	0.0018649	0.00317043	0.00317002	0.34739	0.880465	0.880465
-3.55	0.00187232	0.00309465	0.00309435	0.347437	0.880542	0.880543
-3.525	0.00188502	0.00302853	0.0030283	0.347484	0.880618	0.880618
-3.5	0.001902	0.0029712	0.00297103	0.347532	0.880692	0.880693
-3.475	0.00192267	0.00292257	0.00292244	0.34758	0.880765	0.880766
-3.45	0.00194636	0.0028807	0.00288059	0.347628	0.880837	0.880838
-3.425	0.00197222	0.00284145	0.00284136	0.347678	0.880909	0.880909
-3.4	0.00199972	0.00280255	0.00280249	0.347728	0.880979	0.880979
-3.375	0.00202876	0.00276474	0.00276468	0.347779	0.881048	0.881048
-3.35	0.00205928	0.00272914	0.0027291	0.34783	0.881116	0.881116
-3.325	0.00209099	0.00269616	0.00269612	0.347882	0.881183	0.881184
-3.3	0.00212345	0.00266566	0.00266562	0.347935	0.88125	0.88125
-3.275	0.002156	0.0026373	0.00263727	0.347989	0.881316	0.881316
-3.25	0.00218786	0.00261071	0.00261068	0.348044	0.881381	0.881381
-3.225	0.00221865	0.00258564	0.00258561	0.348099	0.881446	0.881446
-3.2	0.00225001	0.00256247	0.00256244	0.348156	0.88151	0.88151
-3.175	0.00228999	0.00254343	0.00254341	0.348213	0.881573	0.881574
-3.15	0.00235933	0.0025344	0.00253438	0.348272	0.881637	0.881637
-3.125	0.00248497	0.00254313	0.00254311	0.348334	0.8817	0.881701
-3.1	0.00265689	0.00256735	0.00256733	0.3484	0.881765	0.881765
-3.075	0.00280931	0.00258942	0.00258941	0.348471	0.881829	0.88183
-3.05	0.00290312	0.00259858	0.00259857	0.348543	0.881894	0.881895
-3.025	0.00296073	0.00260106	0.00260105	0.348617	0.881959	0.88196
-3	0.00301445	0.00260643	0.00260643	0.348693	0.882024	0.882025
-2.975	0.00308077	0.00262044	0.00262044	0.34877	0.88209	0.88209
-2.95	0.00316521	0.00264628	0.0026463	0.348849	0.882156	0.882156
-2.925	0.00326973	0.00268689	0.00268692	0.348931	0.882223	0.882224
-2.9	0.00339637	0.00274617	0.00274622	0.349015	0.882292	0.882292
-2.875	0.00354853	0.00282963	0.00282971	0.349104	0.882363	0.882363
-2.85	0.00373124	0.00294429	0.00294441	0.349197	0.882436	0.882437
-2.825	0.00395004	0.00309671	0.00309686	0.349296	0.882514	0.882514
-2.8	0.00420678	0.00328578	0.00328597	0.349401	0.882596	0.882596
-2.775	0.00449022	0.00348737	0.00348752	0.349514	0.882683	0.882683
-2.75	0.00476731	0.00364126	0.00364128	0.349633	0.882774	0.882774
-2.725	0.00499628	0.0036802	0.00368004	0.349758	0.882866	0.882866
-2.7	0.0051588	0.00359821	0.00359792	0.349887	0.882956	0.882956
-2.675	0.00526256	0.0034543	0.00345398	0.350018	0.883042	0.883043
-2.65	0.00532856	0.00330833	0.00330805	0.350151	0.883125	0.883125
-2.625	0.00539249	0.00319121	0.00319098	0.350286	0.883205	0.883205
-2.6	0.0054894	0.00311216	0.00311197	0.350423	0.883283	0.883283
-2.575	0.0056376	0.00306969	0.00306953	0.350564	0.883359	0.88336
-2.55	0.00584197	0.00305893	0.00305879	0.35071	0.883436	0.883436
-2.525	0.00610293	0.00307534	0.00307522	0.350863	0.883513	0.883513
-2.5	0.00642166	0.00311591	0.0031158	0.351024	0.883591	0.883591
-2.475	0.00680203	0.0031792	0.00317909	0.351194	0.88367	0.88367
-2.45	0.00725128	0.00326501	0.00326491	0.351375	0.883752	0.883752
-2.425	0.00778075	0.00337445	0.00337436	0.351569	0.883836	0.883836
-2.4	0.00840714	0.00351048	0.0035104	0.35178	0.883924	0.883924
-2.375	0.00915426	0.00367829	0.00367822	0.352008	0.884016	0.884016
-2.35	0.0100554	0.00388559	0.00388553	0.35226	0.884113	0.884113
-2.325	0.0111571	0.00414393	0.00414392	0.352539	0.884217	0.884217
-2.3	0.0125233	0.00447011	0.00447015	0.352852	0.884328	0.884329
-2.275	0.0142366	0.00488638	0.0048865	0.353208	0.884451	0.884451
-2.25	0.0163881	0.00541912	0.0054193	0.353618	0.884586	0.884586
-2.225	0.0190347	0.00609152	0.00609167	0.354093	0.884738	0.884739
-2.2	0.0220925	0.00690069	0.00690046	0.354646	0.884911	0.884911
-2.175	0.0252149	0.00777665	0.00777537	0.355276	0.885105	0.885105
-2.15	0.0279168	0.00857161	0.00856864	0.355974	0.88532	0.88532
-2.125	0.0300972	0.00917425	0.00916997	0.356726	0.885549	0.885549
-2.1	0.0323394	0.00967279	0.0096687	0.357535	0.885791	0.885791
-2.075	0.0354901	0.010311	0.0103085	0.358422	0.886048	0.886048
-2.05	0.0401175	0.0112995	0.011299	0.359425	0.886331	0.886331
-2.025	0.0462197	0.0127066	0.0127078	0.360581	0.886649	0.886648
-2	0.0529608	0.0144078	0.0144095	0.361905	0.887009	0.887009
-1.975	0.0587152	0.0160705	0.0160713	0.363372	0.887411	0.887411
-1.95	0.0620942	0.0172774	0.0172765	0.364925	0.887843	0.887842
-1.925	0.0631951	0.0177398	0.0177376	0.366505	0.888286	0.888286
-1.9	0.063451	0.0174236	0.0174209	0.368091	0.888722	0.888721
-1.875	0.0644483	0.0165801	0.0165776	0.369702	0.889136	0.889136
-1.85	0.0670172	0.0156526	0.0156506	0.371378	0.889527	0.889527
-1.825	0.0710592	0.0150482	0.0150467	0.373154	0.889904	0.889903
-1.8	0.0760046	0.0149811	0.0149801	0.375054	0.890278	0.890278
-1.775	0.081306	0.0154967	0.015496	0.377087	0.890666	0.890665
-1.75	0.0865745	0.0165559	0.0165555	0.379251	0.891079	0.891079
-1.725	0.09149	0.0180811	0.0180809	0.381538	0.891532	0.891531
-1.7	0.0957473	0.019966	0.0199658	0.383932	0.892031	0.89203
-1.675	0.0991594	0.0220909	0.0220906	0.386411	0.892583	0.892582
-1.65	0.101822	0.0243593	0.0243588	0.388957	0.893192	0.893191
-1.625	0.104051	0.0267165	0.0267158	0.391558	0.89386	0.893859
-1.6	0.106034	0.0291011	0.0290999	0.394209	0.894587	0.894587
-1.575	0.107337	0.0313309	0.0313292	0.396892	0.895371	0.89537
-1.55	0.106883	0.0330957	0.0330937	0.399564	0.896198	0.896197
-1.525	0.103986	0.0342135	0.0342117	0.402164	0.897053	0.897053
-1.5	0.0990976	0.0348134	0.0348121	0.404641	0.897924	0.897923
-1.475	0.0930082	0.0350911	0.0350902	0.406967	0.898801	0.8988
-1.45	0.0861669	0.035068	0.0350671	0.409121	0.899678	0.899677
-1.425	0.0789741	0.0347078	0.034707	0.411095	0.900545	0.900545
-1.4	0.0718976	0.0340545	0.0340536	0.412893	0.901397	0.901396
-1.375	0.0653403	0.0332356	0.0332348	0.414526	0.902228	0.902227
-1.35	0.0596627	0.0324474	0.0324468	0.416018	0.903039	0.903038
-1.325	0.0551029	0.0318512	0.0318509	0.417395	0.903835	0.903834
-1.3	0.051597	0.0313722	0.031372	0.418685	0.904619	0.904619
-1.275	0.0488332	0.0306748	0.0306748	0.419906	0.905386	0.905385
-1.25	0.046523	0.0294043	0.0294044	0.421069	0.906121	0.906121
-1.225	0.0446227	0.0274427	0.0274429	0.422185	0.906807	0.906807
-1.2	0.0433255	0.0249314	0.0249316	0.423268	0.907431	0.90743
-1.175	0.0429361	0.0221516	0.0221518	0.424341	0.907985	0.907984
-1.15	0.043782	0.0194444	0.0194446	0.425436	0.908471	0.90847
-1.125	0.0461394	0.0171256	0.0171258	0.426589	0.908899	0.908898
-1.1	0.0501044	0.0153735	0.0153737	0.427842	0.909283	0.909282
-1.075	0.0554357	0.014208	0.0142081	0.429228	0.909638	0.909638
-1.05	0.0615411	0.0135669	0.013567	0.430766	0.909977	0.909977
-1.025	0.0677625	0.0133821	0.0133822	0.43246	0.910312	0.910311
-1	0.0736748	0.0135996	0.0135998	0.434302	0.910652	0.910651
-0.975	0.0790687	0.0141584	0.0141586	0.436279	0.911006	0.911005
-0.95	0.0837848	0.0149633	0.0149635	0.438374	0.91138	0.911379
-0.925	0.0876897	0.0158906	0.0158908	0.440566	0.911777	0.911777
-0.9	0.0908174	0.0168669	0.0168671	0.442836	0.912199	0.912198
-0.875	0.0933076	0.0179274	0.0179276	0.445169	0.912647	0.912646
-0.85	0.0950525	0.0191089	0.0191091	0.447545	0.913125	0.913124
-0.825	0.0955937	0.0202912	0.0202916	0.449935	0.913632	0.913631
-0.8	0.0945286	0.0211681	0.0211687	0.452298	0.914161	0.914161
-0.775	0.0920115	0.0213942	0.021395	0.454599	0.914696	0.914696
-0.75	0.0889024	0.0208423	0.0208433	0.456821	0.915217	0.915217
-0.725	0.0865713	0.0197606	0.0197618	0.458985	0.915711	0.915711
-0.7	0.086433	0.0186391	0.0186406	0.461146	0.916177	0.916177
-0.675	0.089323	0.0179163	0.0179181	0.463379	0.916625	0.916625
-0.65	0.0950438	0.0178042	0.0178065	0.465755	0.91707	0.91707
-0.625	0.102486	0.0183008	0.0183035	0.468318	0.917528	0.917527
-0.6	0.110411	0.0192928	0.0192959	0.471078	0.91801	0.91801
-0.575	0.118133	0.0206545	0.020658	0.474031	0.918527	0.918526
-0.55	0.125488	0.0222913	0.0222952	0.477168	0.919084	0.919084
-0.525	0.132448	0.0241299	0.0241342	0.48048	0.919687	0.919687
-0.5	0.13881	0.0260835	0.0260881	0.48395	0.920339	0.920339
-0.475	0.144026	0.0280095	0.028014	0.48755	0.921039	0.92104
-0.45	0.147169	0.0296805	0.0296847	0.49123	0.921781	0.921782
-0.425	0.147346	0.0308344	0.0308377	0.494913	0.922552	0.922553
-0.4	0.144619	0.0313405	0.0313429	0.498529	0.923336	0.923336
-0.375	0.140524	0.0313561	0.0313578	0.502042	0.92412	0.92412
-0.35	0.13736	0.031295	0.0312961	0.505476	0.924902	0.924902
-0.325	0.136786	0.0316054	0.0316058	0.508896	0.925692	0.925693
-0.3	0.138794	0.0324961	0.0324963	0.512365	0.926505	0.926505
-0.275	0.141753	0.0338245	0.0338244	0.515909	0.92735	0.927351
-0.25	0.143528	0.0352361	0.035236	0.519497	0.928231	0.928232
-0.225	0.142867	0.0364358	0.0364357	0.523069	0.929142	0.929142
-0.2	0.139897	0.0373392	0.0373393	0.526566	0.930075	0.930076
-0.175	0.135507	0.0380141	0.0380142	0.529954	0.931026	0.931026
-0.15	0.130567	0.0385562	0.0385564	0.533218	0.93199	0.93199
-0.125	0.125602	0.0390169	0.0390171	0.536358	0.932965	0.932966
-0.1	0.120755	0.0393657	0.0393659	0.539377	0.933949	0.93395
-0.075	0.115861	0.0394889	0.0394891	0.542274	0.934936	0.934937
-0.05	0.110717	0.0392657	0.0392661	0.545042	0.935918	0.935919
-0.025	0.10554	0.0387157	0.0387161	0.54768	0.936886	0.936887
-1.13687e-12	0.100978	0.0380445	0.0380448	0.550205	0.937837	0.937838
0.025	0.0974419	0.0374584	0.0374587	0.552641	0.938774	0.938774
0.05	0.094779	0.037021	0.0370213	0.55501	0.939699	0.9397
0.075	0.0926705	0.0367159	0.0367162	0.557327	0.940617	0.940618
0.1	0.0908621	0.036535	0.0365353	0.559599	0.94153	0.941531
0.125	0.0891388	0.036532	0.0365322	0.561827	0.942444	0.942444
0.15	0.0876169	0.0368655	0.0368657	0.564017	0.943365	0.943366
0.175	0.0867372	0.0376846	0.0376849	0.566186	0.944307	0.944308
0.2	0.0864953	0.0388459	0.0388462	0.568348	0.945279	0.945279
0.225	0.0861722	0.0399073	0.0399076	0.570503	0.946276	0.946277
0.25	0.0848696	0.0403439	0.0403444	0.572624	0.947285	0.947285
0.275	0.0819748	0.0397053	0.0397059	0.574674	0.948278	0.948278
0.3	0.0777571	0.0380459	0.0380466	0.576618	0.949229	0.949229
0.325	0.0735258	0.0361366	0.0361373	0.578456	0.950132	0.950133
0.35	0.0705369	0.0348079	0.0348086	0.580219	0.951002	0.951003
0.375	0.0690595	0.0343231	0.0343237	0.581946	0.95186	0.951861
0.4	0.0685816	0.0344561	0.0344568	0.58366	0.952722	0.952722
0.425	0.0683903	0.0348721	0.0348728	0.58537	0.953594	0.953594
0.45	0.0678321	0.0352824	0.0352831	0.587066	0.954476	0.954476
0.475	0.0663782	0.035325	0.0353257	0.588725	0.955359	0.95536
0.5	0.0638104	0.0345819	0.0345826	0.59032	0.956223	0.956224
0.525	0.0604533	0.0329198	0.0329203	0.591832	0.957046	0.957047
0.55	0.0569306	0.0306427	0.0306431	0.593255	0.957812	0.957813
0.575	0.0536297	0.0282006	0.0282009	0.594596	0.958517	0.958518
0.6	0.0505658	0.0258933	0.0258935	0.59586	0.959165	0.959166
0.625	0.0474367	0.0237649	0.023765	0.597046	0.959759	0.95976
0.65	0.0437421	0.0216331	0.0216331	0.598139	0.9603	0.9603
0.675	0.039398	0.0193899	0.0193899	0.599124	0.960784	0.960785
0.7	0.0349619	0.0171862	0.0171862	0.599998	0.961214	0.961215
0.725	0.0310145	0.0152179	0.0152179	0.600774	0.961594	0.961595
0.75	0.0277413	0.0135544	0.0135545	0.601467	0.961933	0.961934
0.775	0.0249895	0.0121443	0.0121444	0.602092	0.962237	0.962238
0.8	0.0224765	0.0108608	0.0108608	0.602654	0.962508	0.962509
0.825	0.0200545	0.00961446	0.0096145	0.603155	0.962749	0.96275
0.85	0.0178056	0.00843474	0.00843479	0.6036	0.96296	0.962961
0.875	0.015879	0.00740218	0.00740223	0.603997	0.963145	0.963146
0.9	0.0143256	0.00655321	0.00655326	0.604356	0.963309	0.963309
0.925	0.01309	0.00587106	0.00587111	0.604683	0.963455	0.963456
0.95	0.0120826	0.00532008	0.00532014	0.604985	0.963588	0.963589
0.975	0.0112468	0.00487199	0.00487205	0.605266	0.96371	0.963711
1	0.0105783	0.00451235	0.00451242	0.605531	0.963823	0.963824
1.025	0.0100845	0.00423168	0.00423176	0.605783	0.963929	0.96393
1.05	0.00973069	0.00401286	0.00401295	0.606026	0.964029	0.96403
1.075	0.00941846	0.00382532	0.00382542	0.606261	0.964125	0.964126
1.1	0.00903674	0.00363662	0.00363672	0.606487	0.964216	0.964216
1.125	0.00856823	0.00343927	0.00343937	0.606702	0.964302	0.964302
1.15	0.00809603	0.00325295	0.00325304	0.606904	0.964383	0.964384
1.175	0.00769614	0.00309703	0.00309712	0.607096	0.96446	0.964461
1.2	0.00738157	0.00297562	0.00297569	0.607281	0.964535	0.964536
1.225	0.00713371	0.00288493	0.00288499	0.607459	0.964607	0.964608
1.25	0.00695026	0.00282434	0.00282439	0.607633	0.964678	0.964678
1.275	0.00683852	0.0027923	0.00279235	0.607804	0.964747	0.964748
1.3	0.00676923	0.00277059	0.00277062	0.607973	0.964817	0.964817
1.325	0.00666861	0.00272191	0.00272195	0.60814	0.964885	0.964885
1.35	0.00648397	0.00262024	0.00262026	0.608302	0.96495	0.964951
1.375	0.0062409	0.0024801	0.00248012	0.608458	0.965012	0.965013
1.4	0.00599669	0.00233532	0.00233533	0.608608	0.965071	0.965071
1.425	0.00578425	0.00220677	0.00220677	0.608752	0.965126	0.965127
1.45	0.00561854	0.00210064	0.00210064	0.608893	0.965178	0.965179
1.475	0.0054994	0.00201579	0.00201579	0.60903	0.965229	0.965229
1.5	0.00538759	0.00194316	0.00194317	0.609165	0.965277	0.965278
1.525	0.00521632	0.0018679	0.0018679	0.609296	0.965324	0.965325
1.55	0.00496133	0.00178231	0.00178232	0.60942	0.965368	0.965369
1.575	0.00467058	0.00169324	0.00169325	0.609536	0.965411	0.965412
1.6	0.00440626	0.00161182	0.00161183	0.609646	0.965451	0.965452
1.625	0.0041973	0.00154348	0.00154349	0.609751	0.96549	0.965491
1.65	0.00403935	0.0014874	0.00148741	0.609852	0.965527	0.965528
1.675	0.00390928	0.0014394	0.00143941	0.60995	0.965563	0.965564
1.7	0.00378353	0.0013952	0.00139521	0.610045	0.965598	0.965599
1.725	0.00365417	0.00135261	0.00135262	0.610136	0.965632	0.965632
1.75	0.00352659	0.00131066	0.00131067	0.610224	0.965664	0.965665
1.775	0.00340802	0.00126914	0.00126915	0.610309	0.965696	0.965697
1.8	0.00330274	0.00122926	0.00122926	0.610392	0.965727	0.965728
1.825	0.00320994	0.0011925	0.00119251	0.610472	0.965757	0.965757
1.85	0.00312648	0.00115943	0.00115944	0.61055	0.965786	0.965786
1.875	0.00305387	0.00113016	0.00113016	0.610627	0.965814	0.965815
1.9	0.00299781	0.0011048	0.0011048	0.610702	0.965841	0.965842
1.925	0.002963	0.00108346	0.00108346	0.610776	0.965868	0.965869
1.95	0.00295029	0.00106598	0.00106599	0.61085	0.965895	0.965896
1.975	0.00295398	0.00105138	0.00105138	0.610923	0.965921	0.965922
2	0.0029596	0.00103739	0.00103739	0.610997	0.965947	0.965948
2.025	0.00294911	0.00102155	0.00102155	0.611071	0.965973	0.965974
2.05	0.00291328	0.00100311	0.00100311	0.611144	0.965998	0.965999
2.075	0.00285846	0.000983426	0.000983426	0.611215	0.966023	0.966023
2.1	0.00279994	0.000964462	0.000964463	0.611285	0.966047	0.966048
2.125	0.00274593	0.00094678	0.000946781	0.611354	0.96607	0.966071
2.15	0.00269109	0.000929112	0.00092911	0.611421	0.966094	0.966094
2.175	0.00262872	0.000910286	0.000910283	0.611487	0.966116	0.966117
2.2	0.00256299	0.000891002	0.000891	0.611551	0.966139	0.966139
2.225	0.00250258	0.000872786	0.000872786	0.611614	0.96616	0.966161
2.25	0.00245044	0.000856297	0.000856299	0.611675	0.966182	0.966183
2.275	0.00240371	0.000841123	0.000841126	0.611735	0.966203	0.966204
2.3	0.00235872	0.000826412	0.000826415	0.611794	0.966224	0.966224
2.325	0.00231442	0.00081167	0.000811672	0.611852	0.966244	0.966245
2.35	0.00227278	0.000797147	0.000797149	0.611909	0.966264	0.966265
2.375	0.00223607	0.000783372	0.000783375	0.611965	0.966283	0.966284
2.4	0.0022048	0.000770592	0.000770595	0.61202	0.966303	0.966303
2.425	0.0021781	0.000758743	0.000758746	0.612074	0.966322	0.966322
2.45	0.00215501	0.000747678	0.000747681	0.612128	0.96634	0.966341
2.475	0.00213505	0.000737298	0.000737301	0.612181	0.966359	0.96636
2.5	0.00211802	0.000727545	0.000727547	0.612234	0.966377	0.966378
2.525	0.00210367	0.000718357	0.000718359	0.612287	0.966395	0.966396
2.55	0.00209168	0.000709673	0.000709675	0.612339	0.966413	0.966413
2.575	0.00208176	0.000701436	0.000701438	0.612391	0.96643	0.966431
2.6	0.00207368	0.0006936	0.000693602	0.612443	0.966447	0.966448
2.625	0.00206723	0.000686127	0.000686129	0.612495	0.966465	0.966465
2.65	0.00206231	0.000678989	0.000678991	0.612546	0.966482	0.966482
2.675	0.00205882	0.000672166	0.000672168	0.612598	0.966498	0.966499
2.7	0.00205674	0.000665646	0.000665648	0.612649	0.966515	0.966516
2.725	0.00205606	0.000659422	0.000659423	0.612701	0.966532	0.966532
2.75	0.0020568	0.000653488	0.000653489	0.612752	0.966548	0.966549
2.775	0.00205889	0.000647831	0.000647832	0.612804	0.966564	0.966565
2.8	0.00206211	0.000642414	0.000642415	0.612855	0.96658	0.966581
2.825	0.00206597	0.000637157	0.000637158	0.612907	0.966596	0.966597
2.85	0.00206993	0.000631978	0.000631979	0.612959	0.966612	0.966613
2.875	0.00207404	0.000626868	0.000626869	0.61301	0.966627	0.966628
2.9	0.00207883	0.000621899	0.000621899	0.613062	0.966643	0.966644
2.925	0.00208479	0.000617136	0.000617136	0.613114	0.966658	0.966659
2.95	0.00209201	0.000612597	0.000612597	0.613167	0.966674	0.966675
2.975	0.00210017	0.000608258	0.000608258	0.613219	0.966689	0.96669
3	0.00210887	0.000604083	0.000604083	0.613272	0.966704	0.966705
3.025	0.00211801	0.000600057	0.000600056	0.613325	0.966719	0.96672
3.05	0.00212793	0.000596193	0.000596193	0.613378	0.966734	0.966735
3.075	0.00213894	0.00059251	0.000592509	0.613432	0.966749	0.96675
3.1	0.00215115	0.000589008	0.000589007	0.613485	0.966764	0.966764
3.125	0.00216453	0.000585679	0.000585678	0.61354	0.966778	0.966779
3.15	0.00217904	0.000582514	0.000582513	0.613594	0.966793	0.966794
3.175	0.00219466	0.000579511	0.00057951	0.613649	0.966807	0.966808
3.2	0.00221143	0.000576671	0.00057667	0.613704	0.966822	0.966823
3.225	0.00222937	0.000573993	0.000573992	0.61376	0.966836	0.966837
3.25	0.0022485	0.000571476	0.000571474	0.613816	0.96685	0.966851
3.275	0.00226882	0.000569117	0.000569116	0.613873	0.966865	0.966865
3.3	0.00229036	0.000566916	0.000566914	0.61393	0.966879	0.96688
3.325	0.00231314	0.000564871	0.000564869	0.613988	0.966893	0.966894
3.35	0.00233718	0.000562982	0.00056298	0.614046	0.966907	0.966908
3.375	0.00236253	0.000561248	0.000561246	0.614105	0.966921	0.966922
3.4	0.00238921	0.000559672	0.00055967	0.614165	0.966935	0.966936
3.425	0.00241729	0.000558254	0.000558251	0.614226	0.966949	0.96695
3.45	0.0024468	0.000556996	0.000556993	0.614287	0.966963	0.966964
3.475	0.00247782	0.0005559	0.000555897	0.614349	0.966977	0.966978
3.5	0.00251039	0.000554969	0.000554966	0.614411	0.966991	0.966991
3.525	0.00254461	0.000554208	0.000554204	0.614475	0.967004	0.967005
3.55	0.00258054	0.00055362	0.000553617	0.61454	0.967018	0.967019
3.575	0.00261828	0.000553213	0.000553209	0.614605	0.967032	0.967033
3.6	0.00265792	0.000552992	0.000552987	0.614671	0.967046	0.967047
3.625	0.0026996	0.000552965	0.00055296	0.614739	0.96706	0.967061
3.65	0.00274344	0.000553141	0.000553136	0.614808	0.967074	0.967074
3.675	0.00278961	0.000553529	0.000553524	0.614877	0.967087	0.967088
3.7	0.00283831	0.000554143	0.000554138	0.614948	0.967101	0.967102
3.725	0.0028898	0.000555005	0.000555	0.61502	0.967115	0.967116
3.75	0.00294437	0.000556135	0.000556129	0.615094	0.967129	0.96713
3.775	0.00300221	0.00055753	0.000557524	0.615169	0.967143	0.967144
3.8	0.00306331	0.000559148	0.000559142	0.615246	0.967157	0.967158
3.825	0.0031276	0.000560925	0.000560918	0.615324	0.967171	0.967172
3.85	0.00319523	0.000562852	0.000562845	0.615404	0.967185	0.967186
3.875	0.0032664	0.000564998	0.000564991	0.615485	0.967199	0.9672
3.9	0.00334073	0.000567429	0.000567421	0.615569	0.967213	0.967214
3.925	0.00341768	0.000570166	0.000570158	0.615654	0.967228	0.967228
3.95	0.00349753	0.000573224	0.000573215	0.615742	0.967242	0.967243
3.975	0.00358043	0.000576559	0.00057655	0.615831	0.967256	0.967257
4	0.00366451	0.000579993	0.000579983	0.615923	0.967271	0.967272
4.025	0.00374739	0.000583349	0.000583338	0.616017	0.967285	0.967286
4.05	0.00382987	0.000586699	0.000586688	0.616112	0.9673	0.967301
4.075	0.0039157	0.000590316	0.000590305	0.61621	0.967315	0.967316
4.1	0.00400817	0.000594426	0.000594415	0.61631	0.96733	0.967331
4.125	0.00410882	0.000599124	0.000599112	0.616413	0.967345	0.967346
4.15	0.004218	0.000604406	0.000604394	0.616519	0.96736	0.967361
4.175	0.00433555	0.000610214	0.000610202	0.616627	0.967375	0.967376
4.2	0.00446131	0.000616493	0.00061648	0.616739	0.96739	0.967391
4.225	0.0045954	0.000623246	0.000623233	0.616853	0.967406	0.967407
4.25	0.0047379	0.0006305	0.000630485	0.616972	0.967422	0.967423
4.275	0.0048889	0.000638276	0.00063826	0.617094	0.967438	0.967439
4.3	0.00504901	0.000646643	0.000646627	0.61722	0.967454	0.967455
4.325	0.0052184	0.000655678	0.000655661	0.617351	0.96747	0.967471
4.35	0.00539571	0.000665374	0.000665356	0.617486	0.967487	0.967488
4.375	0.00557996	0.000675676	0.000675657	0.617625	0.967504	0.967505
4.4	0.00577303	0.000686584	0.000686564	0.61777	0.967521	0.967522
4.425	0.00597867	0.000698185	0.000698164	0.617919	0.967538	0.967539
4.45	0.00620054	0.000710664	0.000710642	0.618074	0.967556	0.967557
4.475	0.00644117	0.000724233	0.00072421	0.618235	0.967574	0.967575
4.5	0.0067013	0.000739007	0.000738982	0.618403	0.967593	0.967594
4.525	0.00697975	0.000754983	0.000754957	0.618577	0.967612	0.967613
4.55	0.00727545	0.000772142	0.000772113	0.618759	0.967631	0.967632
4.575	0.00759069	0.000790605	0.000790575	0.618949	0.967651	0.967652
4.6	0.00793098	0.00081064	0.000810607	0.619147	0.967671	0.967672
4.625	0.00830199	0.00083253	0.000832494	0.619355	0.967692	0.967693
4.65	0.00870835	0.000856518	0.000856481	0.619572	0.967713	0.967714
4.675	0.00915431	0.00088284	0.0008828	0.619801	0.967735	0.967736
4.7	0.00964451	0.000911748	0.000911704	0.620042	0.967758	0.967759
4.725	0.0101843	0.000943513	0.000943467	0.620297	0.967782	0.967783
4.75	0.0107799	0.000978437	0.000978387	0.620566	0.967806	0.967807
4.775	0.0114391	0.00101689	0.00101684	0.620852	0.967832	0.967832
4.8	0.0121718	0.0010594	0.00105934	0.621157	0.967858	0.967859
4.825	0.0129902	0.00110664	0.00110658	0.621481	0.967886	0.967887
4.85	0.0139079	0.00115939	0.00115932	0.621829	0.967915	0.967916
4.875	0.0149402	0.00121847	0.00121839	0.622203	0.967945	0.967946
4.9	0.0161046	0.00128482	0.00128473	0.622605	0.967977	0.967978
4.925	0.0174254	0.00135963	0.00135953	0.623041	0.968011	0.968012
4.95	0.0189371	0.00144455	0.00144444	0.623514	0.968047	0.968048
4.975	0.020686	0.00154182	0.0015417	0.624031	0.968086	0.968087
5	0.0227314	0.00165431	0.00165417	0.6246	0.968127	0.968128
5.025	0.025148	0.00178561	0.00178545	0.625228	0.968172	0.968173
5.05	0.0280336	0.0019403	0.00194012	0.625929	0.96822	0.968221
5.075	0.0315185	0.00212443	0.00212422	0.626717	0.968274	0.968274
5.1	0.0357812	0.00234611	0.00234585	0.627612	0.968332	0.968333
5.125	0.0410684	0.00261645	0.00261615	0.628638	0.968398	0.968398
5.15	0.0477249	0.00295097	0.0029506	0.629832	0.968471	0.968472
5.175	0.0562301	0.00337117	0.00337072	0.631237	0.968556	0.968556
5.2	0.0672335	0.00390634	0.00390578	0.632918	0.968653	0.968654
5.225	0.0815472	0.00459415	0.00459345	0.634957	0.968768	0.968769
5.25	0.0999739	0.00547605	0.00547517	0.637456	0.968905	0.968906
5.275	0.122763	0.00657987	0.00657883	0.640525	0.96907	0.96907
5.3	0.148689	0.00788661	0.00788546	0.644242	0.969267	0.969267
5.325	0.174608	0.00930476	0.00930358	0.648608	0.969499	0.9695
5.35	0.196574	0.0106907	0.0106895	0.653522	0.969767	0.969767
5.375	0.211658	0.0119027	0.0119016	0.658813	0.970064	0.970065
5.4	0.218906	0.0128478	0.0128468	0.664286	0.970385	0.970386
5.425	0.219284	0.0134975	0.0134965	0.669768	0.970723	0.970723
5.45	0.21472	0.0138607	0.0138597	0.675136	0.971069	0.97107
5.475	0.207398	0.0139824	0.0139814	0.680321	0.971419	0.971419
5.5	0.199672	0.0139783	0.0139773	0.685313	0.971768	0.971769
5.525	0.193043	0.0139754	0.0139743	0.690139	0.972118	0.972118
5.55	0.187073	0.0139922	0.013991	0.694816	0.972468	0.972468
5.575	0.180699	0.0139658	0.0139644	0.699333	0.972817	0.972817
5.6	0.174306	0.013897	0.0138955	0.703691	0.973164	0.973164
5.625	0.169631	0.0138948	0.0138934	0.707932	0.973512	0.973512
5.65	0.168311	0.0140916	0.0140904	0.71214	0.973864	0.973864
5.675	0.170808	0.014545	0.0145439	0.71641	0.974227	0.974228
5.7	0.176072	0.0152005	0.0151994	0.720812	0.974607	0.974608
5.725	0.181586	0.0158895	0.0158884	0.725351	0.975005	0.975005
5.75	0.18415	0.0163575	0.0163564	0.729955	0.975414	0.975414
5.775	0.18198	0.016392	0.016391	0.734504	0.975823	0.975824
5.8	0.176247	0.0159773	0.0159764	0.738911	0.976223	0.976223
5.825	0.170008	0.0152851	0.0152843	0.743161	0.976605	0.976605
5.85	0.166503	0.0145965	0.0145959	0.747323	0.97697	0.97697
5.875	0.168038	0.0142181	0.0142176	0.751524	0.977325	0.977325
5.9	0.174781	0.0143307	0.0143303	0.755894	0.977684	0.977684
5.925	0.184334	0.0148951	0.0148948	0.760502	0.978056	0.978056
5.95	0.192841	0.0156929	0.0156928	0.765323	0.978448	0.978448
5.975	0.1969	0.0164402	0.0164402	0.770246	0.978859	0.978859
6	0.19502	0.0169006	0.0169006	0.775121	0.979282	0.979282
6.025	0.18778	0.0169599	0.01696	0.779816	0.979706	0.979706
6.05	0.177181	0.0166551	0.0166553	0.784245	0.980122	0.980122
6.075	0.165724	0.0161323	0.0161325	0.788388	0.980526	0.980526
6.1	0.155223	0.0155434	0.0155436	0.792269	0.980914	0.980914
6.125	0.146126	0.0149628	0.0149629	0.795922	0.981288	0.981288
6.15	0.137799	0.0143651	0.0143651	0.799367	0.981647	0.981647
6.175	0.12952	0.0136698	0.0136698	0.802605	0.981989	0.981989
6.2	0.121235	0.0128235	0.0128235	0.805636	0.98231	0.98231
6.225	0.113386	0.0118338	0.0118338	0.808471	0.982605	0.982606
6.25	0.106495	0.0107468	0.0107469	0.811133	0.982874	0.982874
6.275	0.101193	0.0096442	0.00964433	0.813663	0.983115	0.983115
6.3	0.0983715	0.00864765	0.00864783	0.816122	0.983331	0.983332
6.325	0.0990102	0.00787791	0.00787817	0.818597	0.983528	0.983528
6.35	0.103904	0.00740356	0.0074039	0.821195	0.983713	0.983714
6.375	0.113553	0.0072416	0.00724204	0.824034	0.983895	0.983895
6.4	0.127917	0.00738292	0.00738345	0.827232	0.984079	0.984079
6.425	0.145787	0.00779624	0.00779677	0.830876	0.984274	0.984274
6.45	0.164367	0.00840744	0.00840779	0.834986	0.984484	0.984484
6.475	0.180282	0.00909907	0.00909907	0.839493	0.984712	0.984712
6.5	0.191687	0.00978331	0.00978305	0.844285	0.984956	0.984956
6.525	0.199434	0.0104853	0.0104852	0.849271	0.985218	0.985219
6.55	0.206146	0.0113115	0.0113121	0.854424	0.985501	0.985501
6.575	0.214091	0.0123376	0.012339	0.859777	0.98581	0.98581
6.6	0.22327	0.0135191	0.0135211	0.865358	0.986148	0.986148
6.625	0.231136	0.0146856	0.0146875	0.871137	0.986515	0.986515
6.65	0.234576	0.0156483	0.0156496	0.877001	0.986906	0.986906
6.675	0.232693	0.0163523	0.0163529	0.882818	0.987315	0.987315
6.7	0.22761	0.0168862	0.0168863	0.888509	0.987737	0.987737
6.725	0.221556	0.0172537	0.0172536	0.894048	0.988168	0.988169
6.75	0.213973	0.0172257	0.0172254	0.899397	0.988599	0.988599
6.775	0.203029	0.0165912	0.0165908	0.904473	0.989014	0.989014
6.8	0.188761	0.0154681	0.015468	0.909192	0.9894	0.989401
6.825	0.173529	0.0142178	0.0142182	0.91353	0.989756	0.989756
6.85	0.160426	0.0131795	0.0131806	0.917541	0.990085	0.990086
6.875	0.151237	0.0124992	0.0125009	0.921321	0.990398	0.990398
6.9	0.145029	0.0120756	0.0120775	0.924947	0.9907	0.9907
6.925	0.138602	0.0116271	0.0116283	0.928412	0.99099	0.990991
6.95	0.128782	0.0108624	0.0108626	0.931632	0.991262	0.991262
6.975	0.115187	0.00971951	0.00971896	0.934511	0.991505	0.991505
7	0.100502	0.00842629	0.00842557	0.937024	0.991716	0.991716
7.025	0.0877509	0.00726487	0.00726446	0.939218	0.991897	0.991898
7.05	0.0782419	0.00637151	0.00637162	0.941174	0.992056	0.992057
7.075	0.0715681	0.00573375	0.00573439	0.942963	0.9922	0.9922
7.1	0.0663925	0.00525697	0.00525796	0.944623	0.992331	0.992332
7.125	0.061314	0.0048276	0.00482858	0.946156	0.992452	0.992452
7.15	0.0555096	0.00436568	0.0043663	0.947543	0.992561	0.992562
7.175	0.0490763	0.00386244	0.00386264	0.94877	0.992658	0.992658
7.2	0.0428312	0.00337108	0.00337104	0.949841	0.992742	0.992742
7.225	0.0375204	0.00294528	0.00294517	0.950779	0.992816	0.992816
7.25	0.0334128	0.00260456	0.00260447	0.951614	0.992881	0.992881
7.275	0.0304356	0.00234354	0.00234349	0.952375	0.992939	0.99294
7.3	0.0283418	0.00214675	0.00214673	0.953084	0.992993	0.992993
7.325	0.0267413	0.00199422	0.00199423	0.953752	0.993043	0.993043
7.35	0.0251779	0.00186521	0.00186524	0.954382	0.993089	0.99309
7.375	0.0234254	0.00174807	0.00174811	0.954967	0.993133	0.993134
7.4	0.0216487	0.00164589	0.00164596	0.955509	0.993174	0.993175
7.425	0.0201288	0.0015663	0.00156639	0.956012	0.993213	0.993214
7.45	0.018981	0.00150926	0.00150938	0.956486	0.993251	0.993252
7.475	0.0181183	0.00146319	0.00146332	0.956939	0.993288	0.993288
7.5	0.0173476	0.00141047	0.00141059	0.957373	0.993323	0.993323
7.525	0.0165266	0.00134144	0.00134151	0.957786	0.993357	0.993357
7.55	0.0156528	0.00126111	0.0012611	0.958178	0.993388	0.993389
7.575	0.0148109	0.00118111	0.00118106	0.958548	0.993418	0.993418
7.6	0.0140461	0.00110961	0.00110955	0.958899	0.993445	0.993446
7.625	0.0133025	0.00104771	0.00104767	0.959232	0.993471	0.993472
7.65	0.0125321	0.000994018	0.000993994	0.959545	0.993496	0.993497
7.675	0.0117978	0.000949382	0.000949375	0.95984	0.99352	0.993521
7.7	0.0111969	0.000914942	0.000914951	0.96012	0.993543	0.993543
7.725	0.0107593	0.000888457	0.000888481	0.960389	0.993565	0.993566
7.75	0.0104451	0.000864582	0.000864617	0.96065	0.993587	0.993587
7.775	0.0101971	0.000839068	0.000839109	0.960905	0.993608	0.993608
7.8	0.00995523	0.000810543	0.000810576	0.961154	0.993628	0.993629
7.825	0.00962966	0.000777681	0.000777697	0.961394	0.993647	0.993648
7.85	0.00914021	0.000739585	0.000739587	0.961623	0.993666	0.993666
7.875	0.0084985	0.000698383	0.000698378	0.961835	0.993683	0.993684
7.9	0.00780573	0.000658215	0.000658211	0.96203	0.9937	0.9937
7.925	0.00716307	0.000622236	0.000622233	0.96221	0.993715	0.993716
7.95	0.00661505	0.000591411	0.000591411	0.962375	0.99373	0.993731
7.975	0.00616237	0.000565319	0.00056532	0.962529	0.993744	0.993745
8	0.00578952	0.000543122	0.000543125	0.962674	0.993758	0.993758
8.025	0.00547966	0.00052404	0.000524043	0.962811	0.993771	0.993772
8.05	0.0052193	0.000507473	0.000507477	0.962941	0.993784	0.993784
8.075	0.00499881	0.000493008	0.000493012	0.963066	0.993796	0.993797
8.1	0.00481184	0.000480377	0.000480381	0.963186	0.993808	0.993809
8.125	0.00465442	0.000469419	0.000469423	0.963303	0.99382	0.99382
8.15	0.00452381	0.000460007	0.000460012	0.963416	0.993831	0.993832
8.175	0.00441644	0.000451913	0.000451918	0.963526	0.993843	0.993843
8.2	0.00432459	0.000444598	0.000444603	0.963634	0.993854	0.993854
8.225	0.00423425	0.000437173	0.000437177	0.96374	0.993865	0.993865
8.25	0.00412924	0.000428787	0.00042879	0.963844	0.993875	0.993876
8.275	0.00400259	0.000419242	0.000419243	0.963944	0.993886	0.993886
8.3	0.00386361	0.000409174	0.000409175	0.96404	0.993896	0.993897
8.325	0.0037281	0.000399456	0.000399457	0.964133	0.993906	0.993907
8.35	0.00360577	0.000390585	0.000390586	0.964224	0.993916	0.993916
8.375	0.00349905	0.000382662	0.000382663	0.964311	0.993925	0.993926
8.4	0.00340689	0.000375611	0.000375612	0.964396	0.993935	0.993935
8.425	0.00332737	0.000369318	0.000369319	0.964479	0.993944	0.993945
8.45	0.00325844	0.000363678	0.00036368	0.964561	0.993953	0.993954
8.475	0.00319771	0.000358599	0.000358601	0.964641	0.993962	0.993963
8.5	0.00314271	0.000354	0.000354002	0.964719	0.993971	0.993971
8.525	0.00309233	0.000349848	0.00034985	0.964797	0.99398	0.99398
8.55	0.00304752	0.000346165	0.000346167	0.964873	0.993988	0.993989
8.575	0.00300974	0.000342979	0.000342981	0.964948	0.993997	0.993997
8.6	0.00297924	0.00034026	0.000340262	0.965023	0.994005	0.994006
8.625	0.0029549	0.0003379	0.000337902	0.965096	0.994014	0.994014
8.65	0.00293562	0.000335811	0.000335813	0.96517	0.994022	0.994023
8.675	0.0029223	0.000334067	0.000334068	0.965243	0.994031	0.994031
8.7	0.00291757	0.000332884	0.000332886	0.965316	0.994039	0.994039
8.725	0.00292422	0.000332484	0.000332485	0.965389	0.994047	0.994048
8.75	0.00294469	0.000333049	0.00033305	0.965463	0.994056	0.994056
8.775	0.00298164	0.000334772	0.000334773	0.965537	0.994064	0.994064
8.8	0.00303858	0.000337904	0.000337906	0.965613	0.994072	0.994073
8.825	0.00312043	0.000342799	0.000342801	0.965691	0.994081	0.994081
8.85	0.00323421	0.00034996	0.000349961	0.965772	0.99409	0.99409
8.875	0.00338992	0.000360105	0.000360106	0.965857	0.994099	0.994099
8.9	0.00360177	0.000374261	0.000374263	0.965947	0.994108	0.994109
8.925	0.00388984	0.00039388	0.000393882	0.966044	0.994118	0.994118
8.95	0.00428148	0.000420945	0.000420947	0.966151	0.994128	0.994129
8.975	0.00481031	0.00045791	0.000457912	0.966271	0.99414	0.99414
9	0.00550617	0.000506982	0.000506984	0.966409	0.994153	0.994153
9.025	0.00636074	0.000567637	0.000567639	0.966568	0.994167	0.994167
9.05	0.00725634	0.000631338	0.000631341	0.966749	0.994182	0.994183
9.075	0.00791554	0.000677432	0.000677436	0.966947	0.994199	0.9942
9.1	0.00805176	0.000683779	0.000683782	0.967149	0.994217	0.994217
9.125	0.0076771	0.000650244	0.000650245	0.96734	0.994233	0.994233
9.15	0.00708568	0.000598836	0.000598829	0.967518	0.994248	0.994248
9.175	0.00653893	0.000550111	0.000550093	0.967681	0.994262	0.994262
9.2	0.00614815	0.000512993	0.000512969	0.967835	0.994274	0.994275
9.225	0.00595689	0.000489909	0.000489892	0.967984	0.994287	0.994287
9.25	0.00600001	0.00048169	0.00048169	0.968134	0.994299	0.994299
9.275	0.00630676	0.000488881	0.000488904	0.968291	0.994311	0.994311
9.3	0.00689007	0.000511682	0.000511727	0.968464	0.994324	0.994324
9.325	0.00771094	0.000548529	0.000548586	0.968656	0.994337	0.994338
9.35	0.00860827	0.000592931	0.000592976	0.968872	0.994352	0.994353
9.375	0.00928229	0.000631819	0.000631824	0.969104	0.994368	0.994368
9.4	0.00946284	0.000650715	0.000650678	0.96934	0.994384	0.994385
9.425	0.00908772	0.000640646	0.00064059	0.969567	0.9944	0.994401
9.45	0.00827507	0.000601419	0.000601366	0.969774	0.994415	0.994416
9.475	0.00726493	0.000544732	0.000544692	0.969956	0.994429	0.994429
9.5	0.00630902	0.00048717	0.000487145	0.970114	0.994441	0.994442
9.525	0.00554504	0.000439005	0.000438993	0.970252	0.994452	0.994453
9.55	0.0050002	0.000402889	0.000402889	0.970377	0.994462	0.994463
9.575	0.00465462	0.000377865	0.000377877	0.970494	0.994472	0.994472
9.6	0.00448314	0.000362274	0.0003623	0.970606	0.994481	0.994481
9.625	0.0044695	0.000354837	0.000354878	0.970717	0.99449	0.99449
9.65	0.00460408	0.000354695	0.000354751	0.970833	0.994498	0.994499
9.675	0.00486692	0.000360757	0.000360822	0.970954	0.994507	0.994508
9.7	0.00519422	0.000370361	0.000370414	0.971084	0.994517	0.994517
9.725	0.00545801	0.000378405	0.000378416	0.971221	0.994526	0.994527
9.75	0.00553707	0.000379919	0.000379875	0.971359	0.994536	0.994536
9.775	0.00543787	0.000374534	0.000374458	0.971495	0.994545	0.994545
9.8	0.00525931	0.000365074	0.000364997	0.971626	0.994554	0.994555
9.825	0.00506634	0.000353303	0.000353242	0.971753	0.994563	0.994563
9.85	0.00487497	0.000340446	0.000340403	0.971875	0.994571	0.994572
9.875	0.00469835	0.00032854	0.000328514	0.971992	0.99458	0.99458
9.9	0.00457075	0.000319666	0.000319655	0.972107	0.994588	0.994588
9.925	0.00453809	0.000315258	0.00031526	0.97222	0.994596	0.994596
9.95	0.00463675	0.000316128	0.000316145	0.972336	0.994603	0.994604
9.975	0.00489284	0.000322885	0.000322916	0.972458	0.994612	0.994612
10	0.00533239	0.000336293	0.000336343	0.972592	0.99462	0.99462
10.025	0.0059821	0.00035722	0.00035729	0.972741	0.994629	0.994629
10.05	0.00684563	0.000385724	0.00038581	0.972912	0.994638	0.994639
10.075	0.00783983	0.000418725	0.000418808	0.973108	0.994649	0.994649
10.1	0.00872078	0.000447262	0.000447304	0.973326	0.99466	0.994661
10.125	0.00916713	0.00045936	0.000459331	0.973556	0.994672	0.994672
10.15	0.00910435	0.000451787	0.000451701	0.973783	0.994683	0.994683
10.175	0.00882313	0.000434656	0.000434557	0.974004	0.994694	0.994694
10.2	0.00867109	0.000420466	0.000420383	0.974221	0.994704	0.994705
10.225	0.00880345	0.000415313	0.000415258	0.974441	0.994715	0.994715
10.25	0.00915422	0.000418546	0.000418517	0.974669	0.994725	0.994726
10.275	0.00949537	0.000424988	0.000424986	0.974907	0.994736	0.994736
10.3	0.00962958	0.000429495	0.000429519	0.975148	0.994746	0.994747
10.325	0.00962477	0.000432851	0.000432903	0.975388	0.994757	0.994758
10.35	0.00975394	0.000441437	0.000441522	0.975632	0.994768	0.994769
10.375	0.0102607	0.000461715	0.000461839	0.975889	0.99478	0.99478
10.4	0.0112626	0.000497106	0.000497266	0.97617	0.994792	0.994793
10.425	0.0127249	0.00054641	0.00054658	0.976488	0.994806	0.994807
10.45	0.0143731	0.000600455	0.000600568	0.976848	0.994821	0.994822
10.475	0.0156735	0.00064139	0.000641362	0.977239	0.994837	0.994838
10.5	0.0161787	0.000655065	0.000654887	0.977644	0.994853	0.994854
10.525	0.0159311	0.000646178	0.000645935	0.978042	0.99487	0.99487
10.55	0.0152788	0.000631383	0.000631165	0.978424	0.994885	0.994886
10.575	0.0145883	0.000625138	0.000624986	0.978789	0.994901	0.994901
10.6	0.0141934	0.000635759	0.000635683	0.979144	0.994917	0.994917
10.625	0.0142509	0.000662516	0.000662514	0.9795	0.994933	0.994934
10.65	0.0146301	0.000692644	0.000692716	0.979866	0.994951	0.994951
10.675	0.0150634	0.000708386	0.000708532	0.980242	0.994968	0.994969
10.7	0.0154805	0.000705243	0.000705454	0.980629	0.994986	0.994987
10.725	0.01602	0.000694604	0.000694842	0.98103	0.995003	0.995004
10.75	0.0166095	0.000683052	0.000683234	0.981445	0.995021	0.995021
10.775	0.0167762	0.000662181	0.000662226	0.981864	0.995037	0.995038
10.8	0.0160467	0.000622354	0.000622267	0.982266	0.995053	0.995053
10.825	0.0144613	0.000567502	0.000567357	0.982627	0.995067	0.995067
10.85	0.0125339	0.000511279	0.000511139	0.98294	0.99508	0.99508
10.875	0.0107868	0.000465325	0.000465214	0.98321	0.995091	0.995092
10.9	0.00947414	0.000434651	0.000434571	0.983447	0.995102	0.995103
10.925	0.0086371	0.000419771	0.000419717	0.983663	0.995113	0.995113
10.95	0.00822436	0.000419088	0.000419056	0.983869	0.995123	0.995124
10.975	0.00813454	0.000428665	0.00042865	0.984072	0.995134	0.995134
11	0.00819968	0.000440328	0.00044033	0.984277	0.995145	0.995145
11.025	0.00821808	0.000443265	0.000443283	0.984482	0.995156	0.995156
11.05	0.00811482	0.000433145	0.000433181	0.984685	0.995167	0.995167
11.075	0.00802647	0.000417193	0.00041725	0.984886	0.995177	0.995178
11.1	0.00814738	0.00040588	0.00040596	0.98509	0.995187	0.995188
11.125	0.0085641	0.000404534	0.000404632	0.985304	0.995197	0.995198
11.15	0.00918071	0.000411539	0.000411633	0.985533	0.995208	0.995208
11.175	0.00968178	0.000418738	0.000418786	0.985775	0.995218	0.995219
11.2	0.00967803	0.000415848	0.000415821	0.986017	0.995229	0.995229
11.225	0.00909035	0.000400496	0.00040041	0.986244	0.995239	0.995239
11.25	0.0082411	0.000380793	0.000380692	0.98645	0.995248	0.995249
11.275	0.00749621	0.000366302	0.000366215	0.986638	0.995257	0.995258
11.3	0.00703859	0.000362056	0.000361992	0.986814	0.995266	0.995267
11.325	0.0068981	0.000368854	0.000368811	0.986986	0.995276	0.995276
11.35	0.00700658	0.000383675	0.00038365	0.987161	0.995285	0.995286
11.375	0.00720229	0.000398572	0.000398562	0.987342	0.995295	0.995296
11.4	0.00728295	0.000403011	0.000403015	0.987524	0.995305	0.995306
11.425	0.00718307	0.000393346	0.000393365	0.987703	0.995315	0.995316
11.45	0.00705276	0.000377246	0.000377283	0.987879	0.995324	0.995325
11.475	0.00709635	0.000365207	0.000365264	0.988057	0.995334	0.995334
11.5	0.00742929	0.000363264	0.000363345	0.988243	0.995343	0.995343
11.525	0.00805486	0.000372805	0.000372911	0.988444	0.995352	0.995352
11.55	0.00886595	0.000391754	0.000391872	0.988666	0.995362	0.995362
11.575	0.00964959	0.000414404	0.000414492	0.988907	0.995372	0.995373
11.6	0.0101105	0.00043124	0.000431237	0.98916	0.995383	0.995383
11.625	0.0100159	0.000433847	0.00043373	0.98941	0.995394	0.995394
11.65	0.0094656	0.000424202	0.000424026	0.989647	0.995404	0.995405
11.675	0.00882628	0.000412851	0.000412688	0.989867	0.995415	0.995415
11.7	0.00836302	0.000406802	0.000406695	0.990076	0.995425	0.995425
11.725	0.00808705	0.000403956	0.000403917	0.990279	0.995435	0.995435
11.75	0.00788306	0.000397986	0.000398016	0.990476	0.995445	0.995445
11.775	0.00771338	0.000387553	0.000387643	0.990669	0.995455	0.995455
11.8	0.00762671	0.000376972	0.000377103	0.990859	0.995464	0.995465
11.825	0.0075745	0.000367755	0.00036788	0.991049	0.995473	0.995474
11.85	0.00736299	0.000355521	0.000355587	0.991233	0.995482	0.995483
11.875	0.00687392	0.000336936	0.000336932	0.991404	0.99549	0.995491
11.9	0.00623565	0.000315594	0.00031555	0.99156	0.995498	0.995499
11.925	0.00566669	0.000297916	0.000297864	0.991702	0.995506	0.995506
11.95	0.00528502	0.00028769	0.000287646	0.991834	0.995513	0.995514
11.975	0.00509277	0.000285511	0.000285478	0.991961	0.99552	0.995521
12	0.00503367	0.000289779	0.000289756	0.992087	0.995527	0.995528
12.025	0.00502119	0.000296375	0.00029636	0.992213	0.995535	0.995535
12.05	0.00492334	0.000298028	0.000298018	0.992336	0.995542	0.995543
12.075	0.00462334	0.000288327	0.000288323	0.992451	0.995549	0.99555
12.1	0.00414957	0.000268518	0.000268518	0.992555	0.995556	0.995557
12.125	0.00364284	0.000245719	0.000245723	0.992646	0.995562	0.995563
12.15	0.0032155	0.00022569	0.000225699	0.992727	0.995568	0.995568
12.175	0.00290802	0.000210558	0.000210572	0.992799	0.995573	0.995574
12.2	0.0027182	0.000200302	0.000200321	0.992867	0.995578	0.995579
12.225	0.00262395	0.000194056	0.000194078	0.992933	0.995583	0.995584
12.25	0.00258439	0.000190429	0.000190447	0.992998	0.995588	0.995588
12.275	0.00254101	0.000187578	0.000187586	0.993061	0.995593	0.995593
12.3	0.00244463	0.00018385	0.000183846	0.993122	0.995597	0.995598
12.325	0.00228301	0.000178396	0.000178387	0.993179	0.995602	0.995602
12.35	0.00207425	0.00017119	0.000171181	0.993231	0.995606	0.995606
12.375	0.00185152	0.000163092	0.000163084	0.993277	0.99561	0.99561
12.4	0.00164658	0.000155336	0.00015533	0.993319	0.995614	0.995614
12.425	0.00147504	0.000148667	0.000148662	0.993355	0.995618	0.995618
12.45	0.00133774	0.000143216	0.000143213	0.993389	0.995621	0.995622
12.475	0.00122927	0.000138822	0.00013882	0.99342	0.995625	0.995625
12.5	0.00114343	0.000135263	0.000135262	0.993448	0.995628	0.995629
12.525	0.00107519	0.000132351	0.000132351	0.993475	0.995631	0.995632
12.55	0.00102096	0.000129946	0.000129946	0.993501	0.995635	0.995635
12.575	0.000978427	0.000127954	0.000127955	0.993525	0.995638	0.995638
12.6	0.000946289	0.000126315	0.000126317	0.993549	0.995641	0.995641
12.625	0.000923932	0.000124995	0.000124998	0.993572	0.995644	0.995645
12.65	0.000910836	0.000123966	0.00012397	0.993595	0.995647	0.995648
12.675	0.000905167	0.000123173	0.000123178	0.993617	0.99565	0.995651
12.7	0.000901535	0.000122475	0.000122479	0.99364	0.995653	0.995654
12.725	0.000890731	0.000121645	0.000121647	0.993662	0.995656	0.995657
12.75	0.000866248	0.000120529	0.000120529	0.993684	0.995659	0.99566
12.775	0.000831547	0.000119222	0.00011922	0.993704	0.995662	0.995663
12.8	0.000795817	0.000117951	0.000117949	0.993724	0.995665	0.995666
12.825	0.000765623	0.000116876	0.000116874	0.993744	0.995668	0.995669
12.85	0.000742877	0.000116036	0.000116035	0.993762	0.995671	0.995672
12.875	0.000726065	0.00011537	0.000115369	0.99378	0.995674	0.995674
12.9	0.000711056	0.000114709	0.000114708	0.993798	0.995677	0.995677
12.925	0.000692995	0.000113856	0.000113856	0.993815	0.99568	0.99568
12.95	0.000670392	0.000112757	0.000112757	0.993832	0.995682	0.995683
12.975	0.000646094	0.000111549	0.000111549	0.993848	0.995685	0.995686
13	0.000623516	0.00011039	0.00011039	0.993864	0.995688	0.995689
13.025	0.000604246	0.000109355	0.000109355	0.993879	0.995691	0.995691
13.05	0.000588486	0.000108452	0.000108452	0.993894	0.995693	0.995694
13.075	0.000575977	0.00010767	0.00010767	0.993908	0.995696	0.995697
13.1	0.000566492	0.000106994	0.000106995	0.993922	0.995699	0.995699
13.125	0.000559982	0.000106418	0.000106419	0.993936	0.995702	0.995702
13.15	0.000556526	0.000105939	0.00010594	0.99395	0.995704	0.995705
13.175	0.000556041	0.000105551	0.000105552	0.993964	0.995707	0.995707
13.2	0.00055762	0.000105231	0.000105232	0.993978	0.995709	0.99571
13.225	0.000558808	0.00010492	0.00010492	0.993992	0.995712	0.995713
13.25	0.000556423	0.000104542	0.000104542	0.994006	0.995715	0.995715
13.275	0.000549444	0.000104079	0.000104078	0.99402	0.995717	0.995718
13.3	0.000539679	0.000103577	0.000103576	0.994033	0.99572	0.99572
13.325	0.000528853	0.000103062	0.000103061	0.994046	0.995722	0.995723
13.35	0.000516814	0.000102489	0.000102488	0.994059	0.995725	0.995726
13.375	0.000502844	0.000101807	0.000101806	0.994072	0.995728	0.995728
13.4	0.000487734	0.000101046	0.000101046	0.994084	0.99573	0.995731
13.425	0.000473254	0.000100286	0.000100286	0.994096	0.995733	0.995733
13.45	0.000460527	9.95803e-05	9.95802e-05	0.994107	0.995735	0.995736
13.475	0.00044976	9.89411e-05	9.89411e-05	0.994119	0.995738	0.995738
13.5	0.00044074	9.83629e-05	9.8363e-05	0.99413	0.99574	0.995741
13.525	0.000433188	9.78356e-05	9.78358e-05	0.99414	0.995742	0.995743
13.55	0.000426894	9.73507e-05	9.73509e-05	0.994151	0.995745	0.995745
13.575	0.000421735	9.69026e-05	9.6903e-05	0.994162	0.995747	0.995748
13.6	0.000417632	9.64875e-05	9.64879e-05	0.994172	0.99575	0.99575
13.625	0.00041443	9.61002e-05	9.61007e-05	0.994182	0.995752	0.995753
13.65	0.000411669	9.57288e-05	9.57293e-05	0.994193	0.995755	0.995755
13.675	0.000408494	9.53527e-05	9.5353e-05	0.994203	0.995757	0.995757
13.7	0.000404165	9.4954e-05	9.4954e-05	0.994213	0.995759	0.99576
13.725	0.000398825	9.45371e-05	9.45369e-05	0.994223	0.995762	0.995762
13.75	0.000393218	9.41217e-05	9.41214e-05	0.994233	0.995764	0.995765
13.775	0.000387887	9.37234e-05	9.37232e-05	0.994243	0.995766	0.995767
13.8	0.000383075	9.33487e-05	9.33485e-05	0.994252	0.995769	0.995769
13.825	0.000378861	9.29965e-05	9.29964e-05	0.994262	0.995771	0.995772
13.85	0.000375025	9.26546e-05	9.26545e-05	0.994271	0.995773	0.995774
13.875	0.000370988	9.22993e-05	9.22992e-05	0.99428	0.995776	0.995776
13.9	0.000366268	9.19122e-05	9.19121e-05	0.994289	0.995778	0.995778
13.925	0.000360999	9.14998e-05	9.14998e-05	0.994298	0.99578	0.995781
13.95	0.000355705	9.10841e-05	9.10841e-05	0.994307	0.995782	0.995783
13.975	0.000350758	9.06804e-05	9.06804e-05	0.994316	0.995785	0.995785
14	0.000346263	9.02937e-05	9.02937e-05	0.994325	0.995787	0.995788
14.025	0.000342187	8.99228e-05	8.99228e-05	0.994333	0.995789	0.99579
14.05	0.000338468	8.95655e-05	8.95655e-05	0.994342	0.995791	0.995792
14.075	0.000335049	8.92195e-05	8.92196e-05	0.99435	0.995794	0.995794
14.1	0.000331896	8.88834e-05	8.88835e-05	0.994358	0.995796	0.995796
14.125	0.000328992	8.85564e-05	8.85564e-05	0.994367	0.995798	0.995799
14.15	0.000326333	8.82379e-05	8.8238e-05	0.994375	0.9958	0.995801
14.175	0.000323914	8.79277e-05	8.79278e-05	0.994383	0.995803	0.995803
14.2	0.000321687	8.76246e-05	8.76247e-05	0.994391	0.995805	0.995805
14.225	0.000319528	8.7326e-05	8.73261e-05	0.994399	0.995807	0.995807
14.25	0.000317274	8.70283e-05	8.70283e-05	0.994407	0.995809	0.99581
14.275	0.000314888	8.67309e-05	8.67308e-05	0.994415	0.995811	0.995812
14.3	0.000312496	8.64363e-05	8.64363e-05	0.994423	0.995813	0.995814
14.325	0.000310169	8.61455e-05	8.61455e-05	0.99443	0.995816	0.995816
14.35	0.000307767	8.58531e-05	8.5853e-05	0.994438	0.995818	0.995818
14.375	0.000305059	8.55512e-05	8.55512e-05	0.994446	0.99582	0.99582
14.4	0.000302025	8.52391e-05	8.52391e-05	0.994453	0.995822	0.995823
14.425	0.000298885	8.49238e-05	8.49237e-05	0.994461	0.995824	0.995825
14.45	0.000295851	8.46123e-05	8.46123e-05	0.994468	0.995826	0.995827
14.475	0.000293007	8.43077e-05	8.43077e-05	0.994475	0.995828	0.995829
14.5	0.000290354	8.40101e-05	8.40101e-05	0.994483	0.99583	0.995831
14.525	0.000287861	8.37186e-05	8.37186e-05	0.99449	0.995833	0.995833
14.55	0.000285499	8.34323e-05	8.34323e-05	0.994497	0.995835	0.995835
14.575	0.000283244	8.31503e-05	8.31503e-05	0.994504	0.995837	0.995837
14.6	0.000281078	8.28721e-05	8.28721e-05	0.994511	0.995839	0.995839
14.625	0.00027899	8.25973e-05	8.25973e-05	0.994518	0.995841	0.995841
14.65	0.000276971	8.23256e-05	8.23256e-05	0.994525	0.995843	0.995843
14.675	0.000275019	8.20568e-05	8.20568e-05	0.994532	0.995845	0.995845
14.7	0.00027313	8.17909e-05	8.17909e-05	0.994539	0.995847	0.995848
14.725	0.000271309	8.15278e-05	8.15278e-05	0.994545	0.995849	0.99585
14.75	0.000269558	8.12676e-05	8.12676e-05	0.994552	0.995851	0.995852
14.775	0.000267887	8.10103e-05	8.10104e-05	0.994559	0.995853	0.995854
14.8	0.000266307	8.07563e-05	8.07564e-05	0.994566	0.995855	0.995856
14.825	0.000264829	8.05058e-05	8.05058e-05	0.994572	0.995857	0.995858
14.85	0.000263451	8.02587e-05	8.02588e-05	0.994579	0.995859	0.99586
14.875	0.000262133	8.00145e-05	8.00145e-05	0.994585	0.995861	0.995862
14.9	0.000260775	7.97712e-05	7.97713e-05	0.994592	0.995863	0.995864
14.925	0.000259256	7.95262e-05	7.95262e-05	0.994598	0.995865	0.995866
14.95	0.000257533	7.92777e-05	7.92777e-05	0.994605	0.995867	0.995868
14.975	0.000255688	7.9027e-05	7.9027e-05	0.994611	0.995869	0.99587
15	0.000253846	7.87769e-05	7.87768e-05	0.994618	0.995871	0.995872
