w	up_1	up_2	up_3	down_1	down_2	down_3	cumul_up_1	cumul_up_2	cumul_up_3	cumul_down_1	cumul_down_2	cumul_down_3	
-25	0.00072005	0.000310706	0.000310689	8.57696e-05	5.68524e-05	5.68524e-05	0	0	0	0	0	0
-24.95	0.000705361	0.000312323	0.000312301	8.61123e-05	5.70283e-05	5.70283e-05	3.52681e-05	1.56162e-05	1.56151e-05	4.30562e-06	2.85142e-06	2.85142e-06
-24.9	0.00069912	0.000314245	0.000314215	8.64575e-05	5.72051e-05	5.72051e-05	7.0224e-05	3.13284e-05	3.13258e-05	8.62849e-06	5.71167e-06	5.71167e-06
-24.85	0.000703197	0.00031656	0.000316519	8.6805e-05	5.73828e-05	5.73828e-05	0.000105384	4.71564e-05	4.71518e-05	1.29687e-05	8.58081e-06	8.58081e-06
-24.8	0.000717978	0.000319291	0.000319236	8.71544e-05	5.75613e-05	5.75613e-05	0.000141283	6.31209e-05	6.31136e-05	1.73265e-05	1.14589e-05	1.14589e-05
-24.75	0.000743959	0.00032246	0.000322387	8.75056e-05	5.77407e-05	5.77407e-05	0.000178481	7.9244e-05	7.92329e-05	2.17017e-05	1.43459e-05	1.43459e-05
-24.7	0.000782069	0.000326098	0.000326002	8.78586e-05	5.7921e-05	5.7921e-05	0.000217584	9.55489e-05	9.5533e-05	2.60947e-05	1.7242e-05	1.7242e-05
-24.65	0.000832182	0.000330194	0.000330077	8.8214e-05	5.81021e-05	5.81021e-05	0.000259193	0.000112059	0.000112037	3.05054e-05	2.01471e-05	2.01471e-05
-24.6	0.000889228	0.000334553	0.000334436	8.85719e-05	5.82841e-05	5.82841e-05	0.000303655	0.000128786	0.000128759	3.4934e-05	2.30613e-05	2.30613e-05
-24.55	0.00093866	0.000338646	0.00033857	8.89323e-05	5.8467e-05	5.8467e-05	0.000350588	0.000145719	0.000145687	3.93806e-05	2.59846e-05	2.59846e-05
-24.5	0.000960691	0.000341766	0.000341767	8.92949e-05	5.86507e-05	5.86507e-05	0.000398622	0.000162807	0.000162776	4.38453e-05	2.89172e-05	2.89172e-05
-24.45	0.000948816	0.000343699	0.00034377	8.96593e-05	5.88354e-05	5.88354e-05	0.000446063	0.000179992	0.000179964	4.83283e-05	3.18589e-05	3.18589e-05
-24.4	0.000917823	0.000344987	0.000345083	9.00254e-05	5.90209e-05	5.90209e-05	0.000491954	0.000197241	0.000197218	5.28296e-05	3.481e-05	3.481e-05
-24.35	0.000887053	0.000346308	0.000346397	9.03936e-05	5.92074e-05	5.92074e-05	0.000536307	0.000214557	0.000214538	5.73492e-05	3.77703e-05	3.77703e-05
-24.3	0.000866983	0.00034802	0.000348091	9.07643e-05	5.93948e-05	5.93948e-05	0.000579656	0.000231958	0.000231943	6.18875e-05	4.07401e-05	4.07401e-05
-24.25	0.000860181	0.000350203	0.000350257	9.11376e-05	5.9583e-05	5.9583e-05	0.000622665	0.000249468	0.000249455	6.64443e-05	4.37192e-05	4.37192e-05
-24.2	0.00086557	0.000352816	0.000352856	9.15135e-05	5.97723e-05	5.97723e-05	0.000665944	0.000267108	0.000267098	7.102e-05	4.67078e-05	4.67078e-05
-24.15	0.00088	0.00035577	0.000355799	9.18922e-05	5.99624e-05	5.99624e-05	0.000709944	0.000284897	0.000284888	7.56146e-05	4.9706e-05	4.9706e-05
-24.1	0.000897732	0.000358929	0.00035895	9.22735e-05	6.01535e-05	6.01535e-05	0.00075483	0.000302843	0.000302836	8.02283e-05	5.27136e-05	5.27136e-05
-24.05	0.000911573	0.000362137	0.000362154	9.26574e-05	6.03456e-05	6.03456e-05	0.000800409	0.00032095	0.000320943	8.48612e-05	5.57309e-05	5.57309e-05
-24	0.000918423	0.00036533	0.000365342	9.30439e-05	6.05386e-05	6.05386e-05	0.00084633	0.000339217	0.00033921	8.95134e-05	5.87578e-05	5.87578e-05
-23.95	0.000922256	0.000368587	0.000368597	9.34331e-05	6.07325e-05	6.07325e-05	0.000892443	0.000357646	0.00035764	9.4185e-05	6.17945e-05	6.17945e-05
-23.9	0.000929129	0.00037204	0.000372048	9.38249e-05	6.09274e-05	6.09274e-05	0.000938899	0.000376248	0.000376243	9.88763e-05	6.48408e-05	6.48408e-05
-23.85	0.000942552	0.00037577	0.000375776	9.42194e-05	6.11233e-05	6.11233e-05	0.000986027	0.000395037	0.000395031	0.000103587	6.7897e-05	6.7897e-05
-23.8	0.000963261	0.000379797	0.000379801	9.46166e-05	6.13202e-05	6.13202e-05	0.00103419	0.000414026	0.000414021	0.000108318	7.0963e-05	7.0963e-05
-23.75	0.000989806	0.000384062	0.000384065	9.50166e-05	6.15181e-05	6.15181e-05	0.00108368	0.00043323	0.000433225	0.000113069	7.40389e-05	7.40389e-05
-23.7	0.00101824	0.000388394	0.000388396	9.54194e-05	6.17169e-05	6.17169e-05	0.00113459	0.000452649	0.000452644	0.00011784	7.71248e-05	7.71248e-05
-23.65	0.00104311	0.000392542	0.000392543	9.58249e-05	6.19168e-05	6.19168e-05	0.00118675	0.000472276	0.000472272	0.000122631	8.02206e-05	8.02206e-05
-23.6	0.00106192	0.000396397	0.000396397	9.62333e-05	6.21176e-05	6.21176e-05	0.00123984	0.000492096	0.000492092	0.000127443	8.33265e-05	8.33265e-05
-23.55	0.00107776	0.00040012	0.00040012	9.66447e-05	6.23195e-05	6.23195e-05	0.00129373	0.000512102	0.000512098	0.000132275	8.64425e-05	8.64425e-05
-23.5	0.00109541	0.000403955	0.000403954	9.7059e-05	6.25224e-05	6.25224e-05	0.0013485	0.0005323	0.000532295	0.000137128	8.95686e-05	8.95686e-05
-23.45	0.0011176	0.00040804	0.000408039	9.74766e-05	6.27263e-05	6.27263e-05	0.00140438	0.000552702	0.000552697	0.000142002	9.27049e-05	9.27049e-05
-23.4	0.00114504	0.000412414	0.000412412	9.78975e-05	6.29313e-05	6.29313e-05	0.00146163	0.000573323	0.000573318	0.000146897	9.58515e-05	9.58515e-05
-23.35	0.00117759	0.000417075	0.000417072	9.83218e-05	6.31373e-05	6.31373e-05	0.00152051	0.000594176	0.000594171	0.000151813	9.90083e-05	9.90083e-05
-23.3	0.00121495	0.000422011	0.000422007	9.875e-05	6.33444e-05	6.33444e-05	0.00158126	0.000615277	0.000615272	0.00015675	0.000102176	0.000102176
-23.25	0.00125698	0.000427217	0.000427212	9.91822e-05	6.35525e-05	6.35526e-05	0.00164411	0.000636638	0.000636632	0.000161709	0.000105353	0.000105353
-23.2	0.00130366	0.000432695	0.000432689	9.96188e-05	6.37618e-05	6.37618e-05	0.00170929	0.000658273	0.000658267	0.00016669	0.000108541	0.000108541
-23.15	0.00135513	0.000438456	0.000438448	0.00010006	6.39721e-05	6.39721e-05	0.00177705	0.000680195	0.000680189	0.000171693	0.00011174	0.00011174
-23.1	0.00141166	0.000444514	0.000444504	0.000100503	6.41835e-05	6.41835e-05	0.00184763	0.000702421	0.000702414	0.000176718	0.000114949	0.000114949
-23.05	0.00147359	0.000450889	0.000450878	0.000100947	6.43959e-05	6.43959e-05	0.00192131	0.000724966	0.000724958	0.000181766	0.000118169	0.000118169
-23	0.00154135	0.000457608	0.000457596	0.000101389	6.46094e-05	6.46094e-05	0.00199838	0.000747846	0.000747838	0.000186835	0.000121399	0.000121399
-22.95	0.00161552	0.000464703	0.00046469	0.00010183	6.4824e-05	6.4824e-05	0.00207916	0.000771081	0.000771073	0.000191927	0.000124641	0.000124641
-22.9	0.00169686	0.000472215	0.000472202	0.000102273	6.50396e-05	6.50396e-05	0.002164	0.000794692	0.000794683	0.00019704	0.000127892	0.000127892
-22.85	0.00178635	0.000480196	0.000480183	0.000102718	6.52564e-05	6.52564e-05	0.00225332	0.000818702	0.000818692	0.000202176	0.000131155	0.000131155
-22.8	0.00188519	0.000488706	0.000488693	0.000103168	6.54743e-05	6.54743e-05	0.00234758	0.000843137	0.000843127	0.000207335	0.000134429	0.000134429
-22.75	0.00199469	0.000497816	0.000497801	0.000103623	6.56934e-05	6.56934e-05	0.00244731	0.000868028	0.000868017	0.000212516	0.000137714	0.000137714
-22.7	0.00211644	0.000507607	0.000507591	0.000104082	6.59136e-05	6.59136e-05	0.00255313	0.000893408	0.000893396	0.00021772	0.000141009	0.000141009
-22.65	0.00225231	0.000518179	0.000518161	0.000104546	6.6135e-05	6.6135e-05	0.00266575	0.000919317	0.000919304	0.000222947	0.000144316	0.000144316
-22.6	0.00240456	0.000529652	0.00052963	0.000105013	6.63576e-05	6.63576e-05	0.00278598	0.0009458	0.000945786	0.000228198	0.000147634	0.000147634
-22.55	0.00257596	0.00054217	0.000542144	0.000105485	6.65813e-05	6.65813e-05	0.00291477	0.000972908	0.000972893	0.000233472	0.000150963	0.000150963
-22.5	0.00276986	0.000555911	0.00055588	0.000105961	6.68062e-05	6.68062e-05	0.00305327	0.0010007	0.00100069	0.00023877	0.000154303	0.000154303
-22.45	0.00299045	0.000571095	0.000571058	0.00010644	6.70323e-05	6.70323e-05	0.00320279	0.00102926	0.00102924	0.000244092	0.000157655	0.000157655
-22.4	0.00324291	0.000587995	0.000587949	0.000106924	6.72597e-05	6.72597e-05	0.00336493	0.00105866	0.00105864	0.000249438	0.000161018	0.000161018
-22.35	0.00353374	0.000606952	0.000606896	0.000107412	6.74882e-05	6.74882e-05	0.00354162	0.00108901	0.00108898	0.000254809	0.000164392	0.000164392
-22.3	0.0038712	0.000628403	0.000628332	0.000107905	6.7718e-05	6.7718e-05	0.00373518	0.00112043	0.0011204	0.000260204	0.000167778	0.000167778
-22.25	0.00426585	0.000652903	0.000652814	0.000108402	6.7949e-05	6.7949e-05	0.00394847	0.00115307	0.00115304	0.000265624	0.000171176	0.000171176
-22.2	0.00473139	0.000681176	0.000681063	0.000108904	6.81812e-05	6.81812e-05	0.00418504	0.00118713	0.00118709	0.00027107	0.000174585	0.000174585
-22.15	0.0052858	0.000714171	0.000714025	0.000109411	6.84147e-05	6.84147e-05	0.00444933	0.00122284	0.00122279	0.00027654	0.000178006	0.000178006
-22.1	0.00595293	0.000753152	0.000752961	0.000109925	6.86495e-05	6.86495e-05	0.00474698	0.0012605	0.00126044	0.000282036	0.000181438	0.000181438
-22.05	0.00676493	0.000799822	0.000799568	0.000110446	6.88856e-05	6.88856e-05	0.00508523	0.00130049	0.00130042	0.000287559	0.000184882	0.000184882
-22	0.00776569	0.000856512	0.000856171	0.000110976	6.91231e-05	6.91231e-05	0.00547351	0.00134331	0.00134323	0.000293107	0.000188338	0.000188338
-21.95	0.00901592	0.00092645	0.000925985	0.000111514	6.93619e-05	6.93619e-05	0.00592431	0.00138964	0.00138953	0.000298683	0.000191807	0.000191807
-21.9	0.0106005	0.00101416	0.00101352	0.000112063	6.9602e-05	6.9602e-05	0.00645433	0.00144034	0.0014402	0.000304286	0.000195287	0.000195287
-21.85	0.0126394	0.00112602	0.00112512	0.000112619	6.98435e-05	6.98435e-05	0.0070863	0.00149664	0.00149646	0.000309917	0.000198779	0.000198779
-21.8	0.015302	0.00127107	0.00126981	0.000113178	7.00862e-05	7.00862e-05	0.0078514	0.0015602	0.00155995	0.000315576	0.000202283	0.000202283
-21.75	0.0188253	0.00146188	0.00146014	0.000113734	7.03301e-05	7.03301e-05	0.00879267	0.00163329	0.00163296	0.000321263	0.0002058	0.0002058
-21.7	0.0235234	0.00171499	0.00171265	0.000114287	7.05752e-05	7.05752e-05	0.00996884	0.00171904	0.00171859	0.000326977	0.000209328	0.000209328
-21.65	0.0297531	0.00204853	0.00204573	0.000114838	7.08216e-05	7.08216e-05	0.0114565	0.00182147	0.00182088	0.000332719	0.000212869	0.000212869
-21.6	0.0377393	0.00247181	0.00246935	0.000115388	7.10693e-05	7.10694e-05	0.0133435	0.00194506	0.00194434	0.000338488	0.000216423	0.000216423
-21.55	0.0471016	0.00295827	0.00295819	0.000115931	7.13184e-05	7.13184e-05	0.0156985	0.00209297	0.00209225	0.000344285	0.000219989	0.000219989
-21.5	0.0561036	0.00340618	0.00341106	0.000116463	7.15686e-05	7.15686e-05	0.0185037	0.00226328	0.00226281	0.000350108	0.000223567	0.000223567
-21.45	0.0615523	0.00364352	0.00365376	0.000116985	7.18201e-05	7.18201e-05	0.0215813	0.00244546	0.00244549	0.000355957	0.000227158	0.000227158
-21.4	0.060807	0.00355071	0.00356341	0.000117508	7.2073e-05	7.20729e-05	0.0246217	0.00262299	0.00262367	0.000361833	0.000230762	0.000230762
-21.35	0.0543801	0.00318802	0.0031996	0.000118041	7.23272e-05	7.23272e-05	0.0273407	0.00278239	0.00278365	0.000367735	0.000234378	0.000234378
-21.3	0.0453645	0.00272875	0.00273725	0.000118586	7.25831e-05	7.2583e-05	0.0296089	0.00291883	0.00292051	0.000373664	0.000238007	0.000238007
-21.25	0.0366538	0.00230838	0.00231333	0.000119144	7.28404e-05	7.28403e-05	0.0314416	0.00303425	0.00303617	0.000379621	0.000241649	0.000241649
-21.2	0.0295824	0.00197862	0.00198012	0.000119713	7.30993e-05	7.30992e-05	0.0329207	0.00313318	0.00313518	0.000385607	0.000245304	0.000245304
-21.15	0.0243348	0.00174079	0.0017389	0.000120295	7.33597e-05	7.33597e-05	0.0341375	0.00322022	0.00322213	0.000391622	0.000248972	0.000248972
-21.1	0.0206596	0.00158036	0.0015749	0.000120889	7.36217e-05	7.36217e-05	0.0351704	0.00329924	0.00330087	0.000397666	0.000252654	0.000252654
-21.05	0.0182555	0.00148287	0.00147331	0.000121494	7.38853e-05	7.38853e-05	0.0360832	0.00337338	0.00337454	0.000403741	0.000256348	0.000256348
-21	0.0168927	0.00143808	0.0014237	0.000122114	7.41505e-05	7.41505e-05	0.0369279	0.00344529	0.00344572	0.000409847	0.000260055	0.000260055
-20.95	0.0164122	0.00143886	0.00141928	0.000122748	7.44174e-05	7.44174e-05	0.0377485	0.00351723	0.00351668	0.000415984	0.000263776	0.000263776
-20.9	0.0166494	0.00147618	0.00145279	0.000123395	7.4686e-05	7.4686e-05	0.0385809	0.00359104	0.00358932	0.000422154	0.00026751	0.00026751
-20.85	0.0172912	0.00153019	0.00150835	0.000124044	7.4956e-05	7.4956e-05	0.0394455	0.00366755	0.00366474	0.000428356	0.000271258	0.000271258
-20.8	0.0177797	0.00156615	0.00155481	0.000124679	7.52271e-05	7.52271e-05	0.0403345	0.00374586	0.00374248	0.00043459	0.00027502	0.00027502
-20.75	0.0175753	0.00155467	0.0015588	0.000125289	7.54993e-05	7.54993e-05	0.0412132	0.00382359	0.00382042	0.000440854	0.000278795	0.000278795
-20.7	0.0166628	0.00150191	0.00151682	0.000125882	7.57725e-05	7.57725e-05	0.0420464	0.00389868	0.00389626	0.000447148	0.000282583	0.000282583
-20.65	0.0154734	0.00143931	0.00145679	0.000126476	7.60473e-05	7.60473e-05	0.0428201	0.00397065	0.0039691	0.000453472	0.000286386	0.000286386
-20.6	0.0143558	0.00139072	0.00140601	0.000127083	7.63237e-05	7.63237e-05	0.0435378	0.00404019	0.0040394	0.000459826	0.000290202	0.000290202
-20.55	0.0134518	0.00136474	0.00137661	0.000127705	7.66019e-05	7.66019e-05	0.0442104	0.00410842	0.00410823	0.000466212	0.000294032	0.000294032
-20.5	0.0128091	0.0013599	0.0013687	0.000128344	7.68819e-05	7.68819e-05	0.0448509	0.00417642	0.00417667	0.000472629	0.000297876	0.000297876
-20.45	0.0123089	0.00136197	0.0013684	0.000129	7.71637e-05	7.71637e-05	0.0454663	0.00424452	0.00424509	0.000479079	0.000301734	0.000301734
-20.4	0.0116434	0.00134558	0.00135025	0.000129672	7.74473e-05	7.74473e-05	0.0460485	0.0043118	0.0043126	0.000485562	0.000305606	0.000305606
-20.35	0.0106056	0.00129556	0.00129893	0.000130362	7.77327e-05	7.77327e-05	0.0465788	0.00437657	0.00437755	0.000492081	0.000309493	0.000309493
-20.3	0.00933255	0.00122345	0.00122584	0.000131073	7.80199e-05	7.802e-05	0.0470454	0.00443775	0.00443884	0.000498634	0.000313394	0.000313394
-20.25	0.00810494	0.00115142	0.00115303	0.000131808	7.83091e-05	7.83091e-05	0.0474507	0.00449532	0.00449649	0.000505225	0.00031731	0.00031731
-20.2	0.00708665	0.00109257	0.00109354	0.000132572	7.86002e-05	7.86002e-05	0.047805	0.00454995	0.00455117	0.000511853	0.00032124	0.00032124
-20.15	0.00630583	0.00104967	0.00105009	0.000133361	7.88933e-05	7.88933e-05	0.0481203	0.00460243	0.00460367	0.000518521	0.000325184	0.000325184
-20.1	0.00572911	0.00102079	0.00102071	0.000134155	7.91881e-05	7.91881e-05	0.0484067	0.00465347	0.00465471	0.000525229	0.000329144	0.000329144
-20.05	0.0053114	0.001003	0.00100246	0.000134918	7.94843e-05	7.94843e-05	0.0486723	0.00470362	0.00470483	0.000531975	0.000333118	0.000333118
-20	0.00501739	0.000993933	0.000992969	0.000135615	7.97815e-05	7.97814e-05	0.0489232	0.00475332	0.00475448	0.000538756	0.000337107	0.000337107
-19.95	0.00482738	0.000992184	0.000990818	0.000136255	8.00797e-05	8.00796e-05	0.0491645	0.00480292	0.00480402	0.000545568	0.000341111	0.000341111
-19.9	0.00473344	0.000997185	0.000995371	0.000136878	8.03795e-05	8.03794e-05	0.0494012	0.00485278	0.00485379	0.000552412	0.00034513	0.00034513
-19.85	0.0047347	0.00100893	0.00100654	0.000137521	8.06812e-05	8.06811e-05	0.049638	0.00490323	0.00490412	0.000559288	0.000349164	0.000349164
-19.8	0.00483668	0.0010279	0.00102475	0.000138199	8.09852e-05	8.09851e-05	0.0498798	0.00495463	0.00495535	0.000566198	0.000353213	0.000353213
-19.75	0.00505308	0.00105521	0.001051	0.000138913	8.12914e-05	8.12913e-05	0.0501324	0.00500739	0.0050079	0.000573144	0.000357278	0.000357278
-19.7	0.0054081	0.00109274	0.00108706	0.000139658	8.15998e-05	8.15998e-05	0.0504028	0.00506202	0.00506226	0.000580127	0.000361358	0.000361358
-19.65	0.00593853	0.00114325	0.00113556	0.000140421	8.19102e-05	8.19102e-05	0.0506998	0.00511918	0.00511903	0.000587148	0.000365453	0.000365453
-19.6	0.00669326	0.00121031	0.0012	0.000141177	8.22221e-05	8.22221e-05	0.0510344	0.0051797	0.00517903	0.000594207	0.000369564	0.000369564
-19.55	0.00772235	0.00129728	0.00128397	0.000141908	8.25352e-05	8.25352e-05	0.0514206	0.00524456	0.00524323	0.000601302	0.000373691	0.000373691
-19.5	0.0090346	0.00140362	0.00138809	0.000142618	8.28495e-05	8.28495e-05	0.0518723	0.00531475	0.00531264	0.000608433	0.000377834	0.000377834
-19.45	0.0104986	0.00151699	0.00150274	0.000143327	8.31656e-05	8.31656e-05	0.0523972	0.0053906	0.00538777	0.000615599	0.000381992	0.000381992
-19.4	0.0117453	0.00160685	0.00160014	0.00014405	8.34837e-05	8.34837e-05	0.0529845	0.00547094	0.00546778	0.000622802	0.000386166	0.000386166
-19.35	0.0123107	0.00163949	0.00164437	0.000144792	8.3804e-05	8.3804e-05	0.0536	0.00555291	0.00555	0.000630042	0.000390356	0.000390356
-19.3	0.0120348	0.00161067	0.00162397	0.000145554	8.41265e-05	8.41265e-05	0.0542017	0.00563345	0.0056312	0.000637319	0.000394563	0.000394563
-19.25	0.0111302	0.00154561	0.00156095	0.000146332	8.44512e-05	8.44512e-05	0.0547583	0.00571073	0.00570925	0.000644636	0.000398785	0.000398785
-19.2	0.00990736	0.00147107	0.00148451	0.000147125	8.4778e-05	8.4778e-05	0.0552536	0.00578428	0.00578347	0.000651992	0.000403024	0.000403024
-19.15	0.00866156	0.0014048	0.0014153	0.000147933	8.5107e-05	8.5107e-05	0.0556867	0.00585452	0.00585424	0.000659389	0.000407279	0.000407279
-19.1	0.0076106	0.00135619	0.00136404	0.000148753	8.54381e-05	8.54381e-05	0.0560672	0.00592233	0.00592244	0.000666826	0.000411551	0.000411551
-19.05	0.0068422	0.00132773	0.00133354	0.000149588	8.57714e-05	8.57714e-05	0.0564093	0.00598872	0.00598912	0.000674306	0.00041584	0.00041584
-19	0.00635448	0.00131835	0.00132265	0.000150437	8.61068e-05	8.61068e-05	0.0567271	0.00605463	0.00605525	0.000681828	0.000420145	0.000420145
-18.95	0.0061157	0.00132629	0.0013295	0.0001513	8.64444e-05	8.64445e-05	0.0570329	0.00612095	0.00612172	0.000689393	0.000424467	0.000424467
-18.9	0.00609085	0.00135015	0.00135257	0.000152177	8.67842e-05	8.67843e-05	0.0573374	0.00618846	0.00618935	0.000697002	0.000428807	0.000428807
-18.85	0.00624027	0.00138829	0.00139013	0.000153063	8.71262e-05	8.71263e-05	0.0576494	0.00625787	0.00625886	0.000704655	0.000433163	0.000433163
-18.8	0.00650609	0.00143698	0.00143837	0.000153954	8.74704e-05	8.74705e-05	0.0579747	0.00632972	0.00633078	0.000712352	0.000437537	0.000437537
-18.75	0.00678925	0.00148709	0.00148815	0.000154854	8.78168e-05	8.7817e-05	0.0583142	0.00640407	0.00640518	0.000720095	0.000441927	0.000441927
-18.7	0.00693595	0.00152291	0.00152368	0.000155768	8.81656e-05	8.81657e-05	0.058661	0.00648022	0.00648137	0.000727883	0.000446336	0.000446336
-18.65	0.00682812	0.00153214	0.00153268	0.0001567	8.85167e-05	8.85168e-05	0.0590024	0.00655683	0.006558	0.000735718	0.000450761	0.000450762
-18.6	0.00652131	0.0015201	0.00152042	0.000157648	8.88701e-05	8.88703e-05	0.0593284	0.00663283	0.00663402	0.000743601	0.000455205	0.000455205
-18.55	0.00618547	0.00150362	0.00150371	0.000158598	8.92257e-05	8.92259e-05	0.0596377	0.00670801	0.00670921	0.000751531	0.000459666	0.000459666
-18.5	0.00594918	0.00149532	0.00149518	0.000159531	8.95833e-05	8.95833e-05	0.0599352	0.00678278	0.00678397	0.000759507	0.000464145	0.000464145
-18.45	0.0058635	0.00149995	0.00149962	0.000160443	8.99428e-05	8.99427e-05	0.0602284	0.00685778	0.00685895	0.000767529	0.000468643	0.000468643
-18.4	0.00594035	0.00151822	0.00151772	0.000161348	9.03043e-05	9.03042e-05	0.0605254	0.00693369	0.00693484	0.000775597	0.000473158	0.000473158
-18.35	0.00618116	0.00154974	0.00154908	0.000162264	9.06682e-05	9.06681e-05	0.0608344	0.00701117	0.00701229	0.00078371	0.000477691	0.000477691
-18.3	0.00657791	0.0015936	0.00159277	0.000163202	9.10346e-05	9.10346e-05	0.0611633	0.00709085	0.00709193	0.00079187	0.000482243	0.000482243
-18.25	0.0070871	0.00164711	0.00164607	0.000164162	9.14037e-05	9.14037e-05	0.0615177	0.00717321	0.00717423	0.000800078	0.000486813	0.000486813
-18.2	0.00758967	0.00170363	0.00170231	0.000165145	9.17754e-05	9.17754e-05	0.0618972	0.00725839	0.00725935	0.000808336	0.000491402	0.000491402
-18.15	0.00791246	0.00175381	0.00175216	0.000166148	9.21497e-05	9.21497e-05	0.0622928	0.00734608	0.00734696	0.000816643	0.000496009	0.000496009
-18.1	0.00797906	0.00179391	0.00179183	0.000167169	9.25266e-05	9.25266e-05	0.0626917	0.00743578	0.00743655	0.000825001	0.000500636	0.000500636
-18.05	0.00790217	0.00183052	0.0018279	0.0001682	9.2906e-05	9.2906e-05	0.0630869	0.0075273	0.00752794	0.000833411	0.000505281	0.000505281
-18	0.00785448	0.00187353	0.00187016	0.000169236	9.32877e-05	9.32877e-05	0.0634796	0.00762098	0.00762145	0.000841873	0.000509945	0.000509945
-17.95	0.00794419	0.00192973	0.00192538	0.000170273	9.36717e-05	9.36717e-05	0.0638768	0.00771747	0.00771772	0.000850387	0.000514629	0.000514629
-17.9	0.00821851	0.00200342	0.00199771	0.000171317	9.40582e-05	9.40582e-05	0.0642877	0.00781764	0.0078176	0.000858953	0.000519332	0.000519332
-17.85	0.00870258	0.00209838	0.0020908	0.000172376	9.44473e-05	9.44473e-05	0.0647228	0.00792256	0.00792214	0.000867571	0.000524054	0.000524054
-17.8	0.00942465	0.00221929	0.00220908	0.000173451	9.48391e-05	9.48391e-05	0.0651941	0.00803352	0.0080326	0.000876244	0.000528796	0.000528796
-17.75	0.0104303	0.00237286	0.00235895	0.000174546	9.52337e-05	9.52337e-05	0.0657156	0.00815216	0.00815055	0.000884971	0.000533558	0.000533558
-17.7	0.0117913	0.00256873	0.0025497	0.000175658	9.56312e-05	9.56312e-05	0.0663052	0.0082806	0.00827803	0.000893754	0.000538339	0.000538339
-17.65	0.0136084	0.0028198	0.00279398	0.000176789	9.60314e-05	9.60314e-05	0.0669856	0.00842159	0.00841773	0.000902594	0.000543141	0.000543141
-17.6	0.0159996	0.00314036	0.00310668	0.000177939	9.64345e-05	9.64345e-05	0.0677856	0.00857861	0.00857306	0.000911491	0.000547963	0.000547963
-17.55	0.0190385	0.00353786	0.00349851	0.000179107	9.68405e-05	9.68405e-05	0.0687375	0.0087555	0.00874799	0.000920446	0.000552805	0.000552805
-17.5	0.0225953	0.00399237	0.00395795	0.000180294	9.72494e-05	9.72494e-05	0.0698672	0.00895512	0.00894589	0.000929461	0.000557667	0.000557667
-17.45	0.0261149	0.00443178	0.00442408	0.0001815	9.76612e-05	9.76612e-05	0.071173	0.00917671	0.00916709	0.000938536	0.00056255	0.00056255
-17.4	0.0287255	0.00475486	0.00479279	0.000182727	9.8076e-05	9.8076e-05	0.0726093	0.00941445	0.00940673	0.000947672	0.000567454	0.000567454
-17.35	0.030014	0.00492957	0.00500558	0.000183971	9.84937e-05	9.84937e-05	0.07411	0.00966093	0.00965701	0.000956871	0.000572379	0.000572379
-17.3	0.0304548	0.00502422	0.00511097	0.000185229	9.89145e-05	9.89145e-05	0.0756327	0.00991214	0.00991256	0.000966132	0.000577325	0.000577325
-17.25	0.0305792	0.00509312	0.00516963	0.000186501	9.93383e-05	9.93383e-05	0.0771617	0.0101668	0.010171	0.000975457	0.000582291	0.000582291
-17.2	0.0302827	0.00510532	0.00516439	0.000187789	9.97651e-05	9.97651e-05	0.0786758	0.0104221	0.0104293	0.000984846	0.00058728	0.00058728
-17.15	0.0293559	0.00502514	0.00506715	0.000189098	0.000100195	0.000100195	0.0801436	0.0106733	0.0106826	0.000994301	0.000592289	0.000592289
-17.1	0.0282057	0.00490366	0.00493111	0.000190431	0.000100628	0.000100628	0.0815539	0.0109185	0.0109292	0.00100382	0.000597321	0.000597321
-17.05	0.0275797	0.00483703	0.00485233	0.000191789	0.000101065	0.000101065	0.0829329	0.0111604	0.0111718	0.00101341	0.000602374	0.000602374
-17	0.0280084	0.00489195	0.0048967	0.000193174	0.000101505	0.000101505	0.0843333	0.011405	0.0114166	0.00102307	0.000607449	0.000607449
-16.95	0.0297237	0.00509618	0.00509103	0.000194586	0.000101948	0.000101948	0.0858195	0.0116598	0.0116712	0.0010328	0.000612547	0.000612547
-16.9	0.0327494	0.00545385	0.00543851	0.000196027	0.000102394	0.000102394	0.0874569	0.0119325	0.0119431	0.0010426	0.000617666	0.000617666
-16.85	0.0368252	0.00594412	0.00591747	0.000197498	0.000102845	0.000102845	0.0892982	0.0122297	0.012239	0.00105248	0.000622809	0.000622809
-16.8	0.0412318	0.00651003	0.00647019	0.000199001	0.000103298	0.000103298	0.0913598	0.0125552	0.0125625	0.00106243	0.000627974	0.000627974
-16.75	0.0450426	0.00708659	0.00703087	0.000200536	0.000103756	0.000103756	0.0936119	0.0129095	0.012914	0.00107245	0.000633161	0.000633161
-16.7	0.0480836	0.00768743	0.00761193	0.000202107	0.000104217	0.000104217	0.0960161	0.0132939	0.0132946	0.00108256	0.000638372	0.000638372
-16.65	0.0514187	0.00843725	0.00833673	0.000203715	0.000104681	0.000104681	0.098587	0.0137157	0.0137115	0.00109274	0.000643606	0.000643606
-16.6	0.0565181	0.00948689	0.00935704	0.000205363	0.00010515	0.00010515	0.101413	0.0141901	0.0141793	0.00110301	0.000648864	0.000648864
-16.55	0.0642375	0.0109086	0.0107539	0.000207055	0.000105623	0.000105623	0.104625	0.0147355	0.014717	0.00111337	0.000654145	0.000654145
-16.5	0.0741955	0.0125979	0.0124459	0.000208792	0.0001061	0.0001061	0.108335	0.0153654	0.0153393	0.00112381	0.00065945	0.00065945
-16.45	0.0842635	0.0141808	0.0140886	0.000210581	0.000106581	0.000106581	0.112548	0.0160744	0.0160437	0.00113433	0.000664779	0.000664779
-16.4	0.0910038	0.0151161	0.0151373	0.000212423	0.000107066	0.000107066	0.117098	0.0168302	0.0168006	0.00114496	0.000670132	0.000670132
-16.35	0.0919949	0.0151027	0.0152368	0.000214326	0.000107556	0.000107556	0.121698	0.0175854	0.0175624	0.00115567	0.00067551	0.00067551
-16.3	0.0879755	0.0143582	0.0145531	0.000216293	0.00010805	0.00010805	0.126096	0.0183033	0.0182901	0.00116649	0.000680913	0.000680913
-16.25	0.0822186	0.0134184	0.0136163	0.000218333	0.00010855	0.00010855	0.130207	0.0189742	0.0189709	0.0011774	0.00068634	0.00068634
-16.2	0.0781307	0.0127621	0.0129289	0.000220453	0.000109054	0.000109054	0.134114	0.0196123	0.0196174	0.00118843	0.000691793	0.000691793
-16.15	0.0776072	0.0126284	0.0127548	0.000222662	0.000109564	0.000109564	0.137994	0.0202437	0.0202551	0.00119956	0.000697271	0.000697271
-16.1	0.0807911	0.0130291	0.0131187	0.00022497	0.000110079	0.000110079	0.142034	0.0208952	0.020911	0.00121081	0.000702775	0.000702775
-16.05	0.0862363	0.0137849	0.0138455	0.000227392	0.000110601	0.000110601	0.146346	0.0215844	0.0216033	0.00122218	0.000708305	0.000708305
-16	0.0912029	0.0145496	0.0145892	0.000229942	0.000111128	0.000111128	0.150906	0.0223119	0.0223328	0.00123367	0.000713861	0.000713861
-15.95	0.0926451	0.0149072	0.014932	0.000232639	0.000111663	0.000111663	0.155538	0.0230573	0.0230794	0.00124531	0.000719445	0.000719445
-15.9	0.0888316	0.0145856	0.0145995	0.000235507	0.000112204	0.000112205	0.15998	0.0237865	0.0238093	0.00125708	0.000725055	0.000725055
-15.85	0.0805217	0.0136597	0.0136643	0.000238575	0.000112754	0.000112755	0.164006	0.0244695	0.0244926	0.00126901	0.000730692	0.000730693
-15.8	0.0703904	0.0124925	0.0124877	0.00024188	0.000113313	0.000113314	0.167525	0.0250942	0.0251169	0.0012811	0.000736358	0.000736358
-15.75	0.0611322	0.0114622	0.0114474	0.000245473	0.000113882	0.000113883	0.170582	0.0256673	0.0256893	0.00129338	0.000742052	0.000742052
-15.7	0.0542374	0.0107864	0.0107602	0.000249415	0.000114463	0.000114464	0.173294	0.0262066	0.0262273	0.00130585	0.000747775	0.000747776
-15.65	0.0501209	0.0105395	0.0104986	0.000253787	0.000115058	0.000115059	0.1758	0.0267336	0.0267522	0.00131854	0.000753528	0.000753529
-15.6	0.0487418	0.0107382	0.0106755	0.000258693	0.000115668	0.00011567	0.178237	0.0272705	0.027286	0.00133147	0.000759312	0.000759312
-15.55	0.0500155	0.0113995	0.011299	0.000264247	0.000116298	0.0001163	0.180738	0.0278404	0.027851	0.00134468	0.000765127	0.000765127
-15.5	0.0539145	0.0125495	0.0123804	0.000270559	0.00011695	0.000116952	0.183433	0.0284679	0.02847	0.00135821	0.000770974	0.000770975
-15.45	0.0603504	0.0141884	0.0139118	0.000277687	0.000117627	0.000117627	0.186451	0.0291773	0.0291656	0.0013721	0.000776855	0.000776856
-15.4	0.068946	0.0162162	0.0158391	0.00028563	0.000118332	0.000118327	0.189898	0.0299882	0.0299575	0.00138638	0.000782772	0.000782772
-15.35	0.0787554	0.0183667	0.0180057	0.00029437	0.000119062	0.000119054	0.193836	0.0309065	0.0308578	0.0014011	0.000788725	0.000788725
-15.3	0.0879204	0.0202083	0.0200263	0.000303857	0.000119813	0.000119804	0.198232	0.0319169	0.0318591	0.00141629	0.000794716	0.000794715
-15.25	0.0938723	0.0212639	0.0213243	0.000313957	0.000120579	0.00012057	0.202926	0.0329801	0.0329254	0.00143199	0.000800745	0.000800744
-15.2	0.0948639	0.0213023	0.0215447	0.000324706	0.000121354	0.000121348	0.207669	0.0340452	0.0340026	0.00144822	0.000806812	0.000806811
-15.15	0.0910672	0.0204724	0.0207935	0.000336679	0.000122153	0.00012215	0.212222	0.0350688	0.0350423	0.00146506	0.00081292	0.000812919
-15.1	0.083532	0.0190299	0.0193476	0.000350899	0.000122999	0.000122999	0.216399	0.0360203	0.0360096	0.0014826	0.00081907	0.000819068
-15.05	0.0733764	0.0171854	0.0174555	0.000368662	0.000123923	0.000123927	0.220068	0.0368796	0.0368824	0.00150104	0.000825266	0.000825265
-15	0.0621683	0.0152121	0.0154211	0.000391636	0.000124965	0.000124973	0.223176	0.0376402	0.0376535	0.00152062	0.000831514	0.000831514
-14.95	0.0516511	0.0134139	0.0135648	0.000421907	0.000126175	0.000126189	0.225759	0.0383109	0.0383317	0.00154171	0.000837823	0.000837823
-14.9	0.0429326	0.0119815	0.0120834	0.000461917	0.000127614	0.000127634	0.227905	0.03891	0.0389359	0.00156481	0.000844204	0.000844205
-14.85	0.0362745	0.010958	0.0110197	0.000514297	0.000129352	0.00012938	0.229719	0.0394579	0.0394869	0.00159052	0.000850671	0.000850674
-14.8	0.0314522	0.0103044	0.0103317	0.000581499	0.000131465	0.000131501	0.231292	0.0399731	0.0400035	0.0016196	0.000857245	0.000857249
-14.75	0.0281367	0.00996663	0.00996206	0.000664559	0.000133998	0.000134039	0.232698	0.0404714	0.0405016	0.00165283	0.000863945	0.000863951
-14.7	0.0260794	0.00990709	0.00986955	0.000758423	0.000136859	0.000136892	0.234002	0.0409668	0.040995	0.00169075	0.000870788	0.000870795
-14.65	0.0251408	0.0101107	0.0100352	0.000844184	0.000139629	0.000139629	0.235259	0.0414723	0.0414968	0.00173296	0.000877769	0.000877777
-14.6	0.0252665	0.0105813	0.0104593	0.000891362	0.000141557	0.000141512	0.236523	0.0420014	0.0420198	0.00177752	0.000884847	0.000884852
-14.55	0.0264661	0.011336	0.0111577	0.000880993	0.000142046	0.00014197	0.237846	0.0425682	0.0425776	0.00182157	0.000891949	0.000891951
-14.5	0.0287557	0.0123856	0.0121471	0.000824645	0.000141231	0.00014115	0.239284	0.0431875	0.043185	0.00186281	0.000899011	0.000899008
-14.45	0.0319361	0.0136655	0.0133871	0.000751522	0.000139841	0.000139773	0.240881	0.0438707	0.0438544	0.00190038	0.000906003	0.000905997
-14.4	0.0351796	0.0149203	0.0146691	0.000682309	0.00013852	0.000138468	0.24264	0.0446167	0.0445878	0.0019345	0.000912929	0.00091292
-14.35	0.0369297	0.0157057	0.01558	0.000621547	0.000137505	0.000137468	0.244486	0.045402	0.0453668	0.00196558	0.000919804	0.000919794
-14.3	0.0359411	0.0157291	0.0157723	0.00056802	0.000136808	0.000136782	0.246283	0.0461885	0.0461554	0.00199398	0.000926644	0.000926633
-14.25	0.0326069	0.0151856	0.0153406	0.000522782	0.000136401	0.000136385	0.247913	0.0469478	0.0469225	0.00202012	0.000933464	0.000933452
-14.2	0.0284634	0.0145333	0.0147139	0.000487576	0.000136264	0.000136255	0.249337	0.0476744	0.0476582	0.00204449	0.000940278	0.000940265
-14.15	0.0246697	0.0140889	0.014246	0.000462402	0.000136363	0.000136359	0.25057	0.0483789	0.0483705	0.00206761	0.000947096	0.000947083
-14.1	0.0214718	0.0139415	0.0140627	0.000445978	0.000136658	0.00013666	0.251644	0.0490759	0.0490736	0.00208991	0.000953929	0.000953916
-14.05	0.018639	0.0140743	0.0141636	0.000436882	0.000137119	0.000137126	0.252576	0.0497797	0.0497818	0.00211176	0.000960785	0.000960772
-14	0.0160385	0.0144835	0.0145483	0.000434171	0.000137727	0.00013774	0.253378	0.0505038	0.0505092	0.00213347	0.000967671	0.000967659
-13.95	0.0137547	0.0152081	0.0152553	0.000437536	0.000138479	0.000138498	0.254065	0.0512642	0.051272	0.00215534	0.000974595	0.000974584
-13.9	0.0118753	0.0163091	0.0163434	0.000447273	0.000139382	0.000139411	0.254659	0.0520797	0.0520891	0.00217771	0.000981564	0.000981555
-13.85	0.0103927	0.0178641	0.017889	0.000464297	0.000140463	0.000140503	0.255179	0.0529729	0.0529836	0.00220092	0.000988587	0.00098858
-13.8	0.00924459	0.0199797	0.0199976	0.000490173	0.000141761	0.000141816	0.255641	0.0539719	0.0539835	0.00222543	0.000995675	0.000995671
-13.75	0.0083622	0.0227977	0.02281	0.000526967	0.000143326	0.000143401	0.256059	0.0551118	0.055124	0.00225178	0.00100284	0.00100284
-13.7	0.00768941	0.0264709	0.0264787	0.000576349	0.000145194	0.00014529	0.256444	0.0564353	0.0564479	0.0022806	0.0010101	0.00101011
-13.65	0.00718521	0.0310758	0.0310794	0.000636928	0.000147311	0.000147423	0.256803	0.0579891	0.0580019	0.00231244	0.00101747	0.00101748
-13.6	0.00682071	0.0364503	0.0364494	0.000699501	0.000149416	0.000149517	0.257144	0.0598116	0.0598243	0.00234742	0.00102494	0.00102495
-13.55	0.00657727	0.0421016	0.042095	0.000745594	0.000151011	0.000151059	0.257473	0.0619167	0.0619291	0.0023847	0.00103249	0.00103251
-13.5	0.00644981	0.0474171	0.0474027	0.000759538	0.000151708	0.000151677	0.257795	0.0642876	0.0642992	0.00242267	0.00104007	0.00104009
-13.45	0.00645037	0.0520194	0.0519948	0.000744	0.00015163	0.000151545	0.258118	0.0668885	0.066899	0.00245987	0.00104766	0.00104767
-13.4	0.00660468	0.0558602	0.0558227	0.000712179	0.00015122	0.000151125	0.258448	0.0696815	0.0696901	0.00249548	0.00105522	0.00105522
-13.35	0.00694434	0.0590724	0.0590192	0.000670916	0.000150787	0.000150707	0.258795	0.0726352	0.0726411	0.00252903	0.00106276	0.00106276
-13.3	0.00749099	0.0618193	0.0617497	0.00062318	0.000150449	0.00015039	0.25917	0.0757261	0.0757285	0.00256019	0.00107028	0.00107028
-13.25	0.00821184	0.0642078	0.0641274	0.000575759	0.000150277	0.000150237	0.25958	0.0789365	0.0789349	0.00258898	0.00107779	0.00107779
-13.2	0.00893761	0.0662382	0.066165	0.000535478	0.00015031	0.000150286	0.260027	0.0822484	0.0822432	0.00261575	0.00108531	0.0010853
-13.15	0.00933717	0.0678196	0.0677784	0.000504795	0.000150542	0.000150531	0.260494	0.0856394	0.0856321	0.00264099	0.00109283	0.00109283
-13.1	0.00913681	0.0689165	0.0689155	0.000482979	0.00015094	0.000150938	0.260951	0.0890852	0.0890779	0.00266514	0.00110038	0.00110038
-13.05	0.00840627	0.06967	0.0696936	0.000468502	0.000151476	0.000151481	0.261371	0.0925687	0.0925625	0.00268856	0.00110796	0.00110795
-13	0.00744388	0.0702887	0.0703178	0.000460132	0.000152133	0.000152146	0.261743	0.0960832	0.0960784	0.00271157	0.00111556	0.00111556
-12.95	0.00649422	0.0709045	0.0709296	0.00045713	0.000152907	0.000152926	0.262068	0.0996284	0.0996249	0.00273443	0.00112321	0.0011232
-12.9	0.00567659	0.0715673	0.0715864	0.000459251	0.000153799	0.000153827	0.262352	0.103207	0.103204	0.00275739	0.0011309	0.0011309
-12.85	0.0050222	0.0722842	0.0722981	0.000466697	0.000154819	0.000154858	0.262603	0.106821	0.106819	0.00278072	0.00113864	0.00113864
-12.8	0.00451596	0.0730474	0.0730577	0.000480022	0.000155984	0.000156039	0.262829	0.110473	0.110472	0.00280472	0.00114644	0.00114644
-12.75	0.00412791	0.073847	0.073855	0.000499864	0.000157306	0.000157382	0.263035	0.114166	0.114165	0.00282972	0.0011543	0.00115431
-12.7	0.0038288	0.0746751	0.0746816	0.000526183	0.000158772	0.000158869	0.263227	0.117899	0.117899	0.00285603	0.00116224	0.00116225
-12.65	0.00359447	0.0755262	0.0755319	0.000557017	0.000160302	0.000160415	0.263406	0.121676	0.121675	0.00288388	0.00117026	0.00117027
-12.6	0.00340659	0.0763974	0.0764025	0.000587575	0.00016176	0.00016186	0.263577	0.125496	0.125496	0.00291326	0.00117834	0.00117837
-12.55	0.00325341	0.0772885	0.0772927	0.000610624	0.000162986	0.000163022	0.263739	0.12936	0.12936	0.00294379	0.00118649	0.00118652
-12.5	0.0031286	0.0782	0.078203	0.000619192	0.00016385	0.000163791	0.263896	0.13327	0.13327	0.00297475	0.00119469	0.00119471
-12.45	0.00302849	0.0791326	0.079134	0.000611609	0.000164347	0.00016422	0.264047	0.137227	0.137227	0.00300533	0.0012029	0.00120292
-12.4	0.00295054	0.0800846	0.0800846	0.000591736	0.00016462	0.000164479	0.264195	0.141231	0.141231	0.00303491	0.00121113	0.00121114
-12.35	0.00289293	0.081056	0.0810546	0.000564919	0.000164838	0.000164717	0.264339	0.145284	0.145284	0.00306316	0.00121938	0.00121938
-12.3	0.00285467	0.082051	0.0820483	0.000537034	0.000165122	0.000165029	0.264482	0.149386	0.149386	0.00309001	0.00122763	0.00122763
-12.25	0.00283581	0.0830847	0.0830807	0.00051297	0.000165533	0.000165466	0.264624	0.15354	0.15354	0.00311566	0.00123591	0.0012359
-12.2	0.00283753	0.0841749	0.0841695	0.000494792	0.000166085	0.000166038	0.264766	0.157749	0.157749	0.0031404	0.00124421	0.00124421
-12.15	0.00286219	0.0853266	0.0853197	0.000482371	0.000166763	0.000166732	0.264909	0.162016	0.162015	0.00316452	0.00125255	0.00125254
-12.1	0.00291301	0.0865329	0.0865242	0.000474805	0.000167546	0.000167528	0.265055	0.166342	0.166341	0.00318826	0.00126093	0.00126092
-12.05	0.00299251	0.0877867	0.0877761	0.000471197	0.000168417	0.000168411	0.265204	0.170732	0.17073	0.00321182	0.00126935	0.00126934
-12	0.00309802	0.0890802	0.0890686	0.000470893	0.000169364	0.000169369	0.265359	0.175186	0.175183	0.00323536	0.00127782	0.00127781
-11.95	0.00321399	0.0903993	0.0903888	0.00047348	0.000170378	0.000170394	0.26552	0.179706	0.179703	0.00325904	0.00128634	0.00128633
-11.9	0.00330868	0.0917188	0.0917134	0.000478772	0.000171455	0.000171483	0.265685	0.184291	0.184288	0.00328298	0.00129491	0.0012949
-11.85	0.00334994	0.0930221	0.0930244	0.000486873	0.000172599	0.000172638	0.265853	0.188943	0.18894	0.00330732	0.00130354	0.00130353
-11.8	0.00333563	0.0943305	0.0943387	0.000498063	0.000173821	0.00017387	0.266019	0.193659	0.193657	0.00333222	0.00131223	0.00131223
-11.75	0.00329869	0.0956939	0.0957039	0.000512168	0.000175123	0.000175181	0.266184	0.198444	0.198442	0.00335783	0.00132099	0.00132099
-11.7	0.00327566	0.0971511	0.0971603	0.000527337	0.000176475	0.000176532	0.266348	0.203301	0.2033	0.0033842	0.00132981	0.00132981
-11.65	0.00328485	0.0987164	0.0987233	0.00053928	0.000177784	0.000177827	0.266512	0.208237	0.208236	0.00341116	0.0013387	0.0013387
-11.6	0.00333005	0.100391	0.100395	0.000543535	0.000178946	0.000178959	0.266679	0.213257	0.213256	0.00343834	0.00134765	0.00134765
-11.55	0.00340971	0.102176	0.102178	0.000539975	0.000179939	0.000179928	0.266849	0.218366	0.218365	0.00346534	0.00135664	0.00135665
-11.5	0.00352098	0.104074	0.104073	0.000532833	0.000180855	0.000180833	0.267025	0.223569	0.223568	0.00349198	0.00136569	0.00136569
-11.45	0.0036609	0.10609	0.106087	0.000525956	0.000181781	0.00018176	0.267209	0.228874	0.228873	0.00351828	0.00137478	0.00137478
-11.4	0.00382838	0.108234	0.108228	0.000520403	0.000182732	0.000182714	0.2674	0.234285	0.234284	0.0035443	0.00138391	0.00138391
-11.35	0.00402567	0.110519	0.110512	0.00051571	0.00018368	0.000183667	0.267601	0.239811	0.23981	0.00357008	0.0013931	0.0013931
-11.3	0.00425741	0.112962	0.112954	0.000511738	0.000184625	0.000184615	0.267814	0.245459	0.245457	0.00359567	0.00140233	0.00140233
-11.25	0.00452883	0.115582	0.115573	0.000508963	0.000185597	0.00018559	0.268041	0.251239	0.251236	0.00362112	0.00141161	0.00141161
-11.2	0.0048451	0.118399	0.118388	0.000507745	0.000186622	0.000186617	0.268283	0.257158	0.257155	0.00364651	0.00142094	0.00142094
-11.15	0.00521159	0.121435	0.121423	0.000508078	0.000187707	0.000187703	0.268543	0.26323	0.263227	0.00367191	0.00143032	0.00143032
-11.1	0.00563422	0.124715	0.124702	0.000509769	0.000188848	0.000188846	0.268825	0.269466	0.269462	0.0036974	0.00143977	0.00143977
-11.05	0.00611952	0.128264	0.12825	0.000512618	0.000190041	0.000190039	0.269131	0.275879	0.275874	0.00372303	0.00144927	0.00144927
-11	0.00667421	0.132102	0.132085	0.000516478	0.000191282	0.000191281	0.269465	0.282484	0.282478	0.00374885	0.00145883	0.00145883
-10.95	0.00730388	0.136234	0.136216	0.000521234	0.000192568	0.000192567	0.26983	0.289296	0.289289	0.00377491	0.00146846	0.00146846
-10.9	0.00801021	0.140633	0.140613	0.000526719	0.000193892	0.000193891	0.27023	0.296328	0.29632	0.00380125	0.00147816	0.00147815
-10.85	0.0087854	0.145194	0.145173	0.000532572	0.000195237	0.000195236	0.27067	0.303587	0.303578	0.00382788	0.00148792	0.00148792
-10.8	0.0096022	0.149665	0.149644	0.000538248	0.000196577	0.000196576	0.27115	0.311071	0.311061	0.00385479	0.00149775	0.00149774
-10.75	0.0104014	0.15356	0.153542	0.000543423	0.000197896	0.000197896	0.27167	0.318749	0.318738	0.00388196	0.00150764	0.00150764
-10.7	0.0110879	0.156144	0.156132	0.00054835	0.000199208	0.000199208	0.272224	0.326556	0.326544	0.00390938	0.0015176	0.0015176
-10.65	0.0115615	0.156706	0.156703	0.000553477	0.000200539	0.000200539	0.272802	0.334391	0.33438	0.00393705	0.00152763	0.00152763
-10.6	0.0117829	0.155076	0.155081	0.000558958	0.000201904	0.000201904	0.273392	0.342145	0.342134	0.003965	0.00153772	0.00153772
-10.55	0.0117999	0.15179	0.151801	0.00056472	0.000203307	0.000203308	0.273982	0.349734	0.349724	0.00399324	0.00154789	0.00154789
-10.5	0.0117007	0.147656	0.14767	0.000570823	0.000204752	0.000204753	0.274567	0.357117	0.357107	0.00402178	0.00155813	0.00155813
-10.45	0.0115596	0.143318	0.143332	0.000577527	0.000206243	0.000206244	0.275145	0.364283	0.364274	0.00405065	0.00156844	0.00156844
-10.4	0.0114228	0.13915	0.139163	0.000585012	0.000207781	0.000207782	0.275716	0.371241	0.371232	0.00407991	0.00157883	0.00157883
-10.35	0.0113148	0.135328	0.135341	0.000593147	0.000209354	0.000209357	0.276281	0.378007	0.377999	0.00410956	0.00158929	0.00158929
-10.3	0.0112482	0.131923	0.131935	0.000601459	0.000210937	0.000210941	0.276844	0.384603	0.384596	0.00413964	0.00159984	0.00159984
-10.25	0.0112301	0.128955	0.128966	0.000609496	0.000212505	0.000212509	0.277405	0.391051	0.391044	0.00417011	0.00161047	0.00161047
-10.2	0.0112661	0.126424	0.126434	0.0006174	0.000214063	0.000214069	0.277969	0.397372	0.397366	0.00420098	0.00162117	0.00162117
-10.15	0.011363	0.124336	0.124345	0.00062569	0.000215642	0.000215648	0.278537	0.403589	0.403583	0.00423227	0.00163195	0.00163195
-10.1	0.0115315	0.122719	0.122727	0.000634394	0.000217255	0.000217259	0.279113	0.409725	0.409719	0.00426398	0.00164282	0.00164282
-10.05	0.0117892	0.121641	0.121648	0.00064263	0.000218879	0.000218879	0.279703	0.415807	0.415802	0.00429612	0.00165376	0.00165376
-10	0.0121593	0.121183	0.12119	0.000649299	0.00022048	0.000220475	0.280311	0.421866	0.421861	0.00432858	0.00166478	0.00166478
-9.95	0.0126643	0.121386	0.121393	0.000654397	0.000222057	0.000222048	0.280944	0.427935	0.427931	0.0043613	0.00167589	0.00167589
-9.9	0.0133284	0.122259	0.122267	0.000659026	0.000223643	0.000223634	0.28161	0.434048	0.434044	0.00439425	0.00168707	0.00168707
-9.85	0.0141886	0.12387	0.12388	0.000664217	0.00022527	0.000225263	0.28232	0.440242	0.440238	0.00442746	0.00169833	0.00169833
-9.8	0.0153001	0.126375	0.126386	0.000670415	0.000226954	0.000226949	0.283085	0.446561	0.446557	0.00446098	0.00170968	0.00170968
-9.75	0.0167383	0.130003	0.130014	0.000677697	0.0002287	0.000228697	0.283922	0.453061	0.453058	0.00449487	0.00172111	0.00172111
-9.7	0.018605	0.135058	0.135068	0.000686028	0.000230507	0.000230506	0.284852	0.459814	0.459811	0.00452917	0.00173264	0.00173264
-9.65	0.0210353	0.141941	0.141949	0.000695374	0.000232379	0.000232379	0.285904	0.466911	0.466909	0.00456394	0.00174426	0.00174426
-9.6	0.0242116	0.151188	0.151191	0.000705679	0.000234314	0.000234315	0.287114	0.47447	0.474468	0.00459922	0.00175597	0.00175597
-9.55	0.028395	0.163551	0.16355	0.000716726	0.000236303	0.000236305	0.288534	0.482648	0.482646	0.00463506	0.00176779	0.00176779
-9.5	0.0339681	0.180132	0.180137	0.000727915	0.000238312	0.000238314	0.290233	0.491654	0.491653	0.00467145	0.00177971	0.0017797
-9.45	0.0414263	0.202439	0.202461	0.000738313	0.000240287	0.000240289	0.292304	0.501776	0.501776	0.00470837	0.00179172	0.00179172
-9.4	0.0512241	0.232186	0.232232	0.000747414	0.0002422	0.000242202	0.294865	0.513385	0.513387	0.00474574	0.00180383	0.00180383
-9.35	0.0633473	0.270597	0.270672	0.000755744	0.000244081	0.000244083	0.298032	0.526915	0.526921	0.00478353	0.00181603	0.00181603
-9.3	0.0765573	0.317006	0.317111	0.000764246	0.000245984	0.000245986	0.30186	0.542766	0.542777	0.00482174	0.00182833	0.00182833
-9.25	0.0880111	0.367629	0.367755	0.00077352	0.000247943	0.000247945	0.306261	0.561147	0.561164	0.00486042	0.00184073	0.00184073
-9.2	0.0945261	0.416596	0.416719	0.000783766	0.000249968	0.000249971	0.310987	0.581977	0.582	0.00489961	0.00185323	0.00185323
-9.15	0.0946103	0.458443	0.458526	0.000795005	0.00025206	0.000252063	0.315718	0.604899	0.604927	0.00493936	0.00186583	0.00186583
-9.1	0.0888793	0.488603	0.488619	0.000807224	0.000254216	0.000254219	0.320162	0.629329	0.629357	0.00497972	0.00187854	0.00187854
-9.05	0.0791399	0.501903	0.501846	0.000820459	0.000256434	0.000256438	0.324119	0.654424	0.65445	0.00502074	0.00189136	0.00189136
-9	0.0674663	0.491706	0.491593	0.000834845	0.000258716	0.000258721	0.327492	0.67901	0.679029	0.00506248	0.0019043	0.0019043
-8.95	0.0556827	0.453457	0.453323	0.000850582	0.000261066	0.000261073	0.330276	0.701683	0.701696	0.00510501	0.00191735	0.00191735
-8.9	0.0451142	0.392255	0.392136	0.000867784	0.000263488	0.000263496	0.332532	0.721295	0.721302	0.0051484	0.00193053	0.00193053
-8.85	0.0364285	0.3231	0.323021	0.000886192	0.000265979	0.00026599	0.334353	0.73745	0.737453	0.00519271	0.00194383	0.00194383
-8.8	0.0296845	0.260093	0.260064	0.000904935	0.000268529	0.000268544	0.335837	0.750455	0.750457	0.00523796	0.00195725	0.00195725
-8.75	0.0245999	0.209348	0.209368	0.000923021	0.000271126	0.000271144	0.337067	0.760922	0.760925	0.00528411	0.00197081	0.00197081
-8.7	0.0208074	0.170861	0.170917	0.000940617	0.000273778	0.0002738	0.338108	0.769465	0.769471	0.00533114	0.0019845	0.0019845
-8.65	0.017974	0.142289	0.142351	0.000959075	0.000276512	0.000276535	0.339007	0.77658	0.776588	0.00537909	0.00199832	0.00199833
-8.6	0.0158307	0.121014	0.121043	0.000979259	0.000279338	0.000279355	0.339798	0.78263	0.782641	0.00542805	0.00201229	0.0020123
-8.55	0.0141892	0.104983	0.104955	0.00100031	0.000282214	0.000282216	0.340507	0.78788	0.787888	0.00547807	0.0020264	0.00202641
-8.5	0.0129545	0.0929857	0.0929157	0.00101987	0.000285051	0.000285036	0.341155	0.792529	0.792534	0.00552906	0.00204065	0.00204066
-8.45	0.0120961	0.0844446	0.0843695	0.00103582	0.000287786	0.000287762	0.34176	0.796751	0.796753	0.00558086	0.00205504	0.00205505
-8.4	0.0116083	0.0790587	0.0790063	0.001048	0.000290445	0.00029042	0.34234	0.800704	0.800703	0.00563326	0.00206956	0.00206957
-8.35	0.0114847	0.0765444	0.0765253	0.00105781	0.000293103	0.000293084	0.342915	0.804531	0.804529	0.00568615	0.00208422	0.00208422
-8.3	0.011691	0.0763524	0.0763632	0.00106741	0.000295831	0.000295818	0.343499	0.808349	0.808347	0.00573952	0.00209901	0.00209901
-8.25	0.0121195	0.0773252	0.0773514	0.00107863	0.000298669	0.000298663	0.344105	0.812215	0.812215	0.00579345	0.00211395	0.00211395
-8.2	0.0125496	0.0776774	0.0777012	0.00109231	0.000301631	0.00030163	0.344733	0.816099	0.8161	0.00584806	0.00212903	0.00212903
-8.15	0.0126618	0.0756187	0.075632	0.00110859	0.000304716	0.000304719	0.345366	0.81988	0.819881	0.00590349	0.00214426	0.00214426
-8.1	0.012183	0.0703043	0.0703097	0.00112717	0.000307913	0.00030792	0.345975	0.823395	0.823397	0.00595985	0.00215966	0.00215966
-8.05	0.0111264	0.0624795	0.0624814	0.00114745	0.000311194	0.000311205	0.346531	0.826519	0.826521	0.00601722	0.00217522	0.00217522
-8	0.00979151	0.0538944	0.0538952	0.00116879	0.000314532	0.000314549	0.347021	0.829214	0.829216	0.00607566	0.00219094	0.00219095
-7.95	0.00849143	0.0459947	0.0459951	0.00119105	0.000317934	0.000317957	0.347445	0.831514	0.831516	0.00613522	0.00220684	0.00220685
-7.9	0.00738635	0.0393942	0.0393944	0.00121486	0.000321442	0.000321473	0.347815	0.833483	0.833485	0.00619596	0.00222291	0.00222292
-7.85	0.00650569	0.0341153	0.0341154	0.00124107	0.0003251	0.000325142	0.34814	0.835189	0.835191	0.00625801	0.00223917	0.00223918
-7.8	0.00581901	0.0299373	0.0299374	0.00127012	0.000328932	0.000328988	0.348431	0.836686	0.836688	0.00632152	0.00225561	0.00225563
-7.75	0.0052819	0.0265981	0.0265981	0.00130191	0.000332949	0.000333025	0.348695	0.838016	0.838018	0.00638661	0.00227226	0.00227228
-7.7	0.00485518	0.0238758	0.0238758	0.00133642	0.000337163	0.000337259	0.348938	0.83921	0.839212	0.00645343	0.00228912	0.00228914
-7.65	0.00451056	0.0216144	0.0216145	0.00137405	0.000341584	0.000341696	0.349163	0.84029	0.840292	0.00652214	0.0023062	0.00230622
-7.6	0.00422926	0.0197133	0.0197133	0.00141413	0.000346178	0.000346281	0.349375	0.841276	0.841278	0.00659284	0.00232351	0.00232354
-7.55	0.003998	0.0181011	0.0181011	0.00145318	0.000350798	0.000350849	0.349575	0.842181	0.842183	0.0066655	0.00234105	0.00234108
-7.5	0.00380664	0.0167216	0.0167217	0.00148625	0.000355243	0.000355216	0.349765	0.843017	0.843019	0.00673981	0.00235881	0.00235884
-7.45	0.00364734	0.01553	0.0155301	0.00151135	0.000359451	0.000359367	0.349947	0.843794	0.843796	0.00681538	0.00237678	0.00237681
-7.4	0.00351408	0.0144912	0.0144915	0.00153067	0.000363558	0.00036346	0.350123	0.844518	0.84452	0.00689192	0.00239496	0.00239498
-7.35	0.00340235	0.0135783	0.0135787	0.00154817	0.000367739	0.000367655	0.350293	0.845197	0.845199	0.00696932	0.00241335	0.00241337
-7.3	0.00330871	0.0127703	0.0127708	0.00156694	0.000372066	0.000372003	0.350459	0.845836	0.845838	0.00704767	0.00243195	0.00243197
-7.25	0.00323045	0.0120504	0.012051	0.00158788	0.000376495	0.00037645	0.35062	0.846438	0.84644	0.00712707	0.00245078	0.00245079
-7.2	0.00316523	0.011404	0.0114047	0.00161093	0.000380982	0.000380954	0.350778	0.847008	0.84701	0.00720761	0.00246982	0.00246984
-7.15	0.00311084	0.0108175	0.0108181	0.00163667	0.000385588	0.000385572	0.350934	0.847549	0.847551	0.00728945	0.0024891	0.00248911
-7.1	0.00306553	0.0102796	0.0102798	0.00166602	0.000390407	0.000390401	0.351087	0.848063	0.848065	0.00737275	0.00250862	0.00250863
-7.05	0.00302886	0.00978612	0.00978591	0.00169928	0.000395494	0.000395499	0.351239	0.848553	0.848555	0.00745771	0.0025284	0.00252841
-7	0.00300121	0.00933766	0.00933721	0.00173617	0.000400861	0.000400876	0.351389	0.849019	0.849022	0.00754452	0.00254844	0.00254845
-6.95	0.00298218	0.00893148	0.008931	0.0017763	0.000406504	0.000406529	0.351538	0.849466	0.849468	0.00763333	0.00256877	0.00256878
-6.9	0.00297085	0.00856154	0.00856114	0.00181959	0.000412424	0.00041246	0.351686	0.849894	0.849896	0.00772431	0.00258939	0.0025894
-6.85	0.00296647	0.00822245	0.00822214	0.00186575	0.000418613	0.000418653	0.351835	0.850305	0.850307	0.0078176	0.00261032	0.00261034
-6.8	0.00296859	0.00791038	0.00791016	0.00191368	0.000425027	0.000425056	0.351983	0.850701	0.850703	0.00791328	0.00263157	0.00263159
-6.75	0.00297702	0.0076226	0.00762243	0.00196147	0.000431575	0.000431574	0.352132	0.851082	0.851084	0.00801136	0.00265315	0.00265317
-6.7	0.00299167	0.0073569	0.00735676	0.00200761	0.000438175	0.000438139	0.352282	0.85145	0.851452	0.00811174	0.00267506	0.00267507
-6.65	0.0030125	0.00711139	0.00711126	0.00205274	0.000444843	0.000444796	0.352432	0.851805	0.851807	0.00821438	0.0026973	0.00269731
-6.6	0.00303947	0.00688431	0.00688421	0.00209913	0.000451694	0.000451658	0.352584	0.852149	0.852151	0.00831933	0.00271989	0.0027199
-6.55	0.00307263	0.00667421	0.00667413	0.0021486	0.000458831	0.000458812	0.352738	0.852483	0.852485	0.00842676	0.00274283	0.00274284
-6.5	0.00311215	0.00647998	0.00647991	0.00220183	0.000466295	0.000466288	0.352893	0.852807	0.852809	0.00853685	0.00276614	0.00276615
-6.45	0.00315831	0.00630076	0.00630068	0.0022589	0.000474088	0.000474089	0.353051	0.853122	0.853124	0.0086498	0.00278985	0.00278986
-6.4	0.00321144	0.0061358	0.00613569	0.00231983	0.000482219	0.000482224	0.353212	0.853429	0.853431	0.00876579	0.00281396	0.00281397
-6.35	0.00327189	0.00598435	0.00598421	0.00238485	0.000490718	0.000490726	0.353376	0.853728	0.85373	0.00888503	0.00283849	0.0028385
-6.3	0.00334006	0.00584576	0.0058456	0.00245423	0.00049962	0.000499631	0.353543	0.854021	0.854023	0.00900775	0.00286347	0.00286349
-6.25	0.00341644	0.00571949	0.0057193	0.002528	0.00050895	0.000508964	0.353713	0.854307	0.854308	0.00913415	0.00288892	0.00288893
-6.2	0.00350164	0.0056051	0.0056049	0.00260591	0.000518718	0.000518735	0.353888	0.854587	0.854589	0.00926444	0.00291486	0.00291487
-6.15	0.00359641	0.00550231	0.00550208	0.00268771	0.000528927	0.000528949	0.354068	0.854862	0.854864	0.00939883	0.0029413	0.00294132
-6.1	0.0037016	0.00541094	0.00541069	0.00277361	0.000539585	0.000539612	0.354253	0.855132	0.855134	0.00953751	0.00296828	0.0029683
-6.05	0.00381824	0.00533091	0.00533063	0.0028642	0.000550722	0.00055075	0.354444	0.855399	0.855401	0.00968072	0.00299582	0.00299584
-6	0.00394753	0.00526223	0.00526193	0.00296001	0.000562379	0.0005624	0.354642	0.855662	0.855664	0.00982872	0.00302394	0.00302396
-5.95	0.0040909	0.00520506	0.00520473	0.00306093	0.00057458	0.000574576	0.354846	0.855922	0.855924	0.00998176	0.00305267	0.00305268
-5.9	0.00425002	0.00515969	0.00515933	0.00316627	0.000587308	0.000587267	0.355059	0.85618	0.856182	0.0101401	0.00308203	0.00308205
-5.85	0.00442694	0.0051266	0.0051262	0.00327594	0.000600571	0.000600506	0.35528	0.856437	0.856438	0.0103039	0.00311206	0.00311207
-5.8	0.00462404	0.00510641	0.00510597	0.00339124	0.000614459	0.000614397	0.355511	0.856692	0.856694	0.0104734	0.00314278	0.00314279
-5.75	0.00484425	0.00509998	0.00509949	0.00351409	0.000629108	0.000629069	0.355753	0.856947	0.856949	0.0106491	0.00317424	0.00317425
-5.7	0.00509108	0.00510841	0.00510786	0.00364596	0.000644636	0.000644626	0.356008	0.857202	0.857204	0.0108314	0.00320647	0.00320648
-5.65	0.00536882	0.00513312	0.0051325	0.00378788	0.000661134	0.000661155	0.356276	0.857459	0.857461	0.0110208	0.00323953	0.00323954
-5.6	0.00568277	0.00517591	0.00517521	0.00394067	0.000678682	0.000678731	0.356561	0.857718	0.85772	0.0112179	0.00327346	0.00327347
-5.55	0.00603949	0.00523905	0.00523826	0.00410511	0.000697358	0.00069743	0.356863	0.85798	0.857981	0.0114231	0.00330833	0.00330834
-5.5	0.00644721	0.00532545	0.00532455	0.00428202	0.00071725	0.000717336	0.357185	0.858246	0.858248	0.0116372	0.00334419	0.00334421
-5.45	0.00691636	0.0054388	0.00543776	0.00447248	0.000738473	0.00073856	0.357531	0.858518	0.85852	0.0118608	0.00338112	0.00338114
-5.4	0.00746033	0.00558383	0.00558262	0.00467769	0.000761172	0.000761252	0.357904	0.858797	0.858799	0.0120947	0.00341917	0.0034192
-5.35	0.00809649	0.00576669	0.00576527	0.00489883	0.000785498	0.000785569	0.358309	0.859086	0.859087	0.0123397	0.00345845	0.00345848
-5.3	0.00884771	0.00599541	0.00599372	0.00513715	0.000811597	0.00081166	0.358751	0.859385	0.859387	0.0125965	0.00349903	0.00349906
-5.25	0.00974451	0.00628058	0.00627856	0.00539408	0.000839586	0.000839644	0.359238	0.859699	0.859701	0.0128662	0.00354101	0.00354104
-5.2	0.0108282	0.00663644	0.00663399	0.00567081	0.000869567	0.000869619	0.35978	0.860031	0.860032	0.0131498	0.00358449	0.00358453
-5.15	0.0121556	0.0070823	0.00707928	0.00596928	0.000901736	0.000901781	0.360387	0.860385	0.860386	0.0134482	0.00362957	0.00362961
-5.1	0.0138056	0.00764469	0.00764091	0.00629357	0.000936482	0.000936519	0.361078	0.860768	0.860768	0.0137629	0.0036764	0.00367644
-5.05	0.0158886	0.00836038	0.00835558	0.00664904	0.000974291	0.000974332	0.361872	0.861186	0.861186	0.0140954	0.00372511	0.00372516
-5	0.0185589	0.00928041	0.00927424	0.00704134	0.00101567	0.00101574	0.3628	0.86165	0.86165	0.0144474	0.0037759	0.00377594
-4.95	0.0220258	0.0104744	0.0104663	0.0074765	0.00106118	0.00106132	0.363901	0.862173	0.862173	0.0148213	0.00382895	0.00382901
-4.9	0.0265505	0.0120316	0.0120212	0.00796111	0.00111147	0.00111167	0.365229	0.862775	0.862774	0.0152193	0.00388453	0.00388459
-4.85	0.0323877	0.0140494	0.0140362	0.00850211	0.00116722	0.00116746	0.366848	0.863477	0.863476	0.0156444	0.00394289	0.00394297
-4.8	0.0395932	0.0165875	0.0165718	0.00910699	0.00122923	0.00122946	0.368828	0.864307	0.864305	0.0160998	0.00400435	0.00400444
-4.75	0.0476696	0.0195774	0.019561	0.00978544	0.00129845	0.00129865	0.371211	0.865286	0.865283	0.016589	0.00406927	0.00406937
-4.7	0.0553396	0.0227505	0.0227361	0.0105517	0.00137626	0.00137643	0.373978	0.866423	0.866419	0.0171166	0.00413809	0.00413819
-4.65	0.0609898	0.0257157	0.0257053	0.0114254	0.00146449	0.00146467	0.377028	0.867709	0.867705	0.0176879	0.00421131	0.00421143
-4.6	0.063621	0.0281721	0.0281661	0.0124308	0.00156546	0.00156569	0.380209	0.869117	0.869113	0.0183094	0.00428958	0.00428971
-4.55	0.0634116	0.0300641	0.0300619	0.0135977	0.00168208	0.00168236	0.383379	0.870621	0.870616	0.0189893	0.00437369	0.00437383
-4.5	0.0614083	0.031536	0.0315365	0.0149637	0.00181803	0.00181838	0.38645	0.872197	0.872193	0.0197375	0.00446459	0.00446475
-4.45	0.0586948	0.0327269	0.0327292	0.0165782	0.00197819	0.00197862	0.389385	0.873834	0.873829	0.0205664	0.0045635	0.00456368
-4.4	0.0558902	0.0336248	0.0336278	0.0185072	0.00216906	0.0021696	0.392179	0.875515	0.875511	0.0214918	0.00467195	0.00467216
-4.35	0.0532346	0.0341106	0.0341136	0.0208397	0.00239954	0.00240019	0.394841	0.877221	0.877216	0.0225338	0.00479193	0.00479217
-4.3	0.0509198	0.0341549	0.0341575	0.0236983	0.00268186	0.00268266	0.397387	0.878928	0.878924	0.0237187	0.00492602	0.0049263
-4.25	0.0492953	0.0339582	0.0339604	0.0272531	0.00303314	0.00303413	0.399852	0.880626	0.880622	0.0250813	0.00507768	0.00507801
-4.2	0.048774	0.0338466	0.0338483	0.0317424	0.00347741	0.00347866	0.40229	0.882319	0.882315	0.0266685	0.00525155	0.00525194
-4.15	0.0495925	0.0340433	0.0340447	0.0374985	0.00404825	0.00404984	0.40477	0.884021	0.884017	0.0285434	0.00545396	0.00545443
-4.1	0.0516278	0.0345056	0.0345068	0.0449732	0.00479098	0.00479302	0.407351	0.885746	0.885742	0.030792	0.00569351	0.00569408
-4.05	0.054371	0.0349171	0.0349182	0.0547324	0.00576086	0.0057635	0.41007	0.887492	0.887488	0.0335287	0.00598155	0.00598226
-4	0.0571615	0.0348586	0.0348596	0.067332	0.00700682	0.00701018	0.412928	0.889235	0.889231	0.0368953	0.00633189	0.00633277
-3.95	0.0595538	0.0340749	0.0340758	0.0828993	0.00851996	0.00852409	0.415906	0.890939	0.890935	0.0410402	0.00675789	0.00675897
-3.9	0.0614593	0.032603	0.0326038	0.100332	0.0101395	0.0101442	0.418979	0.892569	0.892565	0.0460568	0.00726487	0.00726618
-3.85	0.0630039	0.0306442	0.0306448	0.116817	0.0115078	0.0115126	0.422129	0.894101	0.894097	0.0518977	0.00784026	0.00784182
-3.8	0.0643665	0.0283964	0.0283968	0.12912	0.0122538	0.0122585	0.425347	0.895521	0.895517	0.0583537	0.00845295	0.00845474
-3.75	0.0657155	0.0260072	0.0260075	0.135816	0.0122914	0.0122957	0.428633	0.896821	0.896818	0.0651445	0.00906752	0.00906952
-3.7	0.0671818	0.0236133	0.0236134	0.137547	0.0118297	0.0118336	0.431992	0.898002	0.897998	0.0720219	0.00965901	0.0096612
-3.65	0.0688532	0.0213921	0.0213921	0.1361	0.0111644	0.0111677	0.435435	0.899071	0.899068	0.0788269	0.0102172	0.0102196
-3.6	0.0707863	0.0195394	0.0195393	0.133731	0.0105428	0.0105453	0.438974	0.900048	0.900045	0.0855134	0.0107444	0.0107469
-3.55	0.0730025	0.0181733	0.018173	0.131873	0.0101062	0.0101078	0.442624	0.900957	0.900954	0.0921071	0.0112497	0.0112522
-3.5	0.0754855	0.017296	0.0172956	0.130266	0.00989368	0.00989461	0.446398	0.901822	0.901818	0.0986204	0.0117444	0.011747
-3.45	0.0781839	0.0168394	0.016839	0.127649	0.00990422	0.00990465	0.450308	0.902664	0.90266	0.105003	0.0122396	0.0122422
-3.4	0.0809954	0.0167156	0.0167151	0.12321	0.0101542	0.0101544	0.454357	0.9035	0.903496	0.111163	0.0127473	0.0127499
-3.35	0.0837385	0.016836	0.0168354	0.117341	0.0106759	0.0106759	0.458544	0.904341	0.904338	0.11703	0.0132811	0.0132837
-3.3	0.0861125	0.0171112	0.0171106	0.111178	0.0114572	0.0114573	0.46285	0.905197	0.905193	0.122589	0.0138539	0.0138566
-3.25	0.087758	0.0174557	0.0174552	0.105829	0.012402	0.0124022	0.467238	0.90607	0.906066	0.127881	0.014474	0.0144767
-3.2	0.0884994	0.0178168	0.0178163	0.101959	0.0133781	0.0133783	0.471663	0.906961	0.906957	0.132979	0.0151429	0.0151456
-3.15	0.0886232	0.0182117	0.0182114	0.0997215	0.0142943	0.0142946	0.476094	0.907871	0.907867	0.137965	0.0158576	0.0158603
-3.1	0.0888174	0.0187234	0.0187233	0.098945	0.0151196	0.01512	0.480535	0.908807	0.908804	0.142912	0.0166136	0.0166163
-3.05	0.0898139	0.0194558	0.0194559	0.0993577	0.0158581	0.0158586	0.485025	0.90978	0.909776	0.14788	0.0174065	0.0174093
-3	0.092079	0.0204911	0.0204913	0.100715	0.0165246	0.0165252	0.489629	0.910805	0.910801	0.152916	0.0182328	0.0182355
-2.95	0.0956349	0.0218576	0.021858	0.102832	0.0171334	0.0171341	0.494411	0.911898	0.911894	0.158057	0.0190894	0.0190922
-2.9	0.100043	0.0235124	0.0235129	0.105588	0.0176968	0.0176978	0.499413	0.913073	0.91307	0.163337	0.0199743	0.0199771
-2.85	0.104557	0.0253421	0.0253428	0.108906	0.0182231	0.0182243	0.504641	0.91434	0.914337	0.168782	0.0208854	0.0208883
-2.8	0.108234	0.0271609	0.0271621	0.112738	0.0187169	0.0187185	0.510053	0.915698	0.915695	0.174419	0.0218213	0.0218243
-2.75	0.110008	0.0287177	0.0287196	0.117051	0.0191787	0.0191809	0.515553	0.917134	0.917131	0.180271	0.0227802	0.0227833
-2.7	0.109058	0.0297709	0.0297737	0.121807	0.0196033	0.0196062	0.521006	0.918623	0.918619	0.186362	0.0237604	0.0237636
-2.65	0.105333	0.0302118	0.0302153	0.126945	0.0199776	0.0199816	0.526273	0.920133	0.92013	0.192709	0.0247593	0.0247627
-2.6	0.0995558	0.0300981	0.0301019	0.132386	0.020282	0.0202878	0.531251	0.921638	0.921635	0.199328	0.0257734	0.0257771
-2.55	0.0927667	0.029607	0.0296109	0.138096	0.020502	0.0205103	0.535889	0.923119	0.923116	0.206233	0.0267985	0.0268026
-2.5	0.0860658	0.0290207	0.0290246	0.144159	0.020642	0.0206534	0.540192	0.92457	0.924567	0.213441	0.0278306	0.0278353
-2.45	0.08047	0.0286819	0.0286858	0.150685	0.020714	0.020729	0.544216	0.926004	0.926001	0.220975	0.0288663	0.0288717
-2.4	0.0765902	0.0288318	0.0288357	0.157533	0.0207043	0.0207229	0.548045	0.927445	0.927443	0.228852	0.0299015	0.0299079
-2.35	0.0743704	0.0294543	0.0294583	0.164093	0.0205564	0.0205773	0.551764	0.928918	0.928916	0.237057	0.0309293	0.0309367
-2.3	0.0730532	0.0302151	0.0302193	0.169221	0.0201819	0.0202018	0.555416	0.930429	0.930427	0.245518	0.0319384	0.0319468
-2.25	0.0712229	0.0304521	0.0304567	0.171561	0.0195103	0.0195231	0.558978	0.931951	0.93195	0.254096	0.0329139	0.032923
-2.2	0.0672002	0.0293614	0.0293665	0.170359	0.0185701	0.0185683	0.562338	0.933419	0.933418	0.262614	0.0338424	0.0338514
-2.15	0.0602442	0.0265937	0.0265991	0.16601	0.017502	0.0174815	0.56535	0.934749	0.934748	0.270914	0.0347175	0.0347255
-2.1	0.0514475	0.0227184	0.0227234	0.159783	0.0164689	0.0164306	0.567922	0.935885	0.935884	0.278903	0.035541	0.035547
-2.05	0.0427132	0.0187328	0.0187371	0.153545	0.015597	0.015543	0.570058	0.936822	0.936821	0.286581	0.0363208	0.0363241
-2	0.0352476	0.0152908	0.0152943	0.148767	0.014931	0.0148597	0.57182	0.937586	0.937586	0.294019	0.0370674	0.0370671
-1.95	0.0293245	0.0125632	0.0125659	0.144835	0.0143615	0.0142676	0.573286	0.938214	0.938214	0.301261	0.0377854	0.0377805
-1.9	0.0247511	0.0104713	0.0104734	0.139433	0.0137007	0.0135809	0.574524	0.938738	0.938738	0.308232	0.0384705	0.0384596
-1.85	0.0212276	0.00887441	0.00887609	0.130799	0.0128404	0.0127006	0.575585	0.939182	0.939182	0.314772	0.0391125	0.0390946
-1.8	0.0184878	0.00764491	0.00764625	0.118959	0.0117926	0.011649	0.57651	0.939564	0.939564	0.32072	0.0397021	0.039677
-1.75	0.0163281	0.00668485	0.00668593	0.105574	0.0106738	0.0105444	0.577326	0.939898	0.939898	0.325999	0.0402358	0.0402043
-1.7	0.0146002	0.00592324	0.00592412	0.0931233	0.00967619	0.00957079	0.578056	0.940194	0.940194	0.330655	0.0407196	0.0406828
-1.65	0.0131983	0.00530952	0.00531026	0.0835507	0.0089697	0.00888792	0.578716	0.94046	0.94046	0.334833	0.0411681	0.0411272
-1.6	0.0120463	0.00480779	0.00480841	0.0775169	0.00862733	0.00856431	0.579318	0.9407	0.9407	0.338708	0.0415995	0.0415554
-1.55	0.0110893	0.00439219	0.00439272	0.0747082	0.0086305	0.00858324	0.579873	0.94092	0.94092	0.342444	0.042031	0.0419846
-1.5	0.0102865	0.00404386	0.0040443	0.0743509	0.00888277	0.00885611	0.580387	0.941122	0.941122	0.346161	0.0424751	0.0424274
-1.45	0.00960796	0.00374881	0.00374918	0.0753357	0.00920652	0.00921934	0.580868	0.941309	0.94131	0.349928	0.0429355	0.0428883
-1.4	0.00903065	0.00349652	0.00349684	0.0764775	0.00941116	0.00949606	0.581319	0.941484	0.941485	0.353752	0.043406	0.0433631
-1.35	0.00853696	0.00327899	0.00327926	0.0773915	0.0094382	0.0096277	0.581746	0.941648	0.941649	0.357622	0.0438779	0.0438445
-1.3	0.00811321	0.00309001	0.00309025	0.0787	0.00938376	0.00968944	0.582152	0.941803	0.941803	0.361557	0.0443471	0.044329
-1.25	0.00774859	0.00292476	0.00292496	0.0809145	0.00934992	0.00974091	0.582539	0.941949	0.941949	0.365602	0.0448146	0.044816
-1.2	0.00743452	0.00277941	0.00277958	0.0831974	0.00929685	0.00968687	0.582911	0.942088	0.942088	0.369762	0.0452794	0.0453004
-1.15	0.0071641	0.00265092	0.00265106	0.0833211	0.0090494	0.00932457	0.583269	0.94222	0.942221	0.373928	0.0457319	0.0457666
-1.1	0.00693178	0.00253682	0.00253693	0.0792225	0.00845893	0.0085523	0.583616	0.942347	0.942348	0.377889	0.0461549	0.0461942
-1.05	0.00673305	0.00243512	0.00243521	0.0708428	0.00755072	0.00748962	0.583952	0.942469	0.942469	0.381432	0.0465324	0.0465687
-1	0.00656425	0.0023442	0.00234425	0.0602339	0.00650701	0.00637315	0.58428	0.942586	0.942587	0.384443	0.0468577	0.0468874
-0.95	0.00642241	0.0022627	0.00226273	0.0498303	0.00552279	0.00538343	0.584602	0.942699	0.9427	0.386935	0.0471339	0.0471565
-0.9	0.0063051	0.00218952	0.00218953	0.0410046	0.00470061	0.00458499	0.584917	0.942809	0.942809	0.388985	0.0473689	0.0473858
-0.85	0.00621038	0.00212374	0.00212372	0.0340324	0.00405449	0.00396705	0.585227	0.942915	0.942915	0.390687	0.0475716	0.0475841
-0.8	0.00613666	0.00206458	0.00206453	0.0286642	0.00355773	0.00349382	0.585534	0.943018	0.943019	0.39212	0.0477495	0.0477588
-0.75	0.00608273	0.0020114	0.00201132	0.0245364	0.00317604	0.00312965	0.585838	0.943119	0.943119	0.393347	0.0479083	0.0479153
-0.7	0.00604764	0.00196366	0.00196356	0.0213302	0.00288009	0.00284623	0.586141	0.943217	0.943217	0.394413	0.0480523	0.0480576
-0.65	0.00603072	0.00192092	0.00192078	0.0188034	0.00264776	0.00262276	0.586442	0.943313	0.943313	0.395353	0.0481847	0.0481888
-0.6	0.00603153	0.0018828	0.00188263	0.0167809	0.00246303	0.00244434	0.586744	0.943407	0.943408	0.396192	0.0483079	0.048311
-0.55	0.00604986	0.001849	0.00184879	0.0151378	0.00231446	0.00230029	0.587046	0.9435	0.9435	0.396949	0.0484236	0.048426
-0.5	0.00608571	0.00181927	0.00181901	0.0137845	0.00219381	0.00218292	0.587351	0.943591	0.943591	0.397639	0.0485333	0.0485351
-0.45	0.0061393	0.00179341	0.00179311	0.0126562	0.0020951	0.00208663	0.587658	0.94368	0.943681	0.398271	0.048638	0.0486395
-0.4	0.00621109	0.00177128	0.00177093	0.0117054	0.00201393	0.00200725	0.587968	0.943769	0.943769	0.398857	0.0487387	0.0487398
-0.35	0.00630174	0.00175279	0.00175237	0.0108966	0.001947	0.00194169	0.588283	0.943857	0.943857	0.399401	0.0488361	0.0488369
-0.3	0.00641218	0.00173787	0.00173737	0.0102032	0.00189184	0.00188757	0.588604	0.943943	0.943944	0.399912	0.0489307	0.0489313
-0.25	0.00654363	0.00172652	0.00172593	0.00960465	0.00184653	0.00184308	0.588931	0.94403	0.94403	0.400392	0.049023	0.0490235
-0.2	0.0066976	0.00171876	0.00171807	0.00908515	0.00180962	0.00180679	0.589266	0.944116	0.944116	0.400846	0.0491135	0.0491138
-0.15	0.00687599	0.00171469	0.00171388	0.00863222	0.00177994	0.00177761	0.58961	0.944201	0.944202	0.401278	0.0492025	0.0492027
-0.1	0.00708112	0.00171443	0.00171348	0.00823599	0.0017566	0.00175467	0.589964	0.944287	0.944287	0.401689	0.0492903	0.0492904
-0.05	0.00731583	0.00171819	0.00171706	0.00788856	0.00173888	0.00173727	0.590329	0.944373	0.944373	0.402084	0.0493773	0.0493773
3.55271e-13	0.00758357	0.00172623	0.00172488	0.00758357	0.00172623	0.00172488	0.590709	0.944459	0.944459	0.402463	0.0494636	0.0494635
0.05	0.00788856	0.00173888	0.00173727	0.00731583	0.00171819	0.00171706	0.591103	0.944546	0.944546	0.402829	0.0495495	0.0495494
0.1	0.00823599	0.0017566	0.00175467	0.00708112	0.00171443	0.00171348	0.591515	0.944634	0.944634	0.403183	0.0496352	0.049635
0.15	0.00863222	0.00177994	0.00177761	0.00687599	0.00171469	0.00171388	0.591947	0.944723	0.944723	0.403527	0.0497209	0.0497207
0.2	0.00908515	0.00180962	0.00180679	0.0066976	0.00171876	0.00171807	0.592401	0.944814	0.944813	0.403862	0.0498069	0.0498066
0.25	0.00960465	0.00184653	0.00184308	0.00654363	0.00172652	0.00172593	0.592881	0.944906	0.944905	0.404189	0.0498932	0.0498929
0.3	0.0102032	0.00189184	0.00188757	0.00641218	0.00173787	0.00173737	0.593391	0.945001	0.945	0.404509	0.0499801	0.0499798
0.35	0.0108966	0.001947	0.00194169	0.00630174	0.00175279	0.00175237	0.593936	0.945098	0.945097	0.404824	0.0500677	0.0500674
0.4	0.0117054	0.00201393	0.00200725	0.00621109	0.00177128	0.00177093	0.594521	0.945199	0.945197	0.405135	0.0501563	0.050156
0.45	0.0126562	0.0020951	0.00208663	0.0061393	0.00179341	0.00179311	0.595154	0.945303	0.945301	0.405442	0.050246	0.0502456
0.5	0.0137845	0.00219381	0.00218292	0.00608571	0.00181927	0.00181901	0.595843	0.945413	0.945411	0.405746	0.0503369	0.0503366
0.55	0.0151378	0.00231446	0.00230029	0.00604986	0.001849	0.00184879	0.5966	0.945529	0.945526	0.406049	0.0504294	0.050429
0.6	0.0167809	0.00246303	0.00244434	0.00603153	0.0018828	0.00188263	0.597439	0.945652	0.945648	0.40635	0.0505235	0.0505232
0.65	0.0188034	0.00264776	0.00262276	0.00603072	0.00192092	0.00192078	0.598379	0.945784	0.945779	0.406652	0.0506196	0.0506192
0.7	0.0213302	0.00288009	0.00284623	0.00604764	0.00196366	0.00196356	0.599446	0.945928	0.945921	0.406954	0.0507178	0.0507174
0.75	0.0245364	0.00317604	0.00312965	0.00608273	0.0020114	0.00201132	0.600673	0.946087	0.946078	0.407258	0.0508183	0.0508179
0.8	0.0286642	0.00355773	0.00349382	0.00613666	0.00206458	0.00206453	0.602106	0.946265	0.946252	0.407565	0.0509215	0.0509212
0.85	0.0340324	0.00405449	0.00396705	0.00621038	0.00212374	0.00212372	0.603808	0.946468	0.946451	0.407876	0.0510277	0.0510273
0.9	0.0410046	0.00470061	0.00458499	0.0063051	0.00218952	0.00218953	0.605858	0.946703	0.94668	0.408191	0.0511372	0.0511368
0.95	0.0498303	0.00552279	0.00538343	0.00642241	0.0022627	0.00226273	0.608349	0.946979	0.946949	0.408512	0.0512503	0.05125
1	0.0602339	0.00650701	0.00637315	0.00656425	0.0023442	0.00234425	0.611361	0.947304	0.947268	0.40884	0.0513676	0.0513672
1.05	0.0708428	0.00755072	0.00748962	0.00673305	0.00243512	0.00243521	0.614903	0.947682	0.947642	0.409177	0.0514893	0.0514889
1.1	0.0792225	0.00845893	0.0085523	0.00693178	0.00253682	0.00253693	0.618864	0.948105	0.94807	0.409524	0.0516162	0.0516158
1.15	0.0833211	0.0090494	0.00932457	0.0071641	0.00265092	0.00265106	0.62303	0.948557	0.948536	0.409882	0.0517487	0.0517483
1.2	0.0831974	0.00929685	0.00968687	0.00743452	0.00277941	0.00277958	0.62719	0.949022	0.949021	0.410254	0.0518877	0.0518873
1.25	0.0809145	0.00934992	0.00974091	0.00774859	0.00292476	0.00292496	0.631236	0.949489	0.949508	0.410641	0.0520339	0.0520336
1.3	0.0787	0.00938376	0.00968944	0.00811321	0.00309001	0.00309025	0.635171	0.949959	0.949992	0.411047	0.0521884	0.0521881
1.35	0.0773915	0.0094382	0.0096277	0.00853696	0.00327899	0.00327926	0.63904	0.950431	0.950473	0.411473	0.0523524	0.052352
1.4	0.0764775	0.00941116	0.00949606	0.00903065	0.00349652	0.00349684	0.642864	0.950901	0.950948	0.411925	0.0525272	0.0525269
1.45	0.0753357	0.00920652	0.00921934	0.00960796	0.00374881	0.00374918	0.646631	0.951361	0.951409	0.412405	0.0527146	0.0527143
1.5	0.0743509	0.00888277	0.00885611	0.0102865	0.00404386	0.0040443	0.650349	0.951806	0.951852	0.41292	0.0529168	0.0529166
1.55	0.0747082	0.0086305	0.00858324	0.0110893	0.00439219	0.00439272	0.654084	0.952237	0.952281	0.413474	0.0531364	0.0531362
1.6	0.0775169	0.00862733	0.00856431	0.0120463	0.00480779	0.00480841	0.65796	0.952669	0.952709	0.414077	0.0533768	0.0533766
1.65	0.0835507	0.0089697	0.00888792	0.0131983	0.00530952	0.00531026	0.662137	0.953117	0.953154	0.414736	0.0536423	0.0536421
1.7	0.0931233	0.00967619	0.00957079	0.0146002	0.00592324	0.00592412	0.666794	0.953601	0.953632	0.415466	0.0539385	0.0539383
1.75	0.105574	0.0106738	0.0105444	0.0163281	0.00668485	0.00668593	0.672072	0.954134	0.95416	0.416283	0.0542727	0.0542726
1.8	0.118959	0.0117926	0.011649	0.0184878	0.00764491	0.00764625	0.67802	0.954724	0.954742	0.417207	0.0546549	0.0546549
1.85	0.130799	0.0128404	0.0127006	0.0212276	0.00887441	0.00887609	0.68456	0.955366	0.955377	0.418269	0.0550987	0.0550987
1.9	0.139433	0.0137007	0.0135809	0.0247511	0.0104713	0.0104734	0.691532	0.956051	0.956056	0.419506	0.0556222	0.0556224
1.95	0.144835	0.0143615	0.0142676	0.0293245	0.0125632	0.0125659	0.698774	0.956769	0.956769	0.420972	0.0562504	0.0562507
2	0.148767	0.014931	0.0148597	0.0352476	0.0152908	0.0152943	0.706212	0.957516	0.957512	0.422735	0.0570149	0.0570154
2.05	0.153545	0.015597	0.015543	0.0427132	0.0187328	0.0187371	0.713889	0.958296	0.95829	0.42487	0.0579516	0.0579523
2.1	0.159783	0.0164689	0.0164306	0.0514475	0.0227184	0.0227234	0.721878	0.959119	0.959111	0.427443	0.0590875	0.0590884
2.15	0.16601	0.017502	0.0174815	0.0602442	0.0265937	0.0265991	0.730179	0.959994	0.959985	0.430455	0.0604172	0.0604184
2.2	0.170359	0.0185701	0.0185683	0.0672002	0.0293614	0.0293665	0.738697	0.960923	0.960914	0.433815	0.0618852	0.0618867
2.25	0.171561	0.0195103	0.0195231	0.0712229	0.0304521	0.0304567	0.747275	0.961898	0.96189	0.437376	0.0634078	0.0634096
2.3	0.169221	0.0201819	0.0202018	0.0730532	0.0302151	0.0302193	0.755736	0.962907	0.9629	0.441029	0.0649186	0.0649205
2.35	0.164093	0.0205564	0.0205773	0.0743704	0.0294543	0.0294583	0.763941	0.963935	0.963929	0.444747	0.0663913	0.0663934
2.4	0.157533	0.0207043	0.0207229	0.0765902	0.0288318	0.0288357	0.771817	0.96497	0.964965	0.448577	0.0678329	0.0678352
2.45	0.150685	0.020714	0.020729	0.08047	0.0286819	0.0286858	0.779352	0.966006	0.966001	0.4526	0.069267	0.0692695
2.5	0.144159	0.020642	0.0206534	0.0860658	0.0290207	0.0290246	0.786559	0.967038	0.967034	0.456904	0.070718	0.0707207
2.55	0.138096	0.020502	0.0205103	0.0927667	0.029607	0.0296109	0.793464	0.968063	0.96806	0.461542	0.0721984	0.0722013
2.6	0.132386	0.020282	0.0202878	0.0995558	0.0300981	0.0301019	0.800084	0.969077	0.969074	0.46652	0.0737033	0.0737064
2.65	0.126945	0.0199776	0.0199816	0.105333	0.0302118	0.0302153	0.806431	0.970076	0.970073	0.471786	0.0752139	0.0752171
2.7	0.121807	0.0196033	0.0196062	0.109058	0.0297709	0.0297737	0.812521	0.971056	0.971053	0.477239	0.0767024	0.0767058
2.75	0.117051	0.0191787	0.0191809	0.110008	0.0287177	0.0287196	0.818374	0.972015	0.972012	0.48274	0.0781383	0.0781418
2.8	0.112738	0.0187169	0.0187185	0.108234	0.0271609	0.0271621	0.824011	0.972951	0.972948	0.488151	0.0794964	0.0794999
2.85	0.108906	0.0182231	0.0182243	0.104557	0.0253421	0.0253428	0.829456	0.973862	0.973859	0.493379	0.0807635	0.0807671
2.9	0.105588	0.0176968	0.0176978	0.100043	0.0235124	0.0235129	0.834735	0.974747	0.974744	0.498381	0.0819391	0.0819427
2.95	0.102832	0.0171334	0.0171341	0.0956349	0.0218576	0.021858	0.839877	0.975604	0.975601	0.503163	0.083032	0.0830356
3	0.100715	0.0165246	0.0165252	0.092079	0.0204911	0.0204913	0.844913	0.97643	0.976427	0.507767	0.0840565	0.0840602
3.05	0.0993577	0.0158581	0.0158586	0.0898139	0.0194558	0.0194559	0.849881	0.977223	0.97722	0.512258	0.0850293	0.085033
3.1	0.098945	0.0151196	0.01512	0.0888174	0.0187234	0.0187233	0.854828	0.977979	0.977976	0.516699	0.0859655	0.0859691
3.15	0.0997215	0.0142943	0.0142946	0.0886232	0.0182117	0.0182114	0.859814	0.978694	0.978691	0.52113	0.0868761	0.0868797
3.2	0.101959	0.0133781	0.0133783	0.0884994	0.0178168	0.0178163	0.864912	0.979363	0.97936	0.525555	0.0877669	0.0877705
3.25	0.105829	0.012402	0.0124022	0.087758	0.0174557	0.0174552	0.870203	0.979983	0.97998	0.529943	0.0886397	0.0886433
3.3	0.111178	0.0114572	0.0114573	0.0861125	0.0171112	0.0171106	0.875762	0.980556	0.980553	0.534248	0.0894953	0.0894988
3.35	0.117341	0.0106759	0.0106759	0.0837385	0.016836	0.0168354	0.881629	0.981089	0.981087	0.538435	0.0903371	0.0903406
3.4	0.12321	0.0101542	0.0101544	0.0809954	0.0167156	0.0167151	0.88779	0.981597	0.981594	0.542485	0.0911728	0.0911763
3.45	0.127649	0.00990422	0.00990465	0.0781839	0.0168394	0.016839	0.894172	0.982092	0.98209	0.546394	0.0920148	0.0920183
3.5	0.130266	0.00989368	0.00989461	0.0754855	0.017296	0.0172956	0.900686	0.982587	0.982584	0.550169	0.0928796	0.0928831
3.55	0.131873	0.0101062	0.0101078	0.0730025	0.0181733	0.018173	0.907279	0.983092	0.98309	0.553819	0.0937883	0.0937917
3.6	0.133731	0.0105428	0.0105453	0.0707863	0.0195394	0.0195393	0.913966	0.983619	0.983617	0.557358	0.0947652	0.0947687
3.65	0.1361	0.0111644	0.0111677	0.0688532	0.0213921	0.0213921	0.920771	0.984178	0.984175	0.560801	0.0958348	0.0958383
3.7	0.137547	0.0118297	0.0118336	0.0671818	0.0236133	0.0236134	0.927648	0.984769	0.984767	0.56416	0.0970155	0.0970189
3.75	0.135816	0.0122914	0.0122957	0.0657155	0.0260072	0.0260075	0.934439	0.985384	0.985382	0.567445	0.0983159	0.0983193
3.8	0.12912	0.0122538	0.0122585	0.0643665	0.0283964	0.0283968	0.940895	0.985996	0.985995	0.570664	0.0997357	0.0997392
3.85	0.116817	0.0115078	0.0115126	0.0630039	0.0306442	0.0306448	0.946736	0.986572	0.98657	0.573814	0.101268	0.101271
3.9	0.100332	0.0101395	0.0101442	0.0614593	0.032603	0.0326038	0.951752	0.987079	0.987078	0.576887	0.102898	0.102902
3.95	0.0828993	0.00851996	0.00852409	0.0595538	0.0340749	0.0340758	0.955897	0.987505	0.987504	0.579865	0.104602	0.104605
4	0.067332	0.00700682	0.00701018	0.0571615	0.0348586	0.0348596	0.959264	0.987855	0.987854	0.582723	0.106345	0.106348
4.05	0.0547324	0.00576086	0.0057635	0.054371	0.0349171	0.0349182	0.962001	0.988143	0.988143	0.585441	0.108091	0.108094
4.1	0.0449732	0.00479098	0.00479302	0.0516278	0.0345056	0.0345068	0.964249	0.988383	0.988382	0.588023	0.109816	0.10982
4.15	0.0374985	0.00404825	0.00404984	0.0495925	0.0340433	0.0340447	0.966124	0.988585	0.988585	0.590502	0.111518	0.111522
4.2	0.0317424	0.00347741	0.00347866	0.048774	0.0338466	0.0338483	0.967711	0.988759	0.988759	0.592941	0.11321	0.113214
4.25	0.0272531	0.00303314	0.00303413	0.0492953	0.0339582	0.0339604	0.969074	0.988911	0.98891	0.595406	0.114908	0.114912
4.3	0.0236983	0.00268186	0.00268266	0.0509198	0.0341549	0.0341575	0.970259	0.989045	0.989044	0.597952	0.116616	0.11662
4.35	0.0208397	0.00239954	0.00240019	0.0532346	0.0341106	0.0341136	0.971301	0.989165	0.989164	0.600613	0.118322	0.118326
4.4	0.0185072	0.00216906	0.00216959	0.0558902	0.0336248	0.0336278	0.972226	0.989273	0.989273	0.603408	0.120003	0.120007
4.45	0.0165782	0.00197819	0.00197862	0.0586948	0.0327269	0.0327292	0.973055	0.989372	0.989372	0.606343	0.121639	0.121644
4.5	0.0149637	0.00181803	0.00181838	0.0614083	0.031536	0.0315365	0.973803	0.989463	0.989463	0.609413	0.123216	0.123221
4.55	0.0135977	0.00168208	0.00168236	0.0634116	0.0300641	0.0300619	0.974483	0.989547	0.989547	0.612584	0.124719	0.124724
4.6	0.0124308	0.00156546	0.00156569	0.063621	0.0281721	0.0281661	0.975105	0.989625	0.989625	0.615765	0.126128	0.126132
4.65	0.0114254	0.00146449	0.00146467	0.0609898	0.0257157	0.0257053	0.975676	0.989699	0.989698	0.618814	0.127414	0.127417
4.7	0.0105518	0.00137626	0.00137643	0.0553396	0.0227505	0.0227361	0.976204	0.989767	0.989767	0.621581	0.128551	0.128554
4.75	0.00978552	0.00129846	0.00129865	0.0476696	0.0195774	0.019561	0.976693	0.989832	0.989832	0.623965	0.12953	0.129532
4.8	0.00910707	0.00122923	0.00122947	0.0395932	0.0165875	0.0165718	0.977148	0.989894	0.989894	0.625944	0.130359	0.130361
4.85	0.00850214	0.00116722	0.00116747	0.0323877	0.0140494	0.0140362	0.977573	0.989952	0.989952	0.627564	0.131062	0.131062
4.9	0.00796104	0.00111146	0.00111166	0.0265505	0.0120316	0.0120212	0.977971	0.990008	0.990008	0.628891	0.131663	0.131663
4.95	0.00747632	0.00106117	0.00106131	0.0220258	0.0104744	0.0104663	0.978345	0.990061	0.990061	0.629993	0.132187	0.132187
5	0.00704113	0.00101565	0.00101573	0.0185589	0.00928041	0.00927424	0.978697	0.990111	0.990111	0.630921	0.132651	0.132651
5.05	0.00664889	0.00097428	0.000974323	0.0158886	0.00836038	0.00835558	0.97903	0.99016	0.99016	0.631715	0.133069	0.133068
5.1	0.00629349	0.000936481	0.000936517	0.0138056	0.00764469	0.00764091	0.979344	0.990207	0.990207	0.632405	0.133451	0.13345
5.15	0.00596926	0.000901742	0.000901785	0.0121556	0.0070823	0.00707928	0.979643	0.990252	0.990252	0.633013	0.133805	0.133804
5.2	0.00567092	0.000869578	0.000869628	0.0108282	0.00663644	0.00663399	0.979926	0.990296	0.990296	0.633554	0.134137	0.134136
5.25	0.00539452	0.000839607	0.000839662	0.00974451	0.00628058	0.00627856	0.980196	0.990338	0.990338	0.634042	0.134451	0.13445
5.3	0.00513778	0.000811622	0.000811683	0.00884771	0.00599541	0.00599372	0.980453	0.990378	0.990378	0.634484	0.134751	0.13475
5.35	0.00489921	0.000785513	0.000785582	0.00809649	0.00576669	0.00576527	0.980698	0.990417	0.990417	0.634889	0.135039	0.135038
5.4	0.00467762	0.000761169	0.000761248	0.00746033	0.00558383	0.00558262	0.980932	0.990455	0.990455	0.635262	0.135319	0.135317
5.45	0.0044721	0.000738459	0.000738545	0.00691636	0.0054388	0.00543776	0.981155	0.990492	0.990492	0.635608	0.135591	0.135589
5.5	0.00428159	0.000717235	0.000717319	0.00644721	0.00532545	0.00532455	0.981369	0.990528	0.990528	0.63593	0.135857	0.135855
5.55	0.00410473	0.000697346	0.000697417	0.00603949	0.00523905	0.00523826	0.981575	0.990563	0.990563	0.636232	0.136119	0.136117
5.6	0.00394038	0.000678672	0.000678723	0.00568277	0.00517591	0.00517521	0.981772	0.990597	0.990597	0.636516	0.136378	0.136376
5.65	0.00378765	0.000661123	0.000661149	0.00536882	0.00513312	0.0051325	0.981961	0.99063	0.99063	0.636785	0.136634	0.136632
5.7	0.00364576	0.000644623	0.000644621	0.00509108	0.00510841	0.00510786	0.982143	0.990662	0.990662	0.637039	0.13689	0.136888
5.75	0.00351394	0.000629093	0.000629064	0.00484425	0.00509998	0.00509949	0.982319	0.990694	0.990694	0.637281	0.137145	0.137143
5.8	0.00339121	0.000614447	0.000614396	0.00462404	0.00510641	0.00510597	0.982489	0.990725	0.990725	0.637513	0.1374	0.137398
5.85	0.00327614	0.000600571	0.000600513	0.00442694	0.0051266	0.0051262	0.982652	0.990755	0.990755	0.637734	0.137656	0.137654
5.9	0.00316683	0.000587328	0.000587285	0.00425003	0.00515969	0.00515933	0.982811	0.990784	0.990784	0.637946	0.137914	0.137912
5.95	0.0030618	0.000574616	0.000574602	0.0040909	0.00520506	0.00520473	0.982964	0.990813	0.990813	0.638151	0.138175	0.138173
6	0.002961	0.00056242	0.000562428	0.00394753	0.00526223	0.00526193	0.983112	0.990841	0.990841	0.638348	0.138438	0.138436
6.05	0.002865	0.000550752	0.000550769	0.00381824	0.0053309	0.00533063	0.983255	0.990868	0.990868	0.638539	0.138704	0.138702
6.1	0.00277382	0.000539593	0.000539612	0.0037016	0.00541093	0.00541068	0.983394	0.990895	0.990895	0.638724	0.138975	0.138973
6.15	0.002687	0.000528908	0.000528924	0.00359641	0.00550231	0.00550208	0.983528	0.990922	0.990922	0.638904	0.13925	0.139248
6.2	0.00260444	0.00051868	0.000518695	0.00350164	0.00560511	0.0056049	0.983658	0.990948	0.990948	0.639079	0.13953	0.139528
6.25	0.0025264	0.000508914	0.000508926	0.00341643	0.00571949	0.00571931	0.983785	0.990973	0.990973	0.63925	0.139816	0.139814
6.3	0.00245307	0.000499601	0.000499612	0.00334004	0.00584576	0.0058456	0.983907	0.990998	0.990998	0.639417	0.140108	0.140106
6.35	0.00238436	0.000490719	0.000490729	0.00327187	0.00598435	0.00598421	0.984027	0.991023	0.991023	0.639581	0.140408	0.140406
6.4	0.00231997	0.000482232	0.000482241	0.00321142	0.0061358	0.00613568	0.984143	0.991047	0.991047	0.639741	0.140714	0.140712
6.45	0.00225956	0.000474099	0.000474106	0.00315831	0.00630077	0.00630069	0.984256	0.99107	0.99107	0.639899	0.141029	0.141027
6.5	0.00220297	0.000466299	0.000466303	0.0031122	0.00648001	0.00647994	0.984366	0.991094	0.991094	0.640055	0.141353	0.141351
6.55	0.00215022	0.000458835	0.000458831	0.00307272	0.00667424	0.00667418	0.984473	0.991117	0.991117	0.640208	0.141687	0.141685
6.6	0.00210102	0.000451701	0.000451685	0.00303957	0.00688431	0.00688424	0.984578	0.991139	0.991139	0.64036	0.142031	0.142029
6.65	0.00205435	0.000444851	0.000444823	0.00301255	0.00711132	0.00711122	0.984681	0.991162	0.991162	0.640511	0.142387	0.142385
6.7	0.00200831	0.000438181	0.000438154	0.00299162	0.00735677	0.00735664	0.984781	0.991183	0.991183	0.640661	0.142755	0.142753
6.75	0.00196087	0.000431577	0.000431566	0.00297686	0.00762242	0.00762225	0.98488	0.991205	0.991205	0.640809	0.143136	0.143134
6.8	0.00191169	0.000425011	0.000425018	0.00296838	0.00791025	0.00791001	0.984975	0.991226	0.991226	0.640958	0.143531	0.143529
6.85	0.00186277	0.000418577	0.000418592	0.00296631	0.00822248	0.00822214	0.985068	0.991247	0.991247	0.641106	0.143942	0.14394
6.9	0.00181635	0.000412376	0.000412391	0.00297084	0.00856181	0.00856136	0.985159	0.991268	0.991268	0.641255	0.144371	0.144368
6.95	0.00177348	0.000406459	0.00040647	0.00298229	0.00893194	0.00893139	0.985248	0.991288	0.991288	0.641404	0.144817	0.144815
7	0.00173443	0.000400835	0.00040084	0.00300134	0.00933811	0.0093376	0.985334	0.991308	0.991308	0.641554	0.145284	0.145282
7.05	0.00169935	0.000395505	0.000395504	0.00302896	0.00978632	0.00978609	0.985419	0.991328	0.991328	0.641705	0.145773	0.145771
7.1	0.00166848	0.000390468	0.000390461	0.00306558	0.0102794	0.0102797	0.985503	0.991347	0.991347	0.641859	0.146287	0.146285
7.15	0.00164171	0.000385703	0.000385689	0.00311089	0.0108171	0.0108178	0.985585	0.991367	0.991367	0.642014	0.146828	0.146826
7.2	0.00161795	0.000381136	0.000381113	0.00316533	0.0114036	0.0114044	0.985666	0.991386	0.991386	0.642172	0.147398	0.147396
7.25	0.00159485	0.000376638	0.000376604	0.00323059	0.0120501	0.0120508	0.985746	0.991405	0.991405	0.642334	0.148001	0.147999
7.3	0.00157037	0.000372122	0.000372075	0.00330883	0.0127701	0.0127707	0.985824	0.991423	0.991423	0.642499	0.148639	0.148637
7.35	0.00154517	0.000367645	0.000367583	0.00340239	0.0135781	0.0135785	0.985901	0.991442	0.991442	0.64267	0.149318	0.149316
7.4	0.00152185	0.000363332	0.00036326	0.00351403	0.0144909	0.0144912	0.985977	0.99146	0.99146	0.642845	0.150043	0.150041
7.45	0.00150114	0.000359198	0.000359136	0.00364722	0.0155296	0.0155298	0.986052	0.991478	0.991478	0.643028	0.150819	0.150817
7.5	0.00147981	0.000355086	0.000355067	0.0038065	0.0167213	0.0167214	0.986126	0.991496	0.991495	0.643218	0.151655	0.151653
7.55	0.00145288	0.000350793	0.000350836	0.00399782	0.0181008	0.0181009	0.986199	0.991513	0.991513	0.643418	0.15256	0.152559
7.6	0.00141862	0.000346288	0.000346374	0.00422895	0.0197128	0.0197128	0.98627	0.99153	0.99153	0.643629	0.153546	0.153544
7.65	0.00137966	0.000341721	0.000341815	0.00451003	0.0216136	0.0216136	0.986339	0.991547	0.991547	0.643855	0.154627	0.154625
7.7	0.00133992	0.000337253	0.000337335	0.0048545	0.0238749	0.023875	0.986406	0.991564	0.991564	0.644097	0.155821	0.155819
7.75	0.00130252	0.000332977	0.000333041	0.00528141	0.0265983	0.0265984	0.986471	0.991581	0.991581	0.644362	0.15715	0.157148
7.8	0.00126897	0.00032892	0.000328968	0.00581911	0.0299396	0.0299397	0.986535	0.991597	0.991597	0.644652	0.158647	0.158645
7.85	0.00123943	0.000325076	0.000325112	0.00650648	0.0341194	0.0341195	0.986597	0.991614	0.991614	0.644978	0.160353	0.160351
7.9	0.00121334	0.00032142	0.000321448	0.00738761	0.0393991	0.0393993	0.986657	0.99163	0.99163	0.645347	0.162323	0.162321
7.95	0.00118996	0.000317922	0.000317942	0.00849323	0.0460022	0.0460025	0.986717	0.991646	0.991646	0.645772	0.164623	0.164622
8	0.00116865	0.00031454	0.000314555	0.00979428	0.0539094	0.0539101	0.986775	0.991661	0.991661	0.646262	0.167319	0.167317
8.05	0.0011489	0.000311233	0.000311245	0.0111286	0.0624969	0.0624985	0.986833	0.991677	0.991677	0.646818	0.170444	0.170442
8.1	0.00113056	0.000307987	0.000307995	0.0121804	0.0703003	0.0703041	0.986889	0.991692	0.991692	0.647427	0.173959	0.173957
8.15	0.00111367	0.000304816	0.000304821	0.0126546	0.0755798	0.0755886	0.986945	0.991708	0.991708	0.64806	0.177738	0.177737
8.2	0.00109781	0.000301731	0.000301733	0.0125433	0.0776219	0.0776374	0.987	0.991723	0.991723	0.648687	0.181619	0.181618
8.25	0.00108208	0.000298723	0.000298722	0.0121173	0.0772743	0.0772923	0.987054	0.991738	0.991738	0.649293	0.185483	0.185483
8.3	0.00106627	0.000295792	0.000295787	0.0116923	0.0763201	0.0763309	0.987107	0.991752	0.991752	0.649877	0.189299	0.1893
8.35	0.00105141	0.000292962	0.000292953	0.0114897	0.0765485	0.0765444	0.98716	0.991767	0.991767	0.650452	0.193126	0.193127
8.4	0.00103848	0.000290245	0.000290232	0.0116181	0.0791152	0.0790945	0.987212	0.991782	0.991782	0.651033	0.197082	0.197082
8.45	0.00102689	0.000287601	0.000287587	0.0121102	0.0845553	0.0845226	0.987263	0.991796	0.991796	0.651638	0.20131	0.201308
8.5	0.00101449	0.000284941	0.000284933	0.012968	0.0931211	0.0930855	0.987314	0.99181	0.99181	0.652287	0.205966	0.205962
8.55	0.000999667	0.000282202	0.000282204	0.0141922	0.105071	0.105039	0.987364	0.991824	0.991824	0.652996	0.211219	0.211214
8.6	0.000982977	0.000279411	0.000279423	0.0158156	0.120988	0.120959	0.987413	0.991838	0.991838	0.653787	0.217269	0.217262
8.65	0.000965627	0.000276637	0.000276653	0.0179466	0.142167	0.142138	0.987461	0.991852	0.991852	0.654684	0.224377	0.224369
8.7	0.000947347	0.000273906	0.000273921	0.0207806	0.17072	0.170693	0.987508	0.991866	0.991866	0.655723	0.232913	0.232903
8.75	0.000927326	0.00027121	0.000271222	0.024583	0.209249	0.209225	0.987555	0.991879	0.991879	0.656953	0.243375	0.243365
8.8	0.000906228	0.000268559	0.000268569	0.0296807	0.260057	0.260035	0.9876	0.991893	0.991893	0.658437	0.256378	0.256366
8.85	0.000885685	0.000265976	0.000265984	0.0364372	0.323114	0.323093	0.987644	0.991906	0.991906	0.660259	0.272534	0.272521
8.9	0.000866748	0.000263474	0.00026348	0.045131	0.392275	0.392254	0.987688	0.991919	0.991919	0.662515	0.292148	0.292134
8.95	0.000849608	0.000261053	0.000261057	0.0557015	0.453442	0.453422	0.98773	0.991932	0.991932	0.6653	0.31482	0.314805
9	0.000834047	0.000258705	0.000258709	0.0674884	0.491696	0.491678	0.987772	0.991945	0.991945	0.668675	0.339405	0.339389
9.05	0.000819794	0.000256425	0.000256429	0.0791764	0.501995	0.501981	0.987813	0.991958	0.991958	0.672633	0.364504	0.364488
9.1	0.000806667	0.00025421	0.000254213	0.0889249	0.488778	0.48877	0.987853	0.991971	0.991971	0.67708	0.388943	0.388926
9.15	0.000794572	0.000252057	0.000252059	0.0946321	0.458572	0.458571	0.987893	0.991983	0.991983	0.681811	0.411872	0.411855
9.2	0.000783469	0.000249968	0.000249971	0.0944995	0.416598	0.416605	0.987932	0.991996	0.991996	0.686536	0.432702	0.432685
9.25	0.000773352	0.000247946	0.000247949	0.0879482	0.367533	0.367552	0.987971	0.992008	0.992008	0.690934	0.451078	0.451063
9.3	0.000764184	0.00024599	0.000245992	0.0764911	0.316888	0.316921	0.988009	0.992021	0.992021	0.694758	0.466923	0.466909
9.35	0.000755738	0.000244088	0.00024409	0.0633039	0.270511	0.270563	0.988047	0.992033	0.992033	0.697923	0.480448	0.480437
9.4	0.000747374	0.000242204	0.000242206	0.0512137	0.232152	0.232223	0.988084	0.992045	0.992045	0.700484	0.492056	0.492048
9.45	0.000738151	0.000240283	0.000240285	0.0414457	0.202452	0.202537	0.988121	0.992057	0.992057	0.702556	0.502179	0.502175
9.5	0.000727627	0.0002383	0.000238302	0.0340028	0.180168	0.180251	0.988158	0.992069	0.992069	0.704256	0.511187	0.511187
9.55	0.000716387	0.000236287	0.000236289	0.0284248	0.163581	0.163641	0.988193	0.992081	0.992081	0.705678	0.519366	0.519369
9.6	0.000705355	0.000234299	0.000234301	0.0242255	0.151198	0.151228	0.988229	0.992092	0.992092	0.706889	0.526926	0.526931
9.65	0.000695089	0.000232365	0.000232366	0.0210372	0.141938	0.141947	0.988263	0.992104	0.992104	0.707941	0.534023	0.534028
9.7	0.000685777	0.000230494	0.000230496	0.0186038	0.135053	0.135054	0.988298	0.992115	0.992115	0.708871	0.540775	0.540781
9.75	0.000677462	0.000228687	0.000228688	0.0167394	0.130003	0.130001	0.988332	0.992127	0.992127	0.709708	0.547276	0.547281
9.8	0.000670173	0.00022694	0.000226941	0.0153052	0.126378	0.126378	0.988365	0.992138	0.992138	0.710473	0.553594	0.5536
9.85	0.00066395	0.000225254	0.000225255	0.0141964	0.123873	0.123873	0.988398	0.99215	0.99215	0.711183	0.559788	0.559794
9.9	0.000658745	0.000223625	0.000223625	0.0133349	0.122257	0.122258	0.988431	0.992161	0.992161	0.71185	0.565901	0.565906
9.95	0.000654175	0.000222041	0.00022204	0.012666	0.121379	0.121381	0.988464	0.992172	0.992172	0.712483	0.57197	0.571975
10	0.000649276	0.000220471	0.000220469	0.0121564	0.121178	0.12118	0.988496	0.992183	0.992183	0.713091	0.578029	0.578035
