model	E_kin	D	U	eb1_1	eb2_1	eb3_1	eb4_1	eb5_1	eb6_1	eb7_1	eb8_1	mu	sb1_1	sb2_1	sb3_1	sb4_1	sb5_1	sb6_1	sb7_1	sb8_1	t	tb1_1	tb2_1	tb3_1	tb4_1	tb5_1	tb6_1	tb7_1	tb8_1	tp	ave_D	ave_mu	ave_t	ave_tp	ave_U_1	ave_eb1_1	ave_eb2_1	ave_eb3_1	ave_eb4_1	ave_eb5_1	ave_eb6_1	ave_eb7_1	ave_eb8_1	ave_mu_1	ave_sb1_1	ave_sb2_1	ave_sb3_1	ave_sb4_1	ave_sb5_1	ave_sb6_1	ave_sb7_1	ave_sb8_1	ave_t_1	ave_tb1_1	ave_tb2_1	ave_tb3_1	ave_tb4_1	ave_tb5_1	ave_tb6_1	ave_tb7_1	ave_tb8_1	ave_tp_1	E0_1	sector_1	n_1	githash	version	GS_consistency	method	iterations	dist_function	convergence	script	time	
2x2_2C_8b_C2v_L	-0.95940248	0	8.5	0.19116322	-0.20073783	0.78284023	0.25564907	0.78330278	0.2556451	0.27743413	0.75491753	2	-0.1735351	-0.15731121	-0.0680102	0.20135675	-0.068099759	0.20134854	-0.24693223	-6.7354801e-05	1	0.029283478	0.033022035	-0.32750895	-0.14130395	0.3275135	0.1413832	-7.7378854e-05	0.46003008	-0.4	0.00096266295	0.92604327	-0.90421232	0.13797538	0.031517246	0.047786341	1.8229637	0.087743813	0.28200493	0.087674591	0.28207282	0.080690373	0.037496367	0.91861405	0.32625658	1.4330777	-0.023950948	-1.0804973	-0.02362315	-1.0805388	0.89374783	0.00021563265	-0.54404675	-0.27155756	-0.060632461	0.9816382	0.99833347	-0.98131239	-0.9986515	0.00012050552	-0.41841231	-0.0083206838	-10.52697	R0:S0:1	0.91861405	b8cfe21	v2.4.3	Y	Broyden	8	sharp_wc_2.0_b_35	self-energy/D	run_optim.py	2024-06-04@10:57
2x2_2C_8b_C2v_L	-0.95892265	0	8.51	0.19107178	-0.20043787	0.78174063	0.255515	0.78215019	0.25551659	0.2773355	0.75382032	2	-0.17327538	-0.15709889	-0.06808756	0.20131688	-0.06820281	0.20131243	-0.24693354	-0.0001106666	1	0.030291174	0.034137688	-0.32728922	-0.14130702	0.32727432	0.14140324	-0.00012678141	0.45974773	-0.4	0.00097365564	0.92594282	-0.90373607	0.13796646	0.031443113	0.04821421	1.8230389	0.087742203	0.28212882	0.08766211	0.28221175	0.080762378	0.037515856	0.91852286	0.32611014	1.4316573	-0.023632625	-1.0800778	-0.02322238	-1.0801355	0.89359147	0.00033628948	-0.54366295	-0.28089795	-0.062777787	0.98140404	0.99825426	-0.98100726	-0.99862122	0.00018095834	-0.41863697	-0.0082940323	-10.524817	R0:S0:1	0.91852286	b8cfe21	v2.4.3	Y	Broyden	7	sharp_wc_2.0_b_35	self-energy/D	run_optim.py	2024-06-04@11:22
2x2_2C_8b_C2v_L	-0.95810769	0	8.5	0.19215205	-0.20004478	0.78510331	0.25691563	0.78538701	0.25689936	0.27863597	0.75674875	2.01	-0.17384348	-0.15583777	-0.068309633	0.20207105	-0.06837429	0.20205715	-0.24761562	-5.2670134e-05	1	0.031041642	0.035255071	-0.32644441	-0.1412709	0.32643848	0.14132679	-6.5083573e-05	0.45893416	-0.4	0.0013157551	0.92706223	-0.90291111	0.13799146	0.031610225	0.048137642	1.8259752	0.086542107	0.27942153	0.086493924	0.27946598	0.080144583	0.037110746	0.91966632	0.3234788	1.4188097	-0.022462367	-1.0756445	-0.022228391	-1.0756551	0.89149781	0.00016509619	-0.54428363	-0.28680239	-0.064320575	0.97562562	0.99432441	-0.97538618	-0.99455578	0.00010684949	-0.41682007	-0.0084256349	-10.559292	R0:S0:1	0.91966632	b8cfe21	v2.4.3	Y	Broyden	6	sharp_wc_2.0_b_35	self-energy/D	run_optim.py	2024-06-04@11:45
2x2_2C_8b_C2v_L	-0.95805414	0	8.5	0.19734123	-0.19827675	0.77987315	0.25737291	0.77996648	0.25745237	0.27746809	0.75321329	2	-0.17598524	-0.15595009	-0.068895563	0.20220392	-0.068948346	0.20222256	-0.24599116	2.3535062e-05	1	0.035739259	0.040415162	-0.32484692	-0.14160264	0.32484392	0.14164809	2.5288221e-05	0.45664895	-0.39	0.001231755	0.92582149	-0.90601496	0.13343377	0.031534207	0.050716667	1.8248485	0.086817387	0.28258231	0.08679602	0.28260322	0.080213818	0.037021442	0.9185167	0.32695182	1.418838	-0.021608836	-1.0838024	-0.021458035	-1.0838139	0.89236429	-6.2580361e-05	-0.54491852	-0.32571853	-0.074908533	0.97642552	1.0021479	-0.97632454	-1.0022858	-2.7425068e-05	-0.41507242	-0.0090938939	-10.518347	R0:S0:1	0.9185167	b8cfe21	v2.4.3	Y	Broyden	9	sharp_wc_2.0_b_35	self-energy/D	run_optim.py	2024-06-04@12:16
2x2_2C_8b_C2v_L	-0.95729741	0	8.5066667	0.1958311	-0.19848418	0.7816569	0.25754921	0.78163198	0.25752813	0.27825927	0.75433563	2.0066667	-0.17513219	-0.15524419	-0.068863383	0.20236845	-0.068843048	0.20236747	-0.24677688	-4.0876591e-05	1	0.035468213	0.040255974	-0.32487396	-0.14148945	0.32488245	0.14146967	-4.7902048e-05	0.45686568	-0.39333333	0.0013878953	0.926516	-0.90421366	0.13495869	0.031540972	0.050285041	1.8263676	0.086318406	0.28073597	0.08632508	0.28072187	0.080045625	0.036931722	0.91919769	0.32460888	1.4127189	-0.021153607	-1.0791057	-0.021214695	-1.0791201	0.8911913	0.00012324666	-0.54452994	-0.32434286	-0.074125669	0.97396701	0.99816163	-0.97399622	-0.99807607	6.6796134e-05	-0.41526419	-0.0088884185	-10.541392	R0:S0:1	0.91919769	b8cfe21	v2.4.3	Y	Broyden	9	sharp_wc_2.0_b_35	self-energy/D	run_optim.py	2024-06-04@12:47
2x2_2C_8b_C2v_L	-0.9562587	0	8.51	0.19816429	-0.19757269	0.78097754	0.25846944	0.78092085	0.25850781	0.27863893	0.75405922	2.01	-0.17559731	-0.15396288	-0.069248496	0.20288073	-0.069252382	0.20289239	-0.24669276	2.239071e-05	1	0.03931869	0.044788479	-0.32356186	-0.14153385	0.3235544	0.14153936	2.0503558e-05	0.45527526	-0.39	0.0016037893	0.92675788	-0.90421181	0.13345355	0.031553669	0.051853016	1.8285354	0.085628632	0.28009711	0.085627632	0.28009162	0.079710812	0.036649671	0.91949024	0.32297315	1.3999968	-0.019907571	-1.0784667	-0.019901928	-1.0784791	0.88986987	-6.4264596e-05	-0.54477856	-0.35713504	-0.082503779	0.97021554	0.99795534	-0.97019925	-0.99793336	-2.7260075e-05	-0.41367717	-0.0091753053	-10.549064	R0:S0:1	0.91949024	b8cfe21	v2.4.3	Y	Broyden	6	sharp_wc_2.0_b_35	self-energy/D	run_optim.py	2024-06-04@13:10
2x2_2C_8b_C2v_L	-0.9560122	0	8.4966667	0.20062513	-0.19730101	0.78248323	0.259688	0.78215513	0.2596561	0.279133	0.7557015	2.0133333	-0.17688754	-0.15339421	-0.069549575	0.20346502	-0.069466139	0.20346998	-0.24659955	5.0681931e-05	1	0.040341454	0.046170937	-0.32262107	-0.14160486	0.32262303	0.14153807	5.5857532e-05	0.45414199	-0.38666667	0.0018064672	0.92715711	-0.90498516	0.13196648	0.031689952	0.052120227	1.8300694	0.084903094	0.27924543	0.084953994	0.27919561	0.079250143	0.036333539	0.91993934	0.32222424	1.3926652	-0.019038985	-1.0784549	-0.019314359	-1.0784397	0.88877143	-0.00015563232	-0.54566984	-0.36405315	-0.084792425	0.966667	0.99796644	-0.96691411	-0.99770508	-7.8094789e-05	-0.41170466	-0.0095046837	-10.560573	R0:S0:1	0.91993934	b8cfe21	v2.4.3	Y	Broyden	4	sharp_wc_2.0_b_35	self-energy/D	run_optim.py	2024-06-04@13:25
2x2_2C_8b_C2v_L	-0.95458769	0	8.49	0.2053388	-0.19662907	0.7829658	0.261849	0.78251649	0.26187321	0.280027	0.75692103	2.02	-0.17848844	-0.15154713	-0.070298723	0.20456828	-0.070206249	0.2045861	-0.24644139	0.00011728887	1	0.044956163	0.051913679	-0.3202458	-0.1417434	0.32024634	0.14166734	0.00013854009	0.45134792	-0.38	0.0022345959	0.9277607	-0.90557438	0.12898239	0.031816553	0.053772333	1.8338879	0.083468113	0.27782143	0.083534922	0.27774955	0.078441002	0.035740525	0.92065516	0.31921059	1.371939	-0.016719478	-1.0777017	-0.017051459	-1.0776637	0.88621324	-0.00036654888	-0.54670099	-0.4006717	-0.094812684	0.95909822	0.99788303	-0.95942775	-0.99755358	-0.00019866657	-0.40819929	-0.010121701	-10.58035	R0:S0:1	0.92065516	b8cfe21	v2.4.3	Y	Broyden	4	sharp_wc_2.0_b_35	self-energy/D	run_optim.py	2024-06-04@13:41
2x2_2C_8b_C2v_L	-0.95451026	0	8.5	0.19990484	-0.19750702	0.7862094	0.26071038	0.78610649	0.26068316	0.28066883	0.75866107	2.0266667	-0.17636273	-0.15182351	-0.069590439	0.20412925	-0.069575855	0.20412686	-0.24783747	3.7869295e-05	1	0.040537901	0.046831996	-0.32202333	-0.14134072	0.32200437	0.1413344	3.4443284e-05	0.45369306	-0.39	0.0022051867	0.92857758	-0.90244772	0.1334937	0.031783893	0.051559928	1.833645	0.083654813	0.27553899	0.083657738	0.27553938	0.078662012	0.035976169	0.92136067	0.31781931	1.3774168	-0.018042627	-1.0705137	-0.018069656	-1.070516	0.88600802	-0.00011966199	-0.54558274	-0.36617959	-0.08488694	0.96043544	0.99089821	-0.960433	-0.9908684	-4.5657973e-05	-0.41070093	-0.0093834035	-10.606574	R0:S0:1	0.92136067	b8cfe21	v2.4.3	Y	Broyden	5	sharp_wc_2.0_b_35	self-energy/D	run_optim.py	2024-06-04@13:59
2x2_2C_8b_C2v_L	-0.95225763	0	8.5	0.21081122	-0.19385989	0.78097808	0.26391849	0.78084053	0.2639825	0.28085313	0.75565512	2.0277778	-0.18907034	-0.15665963	-0.071257921	0.20562784	-0.07122537	0.20564044	-0.24627354	3.4839745e-05	1	0.0078716916	0.0091396375	-0.31736568	-0.14190416	0.31736609	0.14188572	3.9361043e-05	0.44793244	-0.37333333	0.0026996546	0.92833525	-0.90518856	0.12607786	0.031822103	0.044841919	1.8257522	0.082012086	0.27643158	0.082030912	0.27638712	0.077831307	0.035196091	0.92130905	0.33371568	1.4173478	-0.013582975	-1.0756338	-0.013707453	-1.0756053	0.8833582	-0.00011400384	-0.54699274	-0.069129838	-0.016787251	0.95092401	0.9973325	-0.95100988	-0.99719676	-5.5327948e-05	-0.40515211	-0.010629244	-10.596908	R0:S0:1	0.92130905	b8cfe21	v2.4.3	Y	Broyden	7	sharp_wc_2.0_b_35	self-energy/D	run_optim.py	2024-06-04@14:24
2x2_2C_8b_C2v_L	-0.9495232	0	8.5	0.22071491	-0.19183668	0.77857748	0.26768044	0.77849387	0.26768	0.28191205	0.75503414	2.0366667	-0.19542444	-0.15591586	-0.072957286	0.20741781	-0.072938848	0.207416	-0.24554502	4.7445157e-07	1	0.00042288209	0.00049578311	-0.31269256	-0.14234233	0.31268616	0.14232933	-1.1908681e-06	0.44246617	-0.36	0.003391079	0.9289562	-0.90624221	0.12022496	0.031929787	0.04527111	1.8283973	0.079737804	0.27521843	0.079744028	0.27520103	0.076666052	0.034284929	0.92210793	0.3353321	1.4045005	-0.0085091646	-1.0759583	-0.0085656006	-1.0759514	0.87919245	-4.7283822e-06	-0.54831244	-0.0036311756	-0.0009047899	0.93812821	0.99957972	-0.93814735	-0.99950886	2.5008319e-06	-0.39946278	-0.011701985	-10.618134	R0:S0:1	0.92210793	b8cfe21	v2.4.3	Y	Broyden	9	sharp_wc_2.0_b_35	self-energy/D	run_optim.py	2024-06-04@14:55
2x2_2C_8b_C2v_L	-0.94942384	0	8.4833333	0.2197193	-0.19335837	0.78442444	0.26846461	0.78423589	0.26840099	0.28305884	0.75989923	2.0455556	-0.19477467	-0.15497125	-0.072661934	0.20787051	-0.072583023	0.20785987	-0.24648916	1.9907548e-05	1	0.003668239	0.0043473702	-0.31307041	-0.14201879	0.31308992	0.14194995	1.9498827e-05	0.44304078	-0.36333333	0.0036398198	0.93016008	-0.90518553	0.12175682	0.032132083	0.044427255	1.8315656	0.079000144	0.27219628	0.07904399	0.27215375	0.076129095	0.034044175	0.92327762	0.33102195	1.3935405	-0.0089534489	-1.0705221	-0.0092086804	-1.0704918	0.87753918	-6.7876806e-05	-0.54891235	-0.031521133	-0.0078570943	0.93491743	0.99401281	-0.93515718	-0.99379185	-2.8775303e-05	-0.39863442	-0.01158351	-10.654759	R0:S0:1	0.92327762	b8cfe21	v2.4.3	Y	Broyden	6	sharp_wc_2.0_b_35	self-energy/D	run_optim.py	2024-06-04@15:16
2x2_2C_8b_C2v_L	-0.9460726	0	8.47	0.23127566	-0.194337	0.78680717	0.2737299	0.78677441	0.27373288	0.28526209	0.76380324	2.0633333	-0.20175243	-0.15344404	-0.074478137	0.21040563	-0.07447058	0.21041125	-0.24636346	-6.3973393e-07	1	0.00056464233	0.00068451583	-0.30774831	-0.14217695	0.30776116	0.14216511	3.3898286e-06	0.43695888	-0.35	0.0047043675	0.93191338	-0.90546529	0.11602088	0.032427765	0.043881202	1.83836	0.075713691	0.26824518	0.075725764	0.26823993	0.074181216	0.032766418	0.92519618	0.32738296	1.366828	-0.0032845904	-1.0662462	-0.0033243512	-1.0662458	0.87075486	1.2960322e-06	-0.55099795	-0.0047262871	-0.0012096027	0.91676065	0.99204994	-0.91683795	-0.99201716	-7.1994212e-06	-0.39109639	-0.012760819	-10.714125	R0:S0:1	0.92519618	b8cfe21	v2.4.3	Y	Broyden	7	sharp_wc_2.0_b_35	self-energy/D	run_optim.py	2024-06-04@15:41
2x2_2C_8b_C2v_L	-0.94614099	0	8.4733333	0.23919241	-0.19257195	0.77857679	0.2752631	0.77847479	0.2752378	0.28400212	0.75778956	2.0533333	-0.20652974	-0.15473448	-0.076069506	0.21082474	-0.076032044	0.21081783	-0.24426524	-7.071455e-06	1	5.9118326e-06	1.4561477e-05	-0.30489582	-0.14318929	0.30489696	0.14316166	-8.021024e-06	0.43354886	-0.33666667	0.0046531667	0.9304284	-0.90907098	0.11010894	0.032335856	0.045312038	1.835807	0.075546432	0.27268475	0.075562334	0.27266521	0.074242207	0.032631868	0.92385832	0.33374214	1.3756765	0.00053435916	-1.0773795	0.00041932245	-1.0773675	0.87157484	2.2157375e-05	-0.55170393	-3.8291532e-05	-3.4740455e-05	0.91461564	1.0040169	-0.91469931	-1.0039219	7.1978697e-06	-0.38878503	-0.013641064	-10.672379	R0:S0:1	0.92385832	b8cfe21	v2.4.3	Y	Broyden	6	sharp_wc_2.0_b_35	self-energy/D	run_optim.py	2024-06-04@16:02
2x2_2C_8b_C2v_L	-0.94027693	0	8.4722222	0.25763254	-0.19858848	0.78154406	0.2835745	0.78154219	0.28363704	0.28749856	0.76312135	2.0822222	-0.21681017	-0.15291382	-0.079404576	0.21462201	-0.079424353	0.21462219	-0.24424867	-1.7093991e-06	1	0.00093660665	0.0011718172	-0.2963764	-0.1435551	0.29635179	0.14358097	-7.3506744e-07	0.42414018	-0.31777778	0.0063694151	0.93324864	-0.90779862	0.10220447	0.032663415	0.043227964	1.8476839	0.070415177	0.26650093	0.070398555	0.26648988	0.071168551	0.030760134	0.9268212	0.32425594	1.3325248	0.010945132	-1.0684226	0.011011302	-1.0684	0.85982705	-3.4091974e-06	-0.55402929	-0.0074560712	-0.0019754844	0.88484723	1.0006441	-0.88472607	-1.000673	-4.3077854e-07	-0.37793557	-0.015226343	-10.776371	R0:S0:1	0.9268212	b8cfe21	v2.4.3	Y	Broyden	6	sharp_wc_2.0_b_35	self-energy/D	run_optim.py	2024-06-04@16:23
2x2_2C_8b_C2v_L	-0.93383998	0	8.4633333	0.28974469	-0.21545965	0.78372509	0.29630598	0.78363271	0.29631598	0.29154307	0.76966504	2.1133333	-0.23305429	-0.15319976	-0.085365974	0.21963932	-0.085333089	0.21964909	-0.24296214	-3.0992782e-06	1	0.00023093415	0.0003036992	-0.28399698	-0.14493781	0.28400921	0.14491407	-1.0741088e-06	0.41094338	-0.28666667	0.0085605332	0.93660388	-0.90823606	0.089315989	0.033107543	0.039420455	1.8632344	0.063802703	0.26120989	0.063818014	0.26118788	0.06704535	0.028393528	0.92986104	0.31103386	1.2827754	0.028403594	-1.0629831	0.028295688	-1.0629888	0.8447603	7.6713092e-06	-0.55759503	-0.001742364	-0.00046335534	0.84383079	1.0047645	-0.84392945	-1.0046549	-4.4084187e-07	-0.36292047	-0.017528303	-10.909466	R0:S0:1	0.92986104	b8cfe21	v2.4.3	Y	Broyden	11	sharp_wc_2.0_b_35	self-energy/D	run_optim.py	2024-06-04@16:58
2x2_2C_8b_C2v_L	-0.93464071	0	8.4377778	0.28951254	-0.2182931	0.78941473	0.29674629	0.78924075	0.29672951	0.29219178	0.77503707	2.1166667	-0.23258181	-0.15304999	-0.084638928	0.21990714	-0.084633014	0.21990061	-0.24348382	5.8186982e-06	1	0.00036809234	0.00048574172	-0.28502582	-0.14442761	0.28500454	0.14442182	7.5632606e-06	0.41201525	-0.28888889	0.0086540683	0.93737631	-0.90854918	0.090316837	0.033330182	0.038664497	1.8651385	0.0637505	0.25927722	0.063755628	0.25927305	0.066708233	0.028293983	0.93052777	0.30817951	1.2774879	0.026173396	-1.0605637	0.02615737	-1.0605487	0.8444892	-2.0130947e-05	-0.55851832	-0.0027816367	-0.00073041895	0.84450223	1.0008103	-0.84451598	-1.0007937	-8.7408173e-06	-0.36241894	-0.017431113	-10.93097	R0:S0:1	0.93052777	b8cfe21	v2.4.3	Y	Broyden	9	sharp_wc_2.0_b_35	self-energy/D	run_optim.py	2024-06-04@17:27
2x2_2C_8b_C2v_L	-0.92816032	0	8.4066667	0.33573386	-0.25078675	0.79774657	0.31398611	0.79774471	0.31401674	0.29824852	0.78951392	2.1566667	-0.25248799	-0.15517322	-0.092580146	0.22584663	-0.092566938	0.2258493	-0.24216192	2.0307873e-05	1	0.00016836229	0.0002431615	-0.27063168	-0.14602035	0.27063836	0.1460114	1.8059652e-05	0.39737845	-0.25333333	0.011465758	0.94062628	-0.90884628	0.076239622	0.03403949	0.032952152	1.8840351	0.056100813	0.25127861	0.056103151	0.25125984	0.061639383	0.025542857	0.93457497	0.2895192	1.2177933	0.048915222	-1.0496761	0.048872847	-1.0496749	0.82617456	-5.4818367e-05	-0.56308304	-0.0011861895	-0.00031889785	0.79394149	1.0037838	-0.79395611	-1.003713	-2.2455216e-05	-0.34444169	-0.019564099	-11.130774	R0:S0:1	0.93457497	b8cfe21	v2.4.3	Y	Broyden	10	sharp_wc_2.0_b_35	self-energy/D	run_optim.py	2024-06-04@17:57
2x2_2C_8b_C2v_L	-0.92537108	0	8.42	0.33653281	-0.25441853	0.80362484	0.3148832	0.80345587	0.31491076	0.29980468	0.79505941	2.1688889	-0.25195746	-0.15393971	-0.09208452	0.22644503	-0.092050932	0.22644862	-0.24341311	1.164291e-05	1	0.00042060429	0.00060235935	-0.27024599	-0.14495639	0.27022752	0.14494229	1.4146808e-05	0.39671262	-0.25666667	0.011986443	0.94204232	-0.90537638	0.077901435	0.034041366	0.031754117	1.8876317	0.055294204	0.24648685	0.055296927	0.24645701	0.060843452	0.025180511	0.9359965	0.284051	1.2019476	0.047664269	-1.0377902	0.047584351	-1.0377905	0.82172986	-3.3257722e-05	-0.56254439	-0.0029676524	-0.00076619787	0.78932084	0.99340571	-0.78931897	-0.99328279	-1.8472124e-05	-0.34319555	-0.019252539	-11.17752	R0:S0:1	0.9359965	b8cfe21	v2.4.3	Y	Broyden	6	sharp_wc_2.0_b_35	self-energy/D	run_optim.py	2024-06-04@18:17
2x2_2C_8b_C2v_L	-0.91571984	0	8.3933333	0.39809608	-0.28944245	0.81829296	0.33824685	0.81830601	0.33826914	0.30966386	0.81961349	2.2266667	-0.27500404	-0.15446816	-0.10324931	0.23311689	-0.10324825	0.23311438	-0.24241907	-1.3531835e-05	1	0.00038851455	0.00057953865	-0.25201935	-0.14620615	0.25203107	0.14620673	-4.8467823e-06	0.37890283	-0.21666667	0.015888847	0.94698953	-0.90198627	0.063385728	0.034847888	0.026399542	1.9063972	0.046408074	0.23203031	0.046414193	0.23202483	0.054962458	0.021898469	0.941848	0.26525693	1.1272899	0.078960679	-1.0081338	0.078936672	-1.0081021	0.797192	3.4039532e-05	-0.56651108	-0.0025331524	-0.00063051129	0.7237651	0.98740757	-0.72382237	-0.98742791	1.9704738e-06	-0.32137817	-0.020455167	-11.442456	R0:S0:1	0.941848	b8cfe21	v2.4.3	Y	Broyden	11	sharp_wc_2.0_b_35	self-energy/D	run_optim.py	2024-06-04@18:50
2x2_2C_8b_C2v_L	-0.9108459	0	8.3722222	0.47269495	-0.30423862	0.81025174	0.36539859	0.81007186	0.36532433	0.31875489	0.81997873	2.2677778	-0.3057968	-0.15693393	-0.12692896	0.23668519	-0.12693752	0.23667414	-0.23662986	1.9186779e-06	1	2.4819138e-05	3.8161071e-05	-0.22503801	-0.15432132	0.22498332	0.15432648	4.6091128e-06	0.35596867	-0.15444444	0.019401117	0.94864103	-0.90462499	0.04027926	0.035473439	0.024944531	1.9148915	0.03709583	0.230161	0.037084019	0.2301759	0.050829115	0.01912463	0.94454736	0.2638015	1.088818	0.14660258	-0.99952027	0.14668728	-0.99954374	0.77864922	-7.0422818e-06	-0.57034707	-0.00014205393	-4.2374965e-05	0.63299714	1.0218049	-0.63284834	-1.0218189	-3.6081016e-06	-0.2990408	-0.022259137	-11.611205	R0:S0:1	0.94454736	b8cfe21	v2.4.3	Y	Broyden	9	sharp_wc_2.0_b_35	self-energy/D	run_optim.py	2024-06-04@19:16
2x2_2C_8b_C2v_L	-0.89993665	0	8.3233333	0.59553338	-0.32358708	0.83095603	0.40915409	0.83081317	0.40909988	0.34604148	0.84697701	2.37	-0.35512634	-0.15517079	-0.17841985	0.23385976	-0.178499	0.23380446	-0.22858643	-2.1685091e-05	1	4.1578865e-05	7.7464688e-05	-0.17483465	-0.16522552	0.1747599	0.1652669	-2.0134483e-05	0.31761143	-0.056666667	0.026499961	0.95549627	-0.89955136	0.006799299	0.036845343	0.021729659	1.9317158	0.024731536	0.21071923	0.024725717	0.21074388	0.042672419	0.014365458	0.95292221	0.25639875	0.99239753	0.28670601	-0.92864104	0.28694885	-0.92854258	0.7355211	5.7782084e-05	-0.57532421	-0.00020824385	-7.378429e-05	0.43980141	1.0473889	-0.43954067	-1.0475874	1.8902898e-05	-0.25968476	-0.022665324	-12.007027	R0:S0:1	0.95292221	b8cfe21	v2.4.3	Y	Broyden	10	sharp_wc_2.0_b_35	self-energy/D	run_optim.py	2024-06-04@19:45
2x2_2C_8b_C2v_L	-0.8952151	0	8.2855556	0.59701311	-0.33504058	0.85002777	0.41512887	0.85010309	0.4151645	0.35058377	0.885283	2.3888889	-0.35262506	-0.15161902	-0.17049188	0.23842361	-0.17045204	0.23844913	-0.23108199	3.5863576e-06	1	3.3024061e-05	5.9579453e-05	-0.17967992	-0.15898434	0.17971811	0.15897107	2.623896e-06	0.31939596	-0.064444444	0.027401349	0.9591552	-0.89449477	0.011177453	0.037261939	0.019965222	1.9371855	0.024474996	0.19673073	0.024479728	0.19672461	0.040856014	0.013807337	0.95647966	0.24755253	0.95847738	0.25796026	-0.90151759	0.25783203	-0.90154652	0.72642046	-7.7357503e-06	-0.57619946	-0.00016918102	-5.2149305e-05	0.46061189	1.0075616	-0.46075791	-1.0075145	-5.0160148e-06	-0.25654717	-0.021205293	-12.095881	R0:S0:1	0.95647966	b8cfe21	v2.4.3	Y	Broyden	11	sharp_wc_2.0_b_35	self-energy/D	run_optim.py	2024-06-04@20:15
2x2_2C_8b_C2v_L	-0.87880019	0	8.1966667	0.73388407	-0.37834627	0.92562837	0.46310106	0.92515004	0.46293273	0.40380086	0.99620613	2.5266667	-0.40686933	-0.14384829	-0.23068776	0.22764147	-0.23075897	0.22753266	-0.22115943	4.6136965e-08	1	7.9872851e-05	0.00017459002	-0.12886412	-0.15599867	0.12874161	0.15601827	-8.8398614e-07	0.27836697	0.046666667	0.034880306	0.97095659	-0.87773154	-0.022899745	0.039157811	0.015911927	1.9567585	0.0192228	0.15207812	0.019226214	0.15208513	0.030253611	0.0091048744	0.96978797	0.2386223	0.8149935	0.38161233	-0.75468586	0.3818928	-0.75452654	0.65746528	2.8094292e-07	-0.58020552	-0.00035374739	-0.00012792192	0.26676523	0.95108175	-0.26637278	-0.95121205	-1.6367298e-06	-0.21123241	-0.017678426	-12.676154	R0:S0:1	0.96978797	b8cfe21	v2.4.3	Y	Broyden	14	sharp_wc_2.0_b_35	self-energy/D	run_optim.py	2024-06-04@20:51
2x2_2C_8b_C2v_L	-0.86939047	0	8.2022222	0.79583713	-0.4048157	0.97078672	0.47951011	0.97122389	0.47974327	0.43769915	1.0590684	2.5922222	-0.43267584	-0.139695	-0.26036035	0.21849879	-0.26022978	0.21866347	-0.21522146	1.7848195e-05	1	-5.4329976e-05	-0.00012741235	-0.10709946	-0.15004286	0.10724683	0.15001677	1.2497801e-05	0.2581946	0.10222222	0.037187769	0.97621521	-0.86537687	-0.039263416	0.039638132	0.014471369	1.9642219	0.01920459	0.12984249	0.01919007	0.12984208	0.025583873	0.0073413337	0.9756767	0.23762943	0.74933988	0.42699368	-0.67550541	0.42660291	-0.67575868	0.61896744	-4.2023172e-05	-0.57936632	0.00022707897	8.5627907e-05	0.18777066	0.90515163	-0.18829963	-0.90500032	-1.0855449e-05	-0.19137032	-0.015387321	-12.962333	R0:S0:1	0.97567671	b8cfe21	v2.4.3	Y	Broyden	14	sharp_wc_2.0_b_35	self-energy/D	run_optim.py	2024-06-04@21:27
2x2_2C_8b_C2v_L	-0.88663866	0	8.0881481	0.95307189	-0.45840943	1.1233989	0.49460918	1.1228712	0.49421697	0.59701345	1.0856109	2.7659259	-0.51127908	-0.14855487	-0.34500399	0.19010715	-0.34511409	0.18986948	-0.19702408	-6.2497251e-05	1	1.9921226e-06	6.8310601e-06	-0.066159853	-0.1420332	0.065995489	0.14202933	-5.3740995e-05	0.20798344	0.27814815	0.040955101	0.98104264	-0.8589297	-0.09961945	0.04233736	0.015168989	1.9700078	0.027389974	0.10795128	0.027425417	0.10793307	0.019322886	0.0045881677	0.98244965	0.26203889	0.69744249	0.56534027	-0.58520404	0.5657043	-0.58482037	0.56601839	0.00015409572	-0.58327855	-8.8878115e-06	-3.2144346e-06	0.011990662	0.87027294	-0.011404532	-0.87035919	4.7430353e-05	-0.14994011	-0.013324138	-13.793168	R0:S0:1	0.98244965	b8cfe21	v2.4.3	Y	Broyden	21	sharp_wc_2.0_b_35	self-energy/D	run_optim.py	2024-06-04@22:45
2x2_2C_8b_C2v_L	-1.2427241	0	7.9355556	0.83501435	-0.055241246	0.82963726	0.0951389	0.829665	0.095154719	0.1406832	0.50933564	3.0355556	-0.60709226	-0.20164704	-0.45283488	0.11066322	-0.45283336	0.11067344	-4.2971531e-06	0.20200218	1	1.3460074e-07	1.0391729e-05	-0.016233316	-0.15890248	0.016229066	0.15890451	0.12261287	7.9666273e-06	0.52555556	-0.0025011817	0.90208542	-1.054824	-0.35752651	0.052259135	0.095338968	1.8133869	0.28857928	0.6544248	0.28856678	0.6543797	0.0084557321	0.10534358	0.9087624	0.51605108	1.3095895	1.8399749	-1.4967203	1.8399404	-1.4967938	4.5329332e-05	-1.2728797	-0.60613274	3.2782137e-06	-4.1361436e-05	-0.21594551	1.4470956	0.21596853	-1.447048	-0.16380711	-5.5226e-06	-0.083719592	-14.643595	R0:S0:1	0.9087624	b8cfe21	v2.4.3	Y	Broyden	14	sharp_wc_2.0_b_35	self-energy/D	run_optim.py	2024-06-04@23:27
2x2_2C_8b_C2v_L	-0.88579526	0	8.2428395	0.71959421	-0.35660006	0.90233576	0.44729469	0.90239515	0.44720747	0.39343133	0.92836912	2.4991358	-0.40435436	-0.14834602	-0.23489714	0.2214478	-0.23497518	0.22139428	-0.22015212	8.9907886e-07	1	-3.5960581e-05	-6.896355e-05	-0.12695937	-0.16320027	0.12691199	0.16321345	-1.3364926e-07	0.27958515	0.042839506	0.03395793	0.966315	-0.88477256	-0.023873038	0.038614026	0.017696204	1.9506478	0.020876331	0.16959453	0.020881313	0.16959877	0.032942993	0.0098980764	0.96509846	0.24647898	0.86176074	0.40714151	-0.79381253	0.40733554	-0.79373436	0.67431245	-3.6203407e-06	-0.57918619	0.00016521068	5.2173097e-05	0.25061283	1.0021485	-0.25039428	-1.0022091	2.4674284e-06	-0.21808708	-0.019831848	-12.536482	R0:S0:1	0.96509846	b8cfe21	v2.4.3	Y	Broyden	13	sharp_wc_2.0_b_35	self-energy/D	run_optim.py	2024-06-05@04:26
2x2_2C_8b_C2v_L	-0.85551868	0	8.0818519	0.941637	-0.56627419	1.1038852	0.57953626	1.1045528	0.58001747	0.5750625	1.3810374	2.7574074	-0.49484058	-0.13414894	-0.30763124	0.22097233	-0.30747916	0.22123928	-0.20139604	-6.5555732e-05	1	-4.0902098e-05	-0.0001167439	-0.085008189	-0.12637655	0.085184799	0.12636891	-4.6050833e-05	0.22216745	0.24185185	0.034239283	0.99054261	-0.83657	-0.078348315	0.041954919	0.011876778	1.9790469	0.017849139	0.07207482	0.017832937	0.072079619	0.015417817	0.0041888211	0.99143462	0.24279548	0.59991627	0.45098583	-0.50318459	0.45059866	-0.5035544	0.52901418	0.00014272177	-0.58016146	0.00015229386	6.3900574e-05	0.14075489	0.71130444	-0.14134541	-0.71115191	3.940989e-05	-0.14830688	-0.0070925227	-13.922002	R0:S0:1	0.99143462	b8cfe21	v2.4.3	Y	Broyden	37	sharp_wc_2.0_b_35	self-energy/D	run_optim.py	2024-06-05@05:52
2x2_2C_8b_C2v_L	-0.87881857	0	8.2025926	0.77842294	-0.38215252	0.9501661	0.46465012	0.9502105	0.46464799	0.42487323	0.9901798	2.5637037	-0.42806739	-0.14460686	-0.26013312	0.21485702	-0.26016147	0.21484291	-0.21537822	-4.884036e-05	1	-1.5900898e-05	-3.6323544e-05	-0.10850722	-0.15719251	0.10850015	0.15720616	-3.7844851e-05	0.26222155	0.092592593	0.036713452	0.97195192	-0.87525788	-0.03845547	0.039475458	0.015959747	1.9588267	0.020867086	0.14655611	0.020869202	0.14656166	0.02828958	0.008102762	0.97132956	0.24356444	0.79671383	0.44476331	-0.72025378	0.44480601	-0.72021993	0.64057484	0.00012039058	-0.58030563	6.8054117e-05	2.6182791e-05	0.18218526	0.95646339	-0.18214698	-0.9565237	3.6293981e-05	-0.19885832	-0.017564778	-12.824318	R0:S0:1	0.97132956	b8cfe21	v2.4.3	Y	Broyden	12	sharp_wc_2.0_b_35	self-energy/D	run_optim.py	2024-06-05@06:23
2x2_2C_8b_C2v_L	-0.87474138	0	8.1804938	0.79285137	-0.39761281	0.96631086	0.47520541	0.96622043	0.47512454	0.43480558	1.0330445	2.583642	-0.43268031	-0.1422301	-0.26197652	0.21681989	-0.26200965	0.21677348	-0.21485951	5.499363e-05	1	4.6866937e-05	0.00010412455	-0.10706752	-0.15314279	0.10702718	0.15314217	3.9877579e-05	0.25929236	0.10216049	0.037166591	0.9746327	-0.87062289	-0.04031389	0.039791186	0.015082505	1.9621697	0.02001135	0.13621952	0.020015516	0.13621668	0.02657377	0.0075845818	0.97411584	0.24057561	0.76854626	0.43785453	-0.69339438	0.43796296	-0.69333051	0.62811844	-0.00013361892	-0.58066493	-0.00019996135	-7.0539622e-05	0.18223255	0.92665438	-0.1820831	-0.92666718	-3.7710107e-05	-0.19345086	-0.016233886	-12.926458	R0:S0:1	0.97411584	b8cfe21	v2.4.3	Y	Broyden	11	sharp_wc_2.0_b_35	self-energy/D	run_optim.py	2024-06-05@11:59
2x2_2C_8b_C2v_L	-0.86460466	0	8.1113169	0.92285967	-0.49879787	1.0872402	0.5296405	1.0877434	0.52993828	0.55022089	1.2293556	2.730823	-0.48957317	-0.13811501	-0.31481041	0.20689518	-0.31471025	0.2070825	-0.2018702	1.5416634e-06	1	0.00010143292	0.00026207069	-0.079296218	-0.13515888	0.079425974	0.13515475	7.108797e-06	0.22246999	0.22909465	0.037898072	0.98576617	-0.84686735	-0.077423474	0.041582954	0.01299699	1.9747501	0.020542058	0.090477746	0.020523506	0.090487269	0.017867054	0.0046948405	0.98655673	0.24617607	0.64777347	0.48651844	-0.54453955	0.48622059	-0.5448176	0.55136083	-2.2654453e-06	-0.5806649	-0.00038282152	-0.00015160385	0.095162539	0.79451963	-0.095617424	-0.79443813	-9.8806718e-06	-0.15488351	-0.010178671	-13.693449	R0:S0:1	0.98655673	b8cfe21	v2.4.3	Y	Broyden	16	sharp_wc_2.0_b_35	self-energy/D	run_optim.py	2024-06-05@12:57
2x2_2C_8b_C2v_L	-0.87488101	0	8.0872977	0.98288834	-0.52565191	1.149483	0.53809278	1.1496861	0.538371	0.64745972	1.2318945	2.8090055	-0.52180072	-0.14446681	-0.34729306	0.19774158	-0.34721086	0.19787659	-0.19566365	-1.132046e-05	1	-2.7088397e-05	-7.4377914e-05	-0.067660862	-0.13319549	0.067742695	0.13319637	-1.252477e-05	0.20314902	0.30414952	0.038322939	0.98687804	-0.84345181	-0.10333472	0.042576739	0.013785982	1.9755495	0.023654922	0.085673667	0.023639477	0.085674726	0.016077124	0.0038972453	0.98845795	0.25958391	0.64069726	0.53334023	-0.52106078	0.53314353	-0.52125579	0.53326485	2.6476661e-05	-0.58098968	9.4153482e-05	4.3477449e-05	0.042499834	0.78637886	-0.042790458	-0.78630231	1.08259e-05	-0.14051068	-0.0095065949	-14.080297	R0:S0:1	0.98845795	b8cfe21	v2.4.3	Y	Broyden	18	sharp_wc_2.0_b_35	self-energy/D	run_optim.py	2024-06-05@14:07
2x2_2C_8b_C2v_L	-1.1496254	0	7.9889529	0.85430962	-0.11552633	0.99018538	0.17848887	0.99021807	0.1785338	0.5307854	0.29606977	2.9449474	-0.57275741	-0.2040235	-0.42980789	0.1458222	-0.42977285	0.14585403	-0.20000753	-8.3922322e-05	1	6.4204705e-06	-6.0077728e-06	-0.028849118	-0.17036372	0.028889742	0.17038843	-9.1899768e-05	0.15907653	0.43870599	0.0057177542	0.91532159	-1.0226266	-0.28948509	0.049127818	0.065403677	1.8598638	0.17488552	0.479043	0.17482818	0.47916018	0.078051408	0.0085781333	0.92062481	0.44063945	1.2257055	1.4159495	-1.523997	1.4156841	-1.5241565	1.0782898	0.00055857864	-0.60422189	-3.6187608e-05	2.0539657e-05	-0.24719663	1.3742808	0.24705924	-1.3745692	8.4107289e-05	-0.17201873	-0.06571498	-14.265834	R0:S0:1	0.92062481	b8cfe21	v2.4.3	Y	Broyden	18	sharp_wc_2.0_b_35	self-energy/D	run_optim.py	2024-06-05@15:23
2x2_2C_8b_C2v_L	-0.86682816	0	8.1489049	0.8804819	-0.45299131	1.0461283	0.50335014	1.0463092	0.50344561	0.50291631	1.1445545	2.6804035	-0.47078255	-0.13872141	-0.30012283	0.20693486	-0.30007154	0.20700854	-0.20589986	-1.9431402e-05	1	-1.5390674e-05	-3.4096362e-05	-0.084893727	-0.14160832	0.084951788	0.14159601	-1.6280531e-05	0.2330831	0.18634316	0.038697456	0.98189088	-0.8546888	-0.065145177	0.040851162	0.013577696	1.9709509	0.020794866	0.10586479	0.020786379	0.10586562	0.020602303	0.0055257414	0.98225223	0.24338531	0.68610376	0.47977318	-0.59110138	0.47963367	-0.59122207	0.57613462	4.5686344e-05	-0.58037652	6.1364035e-05	2.0486662e-05	0.1069854	0.84636032	-0.10719136	-0.846293	1.4378491e-05	-0.16696864	-0.012505601	-13.40248	R0:S0:1	0.98225223	b8cfe21	v2.4.3	Y	Broyden	19	sharp_wc_2.0_b_35	self-energy/D	run_optim.py	2024-06-05@16:34
2x2_2C_8b_C2v_L	-0.88526347	0	8.1049169	0.95761577	-0.46056279	1.128042	0.4945212	1.1279436	0.49442997	0.60435698	1.0906187	2.7727336	-0.51339193	-0.14810106	-0.34707215	0.18934893	-0.34710504	0.18929564	-0.19657929	-2.2685468e-05	1	2.633349e-05	7.0034416e-05	-0.065032597	-0.14096225	0.065003203	0.14097076	-2.2629479e-05	0.20609419	0.28333257	0.04094348	0.98140723	-0.85663799	-0.1010314	0.042238497	0.015087077	1.9704917	0.027385638	0.1062989	0.027392894	0.10630408	0.01896831	0.0044886837	0.98284157	0.26230831	0.69208037	0.56560706	-0.57867928	0.56567948	-0.57859176	0.56155776	5.6693172e-05	-0.58242461	-9.4948648e-05	-4.3037497e-05	0.0087366517	0.86455624	-0.0086288835	-0.86463474	1.806883e-05	-0.14852372	-0.013114401	-13.820453	R0:S0:1	0.98284157	b8cfe21	v2.4.3	Y	Broyden	16	sharp_wc_2.0_b_35	self-energy/D	run_optim.py	2024-06-05@17:36
2x2_2C_8b_C2v_L	-0.87972547	0	8.1406823	0.87899093	-0.42034474	1.0427953	0.47980842	1.0433412	0.48004725	0.50100654	1.0453864	2.6703699	-0.47456276	-0.14495251	-0.31072244	0.19756498	-0.31065438	0.19770649	-0.20433058	-3.5452341e-05	1	-3.7998244e-05	-9.4020244e-05	-0.079568674	-0.14884521	0.079670962	0.14883646	-2.0231826e-05	0.23058845	0.19439974	0.039885044	0.97749747	-0.86584153	-0.071419512	0.040978688	0.015154072	1.9661995	0.024555456	0.12225062	0.024533477	0.1222501	0.022767074	0.0058886819	0.97800974	0.25148555	0.7323063	0.52314222	-0.631979	0.52288581	-0.63220702	0.59565949	8.7147511e-05	-0.58213317	0.00014803086	6.1299109e-05	0.066788462	0.90807514	-0.067154248	-0.90795255	1.919046e-05	-0.16987742	-0.015163398	-13.321769	R0:S0:1	0.97800974	b8cfe21	v2.4.3	Y	Broyden	13	sharp_wc_2.0_b_35	self-energy/D	run_optim.py	2024-06-05@18:27
2x2_2C_8b_C2v_L	-0.92670009	0	8.0735934	0.96508636	-0.37785413	1.1473756	0.43108985	1.1476858	0.43117361	0.62699834	0.85712731	2.7922827	-0.52908273	-0.16446482	-0.37105926	0.17499819	-0.37105317	0.17506264	-0.19441159	0.00029123273	1	-1.1776433e-06	-5.1510732e-06	-0.054615461	-0.15367246	0.054656322	0.15367514	0.00024582993	0.19653833	0.31757714	0.042277199	0.96997467	-0.88586058	-0.12859711	0.043152283	0.019575415	1.9584866	0.041621161	0.15098629	0.04160366	0.15099958	0.02426063	0.0050112881	0.972029	0.28517365	0.79877736	0.68457322	-0.71528271	0.68446642	-0.71540773	0.618003	-0.00085070323	-0.58800168	1.761323e-06	3.8492292e-06	-0.085818365	1.0032685	0.085656186	-1.0032579	-0.00020509951	-0.15113207	-0.020941251	-13.807165	R0:S0:1	0.972029	b8cfe21	v2.4.3	Y	Broyden	18	sharp_wc_2.0_b_35	self-energy/D	run_optim.py	2024-06-05@19:37
2x2_2C_8b_C2v_L	-1.0944632	0	8.0359376	0.87808139	-0.16656197	1.0436538	0.2326817	1.043462	0.23264613	0.53740395	0.39862457	2.8482223	-0.5536404	-0.20444852	-0.41123647	0.15407946	-0.41121653	0.15405482	-0.19845282	0.00010034412	1	3.1758989e-06	5.6826829e-06	-0.035577683	-0.17577208	0.035550414	0.17576597	0.00010663899	0.17998158	0.38319413	0.012946403	0.92264256	-1.0010513	-0.24377182	0.046570847	0.050834691	1.883298	0.13053053	0.39692726	0.13055596	0.39691612	0.063308779	0.0084512917	0.92677701	0.39839297	1.1788444	1.2136971	-1.3880621	1.213773	-1.3879739	0.96332798	-0.0005384734	-0.6023948	-1.0189985e-05	-9.8486532e-06	-0.24214809	1.3422715	0.24225046	-1.3422967	-9.7148939e-05	-0.17514403	-0.055996477	-13.896465	R0:S0:1	0.92677701	b8cfe21	v2.4.3	Y	Broyden	19	sharp_wc_2.0_b_35	self-energy/D	run_optim.py	2024-06-05@20:54
2x2_2C_8b_C2v_L	-1.0608234	0	8.03709	0.9294498	-0.20764453	1.1195225	0.270097	1.1194198	0.27007385	0.59881651	0.45443714	2.8835916	-0.5595844	-0.20116515	-0.41237107	0.15927885	-0.41236553	0.159248	-0.1962953	0.00050631046	1	-7.2007342e-06	-8.1632418e-06	-0.036963621	-0.17311997	0.036936296	0.17312277	0.00052022492	0.1775207	0.39163884	0.022386855	0.93449089	-0.97262771	-0.2251965	0.046304022	0.040270967	1.9074916	0.10453256	0.33222984	0.10454654	0.33222429	0.050240369	0.0069383091	0.93834232	0.36738219	1.0875975	1.0810345	-1.2447557	1.0810766	-1.2446549	0.86520519	-0.0024534315	-0.60028483	2.6536197e-05	1.3321343e-05	-0.23420156	1.2862648	0.23430306	-1.2863323	-0.0004426325	-0.16258764	-0.047642593	-14.061442	R0:S0:1	0.93834232	b8cfe21	v2.4.3	Y	Broyden	13	sharp_wc_2.0_b_35	self-energy/D	run_optim.py	2024-06-05@21:47
2x2_2C_8b_C2v_L	-0.88421937	0	8.1147842	0.92244673	-0.43709924	1.0894586	0.48416047	1.0901875	0.48455521	0.55152612	1.0572287	2.7236753	-0.4963779	-0.14718169	-0.33244187	0.1912708	-0.3323531	0.19150208	-0.1996353	2.1913152e-05	1	-6.4681589e-06	-1.4586237e-05	-0.070103876	-0.14526944	0.070273752	0.14528185	1.7836008e-05	0.21663111	0.24370951	0.040827438	0.97913647	-0.86269247	-0.088330181	0.041719766	0.015266059	1.9681112	0.026779862	0.11517417	0.026743127	0.11519691	0.020884095	0.0051194511	0.98017942	0.2580256	0.71485698	0.55416536	-0.60658306	0.55378346	-0.6069524	0.57940869	-5.3130333e-05	-0.58282419	2.5611808e-05	8.5946708e-06	0.026329447	0.8919022	-0.026935475	-0.89185078	-1.735491e-05	-0.15818498	-0.014404312	-13.575886	R0:S0:1	0.98017942	b8cfe21	v2.4.3	Y	Broyden	11	sharp_wc_2.0_b_35	self-energy/D	run_optim.py	2024-06-05@22:30
2x2_2C_8b_C2v_L	-0.93040376	0	8.0629881	0.98602907	-0.38470936	1.1732906	0.4322904	1.173173	0.43209437	0.66625802	0.85881801	2.8302862	-0.53948005	-0.16602272	-0.37949463	0.17487428	-0.37950763	0.17484155	-0.19327427	0.00038115447	1	2.797667e-05	6.1898677e-05	-0.052456779	-0.15183544	0.052423837	0.15179659	0.00032838596	0.19011014	0.34232906	0.042536473	0.97099847	-0.88314577	-0.13804844	0.043607335	0.019588967	1.9596691	0.042453926	0.14819959	0.042467972	0.14818945	0.023289303	0.0046507823	0.97331672	0.28839636	0.78906888	0.69323371	-0.70940546	0.69334614	-0.70939025	0.61088174	-0.0011241069	-0.58811338	-9.560675e-05	-4.5907101e-05	-0.09555822	0.99474207	0.095666439	-0.99462982	-0.00026778811	-0.14557066	-0.020525804	-13.979161	R0:S0:1	0.97331672	b8cfe21	v2.4.3	Y	Broyden	19	sharp_wc_2.0_b_35	self-energy/D	run_optim.py	2024-06-05@23:44
2x2_2C_8b_C2v_L	-1.0607964	0	8.03709	0.92948175	-0.20764661	1.1196947	0.27012134	1.1195196	0.27008567	0.59876196	0.45451264	2.8835916	-0.55958272	-0.20114736	-0.41238123	0.15928765	-0.41237997	0.15924499	-0.19628194	0.00013465789	1	-1.1190628e-06	1.4098485e-06	-0.036971218	-0.173119	0.036929411	0.17310519	0.0001363315	0.17752036	0.39163884	0.022394054	0.93449992	-0.97260743	-0.2251794	0.046303458	0.040263256	1.9075126	0.10450144	0.33221538	0.10453726	0.33215302	0.050233348	0.0069371872	0.93835013	0.36735315	1.0874888	1.0808758	-1.2446804	1.0810407	-1.2445396	0.86513181	-0.00065385035	-0.60028382	3.296787e-06	-6.1871956e-07	-0.23415685	1.2863096	0.23431754	-1.286183	-0.00011471429	-0.16258179	-0.047638192	-14.061383	R0:S0:1	0.93835013	b8cfe21	v2.4.3	Y	Broyden	15	sharp_wc_2.0_b_35	self-energy/D	run_optim.py	2024-06-06@00:44
2x2_2C_8b_C2v_L	-0.9546662	0	8.0449028	0.9723648	-0.33974888	1.1621339	0.39754063	1.1620988	0.39753081	0.64507108	0.74891233	2.8195963	-0.54006218	-0.17428176	-0.38431671	0.17020369	-0.38431334	0.17020629	-0.19377083	-0.00051825195	1	-1.880745e-05	-3.2873538e-05	-0.049620405	-0.15935304	0.049620336	0.15935088	-0.00046932539	0.19060315	0.34203699	0.040672847	0.9632149	-0.90353357	-0.14949444	0.043985042	0.022700036	1.9506348	0.051953475	0.1804227	0.051954275	0.18042369	0.027779078	0.0052414293	0.96571024	0.30049187	0.85797235	0.76085093	-0.81036011	0.76085406	-0.81036765	0.65689246	0.0016818512	-0.59168754	7.0219959e-05	2.515366e-05	-0.13214679	1.0723524	0.13214662	-1.0723471	0.00038808563	-0.15133421	-0.025857587	-13.890227	R0:S0:1	0.96571024	b8cfe21	v2.4.3	Y	Broyden	17	sharp_wc_2.0_b_35	self-energy/D	run_optim.py	2024-06-06@01:51
2x2_2C_8b_C2v_L	-0.89556319	0	8.0899134	0.9650934	-0.44224035	1.1391014	0.4799507	1.1393426	0.48007397	0.61953025	1.0326121	2.7844493	-0.51992847	-0.15245933	-0.35568763	0.18492172	-0.35565045	0.18501707	-0.19551533	2.2109008e-05	1	1.4350784e-05	3.3503752e-05	-0.06160305	-0.14387869	0.061665082	0.14387622	1.8074491e-05	0.20214144	0.29800868	0.041799827	0.97908355	-0.86299332	-0.10929169	0.042582509	0.016072884	1.9681153	0.030562847	0.11528821	0.030547111	0.11529815	0.019888427	0.0045250591	0.98073469	0.26839777	0.71537251	0.59551465	-0.6052203	0.59537724	-0.60538602	0.57200458	-5.663417e-05	-0.58391777	-5.08708e-05	-2.1563651e-05	-0.018386626	0.89704623	0.018159964	-0.8970063	-1.5829088e-05	-0.14776253	-0.014712214	-13.849726	R0:S0:1	0.98073469	b8cfe21	v2.4.3	Y	Broyden	25	sharp_wc_2.0_b_35	self-energy/D	run_optim.py	2024-06-06@03:26
2x2_2C_8b_C2v_L	-0.99019754	0	8.0628484	0.96442894	-0.28737392	1.1593531	0.34927559	1.1591309	0.3491944	0.63870323	0.62187323	2.8387529	-0.54803365	-0.18531413	-0.39596859	0.1650608	-0.39598234	0.16501384	-0.19361327	0.013640958	1	-9.886002e-06	-1.0674407e-05	-0.044165495	-0.16588017	0.04412352	0.165869	0.0132315	0.1852313	0.36046177	0.035839064	0.95264156	-0.92709422	-0.17506245	0.044478487	0.027752471	1.9374353	0.068022601	0.22854799	0.068051758	0.2285163	0.034034987	0.005924693	0.95556173	0.32144046	0.94201748	0.86643341	-0.95792952	0.86659103	-0.95781295	0.71795268	-0.051011672	-0.59454067	4.3047269e-05	1.2207327e-05	-0.18132479	1.1602872	0.18148831	-1.1602107	-0.010959412	-0.15455824	-0.033526603	-13.920143	R0:S0:1	0.95556173	b8cfe21	v2.4.3	Y	Broyden	14	sharp_wc_2.0_b_35	self-energy/D	run_optim.py	2024-06-06@04:21
2x2_2C_8b_C2v_L	-0.89785747	0	8.0818232	0.96483985	-0.43835838	1.1394004	0.47750159	1.1393576	0.47749585	0.61949027	1.0208966	2.7841327	-0.52033283	-0.15338124	-0.35644129	0.18445283	-0.35645564	0.18444019	-0.19548611	-3.4571981e-06	1	-1.3337377e-05	-2.7959068e-05	-0.06138921	-0.14474571	0.061384747	0.14475062	2.8909465e-07	0.20208531	0.29872655	0.041907573	0.978536	-0.86491577	-0.11027377	0.042675222	0.016283672	1.9675032	0.03115255	0.11749296	0.031156296	0.11749187	0.020181685	0.0045661031	0.98021413	0.26939581	0.72138362	0.60079247	-0.61238391	0.60082673	-0.6123603	0.57545937	9.2852961e-06	-0.58446689	5.0496392e-05	1.6713395e-05	-0.021977993	0.90456063	0.022004167	-0.90456947	-4.7994872e-07	-0.148116	-0.015075446	-13.845522	R0:S0:1	0.98021413	b8cfe21	v2.4.3	Y	Broyden	22	sharp_wc_2.0_b_35	self-energy/D	run_optim.py	2024-06-06@05:46
2x2_2C_8b_C2v_L	-0.94872374	0	8.0556897	0.97445085	-0.34803645	1.1637108	0.40426537	1.1637658	0.40435554	0.64814422	0.77029387	2.8200184	-0.5394744	-0.1722802	-0.38306604	0.17094556	-0.3830508	0.17098827	-0.1936532	-0.0011305401	1	8.735724e-06	1.7346622e-05	-0.050128489	-0.15774306	0.05016212	0.1577554	-0.0010129756	0.1905487	0.34107983	0.041238083	0.9648495	-0.89877368	-0.14644683	0.043815751	0.021971527	1.9526744	0.049769164	0.17326223	0.049757133	0.17327233	0.026765103	0.0051202242	0.967288	0.29752539	0.84293593	0.74529882	-0.78753778	0.74521906	-0.78760937	0.64618612	0.0035893827	-0.59066385	-2.7765072e-05	-1.208645e-05	-0.12483153	1.0562365	0.12471605	-1.0562574	0.00083621953	-0.15027038	-0.02472309	-13.897058	R0:S0:1	0.967288	b8cfe21	v2.4.3	Y	Broyden	14	sharp_wc_2.0_b_35	self-energy/D	run_optim.py	2024-06-06@06:41
2x2_2C_8b_C2v_L	-0.90452682	0	8.0813575	0.96986783	-0.42547735	1.1473213	0.46691674	1.1471714	0.46683978	0.63006887	0.98221786	2.7933416	-0.52475167	-0.15611414	-0.36206552	0.18174588	-0.36209074	0.18167964	-0.19482293	6.9060162e-06	1	-4.5081364e-05	-9.8440671e-05	-0.059076697	-0.14636144	0.05903023	0.14635858	1.0121108e-05	0.19914068	0.30877646	0.042301337	0.97688808	-0.86865629	-0.1161699	0.04283366	0.016975476	1.9658587	0.033485645	0.12388777	0.033498665	0.12387317	0.020807555	0.004581324	0.97870539	0.27354622	0.73631985	0.62103724	-0.63165764	0.62114538	-0.63153938	0.58223132	-1.8430202e-05	-0.58510349	0.00016384008	6.2809284e-05	-0.040027462	0.92534916	0.040199087	-0.92533705	-7.8375063e-06	-0.14749975	-0.01623745	-13.867853	R0:S0:1	0.97870539	b8cfe21	v2.4.3	Y	Broyden	17	sharp_wc_2.0_b_35	self-energy/D	run_optim.py	2024-06-06@07:47
2x2_2C_8b_C2v_L	-0.95672001	0	8.0634694	0.97456643	-0.33473978	1.1661698	0.39234571	1.16591	0.39236164	0.65026379	0.73592387	2.8264743	-0.54207771	-0.1749732	-0.38657056	0.16946208	-0.38655745	0.16943638	-0.19353424	-0.0033542085	1	-2.7657252e-05	-5.2155922e-05	-0.048558737	-0.15929035	0.048538877	0.1592969	-0.0030646059	0.18875611	0.34706189	0.040502399	0.96246823	-0.90373158	-0.15267718	0.043904434	0.023012615	1.9499799	0.053230089	0.18352621	0.05324267	0.18350725	0.02799799	0.0052177402	0.96501421	0.30221196	0.8616912	0.76912629	-0.8197201	0.76918255	-0.81963751	0.65861684	0.011004899	-0.59120301	0.00010164802	4.5662587e-05	-0.13865028	1.0777806	0.13874154	-1.0777685	0.0025303549	-0.1506807	-0.026451371	-13.908788	R0:S0:1	0.96501421	b8cfe21	v2.4.3	Y	Broyden	18	sharp_wc_2.0_b_35	self-energy/D	run_optim.py	2024-06-06@08:58
2x2_2C_8b_C2v_L	-0.90704275	0	8.0772348	0.97039143	-0.42100877	1.14827	0.46340105	1.1483457	0.46336887	0.63155565	0.96896588	2.7947181	-0.52568651	-0.15710724	-0.3634526	0.18090847	-0.36345324	0.18091566	-0.19469724	2.809515e-05	1	-1.7460002e-05	-3.5519327e-05	-0.058473591	-0.14711174	0.058483558	0.14711503	2.6274177e-05	0.1986281	0.31081039	0.042382975	0.97625902	-0.87043299	-0.11778807	0.042909475	0.01722834	1.9651888	0.034311905	0.12635898	0.034307166	0.12637651	0.021101847	0.0046099297	0.97811499	0.27485594	0.74243711	0.62799251	-0.63931866	0.62795206	-0.6393407	0.58553735	-7.4591703e-05	-0.58551437	6.6131529e-05	2.1524747e-05	-0.045470058	0.93319836	0.045426944	-0.93327672	-2.310612e-05	-0.14762806	-0.016670416	-13.869111	R0:S0:1	0.97811499	b8cfe21	v2.4.3	Y	Broyden	25	sharp_wc_2.0_b_35	self-energy/D	run_optim.py	2024-06-06@10:32
2x2_2C_8b_C2v_L	-0.89705844	0	8.0741268	0.98768897	-0.46122613	1.1636233	0.48962188	1.1638406	0.48984072	0.66228499	1.0598315	2.8199478	-0.53070856	-0.15359901	-0.36382779	0.1853327	-0.36378131	0.18544113	-0.19414973	5.8856631e-05	1	-1.7604761e-05	-4.2536372e-05	-0.059826286	-0.14142056	0.059896282	0.14143117	4.2525862e-05	0.1962579	0.32370014	0.041595893	0.98075916	-0.85899355	-0.11759306	0.043031429	0.015947846	1.9696972	0.030577398	0.10929777	0.030560127	0.10930555	0.018662644	0.0041531905	0.9826725	0.27131593	0.70097602	0.59909899	-0.5882866	0.59894197	-0.58845446	0.56124984	-0.00015057713	-0.58389575	6.1196968e-05	2.6489629e-05	-0.023126456	0.87796388	0.022877513	-0.87793705	-3.5323941e-05	-0.14185668	-0.013707329	-14.033712	R0:S0:1	0.9826725	b8cfe21	v2.4.3	Y	Broyden	28	sharp_wc_2.0_b_35	self-energy/D	run_optim.py	2024-06-06@12:19
2x2_2C_8b_C2v_L	-0.91938111	0	8.0737267	0.97077726	-0.39508111	1.1526331	0.44370901	1.1521707	0.44345297	0.63524678	0.89914643	2.799199	-0.52951373	-0.16179341	-0.36966494	0.17710443	-0.36970186	0.17696885	-0.19425765	-3.2232644e-06	1	1.891343e-05	4.1149006e-05	-0.055690133	-0.15085173	0.055585348	0.1508277	-4.4944222e-06	0.19615792	0.31910789	0.042541025	0.97264837	-0.87925185	-0.1257545	0.04312197	0.018618369	1.9614091	0.038758993	0.14058676	0.038794439	0.14055699	0.022809433	0.0047890572	0.9746678	0.28154137	0.77489629	0.6633724	-0.68343484	0.66362733	-0.68320023	0.60352879	7.7450272e-06	-0.58701902	-6.8347296e-05	-2.79346e-05	-0.072226704	0.97494963	0.072606291	-0.97489929	5.2643195e-06	-0.14879405	-0.019163739	-13.856488	R0:S0:1	0.9746678	b8cfe21	v2.4.3	Y	Broyden	14	sharp_wc_2.0_b_35	self-energy/D	run_optim.py	2024-06-06@13:13
2x2_2C_8b_C2v_L	-0.93620718	0	8.0612756	0.98007461	-0.37088797	1.1677827	0.42233522	1.1677899	0.42228862	0.6558817	0.8265193	2.8227939	-0.53844016	-0.16800984	-0.37994652	0.17344828	-0.37995647	0.17343697	-0.19346589	0.00071710635	1	-2.5228842e-05	-5.032487e-05	-0.051834329	-0.15408595	0.05182304	0.15407707	0.00063066135	0.19083113	0.33938843	0.04220276	0.96881838	-0.8887433	-0.13985122	0.043631666	0.02036755	1.9572414	0.044782902	0.15685105	0.044787248	0.15684748	0.024531884	0.0048432022	0.97114899	0.29107512	0.80841782	0.70986548	-0.73616825	0.70990197	-0.73615875	0.6233209	-0.0021646213	-0.58899211	9.0143277e-05	3.3758197e-05	-0.10505164	1.0171341	0.10508878	-1.0171055	-0.00051981	-0.14771073	-0.02198538	-13.93179	R0:S0:1	0.97114899	b8cfe21	v2.4.3	Y	Broyden	18	sharp_wc_2.0_b_35	self-energy/D	run_optim.py	2024-06-06@14:21
2x2_2C_8b_C2v_L	-0.91048507	0	8.076337	0.97345835	-0.41525996	1.1528616	0.45846873	1.1528788	0.45849388	0.63806229	0.95146224	2.8007047	-0.52813573	-0.15847187	-0.36632477	0.1797356	-0.36632204	0.17975141	-0.19439444	4.656243e-05	1	-3.0161952e-07	3.2469128e-06	-0.057350271	-0.14779457	0.05736426	0.14779838	4.2555482e-05	0.19706726	0.31642946	0.042501055	0.97548698	-0.87218832	-0.12102776	0.043007572	0.017576042	1.9644061	0.035521548	0.12945061	0.035519008	0.12945531	0.02138841	0.0046059593	0.97741909	0.27699487	0.74928173	0.63813993	-0.64893571	0.63811909	-0.64896358	0.58882185	-0.00012599552	-0.58584399	4.3191151e-06	-3.8311996e-06	-0.054117304	0.94263971	0.054071593	-0.94265092	-3.6729124e-05	-0.14715447	-0.017232186	-13.887398	R0:S0:1	0.97741909	b8cfe21	v2.4.3	Y	Broyden	23	sharp_wc_2.0_b_35	self-energy/D	run_optim.py	2024-06-06@15:49
2x2_2C_8b_C2v_L	-0.93620578	0	8.0647998	0.98144506	-0.37092237	1.1694289	0.42194529	1.1694278	0.42188121	0.65878299	0.82622658	2.8254085	-0.53913166	-0.16800612	-0.38055744	0.17333031	-0.38057875	0.17329716	-0.19340834	3.6614306e-05	1	-7.466569e-07	-1.4044069e-06	-0.051585534	-0.15386382	0.05156955	0.1538615	2.6955771e-05	0.19028859	0.34110055	0.042230603	0.96886776	-0.88828486	-0.14048913	0.043622559	0.020360544	1.957346	0.044857849	0.15666345	0.044864511	0.15666267	0.02445282	0.0048154051	0.971213	0.29124746	0.80741225	0.71038495	-0.73554132	0.71043529	-0.7354872	0.62251933	-0.00011150701	-0.58882975	9.6946964e-07	1.7630074e-06	-0.1060383	1.0164032	0.10610057	-1.0164228	-2.108382e-05	-0.14731546	-0.021974974	-13.941806	R0:S0:1	0.971213	b8cfe21	v2.4.3	Y	Broyden	17	sharp_wc_2.0_b_35	self-energy/D	run_optim.py	2024-06-06@16:55
2x2_2C_8b_C2v_L	-0.91255358	0	8.074126	0.97408718	-0.41162752	1.1547683	0.45592068	1.154666	0.45583825	0.63955301	0.94076693	2.8023907	-0.52900758	-0.1592661	-0.36743767	0.17935995	-0.36745799	0.17930895	-0.19426709	-0.00018417435	1	-1.0811871e-06	6.2755819e-06	-0.057002341	-0.14835519	0.056971944	0.14835178	-0.00015315294	0.19652576	0.31838293	0.042550845	0.97496927	-0.87355155	-0.12250039	0.043065094	0.017787456	1.9638625	0.036168936	0.13156023	0.036178774	0.13155383	0.021621593	0.0046236692	0.9769361	0.27810461	0.75406645	0.64348477	-0.65587716	0.64356155	-0.65579044	0.5914093	0.00050663738	-0.58613563	7.033725e-06	-4.8653979e-06	-0.058056157	0.94888177	0.058170811	-0.94889217	0.00012719961	-0.14717286	-0.017594931	-13.89061	R0:S0:1	0.9769361	b8cfe21	v2.4.3	Y	Broyden	21	sharp_wc_2.0_b_35	self-energy/D	run_optim.py	2024-06-06@18:14
2x2_2C_8b_C2v_L	-0.93187568	0	8.0642235	0.98008104	-0.37816056	1.166706	0.42827956	1.1667694	0.42833124	0.65515753	0.84627767	2.8205459	-0.53723783	-0.16646901	-0.37819111	0.17432985	-0.378174	0.17435857	-0.19353454	-0.00012973969	1	2.0816849e-05	4.2267655e-05	-0.052576573	-0.15298972	0.052590737	0.15298838	-0.00011255943	0.19151307	0.3367838	0.042391213	0.97000277	-0.88573541	-0.13700264	0.043533766	0.019873132	1.9585608	0.043171041	0.15189687	0.043163667	0.1518961	0.023921007	0.0047852672	0.97227716	0.28879851	0.79801201	0.69793168	-0.72036637	0.69788112	-0.72041591	0.61675183	0.00038512105	-0.58842722	-7.4200785e-05	-2.9379264e-05	-0.097558632	1.0046672	0.097499175	-1.0046388	9.254668e-05	-0.14735267	-0.021145108	-13.929735	R0:S0:1	0.97227716	b8cfe21	v2.4.3	Y	Broyden	13	sharp_wc_2.0_b_35	self-energy/D	run_optim.py	2024-06-06@19:06
2x2_2C_8b_C2v_L	-0.91487282	0	8.0733086	0.97560392	-0.40752106	1.1566074	0.45215316	1.1569186	0.4525108	0.64311249	0.92901262	2.805665	-0.53038494	-0.16014576	-0.36919138	0.17841527	-0.36912122	0.17858477	-0.19413251	0.00018546267	1	-2.2198645e-05	-4.7868575e-05	-0.056196171	-0.14882832	0.056308291	0.14885281	0.00015342497	0.19564879	0.32151804	0.042590572	0.97441872	-0.87484349	-0.12450104	0.043126659	0.018028535	1.9632929	0.03704539	0.13375191	0.037011276	0.13376715	0.021847524	0.0046297217	0.97643082	0.27947965	0.75893061	0.6505665	-0.66246737	0.65030091	-0.66273954	0.59397416	-0.00051277749	-0.58637782	7.940255e-05	3.1249103e-05	-0.06394295	0.95539014	0.063539466	-0.95535904	-0.00012948867	-0.14699027	-0.017993422	-13.899412	R0:S0:1	0.97643082	b8cfe21	v2.4.3	Y	Broyden	13	sharp_wc_2.0_b_35	self-energy/D	run_optim.py	2024-06-06@19:57
2x2_2C_8b_C2v_L	-0.90689453	0	8.0844529	0.95766461	-0.41135762	1.1341448	0.45880192	1.1338345	0.4585295	0.60935439	0.95408811	2.7745502	-0.51985388	-0.15687666	-0.35904	0.18077463	-0.35909193	0.18063637	-0.19547057	2.5127743e-05	1	-2.8643304e-05	-6.0488259e-05	-0.059609574	-0.14883934	0.059515375	0.14882038	2.0908286e-05	0.20207307	0.29701018	0.042303718	0.97512508	-0.8731905	-0.1134777	0.042675445	0.017405717	1.9639939	0.034442986	0.13044051	0.034470088	0.13042488	0.021925022	0.0048486031	0.97684471	0.27379248	0.75283591	0.62732414	-0.65096003	0.62754562	-0.65073789	0.59268513	-6.8996115e-05	-0.58562048	0.00010494164	3.9524991e-05	-0.042683252	0.94539169	0.043025062	-0.94540377	-1.5890875e-05	-0.15115381	-0.017321969	-13.76864	R0:S0:1	0.97684471	b8cfe21	v2.4.3	Y	Broyden	15	sharp_wc_2.0_b_35	self-energy/D	run_optim.py	2024-06-06@20:55
2x2_2C_8b_C2v_L	-0.92193709	0	8.0683543	0.98032373	-0.39689802	1.1642602	0.44316299	1.164247	0.44298382	0.65357292	0.89616697	2.8163522	-0.5345425	-0.16286142	-0.37393744	0.17674938	-0.37397583	0.176687	-0.19371098	-1.6945976e-05	1	1.7489087e-05	4.0991465e-05	-0.054479175	-0.15026778	0.054437675	0.1502528	-1.5369828e-05	0.19312288	0.33099934	0.042635181	0.97283921	-0.87870961	-0.13059689	0.04334247	0.018736774	1.9616345	0.039468687	0.14030792	0.039481152	0.14030847	0.022506475	0.0046425292	0.97499142	0.28355232	0.77299691	0.67000309	-0.68376313	0.67010583	-0.68367598	0.60165103	4.7490595e-05	-0.58718673	-6.0284536e-05	-2.8734735e-05	-0.078697286	0.97381929	0.078840089	-0.97383765	1.3500122e-05	-0.14637817	-0.019150129	-13.933196	R0:S0:1	0.97499142	b8cfe21	v2.4.3	Y	Broyden	19	sharp_wc_2.0_b_35	self-energy/D	run_optim.py	2024-06-06@22:07
2x2_2C_8b_C2v_L	-0.91285714	0	8.0701325	0.9828792	-0.41785305	1.1641748	0.45859255	1.1644879	0.45881864	0.656339	0.94995017	2.8170729	-0.53308246	-0.15952466	-0.37054568	0.17936191	-0.370512	0.17948069	-0.19381276	0.00010896562	1	-2.4181834e-06	-2.542471e-06	-0.056200432	-0.14726353	0.056281611	0.14727879	9.5407391e-05	0.19415345	0.32815898	0.042575985	0.97571013	-0.87162522	-0.12564616	0.0432254	0.017686708	1.9646362	0.036132162	0.12894869	0.036108937	0.12896266	0.021080102	0.0044665852	0.97777278	0.27897966	0.74735526	0.64429419	-0.64830445	0.64412031	-0.64850184	0.58672469	-0.00029747304	-0.58602102	1.180394e-05	-1.9594424e-07	-0.060171441	0.94115146	0.059882244	-0.94113419	-8.0717127e-05	-0.14480317	-0.017172356	-13.962457	R0:S0:1	0.97777278	b8cfe21	v2.4.3	Y	Broyden	17	sharp_wc_2.0_b_35	self-energy/D	run_optim.py	2024-06-06@23:13
2x2_2C_8b_C2v_L	-0.92124296	0	8.0670709	0.98479265	-0.40132541	1.1691609	0.4457676	1.1689958	0.44555628	0.66179559	0.90434205	2.8236694	-0.53634493	-0.16267522	-0.37509152	0.17707054	-0.37510341	0.17700665	-0.19348235	-5.4691709e-05	1	-1.6248578e-05	-3.1850818e-05	-0.054310009	-0.14949584	0.054266441	0.14946377	-4.3929789e-05	0.19202528	0.33540132	0.042674516	0.97346247	-0.87708744	-0.13164982	0.043405613	0.018586795	1.9622957	0.039111454	0.13803611	0.03912538	0.138028	0.022105489	0.0045500056	0.97565048	0.28352944	0.76742534	0.6677818	-0.6770671	0.66788667	-0.67698919	0.59792768	0.00015392495	-0.58700641	5.9944056e-05	2.0598918e-05	-0.077860108	0.9673482	0.078010559	-0.96730337	3.7897314e-05	-0.14509046	-0.018766264	-13.970126	R0:S0:1	0.97565048	b8cfe21	v2.4.3	Y	Broyden	24	sharp_wc_2.0_b_35	self-energy/D	run_optim.py	2024-06-07@00:43
2x2_2C_8b_C2v_L	-0.9272052	0	8.0635434	0.98927895	-0.39287048	1.1762052	0.43813779	1.1759468	0.43794367	0.67183083	0.87787013	2.8343087	-0.54003529	-0.16493243	-0.37914231	0.17579555	-0.37918977	0.17569077	-0.19316255	2.7451577e-05	1	2.7327249e-05	5.6590474e-05	-0.052881337	-0.1505492	0.052808875	0.15054008	2.2949977e-05	0.18976816	0.34391051	0.042651422	0.97220423	-0.8800729	-0.13704815	0.043596417	0.019172476	1.9609721	0.041167259	0.14344286	0.041194572	0.1434281	0.022620478	0.0045476805	0.97451502	0.28696396	0.77842469	0.68395232	-0.6948069	0.6841461	-0.69462256	0.60410975	-8.0647169e-05	-0.58763419	-9.6815341e-05	-3.8783791e-05	-0.089822862	0.98187857	0.090090691	-0.98188846	-1.7890862e-05	-0.14440705	-0.01971244	-14.00602	R0:S0:1	0.97451502	b8cfe21	v2.4.3	Y	Broyden	24	sharp_wc_2.0_b_35	self-energy/D	run_optim.py	2024-06-07@02:13
2x2_2C_8b_C2v_L	-0.92572375	0	8.0690234	0.97760591	-0.38750251	1.1620031	0.43617678	1.1619571	0.43613668	0.64921642	0.87326228	2.8133848	-0.53442453	-0.16421557	-0.37480839	0.17557299	-0.37482707	0.17555024	-0.19374885	0.00012225161	1	-1.2784011e-05	-2.4557883e-05	-0.053831376	-0.15167519	0.053817076	0.15167327	0.00010829432	0.19315441	0.33045348	0.042538972	0.9714693	-0.88204161	-0.13218847	0.043357076	0.019222346	1.9601673	0.040982034	0.14567094	0.040989825	0.14566512	0.023233019	0.0047483113	0.97364119	0.28540751	0.7850658	0.68116269	-0.7001666	0.68122387	-0.70012773	0.6089537	-0.00035421552	-0.5876703	4.7592324e-05	1.5603127e-05	-0.086117464	0.98853254	0.086177312	-0.98851707	-8.9601447e-05	-0.14748832	-0.020075738	-13.908959	R0:S0:1	0.97364119	b8cfe21	v2.4.3	Y	Broyden	27	sharp_wc_2.0_b_35	self-energy/D	run_optim.py	2024-06-07@03:55
2x2_2C_8b_C2v_L	-0.91595082	0	8.0698552	0.98164621	-0.41012405	1.1640095	0.45303965	1.1640917	0.45314922	0.65460524	0.93039362	2.8161509	-0.53341933	-0.16066136	-0.37162011	0.17843708	-0.37159297	0.17848964	-0.19378504	2.5828003e-05	1	-5.4004119e-06	-7.196892e-06	-0.055630391	-0.1483531	0.055666693	0.148361	2.2521959e-05	0.1938685	0.32873261	0.04263627	0.97468997	-0.87413677	-0.12719776	0.04325665	0.018046929	1.9635826	0.037260804	0.13295233	0.037249099	0.13295956	0.021588715	0.0045333123	0.9767803	0.28050107	0.75649249	0.65305237	-0.66077129	0.65295782	-0.6608563	0.59200029	-7.0443732e-05	-0.5864215	2.1442877e-05	3.6518145e-06	-0.066606716	0.95292402	0.06647515	-0.95292982	-2.0253208e-05	-0.1454436	-0.017870264	-13.948564	R0:S0:1	0.9767803	b8cfe21	v2.4.3	Y	Broyden	13	sharp_wc_2.0_b_35	self-energy/D	run_optim.py	2024-06-07@04:45
2x2_2C_8b_C2v_L	-0.92579048	0	8.063545	0.98822235	-0.39498782	1.1745047	0.44003955	1.174384	0.43994664	0.66955815	0.88440799	2.8317833	-0.53915859	-0.16438982	-0.37819284	0.17608239	-0.37822094	0.17602242	-0.19324016	0.0001135015	1	6.3676507e-06	1.6152118e-05	-0.053218091	-0.15030089	0.053183153	0.15030335	9.5409535e-05	0.19032309	0.34190414	0.042661211	0.97252236	-0.87937855	-0.13574545	0.043558476	0.019028771	1.9613026	0.040665598	0.1420755	0.040678543	0.14207341	0.022490892	0.0045478091	0.97480496	0.28613244	0.77571798	0.68007908	-0.69032839	0.68016829	-0.69022013	0.60260981	-0.00032738125	-0.58751372	-2.2013095e-05	-1.1676874e-05	-0.086952407	0.97829587	0.087085502	-0.97834664	-7.8759539e-05	-0.14456208	-0.019473581	-13.997823	R0:S0:1	0.97480496	b8cfe21	v2.4.3	Y	Broyden	20	sharp_wc_2.0_b_35	self-energy/D	run_optim.py	2024-06-07@06:01
2x2_2C_8b_C2v_L	-0.91939425	0	8.0652932	0.98981163	-0.40929002	1.174026	0.45060245	1.1740157	0.45053219	0.67128665	0.92074317	2.8313835	-0.53806295	-0.1621031	-0.37582544	0.17775625	-0.37585368	0.17772298	-0.19330789	0.00021674801	1	-7.8828575e-06	-1.5388648e-05	-0.054373539	-0.14829142	0.054355263	0.14829193	0.00019345741	0.1910862	0.3396927	0.04269087	0.97448531	-0.8745138	-0.13212074	0.043462756	0.018294061	1.9633712	0.038301361	0.13417522	0.038308647	0.13417672	0.021511704	0.0044332245	0.97670247	0.28293657	0.75834885	0.66214482	-0.66545783	0.66220466	-0.66540525	0.59223812	-0.00060842145	-0.58668803	3.1922372e-05	7.5155314e-06	-0.074502981	0.95624021	0.074573839	-0.9562697	-0.00015978681	-0.1435651	-0.018104558	-14.013857	R0:S0:1	0.97670247	b8cfe21	v2.4.3	Y	Broyden	23	sharp_wc_2.0_b_35	self-energy/D	run_optim.py	2024-06-07@07:27
2x2_2C_8b_C2v_L	-0.91801402	0	8.0637627	0.99450573	-0.41604367	1.1789335	0.45486933	1.1789948	0.4548932	0.68050387	0.93452344	2.8388992	-0.53978757	-0.16169368	-0.37667956	0.17838689	-0.37667591	0.17840596	-0.19311378	5.8398771e-05	1	-2.1946582e-05	-5.3968749e-05	-0.05442771	-0.14729655	0.054431039	0.14728587	4.7676468e-05	0.19013041	0.34403938	0.042669033	0.97534225	-0.87231767	-0.132823	0.043521092	0.018069462	1.9642514	0.037654837	0.13099014	0.037654164	0.13097836	0.021005628	0.0043299728	0.97759109	0.28261757	0.75077652	0.65772488	-0.65592076	0.65773185	-0.65595752	0.58736879	-0.00016478656	-0.58641717	7.4168857e-05	3.6770887e-05	-0.071759415	0.94693151	0.071744478	-0.94683546	-3.6499576e-05	-0.14216432	-0.017550742	-14.055199	R0:S0:1	0.97759109	b8cfe21	v2.4.3	Y	Broyden	20	sharp_wc_2.0_b_35	self-energy/D	run_optim.py	2024-06-07@08:43
2x2_2C_8b_C2v_L	-0.93013832	0	8.0607509	0.99256332	-0.38959559	1.1807496	0.43477175	1.1803779	0.43463775	0.67881789	0.86651039	2.8417399	-0.54231195	-0.1660332	-0.38148438	0.17517427	-0.38148275	0.1751022	-0.19295907	0.00055809263	1	-6.3272599e-06	-1.0539437e-05	-0.052087902	-0.15090962	0.052029243	0.15089669	0.000484875	0.18837788	0.34926616	0.042614978	0.9717269	-0.88121472	-0.14007539	0.043717538	0.019438708	1.9604532	0.042164101	0.14565072	0.042184418	0.14563672	0.022792115	0.004524587	0.97410766	0.28871078	0.78263873	0.69181508	-0.70216072	0.69193404	-0.70203043	0.60647508	-0.0016368378	-0.58793306	2.4282276e-05	4.5485448e-06	-0.095667061	0.9875997	0.095875688	-0.98759556	-0.00039737057	-0.14375064	-0.020098519	-14.034281	R0:S0:1	0.97410766	b8cfe21	v2.4.3	Y	Broyden	36	sharp_wc_2.0_b_35	self-energy/D	run_optim.py	2024-06-07@10:56
