model	E_kin	D	U	eb1_1	eb2_1	eb3_1	eb4_1	eb5_1	eb6_1	eb7_1	eb8_1	mu	sb1_1	sb2_1	sb3_1	sb4_1	sb5_1	sb6_1	sb7_1	sb8_1	t	tb1_1	tb2_1	tb3_1	tb4_1	tb5_1	tb6_1	tb7_1	tb8_1	tp	tpp	ave_D	ave_mu	ave_t	ave_tp	ave_tpp	ave_U_1	ave_eb1_1	ave_eb2_1	ave_eb3_1	ave_eb4_1	ave_eb5_1	ave_eb6_1	ave_eb7_1	ave_eb8_1	ave_mu_1	ave_sb1_1	ave_sb2_1	ave_sb3_1	ave_sb4_1	ave_sb5_1	ave_sb6_1	ave_sb7_1	ave_sb8_1	ave_t_1	ave_tb1_1	ave_tb2_1	ave_tb3_1	ave_tb4_1	ave_tb5_1	ave_tb6_1	ave_tb7_1	ave_tb8_1	ave_tp_1	E0_1	sector_1	n_1	githash	version	GS_consistency	method	iterations	dist_function	convergence	script	time	
2x2_2C_8b_C2v_L	-0.80808082	0	12	0.1250215	0.16966926	0.57309604	0.25023191	0.57314298	0.25025287	0.53139166	0.31479968	2.2	0.00033869307	0.16807919	0.11594383	0.19357605	0.11598483	0.19356486	3.4345723e-05	0.26658152	1	-0.13942532	0.0003246602	-0.25177367	0.1648031	0.25175479	-0.16483803	0.38921254	-4.0397646e-05	-0.4	0.001000001	-0.0050606737	0.91843534	-0.75314639	0.1370762	-0.10394496	0.016719064	0.21799618	0.058378931	0.063773347	0.29221558	0.063763004	0.29223755	0.037402452	0.094008413	0.9147752	-0.00081945724	-0.35072045	-0.14097765	-0.90067182	-0.1410829	-0.9006233	-8.8883388e-05	-0.84079137	-0.43965015	1.3649454	-0.0028696398	0.77491278	-0.9985891	-0.77483398	0.99875262	-0.46029376	5.4938125e-05	-0.0014515109	-10.451118	R0:S0:1	0.9147752	b8cfe21	v2.4.3	Y	Broyden	0	sharp_wc_2.0_b_50	self-energy/D	run_optim.py	2024-06-05@13:29
2x2_2C_8b_C2v_L	-0.80805437	0	12.001	0.12502545	0.16967179	0.57309329	0.25022756	0.57311883	0.25023612	0.53138392	0.3147874	2.2	0.00035102742	0.16807837	0.11593933	0.19357609	0.1159735	0.19356209	3.8655091e-05	0.26657725	1	-0.13942759	0.00033501291	-0.25177941	0.16480167	0.25175771	-0.16483356	0.38921457	-4.4716006e-05	-0.4	0.001000001	-0.0050591881	0.91842886	-0.75311959	0.13707708	-0.10394255	0.016716149	0.21800797	0.058377466	0.063774728	0.29223007	0.063766297	0.29225431	0.037405102	0.094014448	0.91476994	-0.00085323168	-0.3507205	-0.14095641	-0.90068164	-0.14104724	-0.90063034	-0.00010095856	-0.84079107	-0.43962618	1.364959	-0.0029570146	0.77492106	-0.99858308	-0.77485412	0.99874973	-0.46031899	6.0173749e-05	-0.0014494826	-10.451055	R0:S0:1	0.91476994	b8cfe21	v2.4.3	Y	Broyden	0	sharp_wc_2.0_b_50	self-energy/D	run_optim.py	2024-06-05@13:34
2x2_2C_8b_C2v_L	-0.80789882	0	12	0.12487436	0.16975088	0.57304324	0.2502308	0.57306215	0.2502316	0.53124028	0.31483634	2.201	0.00023869534	0.16814598	0.1159707	0.19360877	0.11598227	0.19360509	-4.0248092e-06	0.26662621	1	-0.13930264	0.00022306587	-0.2516467	0.16476228	0.25164357	-0.16477837	0.3890379	5.936886e-06	-0.4	0.001000001	-0.0050884095	0.91853642	-0.75297596	0.13704759	-0.10382527	0.016723866	0.21777634	0.058388963	0.063690258	0.29197432	0.063693904	0.29199846	0.037364511	0.093951122	0.91488145	-0.00059494064	-0.35057243	-0.14102362	-0.90016186	-0.14104446	-0.90013516	8.0863201e-06	-0.84042956	-0.43964109	1.3639402	-0.0019529673	0.77439198	-0.99813274	-0.77442491	0.99826463	-0.46009365	-1.199242e-05	-0.0014628848	-10.454419	R0:S0:1	0.91488145	b8cfe21	v2.4.3	Y	Broyden	4	sharp_wc_2.0_b_50	self-energy/D	run_optim.py	2024-06-05@13:54
2x2_2C_8b_C2v_L	-0.80790991	0	12	0.12481589	0.17025111	0.5730919	0.25029779	0.57294685	0.25026566	0.53124963	0.3146656	2.2	0.00041858741	0.1684809	0.11609055	0.19358279	0.11602864	0.19360555	-4.3580064e-05	0.26643575	1	-0.13938397	0.0003925635	-0.25150002	0.16485821	0.25152706	-0.16480101	0.38888813	4.8985846e-05	-0.399	0.001000001	-0.0050864121	0.91843733	-0.75326332	0.13669875	-0.10378737	0.016721146	0.21795665	0.058511862	0.06365516	0.29231568	0.063678897	0.29228533	0.037353623	0.093945206	0.91478545	-0.0010361964	-0.35105283	-0.14140022	-0.90084517	-0.14123802	-0.90092527	0.00011910045	-0.84052626	-0.43972536	1.3644912	-0.0034414838	0.77411163	-0.99920296	-0.77427238	0.99894941	-0.45991396	-6.6326753e-05	-0.0015281123	-10.450655	R0:S0:1	0.91478545	b8cfe21	v2.4.3	Y	Broyden	5	sharp_wc_2.0_b_50	self-energy/D	run_optim.py	2024-06-05@14:19
2x2_2C_8b_C2v_L	-0.80847229	0	12	0.12471063	0.17023551	0.57306573	0.25035446	0.57304615	0.25038636	0.53116907	0.31483933	2.2	0.00065324611	0.16838213	0.11603141	0.1935864	0.1160587	0.19359006	2.9874407e-05	0.26646987	1	-0.13968517	0.00062601397	-0.25197163	0.16503253	0.25195777	-0.16505972	0.38916627	-3.521288e-05	-0.4	0.002000001	-0.0050117828	0.91831424	-0.75335585	0.13726756	-0.10470776	0.016719103	0.21900485	0.058669772	0.063872173	0.29254919	0.063870981	0.29256532	0.037413648	0.094083449	0.91465196	-0.00159467	-0.35196485	-0.1412435	-0.90131452	-0.14130801	-0.90128681	-7.5116288e-05	-0.84130349	-0.43962961	1.3675392	-0.0055167858	0.77544239	-0.99938873	-0.77542409	0.99951188	-0.46019984	4.7710657e-05	-0.0013666873	-10.452255	R0:S0:1	0.91465196	b8cfe21	v2.4.3	Y	Broyden	5	sharp_wc_2.0_b_50	self-energy/D	run_optim.py	2024-06-05@14:44
2x2_2C_8b_C2v_L	-0.80749238	0	12.0005	0.12519547	0.16941973	0.57307298	0.25010419	0.57306001	0.25011796	0.531439	0.31465554	2.2005	7.1072805e-05	0.16798478	0.11593673	0.19356342	0.11591575	0.19357567	3.1316089e-06	0.26662278	1	-0.13910346	6.608244e-05	-0.25139303	0.16459279	0.25140423	-0.16457598	0.3890337	-7.9520594e-07	-0.3995	1e-09	-0.0051323437	0.91860095	-0.75289079	0.13667481	-0.10303932	0.016720876	0.21683094	0.058133073	0.063587291	0.29181695	0.063589483	0.29179254	0.037354021	0.093874349	0.91495319	-0.00017333456	-0.34949774	-0.14093591	-0.89979536	-0.14088127	-0.89982754	-9.0225566e-06	-0.83993585	-0.43969218	1.3616206	-0.00058232008	0.77380533	-0.99791061	-0.7738238	0.99778656	-0.46013833	2.4476332e-07	-0.0015809704	-10.451419	R0:S0:1	0.91495319	b8cfe21	v2.4.3	Y	Broyden	2	sharp_wc_2.0_b_50	self-energy/D	run_optim.py	2024-06-05@14:57
2x2_2C_8b_C2v_L	-0.80703075	0	12.00075	0.12536844	0.16903618	0.57301676	0.24994824	0.57306639	0.24993382	0.53147934	0.31443793	2.20075	-0.00028191126	0.16778192	0.11588042	0.19355445	0.11586055	0.19355998	-1.150103e-05	0.26666982	1	-0.13881531	-0.00026517562	-0.25110684	0.16437558	0.25113613	-0.16435554	0.38895946	1.1797178e-05	-0.39925	-0.000999999	-0.0051849164	0.91873825	-0.75267802	0.13639307	-0.10221326	0.01672124	0.21584487	0.057891216	0.063444587	0.29154697	0.063456224	0.29154292	0.037332138	0.093804363	0.91508959	0.00068253977	-0.34835507	-0.140783	-0.89925639	-0.1407122	-0.89927445	2.8508401e-05	-0.83935891	-0.43971616	1.3588184	0.0023420037	0.77296142	-0.99720738	-0.77306535	0.99716226	-0.4601325	-1.6281889e-05	-0.001680248	-10.451065	R0:S0:1	0.91508959	b8cfe21	v2.4.3	Y	Broyden	1	sharp_wc_2.0_b_50	self-energy/D	run_optim.py	2024-06-05@15:05
2x2_2C_8b_C2v_L	-0.80740295	0	11.999375	0.12501843	0.16963638	0.57315235	0.25015205	0.57307388	0.25012502	0.5313947	0.31460373	2.200875	2.8373287e-05	0.16815857	0.11600163	0.19360111	0.11595835	0.19361069	-4.21857e-05	0.26658707	1	-0.13902816	2.9617459e-05	-0.25124723	0.16458871	0.25126943	-0.16455694	0.38884127	4.503085e-05	-0.399125	1e-09	-0.0051531257	0.91864598	-0.75291	0.13653104	-0.10294526	0.016726684	0.21676781	0.058211736	0.06349629	0.29178007	0.063518692	0.29177133	0.037316624	0.093834407	0.9149988	-6.6357427e-05	-0.34962262	-0.14110228	-0.8998134	-0.14097524	-0.89983409	0.00011516165	-0.83974786	-0.43974201	1.3610894	-0.00026430451	0.77323275	-0.99793377	-0.77339767	0.99785411	-0.4598835	-5.8646673e-05	-0.0016141609	-10.452559	R0:S0:1	0.9149988	b8cfe21	v2.4.3	Y	Broyden	1	sharp_wc_2.0_b_50	self-energy/D	run_optim.py	2024-06-05@15:14
2x2_2C_8b_C2v_L	-0.80703477	0	12.000062	0.1250212	0.16962494	0.57305102	0.25008914	0.57296472	0.25006369	0.5313427	0.31452034	2.2013125	-0.0001362669	0.16819448	0.11602525	0.19359805	0.1159461	0.19361924	-7.0184748e-05	0.26659122	1	-0.13884166	-0.00013324313	-0.25097141	0.16448806	0.25101524	-0.16442475	0.38865767	7.7800483e-05	-0.3986875	-0.000499999	-0.0051979352	0.91874607	-0.7527624	0.13625607	-0.10243714	0.016727534	0.216172	0.058125741	0.063369534	0.29156242	0.063397988	0.29152279	0.037277356	0.093751876	0.91510578	0.00032109396	-0.34907693	-0.14116717	-0.89931086	-0.14094472	-0.89937719	0.00018586439	-0.83922579	-0.43976306	1.3592147	0.0011843807	0.77243995	-0.99763114	-0.77265743	0.99737196	-0.45970639	-0.00010526342	-0.0016915613	-10.45322	R0:S0:1	0.91510578	b8cfe21	v2.4.3	Y	Broyden	0	sharp_wc_2.0_b_50	self-energy/D	run_optim.py	2024-06-05@15:18
2x2_2C_8b_C2v_L	-0.80651414	0	12.000094	0.12510008	0.16958435	0.57311421	0.25009538	0.57306798	0.25006245	0.53138477	0.3143955	2.2019687	-0.00032565278	0.16825189	0.11609927	0.19362324	0.11609283	0.19362546	5.271232e-05	0.26659681	1	-0.13855573	-0.00030976514	-0.25055776	0.16435841	0.2505508	-0.16435369	0.38839312	-5.5902629e-05	-0.39803125	-0.001249999	-0.0052686349	0.91890043	-0.75257236	0.13584079	-0.10168797	0.016732484	0.21518347	0.05797114	0.063148209	0.29120752	0.063149291	0.29122135	0.037213117	0.093608809	0.91527229	0.00077665902	-0.34817014	-0.14135019	-0.89863609	-0.14134778	-0.89865997	-0.00014631298	-0.83840158	-0.43982877	1.3562458	0.0027434887	0.77107225	-0.99716856	-0.77107548	0.99716992	-0.45940617	7.2031114e-05	-0.0018192321	-10.454305	R0:S0:1	0.91527229	b8cfe21	v2.4.3	Y	Broyden	4	sharp_wc_2.0_b_50	self-energy/D	run_optim.py	2024-06-05@15:39
2x2_2C_8b_C2v_L	-0.80652381	0	12.000109	0.12538851	0.16878035	0.57315776	0.24990912	0.5731767	0.24992543	0.53156478	0.31444856	2.2022969	-0.00010757981	0.167714	0.11592298	0.19360075	0.11594144	0.19360298	2.8025299e-05	0.26681118	1	-0.13846327	-0.00010048289	-0.25074233	0.16421274	0.25073093	-0.16422851	0.38872607	-3.1423339e-05	-0.39920313	-0.001624999	-0.0052611835	0.91897365	-0.75231119	0.13621548	-0.10155541	0.016731036	0.21483108	0.057722427	0.063211996	0.2910125	0.063202062	0.29101698	0.037259096	0.093663842	0.91533392	0.00026230453	-0.34732544	-0.14082612	-0.89813671	-0.140883	-0.89813792	-7.5643907e-05	-0.83849123	-0.43973751	1.3555418	0.00088539899	0.77157821	-0.99625769	-0.77150381	0.99628835	-0.45984146	4.2144925e-05	-0.0017597861	-10.455499	R0:S0:1	0.91533392	b8cfe21	v2.4.3	Y	Broyden	7	sharp_wc_2.0_b_50	self-energy/D	run_optim.py	2024-06-05@16:12
2x2_2C_8b_C2v_L	-0.80583348	0	12.000164	0.12566546	0.16879347	0.57308079	0.24977062	0.57322978	0.2497543	0.53166348	0.31412011	2.2019453	-0.00072673483	0.16781869	0.11588861	0.19360866	0.11589384	0.19360885	-1.174565e-05	0.2667074	1	-0.13813765	-0.00068932602	-0.2502351	0.16391267	0.25025952	-0.16391322	0.38840903	8.4224793e-06	-0.39780469	-0.002937499	-0.0053484505	0.91909425	-0.75225098	0.13543668	-0.1003719	0.016732023	0.21345611	0.057471696	0.062993508	0.29074959	0.062994372	0.29077061	0.037193648	0.093485546	0.91547051	0.0017246401	-0.34606572	-0.14072669	-0.89781831	-0.1407262	-0.89783162	2.156852e-05	-0.83750527	-0.43987437	1.3517841	0.0061139863	0.7702759	-0.99579932	-0.7703172	0.99585914	-0.45952301	-1.6222812e-05	-0.0019765795	-10.452276	R0:S0:1	0.91547051	b8cfe21	v2.4.3	Y	Broyden	2	sharp_wc_2.0_b_50	self-energy/D	run_optim.py	2024-06-05@16:24
2x2_2C_8b_C2v_L	-0.80481028	0	12.000246	0.12613524	0.16843256	0.57314785	0.24958623	0.57322632	0.24955416	0.53186789	0.31374025	2.202418	-0.00096241115	0.16768064	0.1158771	0.19361457	0.11582006	0.19363289	1.6550348e-05	0.26673926	1	-0.13756591	-0.0008986584	-0.24951497	0.16352207	0.24958498	-0.16346085	0.38809319	-1.5971842e-05	-0.39670703	-0.004906249	-0.0054799486	0.91937515	-0.75188684	0.13462678	-0.098640257	0.016736522	0.21122838	0.056967381	0.062635627	0.29014131	0.062660944	0.29011303	0.037109	0.093241115	0.91576565	0.0022833818	-0.34371775	-0.14064661	-0.89662158	-0.1404616	-0.89669388	-5.3449619e-05	-0.83599827	-0.43999528	1.3456325	0.0079607222	0.76813945	-0.99475655	-0.76836268	0.99453681	-0.45923504	1.8468465e-05	-0.0022357976	-10.451235	R0:S0:1	0.91576565	b8cfe21	v2.4.3	Y	Broyden	4	sharp_wc_2.0_b_50	self-energy/D	run_optim.py	2024-06-05@16:45
2x2_2C_8b_C2v_L	-0.80504298	0	12.001225	0.1259898	0.16831674	0.57314373	0.24960125	0.57324734	0.24960639	0.53178224	0.31395069	2.2028418	-0.00056597816	0.16757337	0.11588365	0.19360204	0.11589582	0.1936064	-7.4722259e-05	0.26683954	1	-0.13766418	-0.0005331705	-0.24971813	0.16362235	0.24973633	-0.16362358	0.38822612	8.5987718e-05	-0.3974707	-0.004390624	-0.0054456577	0.91935052	-0.75181446	0.13501284	-0.099105509	0.016734124	0.21176438	0.057059237	0.062716934	0.29018285	0.06271521	0.29019163	0.037135113	0.093320452	0.9157338	0.0013342985	-0.34415707	-0.14067655	-0.89655719	-0.14069725	-0.89657683	0.00019177698	-0.83638487	-0.4398973	1.3469882	0.0047355656	0.76861184	-0.99470761	-0.76862069	0.99472149	-0.45939796	-0.00011887321	-0.0021330845	-10.453463	R0:S0:1	0.9157338	b8cfe21	v2.4.3	Y	Broyden	2	sharp_wc_2.0_b_50	self-energy/D	run_optim.py	2024-06-05@16:58
2x2_2C_8b_C2v_L	-0.80442603	0	12.000087	0.12597923	0.16856076	0.57326552	0.24959669	0.57312254	0.249614	0.53180451	0.31380219	2.2040127	0.00027897292	0.16784365	0.11598395	0.19367603	0.11593401	0.19369821	3.9507048e-05	0.26682222	1	-0.13732068	0.00026899002	-0.24918181	0.1634487	0.2492045	-0.16340573	0.38775032	-3.9700653e-05	-0.39645605	-0.0050859365	-0.0055426685	0.91956114	-0.75161697	0.13446366	-0.098286289	0.016745754	0.21065501	0.056949684	0.062426551	0.28977127	0.062445594	0.28971962	0.037027263	0.093116607	0.9159605	-0.00063862283	-0.34331299	-0.14088031	-0.89582067	-0.14073718	-0.89586298	-9.9299431e-05	-0.83529921	-0.44001118	1.3434142	-0.0024054064	0.76683992	-0.99421221	-0.76696405	0.99396749	-0.45880545	5.7374886e-05	-0.0022908253	-10.456194	R0:S0:1	0.9159605	b8cfe21	v2.4.3	Y	Broyden	9	sharp_wc_2.0_b_50	self-energy/D	run_optim.py	2024-06-05@17:40
2x2_2C_8b_C2v_L	-0.80313965	0	11.999755	0.12649251	0.16832281	0.57321476	0.24942313	0.57326433	0.24945508	0.53198381	0.31342126	2.205644	-0.00035325784	0.16786298	0.11600689	0.19375374	0.11599909	0.1937698	3.7293721e-05	0.26688942	1	-0.13662142	-0.00032569722	-0.24821602	0.16296541	0.24823149	-0.16295572	0.38714722	-3.9355008e-05	-0.39505908	-0.0071289052	-0.0057223194	0.91997	-0.7510875	0.13349619	-0.096330085	0.016758463	0.20794103	0.056393935	0.061932667	0.28890017	0.06192788	0.28887219	0.036874842	0.092762576	0.91639287	0.00083559541	-0.3405926	-0.1408386	-0.89420461	-0.14081619	-0.89424333	-0.00010193061	-0.8332487	-0.4401658	1.3356308	0.0028785062	0.7638389	-0.99266339	-0.76381479	0.99253459	-0.45813223	5.239038e-05	-0.0025999385	-10.458818	R0:S0:1	0.91639287	b8cfe21	v2.4.3	Y	Broyden	2	sharp_wc_2.0_b_50	self-energy/D	run_optim.py	2024-06-05@17:52
2x2_2C_8b_C2v_L	-0.80325113	0	12.000551	0.12655623	0.16849594	0.57324505	0.24943132	0.57319747	0.2494096	0.53198537	0.3132729	2.2041394	-0.00070484501	0.16796045	0.11599049	0.19371692	0.11598104	0.19371418	5.2097175e-05	0.26672208	1	-0.1367568	-0.00065494492	-0.2482827	0.1629992	0.2482881	-0.16298449	0.387199	-5.2903438e-05	-0.39443091	-0.0072128896	-0.0056962911	0.9198206	-0.75137709	0.1332779	-0.096338412	0.016749904	0.20820164	0.056449045	0.062002943	0.28926098	0.062009255	0.28925945	0.036905223	0.092807215	0.91624409	0.0016493377	-0.34093707	-0.14084973	-0.89505868	-0.14082205	-0.89506985	-0.0001460405	-0.83356282	-0.44020796	1.336688	0.0058066097	0.76426696	-0.99338907	-0.76430861	0.9933489	-0.45823147	6.8120025e-05	-0.0026348788	-10.45343	R0:S0:1	0.91624409	b8cfe21	v2.4.3	Y	Broyden	3	sharp_wc_2.0_b_50	self-energy/D	run_optim.py	2024-06-05@18:09
2x2_2C_8b_C2v_L	-0.80164241	0	12.000795	0.12801652	0.16719276	0.573466	0.24898235	0.57361451	0.24897563	0.53251615	0.31269843	2.2055529	-0.0008031506	0.16727499	0.11574406	0.19375903	0.11578712	0.19375511	2.3295745e-05	0.26697602	1	-0.13587162	-0.00074050029	-0.24737631	0.16217712	0.24737953	-0.16220029	0.386948	-2.6554424e-05	-0.39380261	-0.010569335	-0.0059085781	0.92035232	-0.75050826	0.13235734	-0.093526327	0.016758479	0.20409798	0.055276691	0.061500257	0.2880255	0.061488463	0.28806076	0.036793556	0.092410625	0.91679353	0.0018327056	-0.33610007	-0.13997273	-0.89272371	-0.14008216	-0.89273033	-7.1170208e-05	-0.83106574	-0.44032527	1.3260242	0.0066048375	0.76143484	-0.9905089	-0.76136734	0.990637	-0.4580508	3.0935976e-05	-0.002994177	-10.454344	R0:S0:1	0.91679353	b8cfe21	v2.4.3	Y	Broyden	4	sharp_wc_2.0_b_50	self-energy/D	run_optim.py	2024-06-05@18:30
2x2_2C_8b_C2v_L	-0.79924187	0	12.001145	0.13055256	0.16622629	0.57395153	0.24851301	0.57394939	0.24852422	0.53337476	0.31184275	2.2073449	-0.00077851436	0.16685166	0.1155714	0.19388268	0.1155248	0.19391506	-5.3349143e-06	0.26716614	1	-0.13474835	-0.00070241797	-0.24582278	0.16106799	0.24587374	-0.16103018	0.38623264	6.0980532e-06	-0.39168829	-0.015229003	-0.0062429625	0.92108592	-0.74945724	0.1305798	-0.089431165	0.016774569	0.19792303	0.05354577	0.060665484	0.28639056	0.060689913	0.28636953	0.036565888	0.091689531	0.91756568	0.0017305117	-0.32918926	-0.13916724	-0.88979535	-0.13901316	-0.8898601	5.9973223e-06	-0.82706236	-0.44061425	1.3103993	0.0062831493	0.75657086	-0.98717407	-0.75677865	0.9870253	-0.45726668	-1.1715308e-05	-0.0036054403	-10.454552	R0:S0:1	0.91756568	b8cfe21	v2.4.3	Y	Broyden	5	sharp_wc_2.0_b_50	self-energy/D	run_optim.py	2024-06-05@18:55
2x2_2C_8b_C2v_L	-0.80020172	0	11.999624	0.12897084	0.1674901	0.57372508	0.2489242	0.57371277	0.24889161	0.53284096	0.31214738	2.2069314	-0.00093780426	0.16762817	0.11585277	0.19390319	0.11585446	0.1938934	5.2473638e-05	0.26691279	1	-0.13519642	-0.00085434557	-0.24620872	0.1616617	0.24619844	-0.16165992	0.38609929	-5.5205666e-05	-0.39147195	-0.012847899	-0.0061264925	0.92077545	-0.75009528	0.13099022	-0.091264801	0.01677606	0.20082348	0.054573077	0.060894125	0.28718294	0.060888739	0.28719151	0.036592133	0.091926891	0.91724758	0.0021189251	-0.3329696	-0.1400831	-0.89138113	-0.14010259	-0.89138566	-0.00014548348	-0.82855151	-0.44059869	1.3171404	0.0076091724	0.75774783	-0.98931019	-0.75770444	0.989314	-0.45702106	7.2590388e-05	-0.0034062506	-10.455591	R0:S0:1	0.91724758	b8cfe21	v2.4.3	Y	Broyden	3	sharp_wc_2.0_b_50	self-energy/D	run_optim.py	2024-06-05@19:12
2x2_2C_8b_C2v_L	-0.79814817	0	12.000291	0.13097033	0.16703645	0.5742054	0.24869226	0.5742143	0.24866267	0.5333643	0.3114767	2.2096119	-0.00070740043	0.16751339	0.11588602	0.19405703	0.11582028	0.19407575	6.1231138e-05	0.2670826	1	-0.13426941	-0.00063282914	-0.24474825	0.16087904	0.24479358	-0.16082601	0.38524124	-6.7828982e-05	-0.38961809	-0.0163031	-0.0064210011	0.92145777	-0.7491182	0.12952416	-0.088019616	0.016795313	0.19575916	0.05320814	0.060079401	0.28575291	0.060097905	0.28572	0.036352409	0.091279868	0.91795937	0.0015647879	-0.32744047	-0.13985262	-0.88869387	-0.13966916	-0.88875741	-0.00016508741	-0.8250107	-0.44082794	1.3039678	0.0056432067	0.75284012	-0.98674699	-0.75300351	0.98652509	-0.4560191	9.0657782e-05	-0.0039021963	-10.460186	R0:S0:1	0.91795937	b8cfe21	v2.4.3	Y	Broyden	6	sharp_wc_2.0_b_50	self-energy/D	run_optim.py	2024-06-05@19:41
2x2_2C_8b_C2v_L	-0.79490809	0	12.000314	0.13536674	0.16701602	0.57513262	0.24843614	0.57515697	0.248436	0.53466447	0.31021532	2.2132089	-0.0011078734	0.16757568	0.11586711	0.19440574	0.1158602	0.19441131	7.4445139e-05	0.26724103	1	-0.13300069	-0.00097095986	-0.24242468	0.15951818	0.24242805	-0.15951737	0.38384254	-8.2809137e-05	-0.38607362	-0.022001525	-0.0069080171	0.92251873	-0.74771773	0.12694195	-0.082656739	0.016829814	0.18696507	0.050644295	0.058794249	0.28354283	0.058792009	0.28354128	0.035952756	0.090122934	0.91906277	0.0023296094	-0.31774904	-0.13917133	-0.88501164	-0.13915609	-0.88502716	-0.00020071924	-0.81905628	-0.44130745	1.2822044	0.0086948056	0.74513344	-0.98271356	-0.7451274	0.98269723	-0.45426555	0.00010967681	-0.0047703217	-10.465061	R0:S0:1	0.91906277	b8cfe21	v2.4.3	Y	Broyden	6	sharp_wc_2.0_b_50	self-energy/D	run_optim.py	2024-06-05@20:11
2x2_2C_8b_C2v_L	-0.79553024	0	11.999868	0.13488886	0.16622504	0.57498033	0.24826549	0.57500922	0.24830882	0.53461315	0.31042928	2.2124252	0.00048584014	0.16703288	0.11557096	0.19433253	0.11564823	0.19431202	-1.2914218e-05	0.26736952	1	-0.13318475	0.00042758466	-0.24313325	0.15954616	0.24308027	-0.15961224	0.38445052	1.2237009e-05	-0.38771556	-0.021390777	-0.0068065635	0.92236065	-0.74780227	0.12770675	-0.083489951	0.016821406	0.18825515	0.050877595	0.059151087	0.28373628	0.059124362	0.28376905	0.036076074	0.090384563	0.91889003	-0.001023385	-0.31875237	-0.1384335	-0.88536908	-0.13865067	-0.88529543	3.7376271e-05	-0.82024536	-0.44116042	1.2857183	-0.0038407204	0.74753149	-0.98235881	-0.74730837	0.9826105	-0.45503216	-1.5085766e-05	-0.0045684562	-10.463748	R0:S0:1	0.91889003	b8cfe21	v2.4.3	Y	Broyden	5	sharp_wc_2.0_b_50	self-energy/D	run_optim.py	2024-06-05@20:37
2x2_2C_8b_C2v_L	-0.7920114	0	12.00072	0.14232213	0.1664473	0.5765141	0.24800065	0.57655447	0.24800697	0.53673365	0.30870714	2.2143111	-0.00060536658	0.16692379	0.11543189	0.19471106	0.11542705	0.19471789	-3.815928e-05	0.26745823	1	-0.13225356	-0.00051480435	-0.24067263	0.15794893	0.240683	-0.15794382	0.38322735	4.0952458e-05	-0.38341563	-0.028605697	-0.0073450579	0.92343862	-0.74645846	0.12454868	-0.076941529	0.016851494	0.17730537	0.047250112	0.057780947	0.28161808	0.057780213	0.28161046	0.035676456	0.089012858	0.91998367	0.0012004915	-0.30609332	-0.13722011	-0.88218676	-0.13720551	-0.8822037	9.7967789e-05	-0.81357334	-0.44178529	1.2608632	0.0046378458	0.73943941	-0.97850569	-0.73944397	0.97846231	-0.45339486	-5.3545392e-05	-0.0056308805	-10.461532	R0:S0:1	0.91998367	b8cfe21	v2.4.3	Y	Broyden	6	sharp_wc_2.0_b_50	self-energy/D	run_optim.py	2024-06-05@21:06
2x2_2C_8b_C2v_L	-0.78685175	0	12.001203	0.15761076	0.16926447	0.57967154	0.24811526	0.57963174	0.24811493	0.54064067	0.30607	2.2186446	0.0013775842	0.16709621	0.11528974	0.19550143	0.11524352	0.19551637	1.6683153e-05	0.26772445	1	-0.13154661	0.0011221636	-0.23703191	0.15557542	0.23705473	-0.15554223	0.38138374	-1.5054556e-05	-0.37759391	-0.039344092	-0.0082019779	0.92533484	-0.74415822	0.12000889	-0.066619912	0.016912673	0.15962855	0.040970595	0.055643497	0.27796273	0.055655397	0.27793151	0.035016532	0.086680703	0.92175513	-0.0024289681	-0.28496636	-0.1351896	-0.87675192	-0.13506632	-0.87678601	-4.185252e-05	-0.80271288	-0.44274811	1.2217562	-0.010154258	0.72674194	-0.97215293	-0.7268414	0.97198585	-0.45062299	1.8824041e-05	-0.0071924485	-10.464521	R0:S0:1	0.92175513	b8cfe21	v2.4.3	Y	Broyden	6	sharp_wc_2.0_b_50	self-energy/D	run_optim.py	2024-06-05@21:35
2x2_2C_8b_C2v_L	-0.78816128	0	12.001641	0.15261159	0.16782245	0.57881982	0.24803409	0.57872681	0.24799275	0.53936067	0.30694302	2.2188804	-0.00050383614	0.16682699	0.11531175	0.19529664	0.11529004	0.19529257	1.7357608e-05	0.26782385	1	-0.13151272	-0.00040885555	-0.23806367	0.15620162	0.23806805	-0.15618024	0.38185195	-1.5954258e-05	-0.38006374	-0.036134799	-0.0079750873	0.92490945	-0.74446601	0.12159852	-0.069736535	0.016898572	0.1645741	0.042776655	0.056200268	0.27860102	0.056212195	0.2786009	0.035183478	0.087336458	0.92139357	0.00092912975	-0.29084794	-0.13568247	-0.87730119	-0.13562484	-0.87730511	-4.1161686e-05	-0.80554269	-0.44238085	1.2320854	0.0036880421	0.73007648	-0.97299817	-0.73015788	0.97295872	-0.45137772	2.5437974e-05	-0.0066912512	-10.468805	R0:S0:1	0.92139357	b8cfe21	v2.4.3	Y	Broyden	6	sharp_wc_2.0_b_50	self-energy/D	run_optim.py	2024-06-05@22:04
2x2_2C_8b_C2v_L	-0.78390007	0	12.000368	0.16717885	0.17311128	0.58190418	0.24881336	0.58185156	0.24883635	0.54283762	0.30488392	2.2242346	0.0042058276	0.16803072	0.11564089	0.19617383	0.11565292	0.19616544	-2.0564682e-05	0.26792911	1	-0.13131545	0.0033441631	-0.23459126	0.15450569	0.23457545	-0.15452264	0.37963959	2.4787018e-05	-0.37403512	-0.044206593	-0.0087519796	0.92675877	-0.74262956	0.11751884	-0.06075264	0.016970305	0.1499168	0.037709099	0.054169539	0.2754569	0.054169538	0.2754611	0.034484191	0.085151163	0.92295141	-0.0069556705	-0.27361534	-0.13498045	-0.87279936	-0.1350076	-0.87275869	5.3526607e-05	-0.79582771	-0.44330932	1.1988873	-0.030145014	0.71752466	-0.96866397	-0.71751249	0.96874574	-0.44795135	-3.4729442e-05	-0.0080120375	-10.478165	R0:S0:1	0.92295141	b8cfe21	v2.4.3	Y	Broyden	7	sharp_wc_2.0_b_50	self-energy/D	run_optim.py	2024-06-05@22:37
2x2_2C_8b_C2v_L	-0.77728354	0	11.99998	0.19615808	0.1869859	0.5877481	0.25111578	0.58775527	0.25109943	0.54929012	0.30152456	2.2326795	-6.5823172e-05	0.17007568	0.11653774	0.19759168	0.11650669	0.19760047	-3.3735913e-05	0.26828441	1	-0.13180599	-4.8032807e-05	-0.22900026	0.15205372	0.22902827	-0.15202866	0.37670617	3.3877643e-05	-0.36520853	-0.058695389	-0.010014946	0.92976667	-0.73935765	0.11119207	-0.045700432	0.017081588	0.12746932	0.02954841	0.050946257	0.26992973	0.050959818	0.26992314	0.033409564	0.081690994	0.92542962	9.4345032e-05	-0.24597555	-0.13448415	-0.86411501	-0.13439001	-0.86413742	8.362154e-05	-0.78035979	-0.4446214	1.1459786	0.00042384957	0.69691661	-0.96210299	-0.69704184	0.96203467	-0.44298289	-4.5086215e-05	-0.0099528238	-10.493537	R0:S0:1	0.92542962	b8cfe21	v2.4.3	Y	Broyden	8	sharp_wc_2.0_b_50	self-energy/D	run_optim.py	2024-06-05@23:12
2x2_2C_8b_C2v_L	-0.77856933	0	12.0017	0.19143112	0.18384642	0.58669646	0.25043968	0.58667227	0.25045882	0.5483119	0.30198264	2.2292815	0.0019985872	0.16940618	0.11615649	0.1972632	0.11617315	0.19725984	9.2551193e-06	0.26816326	1	-0.13181948	0.0015182878	-0.23024894	0.15237264	0.23022677	-0.15238484	0.37761238	-4.7289917e-06	-0.36675433	-0.056697126	-0.0097488982	0.92920839	-0.74011355	0.11221493	-0.047613286	0.017047512	0.13109347	0.03074714	0.051660606	0.27128005	0.051647709	0.27127024	0.0336835	0.082377962	0.92484604	-0.0029093136	-0.25025764	-0.13404237	-0.86652981	-0.13410411	-0.86652579	-2.5980732e-05	-0.78348327	-0.44439031	1.1556521	-0.013503841	0.70172709	-0.9635095	-0.70160983	0.96348948	-0.44443469	5.3955461e-06	-0.0096623271	-10.483808	R0:S0:1	0.92484604	b8cfe21	v2.4.3	Y	Broyden	8	sharp_wc_2.0_b_50	self-energy/D	run_optim.py	2024-06-05@23:47
2x2_2C_8b_C2v_L	-0.77232338	0	12.001948	0.22005267	0.20185343	0.59268846	0.25393764	0.59281031	0.25394215	0.55507892	0.2988112	2.2365342	0.0029697743	0.17060851	0.11755831	0.19853884	0.11757949	0.19853784	2.632381e-05	0.2686871	1	-0.13203576	0.0022004528	-0.22468432	0.15037385	0.2246918	-0.15038994	0.37569808	-2.5851203e-05	-0.35873664	-0.073434178	-0.011015207	0.93139545	-0.7367959	0.10614991	-0.034757461	0.017143948	0.11219689	0.024168358	0.048616774	0.26538177	0.048612996	0.26539965	0.032737574	0.079439339	0.92715592	-0.0037981187	-0.2258494	-0.13481077	-0.85638216	-0.13485007	-0.85637557	-6.7311778e-05	-0.76968793	-0.4453889	1.1053647	-0.019029698	0.68131658	-0.95784786	-0.68130293	0.95794739	-0.44057562	3.72296e-05	-0.011292945	-10.495753	R0:S0:1	0.92715592	b8cfe21	v2.4.3	Y	Broyden	9	sharp_wc_2.0_b_50	self-energy/D	run_optim.py	2024-06-06@00:26
2x2_2C_8b_C2v_L	-0.7642272	0	12.002765	0.24824211	0.23093716	0.60124949	0.26208649	0.60123491	0.26207226	0.56443843	0.2955523	2.2481969	-0.00023871947	0.1716902	0.12237083	0.19993394	0.12233052	0.19994857	-1.2278464e-05	0.2692695	1	-0.13092277	-0.0001762853	-0.21529807	0.14955084	0.21533231	-0.14952092	0.3731699	1.2982902e-05	-0.34506815	-0.099150505	-0.012899215	0.93442527	-0.73232941	0.097021894	-0.015949231	0.017277767	0.093769398	0.018372091	0.04408246	0.25660056	0.044098601	0.25659368	0.031344927	0.076076646	0.93022882	0.00026922139	-0.20118353	-0.14340692	-0.8385539	-0.14328796	-0.83858627	2.6840867e-05	-0.75272123	-0.44639314	1.0445435	0.0014489193	0.64685867	-0.95554857	-0.6470228	0.95546665	-0.4346927	-1.9941555e-05	-0.013078667	-10.519093	R0:S0:1	0.93022882	b8cfe21	v2.4.3	Y	Broyden	8	sharp_wc_2.0_b_50	self-energy/D	run_optim.py	2024-06-06@01:01
2x2_2C_8b_C2v_L	-0.76629012	0	12.001183	0.24124647	0.22425335	0.59888988	0.25991256	0.59897243	0.25991199	0.56157152	0.29630561	2.2455209	0.0050836969	0.17247704	0.12118585	0.19969316	0.12113198	0.1997154	5.0158629e-05	0.26882482	1	-0.13143619	0.0037309907	-0.21756643	0.14980821	0.21761035	-0.14977226	0.37307078	-5.3927947e-05	-0.34724872	-0.090808757	-0.012417421	0.9335798	-0.73383737	0.099098614	-0.021574069	0.017253111	0.098284877	0.019919496	0.045157928	0.25926179	0.045167374	0.25922766	0.031618579	0.076795996	0.92940579	-0.0059590754	-0.20794774	-0.14140521	-0.84437491	-0.14125602	-0.8444176	-0.00012111987	-0.75675867	-0.44631004	1.0605167	-0.030938683	0.65525004	-0.95696323	-0.65537361	0.9567874	-0.43534869	7.9330716e-05	-0.012714648	-10.514397	R0:S0:1	0.92940579	b8cfe21	v2.4.3	Y	Broyden	6	sharp_wc_2.0_b_50	self-energy/D	run_optim.py	2024-06-06@01:28
2x2_2C_8b_C2v_L	-0.75953694	0	12.001611	0.25815086	0.24831432	0.60650881	0.26850453	0.6066299	0.26849381	0.56993385	0.29489698	2.2591948	0.0089919344	0.17275564	0.12717433	0.20059807	0.12714544	0.20060975	3.0800277e-07	0.26944547	1	-0.12941533	0.0066021949	-0.20834187	0.15019514	0.20837824	-0.15016647	0.37057859	-2.1530379e-06	-0.33454596	-0.1133318	-0.01413267	0.93638035	-0.7296668	0.091084919	-0.0053113929	0.01738467	0.085546002	0.016471655	0.041038938	0.25106941	0.041042256	0.25104422	0.030295356	0.074001172	0.93218881	-0.0097819564	-0.19060545	-0.15342918	-0.82585896	-0.1533458	-0.8258928	-1.137227e-06	-0.74233653	-0.44697369	1.0105268	-0.052291705	0.62073794	-0.95715091	-0.62080297	0.95700794	-0.42931586	1.1023337e-05	-0.013957687	-10.548525	R0:S0:1	0.93218881	b8cfe21	v2.4.3	Y	Broyden	10	sharp_wc_2.0_b_50	self-energy/D	run_optim.py	2024-06-06@02:10
2x2_2C_8b_C2v_L	-0.75158946	0	12.001815	0.27514707	0.27815198	0.61850289	0.28265547	0.61846716	0.28264542	0.58441852	0.29621936	2.2794698	0.010164086	0.17169135	0.13951564	0.20079288	0.13951864	0.20078786	2.342292e-05	0.27016467	1	-0.12598615	0.0074924461	-0.19334449	0.15283234	0.19333244	-0.15283204	0.36855623	-2.0909161e-05	-0.31302198	-0.15032565	-0.01654123	0.94001802	-0.72414312	0.07805756	0.020040533	0.01757611	0.071443812	0.012911975	0.035245834	0.24086853	0.035243015	0.24086868	0.028564511	0.07022063	0.93577504	-0.010154528	-0.17078443	-0.18007669	-0.79941989	-0.18009839	-0.79942093	-5.5173797e-05	-0.72326433	-0.4478313	0.9452639	-0.055989836	0.56276026	-0.96493173	-0.56271827	0.96491903	-0.42136004	2.2246025e-05	-0.015551862	-10.603307	R0:S0:1	0.93577504	b8cfe21	v2.4.3	Y	Broyden	9	sharp_wc_2.0_b_50	self-energy/D	run_optim.py	2024-06-06@02:47
2x2_2C_8b_C2v_L	-0.75329313	0	12.001171	0.27220881	0.27166967	0.61570294	0.27937768	0.61562264	0.27937259	0.58129158	0.29543151	2.273652	0.010860888	0.17144879	0.13625694	0.2008379	0.13625993	0.20082795	3.1967225e-05	0.27008279	1	-0.12669645	0.0080303979	-0.19701817	0.15201046	0.19698959	-0.15201154	0.36936613	-3.2048337e-05	-0.31851936	-0.14279302	-0.015997525	0.9392054	-0.72535639	0.081081663	0.01478125	0.017527602	0.07412212	0.013556658	0.036575756	0.24300522	0.036566738	0.24298382	0.028998673	0.071137111	0.93496188	-0.011019342	-0.17428489	-0.17290719	-0.80534957	-0.17294713	-0.80533024	-6.3200184e-05	-0.72770985	-0.4476369	0.95868686	-0.060826009	0.57729401	-0.96250378	-0.57717757	0.96243499	-0.42365102	5.2394625e-05	-0.015220578	-10.585949	R0:S0:1	0.93496188	b8cfe21	v2.4.3	Y	Broyden	7	sharp_wc_2.0_b_50	self-energy/D	run_optim.py	2024-06-06@03:17
2x2_2C_8b_C2v_L	-0.74879718	0	12.003487	0.28621047	0.29365813	0.62808485	0.29290353	0.62785523	0.29293244	0.59680948	0.30015729	2.2907403	0.027430496	0.16686261	0.15054244	0.20011894	0.15048071	0.20014076	-9.1560364e-05	0.27054805	1	-0.1225274	0.020405766	-0.18264073	0.15617357	0.18266319	-0.15614648	0.37074061	9.1452678e-05	-0.29672058	-0.18284358	-0.017920785	0.941729	-0.72128143	0.067529703	0.040899993	0.017683719	0.062391372	0.012146992	0.031802019	0.23705619	0.03181611	0.23703334	0.027900507	0.068199298	0.93742571	-0.026025262	-0.15700207	-0.20500604	-0.78691962	-0.20486734	-0.78694095	0.00020453738	-0.71362413	-0.44835934	0.89451034	-0.1476514	0.51859557	-0.97762998	-0.51878844	0.97750832	-0.41945199	-0.00013317905	-0.01671807	-10.636326	R0:S0:1	0.93742571	b8cfe21	v2.4.3	Y	Broyden	9	sharp_wc_2.0_b_50	self-energy/D	run_optim.py	2024-06-06@03:54
2x2_2C_8b_C2v_L	-0.75043942	0	12.005241	0.30385351	0.31487273	0.648251	0.30980766	0.64801207	0.30990518	0.61901844	0.31690687	2.3197707	0.059342131	0.15429074	0.17479082	0.19866927	0.17469268	0.19873101	-0.0002371759	0.27044553	1	-0.11418101	0.044711116	-0.16343357	0.16445069	0.16350229	-0.1644185	0.37886066	0.00025019104	-0.2624766	-0.24491767	-0.019613064	0.94318641	-0.71871518	0.045340381	0.08093925	0.017906016	0.047790225	0.014316995	0.027290912	0.23850267	0.027308373	0.23847477	0.027440916	0.065404712	0.93881792	-0.05244409	-0.1349066	-0.26225965	-0.78478998	-0.26201964	-0.78485205	0.0005203006	-0.70319139	-0.44954023	0.79151626	-0.30629181	0.43002502	-1.0124883	-0.43040976	1.0123351	-0.41975044	-0.00035650157	-0.019078622	-10.744016	R0:S0:1	0.93881792	b8cfe21	v2.4.3	Y	Broyden	15	sharp_wc_2.0_b_50	self-energy/D	run_optim.py	2024-06-06@04:51
2x2_2C_8b_C2v_L	-0.74809027	0	12.004314	0.29817105	0.31102724	0.64342147	0.30600183	0.64302615	0.30606423	0.61369326	0.31135015	2.3150238	0.03104141	0.16343517	0.16828298	0.19895318	0.1682624	0.19895775	-0.0001740976	0.27087305	1	-0.11984201	0.023250339	-0.16769086	0.16177091	0.16765088	-0.16178733	0.37503526	0.00017572693	-0.27229432	-0.22778467	-0.019461075	0.94356611	-0.71807222	0.05200244	0.069618747	0.017868343	0.053772228	0.010574615	0.027965231	0.23517368	0.027969035	0.23516474	0.027220595	0.065609528	0.93920794	-0.027828602	-0.14464617	-0.24560609	-0.7776175	-0.24562223	-0.77758566	0.00038357769	-0.70271665	-0.44909128	0.84288831	-0.16122794	0.45183916	-0.99911822	-0.45182835	0.99912808	-0.41758746	-0.0002477082	-0.018258319	-10.722366	R0:S0:1	0.93920794	b8cfe21	v2.4.3	Y	Broyden	8	sharp_wc_2.0_b_50	self-energy/D	run_optim.py	2024-06-06@05:24
2x2_2C_8b_C2v_L	-0.75702685	0	12.003506	0.30388705	0.32583936	0.66185161	0.31720459	0.66182802	0.31719469	0.62968922	0.33622436	2.3457613	0.0021701746	0.16522342	0.19164417	0.19821413	0.19161692	0.19822483	-4.8293958e-06	0.26992258	1	-0.12242119	0.0016625082	-0.15267602	0.17079016	0.15268951	-0.17077587	0.38701782	4.0100911e-06	-0.23808799	-0.28376	-0.019825222	0.94267691	-0.71960013	0.028825939	0.10770938	0.018067164	0.050284292	0.008069809	0.026282448	0.24682717	0.026282601	0.24682465	0.027762868	0.064762837	0.93826327	-0.0018979832	-0.14150419	-0.3058074	-0.80389556	-0.30574586	-0.8039213	1.0993616e-05	-0.70418481	-0.4505232	0.82704147	-0.010981399	0.3725096	-1.0417388	-0.3725785	1.0416921	-0.42310715	-7.5277816e-06	-0.020888113	-10.853891	R0:S0:1	0.93826327	b8cfe21	v2.4.3	Y	Broyden	8	sharp_wc_2.0_b_50	self-energy/D	run_optim.py	2024-06-06@05:56
2x2_2C_8b_C2v_L	-0.76651567	0	12.006267	0.30331748	0.32880603	0.66726403	0.31796129	0.6673231	0.31797387	0.63344217	0.35314983	2.3563608	-0.0050678081	0.16411385	0.20062884	0.19884755	0.20061938	0.19886046	4.023029e-05	0.26961521	1	-0.12417523	-0.0039899483	-0.14912586	0.17583991	0.14914874	-0.17583696	0.39740559	-4.7222452e-05	-0.22442109	-0.31060097	-0.018864713	0.94039418	-0.72310725	0.016531031	0.12781194	0.018102246	0.050084884	0.0080259836	0.02703017	0.26112133	0.027029529	0.2611251	0.028980106	0.066087422	0.93591726	0.0044746004	-0.14152111	-0.33554353	-0.8397226	-0.33549112	-0.83974668	-9.3096795e-05	-0.71512338	-0.45128714	0.82722029	0.02591289	0.34491918	-1.0689886	-0.34499531	1.0689911	-0.43183712	6.2464222e-05	-0.022569833	-10.913224	R0:S0:1	0.93591726	b8cfe21	v2.4.3	Y	Broyden	34	sharp_wc_2.0_b_50	self-energy/D	run_optim.py	2024-06-06@09:21
2x2_2C_8b_C2v_L	-0.81213681	0	12.007848	0.33673681	0.284116	0.66562169	0.29470852	0.29471826	-0.6656994	0.62359738	0.41467544	2.3889885	0.16315857	-0.00055727834	0.22412143	-0.19968154	0.19970127	-0.14291126	4.913243e-05	0.26836799	1	0.00050439474	0.13489283	0.14288466	0.19574086	0.19573346	-0.22411213	0.4352527	-6.9817561e-05	-0.18561801	-0.38320601	0.011343384	0.92814427	-0.7427224	-0.029217021	0.19529342	0.018167971	0.0089077519	0.057233302	0.035376375	0.34045305	0.34045818	1.9646274	0.03484626	0.07503931	0.92333809	-0.15102475	0.00053831494	-0.45488331	1.022557	-1.0226055	0.27543377	-0.00011936748	-0.77938968	-0.45492143	-0.0031274984	-0.87813489	-0.27534682	-1.1747106	-1.174685	0.45482058	-0.46780505	8.5057652e-05	-0.029469952	-12.466796	R0:S0:1	0.92333809	b8cfe21	v2.4.3	Y	Broyden	34	sharp_wc_2.0_b_50	self-energy/D	run_optim.py	2024-06-06@11:07
2x2_2C_8b_C2v_L	-0.7473098	0	12.003324	0.29319825	0.30591891	0.63714814	0.30131239	0.63739173	0.30132756	0.60696655	0.3062388	2.3068495	-0.017592113	0.16721377	0.16146132	0.19934223	0.16145231	0.19936837	9.3706916e-05	0.27071484	1	-0.12194483	-0.013107058	-0.17282879	0.15945503	0.17288079	-0.15944272	0.37193058	-9.3933557e-05	-0.28117099	-0.20854574	-0.019030345	0.94317982	-0.71893383	0.058222307	0.057567907	0.017810539	0.057736198	0.010152244	0.029124559	0.23461867	0.029127571	0.23461399	0.027247878	0.066289698	0.93885614	0.016079643	-0.15082021	-0.22972694	-0.77784654	-0.22964904	-0.77789223	-0.0002098756	-0.70521029	-0.44884991	0.87009018	0.092180536	0.47618026	-0.98950342	-0.47629637	0.9894624	-0.41661123	0.00013238283	-0.017619734	-10.691428	R0:S0:1	0.93885614	b8cfe21	v2.4.3	Y	Broyden	12	sharp_wc_2.0_b_50	self-energy/D	run_optim.py	2024-06-06@11:47
2x2_2C_8b_C2v_L	-0.74936967	0	12.001925	0.28406509	0.28890949	0.62516878	0.28956582	0.62493585	0.28955137	0.59295499	0.29846416	2.2873418	0.057907527	0.1597582	0.14661323	0.20042739	0.14665531	0.20039225	-1.5645794e-05	0.27052592	1	-0.11733842	0.042901095	-0.18621651	0.15485807	0.18616265	-0.15488844	0.3697796	1.5718237e-05	-0.30259387	-0.17190307	-0.017516425	0.94130905	-0.72199418	0.071221957	0.033880476	0.017654214	0.059615895	0.017585966	0.032853427	0.23770125	0.032852606	0.237735	0.028056963	0.068736129	0.93702661	-0.055615111	-0.15258671	-0.1958808	-0.78981096	-0.19600862	-0.78974567	3.8109365e-05	-0.7161468	-0.44819941	0.86316922	-0.31373018	0.53357975	-0.9721932	-0.53348145	0.97237669	-0.41973966	-3.9190137e-05	-0.016314157	-10.625958	R0:S0:1	0.93702661	b8cfe21	v2.4.3	Y	Broyden	11	sharp_wc_2.0_b_50	self-energy/D	run_optim.py	2024-06-06@12:25
2x2_2C_8b_C2v_L	-0.75532354	0	12.005181	0.30360502	0.32329858	0.65849481	0.31582559	0.65852785	0.31586801	0.62754741	0.33142736	2.3391061	-0.011809037	0.16446342	0.18779369	0.19829134	0.18776514	0.19830361	3.0785579e-06	0.27013374	1	-0.12191382	-0.0090390434	-0.15506179	0.16936301	0.15507575	-0.16935429	0.38538982	-8.3175351e-06	-0.24396428	-0.27592649	-0.01981119	0.94284721	-0.71920587	0.032674859	0.10200606	0.018022833	0.050696077	0.008353292	0.026398583	0.24466191	0.026394339	0.24462682	0.027715003	0.06493678	0.93843413	0.010351992	-0.14152143	-0.29561827	-0.79857162	-0.29555363	-0.79858352	-8.3200911e-06	-0.70385238	-0.45021768	0.82894519	0.060222905	0.38570284	-1.0350536	-0.38572937	1.0349302	-0.42267429	2.3598542e-05	-0.020454042	-10.825464	R0:S0:1	0.93843413	b8cfe21	v2.4.3	Y	Broyden	18	sharp_wc_2.0_b_50	self-energy/D	run_optim.py	2024-06-06@13:22
2x2_2C_8b_C2v_L	-0.76551062	0	12.005797	0.3036125	0.32745894	0.66606512	0.31780329	0.66593335	0.31781173	0.63292786	0.35050273	2.3529814	0.0086029638	0.16355924	0.19889336	0.19890773	0.19888042	0.19891396	-9.8305665e-05	0.2697355	1	-0.12380699	0.0067577567	-0.1501751	0.17512987	0.1501673	-0.17513188	0.39667872	0.00010523838	-0.2272406	-0.30764868	-0.01892834	0.94057228	-0.72276625	0.018410744	0.12534006	0.018085056	0.050102017	0.0080930903	0.026954958	0.25959342	0.026957263	0.25959797	0.028941969	0.066100454	0.93609533	-0.0075941404	-0.14121939	-0.33033731	-0.83598348	-0.33033246	-0.8359848	0.00022245306	-0.71447973	-0.45114428	0.8269994	-0.044074422	0.35095312	-1.0655224	-0.35097016	1.0655355	-0.43161864	-0.00013898604	-0.022343066	-10.898347	R0:S0:1	0.93609533	b8cfe21	v2.4.3	Y	Broyden	17	sharp_wc_2.0_b_50	self-energy/D	run_optim.py	2024-06-06@14:21
2x2_2C_8b_C2v_L	-0.74848405	0	12.003942	0.29912236	0.313556	0.6452826	0.30776839	0.64556455	0.30777297	0.61570944	0.31349986	2.3183825	-0.028458142	0.16414455	0.17113932	0.19873381	0.1711141	0.19877108	0.00015184913	0.27064748	1	-0.12018098	-0.021342093	-0.16548988	0.16279257	0.16554025	-0.1627686	0.37562037	-0.00015318846	-0.26768839	-0.23332147	-0.019621454	0.94361138	-0.71812133	0.049408991	0.0734459	0.017895935	0.053304317	0.010177322	0.027568576	0.23574122	0.027565661	0.23572264	0.027155658	0.065319311	0.93925908	0.025379786	-0.14433224	-0.25259962	-0.77842293	-0.25249518	-0.77850171	-0.000338663	-0.70183674	-0.44929776	0.84097444	0.14701642	0.44161787	-1.0037644	-0.4417049	1.0036277	-0.41728604	0.00021554447	-0.018543009	-10.735433	R0:S0:1	0.93925908	b8cfe21	v2.4.3	Y	Broyden	11	sharp_wc_2.0_b_50	self-energy/D	run_optim.py	2024-06-06@15:04
2x2_2C_8b_C2v_L	-0.75993906	0	12.004621	0.30381064	0.32637339	0.66305502	0.31754973	0.662861	0.31754424	0.6305585	0.34053427	2.3464864	0.011138083	0.16455968	0.19410726	0.19838914	0.19412856	0.19835545	-0.00011042709	0.2696157	1	-0.12286252	0.0086237403	-0.15186549	0.17234868	0.15181615	-0.17236102	0.39018594	0.00011727701	-0.23381431	-0.29117815	-0.019519122	0.94181561	-0.72103434	0.025183603	0.1133891	0.018065403	0.050249174	0.0082583942	0.02652337	0.25143856	0.02652467	0.25142444	0.028178734	0.065284334	0.93738897	-0.0097692212	-0.14142734	-0.3143238	-0.81548994	-0.31443978	-0.81541743	0.00025475085	-0.70801558	-0.45080161	0.82697095	-0.056740328	0.36542236	-1.0508186	-0.36526607	1.0508214	-0.42600061	-0.00015051507	-0.021433265	-10.862501	R0:S0:1	0.93738897	b8cfe21	v2.4.3	Y	Broyden	15	sharp_wc_2.0_b_50	self-energy/D	run_optim.py	2024-06-06@16:01
2x2_2C_8b_C2v_L	-0.75702778	0	12.003506	0.30417843	0.32588942	0.66200296	0.31724629	0.66167883	0.31720802	0.629729	0.33625949	2.3457613	0.011735107	0.16481098	0.19159865	0.19825571	0.19163773	0.19820084	-4.2137617e-05	0.26993437	1	-0.12214895	0.0090075234	-0.15272292	0.17077354	0.15263739	-0.17080139	0.38702526	4.7514402e-05	-0.23808799	-0.28376	-0.019826562	0.94267607	-0.71960204	0.028822368	0.10770889	0.018067406	0.050064573	0.0082668084	0.026277623	0.24680807	0.026278889	0.24682113	0.027761335	0.064755072	0.93826309	-0.010248493	-0.14111502	-0.30564789	-0.80396724	-0.30583315	-0.80386596	0.00010026784	-0.704177	-0.450527	0.82497183	-0.059508568	0.37265307	-1.0416541	-0.3724083	1.0417809	-0.4230988	-6.6959034e-05	-0.020889437	-10.853918	R0:S0:1	0.93826309	b8cfe21	v2.4.3	Y	Broyden	7	sharp_wc_2.0_b_50	self-energy/D	run_optim.py	2024-06-06@22:34
2x2_2C_8b_C2v_L	-0.75613733	0	12.004343	0.30401414	0.32454622	0.66033394	0.31658219	0.66029062	0.31663312	0.62865859	0.33375749	2.3424337	0.014556317	0.16439923	0.18976579	0.19823844	0.18964674	0.19831661	-3.8781068e-05	0.27002318	1	-0.12185627	0.011144103	-0.15383002	0.17009378	0.1539373	-0.1700432	0.386174	4.8515936e-05	-0.24102613	-0.27984325	-0.01982779	0.94277411	-0.71938384	0.030761291	0.10484158	0.018045559	0.050243407	0.0084176505	0.026319408	0.24566598	0.026327626	0.24565372	0.027731992	0.064829552	0.93836149	-0.012737079	-0.1410843	-0.30075762	-0.80103006	-0.30042443	-0.80115758	8.2195567e-05	-0.70391656	-0.4503739	0.82568289	-0.073932799	0.37891037	-1.03837	-0.37938574	1.0382082	-0.42284393	-8.1555093e-05	-0.02066979	-10.839628	R0:S0:1	0.93836149	b8cfe21	v2.4.3	Y	Broyden	16	sharp_wc_2.0_b_50	self-energy/D	run_optim.py	2024-06-06@23:34
2x2_2C_8b_C2v_L	-0.75151787	0	12.003724	0.30200238	0.3204144	0.65398732	0.31329148	0.65378781	0.31333523	0.62338899	0.32337509	2.3320719	0.011559316	0.16537716	0.18152271	0.19828407	0.18154274	0.19825553	-2.8506442e-05	0.27033035	1	-0.12149367	0.0087451702	-0.15849297	0.16657344	0.15844896	-0.16660169	0.3803947	2.9999565e-05	-0.25288819	-0.25854074	-0.019944778	0.94354313	-0.71820406	0.039564067	0.090154158	0.017986892	0.051747305	0.0085677295	0.026549009	0.23943485	0.02654881	0.23942635	0.027279139	0.064730645	0.93915992	-0.010161288	-0.14287709	-0.27835222	-0.78604988	-0.27844104	-0.78596837	6.4877575e-05	-0.70098332	-0.44984827	0.83503607	-0.058956447	0.40592531	-1.0209732	-0.40581014	1.0210465	-0.41910823	-4.8646674e-05	-0.019609422	-10.791816	R0:S0:1	0.93915992	b8cfe21	v2.4.3	Y	Broyden	10	sharp_wc_2.0_b_50	self-energy/D	run_optim.py	2024-06-07@00:13
2x2_2C_8b_C2v_L	-0.75101716	0	12.00391	0.30405487	0.31954077	0.6530904	0.31263973	0.65253828	0.3127249	0.62286777	0.32196046	2.3303926	0.039141933	0.16089513	0.18006429	0.19839756	0.18006962	0.19837795	-0.0001778787	0.27047641	1	-0.1184116	0.029535798	-0.15943665	0.16598676	0.159364	-0.1660201	0.37986696	0.00019189716	-0.25519116	-0.25577233	-0.01992672	0.94361687	-0.71802283	0.040935802	0.088156069	0.017976036	0.049598451	0.010753832	0.026627864	0.23871325	0.026632099	0.23869048	0.027252582	0.064729832	0.93923833	-0.034309475	-0.13898158	-0.27449631	-0.78452448	-0.2746171	-0.78443283	0.0003952166	-0.70075702	-0.44976153	0.81397709	-0.19974672	0.41075588	-1.0182363	-0.41062656	1.0182621	-0.4188884	-0.00027240917	-0.019458077	-10.784635	R0:S0:1	0.93923833	b8cfe21	v2.4.3	Y	Broyden	17	sharp_wc_2.0_b_50	self-energy/D	run_optim.py	2024-06-07@07:22
2x2_2C_8b_C2v_L	-0.75432903	0	12.003368	0.30401794	0.32454299	0.65969946	0.31621717	0.65950871	0.31626584	0.62801184	0.33130094	2.3425637	0.014535966	0.16487509	0.18830155	0.19812316	0.18827802	0.19813098	-0.0001219012	0.27015942	1	-0.12149546	0.011070738	-0.15425179	0.16912547	0.15424706	-0.16912597	0.38396231	0.00012930663	-0.24331444	-0.27461932	-0.020012543	0.94330626	-0.71855195	0.032910305	0.10112007	0.018050955	0.050193925	0.0084325465	0.026191705	0.24289423	0.026194672	0.24287221	0.027438327	0.064461046	0.93890809	-0.012678182	-0.14111678	-0.29579286	-0.7941052	-0.29577235	-0.79408981	0.00027269796	-0.70143894	-0.45024084	0.82488556	-0.0735982	0.3829082	-1.0327863	-0.38294202	1.0327284	-0.42070956	-0.0001737116	-0.020345647	-10.836559	R0:S0:1	0.93890809	b8cfe21	v2.4.3	Y	Broyden	14	sharp_wc_2.0_b_50	self-energy/D	run_optim.py	2024-06-07@08:15
2x2_2C_8b_C2v_L	-0.75518458	0	12.002865	0.30419424	0.32632873	0.66184621	0.31716037	0.66178642	0.3171472	0.62948337	0.33432424	2.3474626	6.7886147e-05	0.1656847	0.19074459	0.19805443	0.19070201	0.19807846	-5.0380236e-05	0.27011991	1	-0.12199131	4.9019692e-05	-0.15264603	0.16994564	0.15267419	-0.16992317	0.38488573	5.2502129e-05	-0.23983051	-0.27975957	-0.02005696	0.94331224	-0.71854855	0.030627883	0.10469895	0.018080635	0.050028363	0.0080443196	0.026080174	0.24383989	0.026082145	0.24384255	0.02743822	0.064286841	0.93890915	-6.192005e-05	-0.14128743	-0.30195994	-0.79633874	-0.30185903	-0.7963945	0.0001092488	-0.70122349	-0.4503752	0.82482846	-0.00032042006	0.37437635	-1.0363016	-0.37451519	1.0362402	-0.42083942	-6.6559405e-05	-0.020574051	-10.856674	R0:S0:1	0.93890915	b8cfe21	v2.4.3	Y	Broyden	10	sharp_wc_2.0_b_50	self-energy/D	run_optim.py	2024-06-07@08:55
2x2_2C_8b_C2v_L	-0.75036211	0	12.003915	0.30225784	0.31932493	0.65253464	0.31228456	0.65230599	0.31235467	0.6221786	0.32110982	2.3304191	0.024170072	0.16409792	0.17938502	0.19832257	0.17938555	0.19832602	-0.00013432912	0.27056299	1	-0.12033906	0.018230152	-0.15970224	0.16561728	0.15968302	-0.16563815	0.37897321	0.0001386613	-0.25638001	-0.25319794	-0.019963346	0.9437968	-0.71772975	0.041922924	0.086431034	0.017975111	0.051286331	0.0093211129	0.026631288	0.23775224	0.02663631	0.23774532	0.027154978	0.064665532	0.93941985	-0.02123815	-0.14189879	-0.27251516	-0.78205173	-0.2725452	-0.78201099	0.00029924987	-0.70011899	-0.4496766	0.82949908	-0.12341974	0.4127291	-1.0159686	-0.41273272	1.0160101	-0.41813984	-0.00019484792	-0.019312387	-10.783483	R0:S0:1	0.93941986	b8cfe21	v2.4.3	Y	Broyden	11	sharp_wc_2.0_b_50	self-energy/D	run_optim.py	2024-06-07@09:38
2x2_2C_8b_C2v_L	-0.74874078	0	12.002863	0.30125794	0.31777942	0.65006337	0.31062802	0.64984947	0.31065579	0.61973871	0.31767999	2.3277394	0.027393095	0.16425543	0.17609285	0.19842343	0.17602959	0.19842772	-0.00022992811	0.27070774	1	-0.11987582	0.020542148	-0.16163327	0.16421121	0.16165104	-0.16420024	0.37651948	0.00023296694	-0.2611188	-0.24379204	-0.019962201	0.94408706	-0.71731964	0.045408311	0.080249467	0.017960128	0.051703546	0.0097417118	0.026831151	0.23552304	0.026839813	0.23552177	0.026956231	0.064599852	0.93972721	-0.024135649	-0.1424589	-0.26384761	-0.77699072	-0.26370993	-0.77697277	0.00050692605	-0.69906084	-0.44950138	0.83090487	-0.13989811	0.4233442	-1.0088043	-0.42354159	1.0088179	-0.41639763	-0.00031722409	-0.01888891	-10.770624	R0:S0:1	0.93972721	b8cfe21	v2.4.3	Y	Broyden	9	sharp_wc_2.0_b_50	self-energy/D	run_optim.py	2024-06-07@10:13
2x2_2C_8b_C2v_L	-0.75104853	0	12.003626	0.30265022	0.32028326	0.65379929	0.31313123	0.65356156	0.31314876	0.62331127	0.32283799	2.3324079	0.022263718	0.1642462	0.18098566	0.19832622	0.18110717	0.19822036	-0.00014353373	0.27045331	1	-0.12058271	0.016830474	-0.15871785	0.16624589	0.1585748	-0.16633067	0.37990191	0.00015106895	-0.25387277	-0.25729745	-0.019985301	0.94371141	-0.71788285	0.040227779	0.089207818	0.01798873	0.051083965	0.0091150616	0.026527838	0.23862624	0.026520518	0.23864156	0.027206166	0.064616057	0.93933104	-0.019525691	-0.14173477	-0.2766406	-0.78417474	-0.27701244	-0.78394615	0.00032600846	-0.70026669	-0.44978889	0.82878649	-0.11356733	0.40740908	-1.019009	-0.40691601	1.0193203	-0.41861935	-0.00020199317	-0.01950746	-10.792192	R0:S0:1	0.93933104	b8cfe21	v2.4.3	Y	Broyden	15	sharp_wc_2.0_b_50	self-energy/D	run_optim.py	2024-06-07@17:16
2x2_2C_8b_C2v_L	-0.7504657	0	12.002911	0.30243781	0.32179113	0.65513483	0.31375846	0.65509447	0.31373309	0.62423212	0.3237998	2.3369426	0.0039348744	0.16605633	0.18216292	0.19814148	0.182207	0.19811423	-9.4396896e-05	0.270622	1	-0.12129183	0.0029538499	-0.15751241	0.16634147	0.15746711	-0.16635904	0.37923954	9.6827389e-05	-0.25271286	-0.25848276	-0.020155546	0.94413059	-0.71717283	0.039785644	0.08990359	0.018017602	0.05131277	0.0083036889	0.026287279	0.23743983	0.026284503	0.23745125	0.027006869	0.064214843	0.93975052	-0.0034481034	-0.14257229	-0.27872065	-0.78084428	-0.27885746	-0.78080689	0.00020405805	-0.69832948	-0.44977458	0.83221471	-0.019850792	0.40239855	-1.0181859	-0.40222063	1.0182472	-0.41733761	-0.00012766918	-0.019468185	-10.80807	R0:S0:1	0.93975052	b8cfe21	v2.4.3	Y	Broyden	9	sharp_wc_2.0_b_50	self-energy/D	run_optim.py	2024-06-07@17:52
2x2_2C_8b_C2v_L	-0.74993722	0	12.002505	0.3032491	0.32239272	0.65596135	0.31395263	0.65579055	0.313978	0.6247316	0.32399168	2.3393779	0.017688007	0.16529233	0.1823998	0.19813655	0.18242651	0.19811023	-9.8319034e-05	0.27076658	1	-0.12046085	0.013291975	-0.15710194	0.16614797	0.1570559	-0.16617093	0.37863477	0.00010224866	-0.25262519	-0.25845378	-0.020265216	0.94442634	-0.71665615	0.039893592	0.089775978	0.018033267	0.050520573	0.0087079245	0.02614968	0.23644584	0.02614978	0.23643922	0.026864577	0.063939071	0.94004908	-0.015406825	-0.1414122	-0.27860565	-0.77839504	-0.27871436	-0.77832529	0.00021847107	-0.69694415	-0.44974363	0.82532925	-0.089265541	0.40088713	-1.0165999	-0.40075176	1.0166473	-0.416399	-0.00014462939	-0.019396588	-10.816194	R0:S0:1	0.94004908	b8cfe21	v2.4.3	Y	Broyden	33	sharp_wc_2.0_b_50	self-energy/D	run_optim.py	2024-06-07@19:53
2x2_2C_8b_C2v_L	-0.75539894	0	12.003592	0.30515894	0.32588196	0.66192875	0.317142	0.66153651	0.3171027	0.6296687	0.33444909	2.3470944	0.022821323	0.16373617	0.19053535	0.19821259	0.19060131	0.19813947	-0.00012794096	0.27020033	1	-0.12086534	0.017411149	-0.15293693	0.169924	0.15282303	-0.16996615	0.38534131	0.00013456424	-0.24023544	-0.28056233	-0.020018984	0.94325279	-0.71855586	0.030598515	0.10511828	0.018075374	0.049176658	0.0087988412	0.026104793	0.24411551	0.026107078	0.24413316	0.027501366	0.064354676	0.9388452	-0.019837358	-0.13965276	-0.30147097	-0.79725402	-0.30174103	-0.79711319	0.00029087161	-0.70159174	-0.45034436	0.81666589	-0.115186	0.37531869	-1.0363443	-0.37497973	1.0365205	-0.42135743	-0.00018536523	-0.020587762	-10.855715	R0:S0:1	0.9388452	b8cfe21	v2.4.3	Y	Broyden	17	sharp_wc_2.0_b_50	self-energy/D	run_optim.py	2024-06-07@20:57
2x2_2C_8b_C2v_L	-0.75593049	0	12.002378	0.30477509	0.32796088	0.66408748	0.31801495	0.66414953	0.31799746	0.63108558	0.33732653	2.3527523	-0.0046366175	0.16564838	0.19299156	0.19802941	0.19297583	0.19804979	-5.7201823e-06	0.27019295	1	-0.12188772	-0.0035425188	-0.15116064	0.1706367	0.15118833	-0.17062214	0.38577672	9.0885153e-06	-0.23690194	-0.28483862	-0.020109947	0.94339334	-0.71836225	0.028597883	0.10810805	0.018111756	0.049426086	0.0079899672	0.02597243	0.2444897	0.02597323	0.24450083	0.02742325	0.064071729	0.93898428	0.0040169256	-0.14066696	-0.30742279	-0.79791143	-0.30736146	-0.79796559	7.8793942e-06	-0.70076354	-0.45046973	0.82061502	0.023303269	0.36645739	-1.0389845	-0.36655464	1.0389632	-0.42091861	-9.5466814e-06	-0.02075848	-10.878067	R0:S0:1	0.93898428	b8cfe21	v2.4.3	Y	Broyden	9	sharp_wc_2.0_b_50	self-energy/D	run_optim.py	2024-06-07@21:33
2x2_2C_8b_C2v_L	-0.75816504	0	12.002044	0.30544077	0.33036799	0.66786863	0.3191451	0.66776397	0.3191614	0.63352814	0.34339924	2.3609357	0.0092156091	0.16551073	0.19708074	0.19809824	0.19706783	0.1981083	-7.992241e-05	0.2701347	1	-0.12198968	0.007062163	-0.14881602	0.17216883	0.14881618	-0.1721625	0.3881773	8.5368277e-05	-0.23092378	-0.29450969	-0.020053549	0.94315892	-0.71869945	0.024285455	0.11496226	0.018156751	0.048638895	0.0079821398	0.025966521	0.24732454	0.025968775	0.24730985	0.027552794	0.063966987	0.93874075	-0.0079704007	-0.13994559	-0.31837456	-0.80507925	-0.31836961	-0.80508641	0.00017958895	-0.70162923	-0.45072391	0.81513242	-0.046027568	0.35269215	-1.0462507	-0.35271108	1.0461801	-0.4220388	-0.00011444948	-0.021236604	-10.913415	R0:S0:1	0.93874075	b8cfe21	v2.4.3	Y	Broyden	18	sharp_wc_2.0_b_50	self-energy/D	run_optim.py	2024-06-07@22:40
2x2_2C_8b_C2v_L	-0.75344397	0	12.001304	0.30495664	0.32790997	0.66335402	0.3176301	0.66335576	0.31762031	0.63039625	0.33408347	2.3531699	0.0097996498	0.16595764	0.19112737	0.19787851	0.19113524	0.19786534	-6.1160942e-05	0.2704079	1	-0.12118089	0.0074166227	-0.15163662	0.16934604	0.15161801	-0.16934817	0.38284509	6.7833522e-05	-0.23990527	-0.2782185	-0.020371484	0.94413999	-0.71716123	0.0314105	0.10332596	0.01811969	0.049161884	0.0081036444	0.025757607	0.24069547	0.025756652	0.24069136	0.027025892	0.063551394	0.93974867	-0.0084663953	-0.14035514	-0.30088182	-0.78837554	-0.30091846	-0.78835055	0.00013585251	-0.69728587	-0.4502791	0.81779808	-0.048893916	0.37141794	-1.0314297	-0.371351	1.0314258	-0.41805128	-9.5066546e-05	-0.020324087	-10.874752	R0:S0:1	0.93974867	b8cfe21	v2.4.3	Y	Broyden	11	sharp_wc_2.0_b_50	self-energy/D	run_optim.py	2024-06-07@23:22
2x2_2C_8b_C2v_L	-0.75247732	0	12.00016	0.3050597	0.32896274	0.66411862	0.31787177	0.66416553	0.3178729	0.6307827	0.33387436	2.3562077	-0.0034585102	0.16668396	0.19136215	0.19775527	0.19140284	0.19773757	4.4154246e-05	0.27050742	1	-0.12105006	-0.0026127184	-0.15101831	0.16900647	0.1509959	-0.16902702	0.38157299	-4.8795895e-05	-0.23974019	-0.27704659	-0.020547088	0.94458162	-0.7164706	0.031807874	0.10244161	0.018141912	0.048939412	0.0079522187	0.025579594	0.23900278	0.025578754	0.23901335	0.026787481	0.063150249	0.94019856	0.002974585	-0.14034027	-0.30042432	-0.784104	-0.30051459	-0.78407032	-9.8830113e-05	-0.69513638	-0.4502503	0.81627552	0.017198213	0.36957795	-1.0288291	-0.36946937	1.0289136	-0.41637428	6.2541938e-05	-0.020194315	-10.884252	R0:S0:1	0.94019856	b8cfe21	v2.4.3	Y	Broyden	18	sharp_wc_2.0_b_50	self-energy/D	run_optim.py	2024-06-08@00:30
2x2_2C_8b_C2v_L	-0.7497673	0	12.00191	0.30239007	0.32180926	0.65492919	0.31346219	0.65471828	0.31345072	0.62367808	0.32278177	2.3369645	0.013122246	0.16599212	0.18138065	0.1981784	0.18146904	0.19810738	-7.9463707e-05	0.27063123	1	-0.12087411	0.0098531308	-0.15784634	0.16586765	0.15773318	-0.16591936	0.37812137	8.4992186e-05	-0.25362514	-0.25553958	-0.020215312	0.94431703	-0.71694923	0.040717548	0.088014052	0.018021596	0.051146415	0.0085786311	0.026266163	0.23643441	0.026259606	0.2364421	0.026872364	0.064067033	0.93994747	-0.011467349	-0.14238622	-0.27633709	-0.77856282	-0.27663153	-0.77842752	0.0001768722	-0.69740936	-0.44975871	0.83014837	-0.066301606	0.40460094	-1.0157426	-0.40419749	1.0158986	-0.41625881	-0.0001187389	-0.019339624	-10.806853	R0:S0:1	0.93994748	b8cfe21	v2.4.3	Y	Broyden	8	sharp_wc_2.0_b_50	self-energy/D	run_optim.py	2024-06-08@01:02
2x2_2C_8b_C2v_L	-0.74875813	0	12.000612	0.30450103	0.32437647	0.65777091	0.31455552	0.65737246	0.31458494	0.62587855	0.3245522	2.3451886	0.02597691	0.1648282	0.18343156	0.19794913	0.18340747	0.19794236	-0.00017311635	0.27095288	1	-0.11925844	0.019402753	-0.15576348	0.16592751	0.15573183	-0.16593765	0.37709585	0.00017522023	-0.25161572	-0.25817972	-0.020526772	0.94507775	-0.71561853	0.039852598	0.089519274	0.018074615	0.049236299	0.0091471689	0.025824566	0.23427664	0.025830557	0.23427772	0.026517362	0.063276774	0.94071324	-0.022443896	-0.13981282	-0.27973758	-0.77278556	-0.27974702	-0.77274459	0.00038076129	-0.69369436	-0.44974812	0.81448594	-0.12980518	0.3957675	-1.0138638	-0.3957841	1.013905	-0.41400761	-0.00024478226	-0.019278298	-10.835778	R0:S0:1	0.94071324	b8cfe21	v2.4.3	Y	Broyden	16	sharp_wc_2.0_b_50	self-energy/D	run_optim.py	2024-06-08@02:03
2x2_2C_8b_C2v_L	-0.74627543	0	12.000215	0.30286716	0.32006038	0.65171069	0.31079334	0.65132643	0.31085831	0.62042056	0.31730482	2.3361171	0.037279482	0.16345829	0.17617171	0.19828535	0.17606902	0.19833816	-0.00019621049	0.27119388	1	-0.11777576	0.027616347	-0.16043828	0.16325169	0.16047306	-0.16322078	0.37320396	0.00019874215	-0.26190118	-0.23977121	-0.020352118	0.94524212	-0.7154292	0.046798999	0.077530231	0.018017249	0.049798878	0.010582685	0.026366408	0.23135721	0.0263797	0.23133412	0.026344215	0.063566612	0.94090515	-0.032470383	-0.14004691	-0.26176736	-0.76651339	-0.26156824	-0.76656942	0.00042690339	-0.69370236	-0.44939532	0.81417391	-0.18744221	0.42001051	-1.0014807	-0.42030339	1.0013267	-0.41207531	-0.00028844341	-0.018527727	-10.797468	R0:S0:1	0.94090515	b8cfe21	v2.4.3	Y	Broyden	9	sharp_wc_2.0_b_50	self-energy/D	run_optim.py	2024-06-08@02:38
2x2_2C_8b_C2v_L	-0.74939268	0	12.001391	0.30336181	0.323055	0.65623693	0.31397517	0.65601294	0.31400467	0.62469924	0.3236532	2.3405937	0.021017785	0.1653393	0.18238338	0.19807847	0.18244227	0.19802794	-0.00015416618	0.27075095	1	-0.12007401	0.015753057	-0.15687005	0.16593795	0.15679874	-0.16598717	0.37774389	0.00016437011	-0.25254786	-0.2569512	-0.020350219	0.94463045	-0.71640459	0.040211368	0.088860398	0.018045057	0.050215723	0.0089040315	0.026066734	0.23559473	0.026067932	0.23561234	0.026723694	0.063726637	0.94026347	-0.018273359	-0.14111222	-0.27814489	-0.77631365	-0.27832877	-0.7761932	0.00033777236	-0.69584322	-0.44976497	0.82247323	-0.10570597	0.40035969	-1.0151794	-0.40015936	1.0153866	-0.4153251	-0.00022858804	-0.019331079	-10.819736	R0:S0:1	0.94026347	b8cfe21	v2.4.3	Y	Broyden	12	sharp_wc_2.0_b_50	self-energy/D	run_optim.py	2024-06-08@07:16
2x2_2C_8b_C2v_L	-0.74942061	0	12.00155	0.30321536	0.32328576	0.65672289	0.31426495	0.65653869	0.31422675	0.6250683	0.32423554	2.3419523	0.012228282	0.16614055	0.18289297	0.19805118	0.18290932	0.19801925	-8.0575534e-05	0.27082039	1	-0.12061504	0.0091622687	-0.15648662	0.16607559	0.15643651	-0.16609127	0.37788983	8.0845787e-05	-0.25203821	-0.25822048	-0.020380955	0.944706	-0.71623534	0.039840555	0.089628554	0.01805195	0.050488601	0.0084332467	0.026007646	0.23551392	0.026007324	0.2355371	0.026707406	0.063659565	0.94033452	-0.010628229	-0.14166458	-0.27923399	-0.77600323	-0.27932095	-0.77595326	0.00017673378	-0.69555705	-0.4497548	0.82562774	-0.06141327	0.39851113	-1.0154957	-0.39839288	1.0156101	-0.41529244	-0.00011485522	-0.019350427	-10.824868	R0:S0:1	0.94033452	b8cfe21	v2.4.3	Y	Broyden	9	sharp_wc_2.0_b_50	self-energy/D	run_optim.py	2024-06-08@08:59
2x2_2C_8b_C2v_L	-0.74839304	0	11.999877	0.30581769	0.32574	0.65938815	0.31524091	0.65883869	0.31520255	0.62707264	0.32554236	2.3491392	0.033858148	0.16365806	0.18457206	0.19788214	0.18458597	0.19784309	-0.00023261276	0.27101668	1	-0.11806305	0.025205026	-0.15469422	0.16600583	0.15461	-0.16602782	0.37661834	0.00024239885	-0.25009979	-0.2596578	-0.020679645	0.94539546	-0.7151061	0.039175532	0.090461959	0.01810157	0.047999573	0.0097435296	0.025614571	0.23343005	0.025620475	0.23346047	0.026346307	0.062891776	0.94103759	-0.02909039	-0.13802201	-0.28176492	-0.77064736	-0.28191149	-0.77057673	0.00050675041	-0.69197093	-0.44978764	0.80366454	-0.16806454	0.39104493	-1.0134392	-0.39089884	1.0135806	-0.41287547	-0.00033898802	-0.019287736	-10.849877	R0:S0:1	0.94103759	b8cfe21	v2.4.3	Y	Broyden	13	sharp_wc_2.0_b_50	self-energy/D	run_optim.py	2024-06-08@09:48
2x2_2C_8b_C2v_L	-0.7479114	0	11.99912	0.30508862	0.32720751	0.6606026	0.31572571	0.66022124	0.315762	0.62789765	0.32658776	2.3534119	0.019484406	0.16632473	0.18570057	0.19771669	0.18573049	0.19766771	-0.00015361219	0.27115986	1	-0.11938935	0.014493743	-0.1535872	0.16608296	0.15349817	-0.16610785	0.37609534	0.00016287845	-0.24887576	-0.26101109	-0.020827065	0.94576837	-0.71446644	0.038669795	0.091264239	0.018128215	0.048694144	0.0085673224	0.025422918	0.23244308	0.025420728	0.23240048	0.026178961	0.062541991	0.94140831	-0.016694051	-0.13969654	-0.28376829	-0.76780496	-0.2839546	-0.76768578	0.00034377441	-0.6902625	-0.44977225	0.81165644	-0.096324105	0.38645883	-1.0127759	-0.38617711	1.0127228	-0.41179147	-0.00021574312	-0.019255777	-10.864996	R0:S0:1	0.94140831	b8cfe21	v2.4.3	Y	Broyden	14	sharp_wc_2.0_b_50	self-energy/D	run_optim.py	2024-06-08@10:40
