model	E_kin	D	U	eb1_1	eb2_1	eb3_1	eb4_1	eb5_1	eb6_1	eb7_1	eb8_1	mu	sb1_1	sb2_1	sb3_1	sb4_1	sb5_1	sb6_1	sb7_1	sb8_1	t	tb1_1	tb2_1	tb3_1	tb4_1	tb5_1	tb6_1	tb7_1	tb8_1	tp	ave_D	ave_mu	ave_t	ave_tp	ave_U_1	ave_eb1_1	ave_eb2_1	ave_eb3_1	ave_eb4_1	ave_eb5_1	ave_eb6_1	ave_eb7_1	ave_eb8_1	ave_mu_1	ave_sb1_1	ave_sb2_1	ave_sb3_1	ave_sb4_1	ave_sb5_1	ave_sb6_1	ave_sb7_1	ave_sb8_1	ave_t_1	ave_tb1_1	ave_tb2_1	ave_tb3_1	ave_tb4_1	ave_tb5_1	ave_tb6_1	ave_tb7_1	ave_tb8_1	ave_tp_1	E0_1	sector_1	n_1	githash	version	GS_consistency	iterations	dist_function	convergence	script	time	
2x2_2C_8b_C2v_L	-0.92285428	0	9.5	0.12826542	0.17922239	0.73423866	0.25047168	0.25047843	0.73435889	0.69380945	0.29457024	2.1	-0.13700294	0.00022775477	0.078843649	-0.1976753	-0.19766732	0.078870555	3.00104e-06	0.266399	1	0.00021172682	0.14843836	0.32171141	0.14897563	-0.14900096	-0.32170725	-0.46376861	5.4243703e-06	-0.5	0.0011695525	0.9266921	-0.83253568	0.18063721	0.025804345	0.037814995	0.19280299	0.083132736	0.27624228	0.27625894	0.08311515	0.041197428	0.08958617	0.9194031	0.30194852	-0.00043026121	-0.019907486	0.98718281	0.9871683	-0.019992866	-8.8647221e-06	-0.8878139	-0.50056271	-0.002313993	-1.4341722	-0.93992855	-0.95859326	0.95869767	0.93984446	0.46323287	-7.9977358e-06	0.0014144363	-10.382073	R0:S0:1	0.9194031	817c5bc	v2.2.6	Y	3	sharp_wc_2.0_b_50	self-energy/D	run_optim.py	2023-12-05@09:52
2x2_2C_8b_C2v_L	-0.92281792	0	9.501	0.12825254	0.17917636	0.7341501	0.2504599	0.25046568	0.73428866	0.69369642	0.29454844	2.1	-0.13699769	0.00024423951	0.078853443	-0.19766535	-0.19766729	0.078872131	1.2602644e-06	0.26639328	1	0.0002314216	0.14843825	0.32169092	0.14898614	-0.14899658	-0.32170206	-0.46374489	1.7389255e-06	-0.5	0.0011686924	0.92668329	-0.83249859	0.18063865	0.025798675	0.03782761	0.19285377	0.083133367	0.2762692	0.2762778	0.083118272	0.041201132	0.089598745	0.91939362	0.30199565	-0.0004535935	-0.019938522	0.98715115	0.98717246	-0.019998535	-3.091652e-06	-0.88781759	-0.50052653	-0.0025377225	-1.4342526	-0.93991196	-0.95864971	0.95867227	0.93984404	0.46325951	-4.7599341e-06	0.0014202643	-10.38196	R0:S0:1	0.91939362	817c5bc	v2.2.6	Y	3	sharp_wc_2.0_b_50	self-energy/D	run_optim.py	2023-12-05@09:54
2x2_2C_8b_C2v_L	-0.92430361	0	9.5	0.12854208	0.17958928	0.73528231	0.25055319	0.25053895	0.73524014	0.69472189	0.29450542	2.1	-0.1371957	-0.00030012146	0.078775519	-0.19776291	-0.19776002	0.078751868	1.2506758e-05	0.26640172	1.001	-0.00027304529	0.14876101	0.32225508	0.14909712	-0.14907962	-0.32226037	-0.46440124	1.5639046e-05	-0.5	0.0011230178	0.92658918	-0.8332238	0.18049315	0.025840167	0.037829049	0.19300634	0.083301354	0.27660204	0.27658667	0.083312949	0.041230784	0.089589368	0.91928401	0.3022236	0.00058342644	-0.019398656	0.98836112	0.98834716	-0.019327852	-2.7107934e-05	-0.88812584	-0.50088851	0.0029622743	-1.4356139	-0.94097875	-0.95944104	0.95938364	0.94103789	0.46315555	-2.2096573e-05	0.0013832565	-10.385978	R0:S0:1	0.91928401	817c5bc	v2.2.6	Y	13	sharp_wc_2.0_b_50	self-energy/D	run_optim.py	2023-12-05@10:06
2x2_2C_8b_C2v_L	-0.92272732	0	9.5	0.12835232	0.17908534	0.73435228	0.25055777	0.2505383	0.73433069	0.69386698	0.29464549	2.101	-0.13707989	0.00024558573	0.078896152	-0.19772929	-0.19772785	0.078889991	-2.4113071e-05	0.26646066	1	0.00022448304	0.14833782	0.32158461	0.14899059	-0.14898126	-0.32158366	-0.46364046	-2.7436042e-05	-0.5	0.0011960538	0.92678571	-0.83242282	0.180609	0.025811943	0.037833178	0.19261103	0.083020165	0.27603753	0.2760378	0.083019983	0.041158091	0.089538975	0.91949815	0.30188255	-0.00047408398	-0.020102809	0.98675967	0.98677893	-0.020092953	6.0998965e-05	-0.88759777	-0.5005812	-0.0024407245	-1.4332276	-0.93933644	-0.958321	0.95827938	0.93932843	0.46305732	3.4311632e-05	0.0013986663	-10.385467	R0:S0:1	0.91949815	817c5bc	v2.2.6	Y	10	sharp_wc_2.0_b_50	self-energy/D	run_optim.py	2023-12-05@10:14
2x2_2C_8b_C2v_L	-0.92261212	0	9.5	0.12877257	0.17883209	0.73415785	0.25052479	0.25052036	0.73412459	0.6936777	0.29453722	2.1	-0.13736415	0.00031462227	0.078881345	-0.1977131	-0.19771661	0.078876206	5.4355092e-06	0.26630045	1	0.00028697841	0.14839626	0.32147759	0.14896828	-0.14896682	-0.32147457	-0.46341529	4.8001713e-06	-0.499	0.0012004273	0.92670138	-0.83269745	0.18018972	0.025805558	0.037978634	0.19283999	0.083038432	0.27619779	0.27620002	0.083040283	0.041137488	0.089528802	0.91941624	0.30248033	-0.00061020156	-0.020015011	0.98722272	0.98723433	-0.020004441	-2.0117362e-05	-0.88759813	-0.50065071	-0.0031131226	-1.4338022	-0.93943543	-0.95877616	0.95876801	0.9394429	0.46284313	-3.6763627e-06	0.0013354773	-10.381539	R0:S0:1	0.91941625	817c5bc	v2.2.6	Y	10	sharp_wc_2.0_b_50	self-energy/D	run_optim.py	2023-12-05@10:23
2x2_2C_8b_C2v_L	-0.92119975	0	9.5005	0.12827198	0.17865117	0.73324275	0.2504606	0.25045583	0.7332823	0.6927788	0.29462909	2.1005	-0.13701917	0.00082400123	0.078980939	-0.1976277	-0.1976293	0.07898718	-1.9564062e-06	0.26636753	0.999	0.00076338944	0.14806622	0.32097519	0.14887755	-0.14887959	-0.32097989	-0.4628791	-2.409451e-06	-0.4995	0.001244981	0.92684201	-0.83185197	0.18053981	0.02577029	0.037885966	0.19250716	0.082848012	0.27577291	0.27577723	0.082842556	0.041115612	0.08953002	0.91957262	0.30186648	-0.0015652581	-0.020647176	0.98578492	0.98580201	-0.020669276	-1.7638227e-06	-0.88725702	-0.50027561	-0.0083339125	-1.4320966	-0.93826236	-0.95776559	0.95776521	0.93823667	0.46303341	1.4048362e-06	0.0013995352	-10.379556	R0:S0:1	0.91957262	817c5bc	v2.2.6	Y	3	sharp_wc_2.0_b_50	self-energy/D	run_optim.py	2023-12-05@10:25
2x2_2C_8b_C2v_L	-0.91965611	0	9.50075	0.12815081	0.17813702	0.73218656	0.25040126	0.25037206	0.73228649	0.69180074	0.29470218	2.10075	-0.13692873	0.0010179004	0.079086554	-0.19756206	-0.19756348	0.07906004	5.0798038e-05	0.26635289	0.998	0.00093494634	0.14770857	0.32033278	0.14877628	-0.14874714	-0.32037578	-0.46212968	6.3984101e-05	-0.49925	0.0013026026	0.92696579	-0.83116992	0.18056791	0.025735246	0.037922217	0.19228376	0.082619767	0.27540564	0.27540086	0.082636744	0.041061245	0.089508271	0.91971266	0.3017155	-0.0019503206	-0.021274195	0.98459005	0.98460644	-0.02118691	-0.00014756317	-0.8868566	-0.49996377	-0.010196183	-1.4303594	-0.93687478	-0.95698303	0.95692368	0.93700239	0.46298878	-7.6999936e-05	0.0014099471	-10.376379	R0:S0:1	0.91971266	817c5bc	v2.2.6	Y	3	sharp_wc_2.0_b_50	self-energy/D	run_optim.py	2023-12-05@10:28
2x2_2C_8b_C2v_L	-0.92110546	0	9.499375	0.12849769	0.17845446	0.7333334	0.25050048	0.25050708	0.73332895	0.69290491	0.29465562	2.100875	-0.13719181	0.00062961376	0.078970796	-0.19767811	-0.19767815	0.078981679	3.9683893e-06	0.26635508	0.999	0.00058569099	0.14800187	0.32087427	0.14884147	-0.14884981	-0.32086866	-0.46272723	1.1670661e-06	-0.499125	0.0012676667	0.9268911	-0.83191295	0.18036449	0.02577978	0.03795118	0.19242372	0.0827819	0.27565512	0.27565688	0.082776552	0.041074306	0.089480505	0.91962313	0.30203495	-0.0011902724	-0.020618779	0.98571777	0.98571683	-0.020649976	-1.4975294e-05	-0.88709588	-0.5003528	-0.0063941796	-1.4315365	-0.9379426	-0.9576134	0.95763355	0.9379092	0.4627929	-3.5043296e-06	0.0013599929	-10.380747	R0:S0:1	0.91962313	817c5bc	v2.2.6	Y	3	sharp_wc_2.0_b_50	self-energy/D	run_optim.py	2023-12-05@10:31
2x2_2C_8b_C2v_L	-0.92019313	0	9.5000625	0.12860948	0.17802115	0.73273242	0.25050453	0.25047452	0.73274219	0.69233232	0.29468595	2.1013125	-0.13728391	0.00069189946	0.079033024	-0.19767272	-0.19767611	0.079008915	2.2401132e-05	0.26633286	0.9985	0.00064047435	0.14777884	0.3204333	0.14877388	-0.14874356	-0.32045838	-0.46217928	2.6494663e-05	-0.4986875	0.001316277	0.9269875	-0.83156338	0.18022729	0.025761731	0.038030717	0.19228115	0.08261183	0.27537045	0.27535975	0.082624064	0.041015984	0.089439679	0.91972524	0.30212323	-0.0013162589	-0.020970203	0.98493987	0.98497014	-0.020897414	-6.5244153e-05	-0.88673979	-0.50021137	-0.0069806078	-1.4302763	-0.93694561	-0.95711402	0.95700759	0.93702064	0.46259776	-3.3946786e-05	0.001338044	-10.379954	R0:S0:1	0.91972524	817c5bc	v2.2.6	Y	3	sharp_wc_2.0_b_50	self-energy/D	run_optim.py	2023-12-05@10:33
2x2_2C_8b_C2v_L	-0.918858	0	9.5000937	0.12875917	0.17743287	0.73199894	0.25053755	0.25050176	0.7320378	0.6916788	0.29480117	2.1019688	-0.13741894	0.00090897257	0.079134213	-0.19767846	-0.19767526	0.079132265	3.4249654e-05	0.2663158	0.99775	0.00084689618	0.14743976	0.31979304	0.14866885	-0.14866285	-0.31980325	-0.46139475	3.8506492e-05	-0.49803125	0.0013911257	0.92713551	-0.83107231	0.18002003	0.025740689	0.038136466	0.19199187	0.082346309	0.27492363	0.27493045	0.082347255	0.040921353	0.089358129	0.91988934	0.30218079	-0.0017196791	-0.021519873	0.98382003	0.98382918	-0.021519894	-9.4962554e-05	-0.88619349	-0.50003838	-0.0092353406	-1.42824	-0.93542625	-0.95633463	0.95633751	0.93544144	0.46226968	-5.2278547e-05	0.0012963528	-10.378887	R0:S0:1	0.91988934	817c5bc	v2.2.6	Y	3	sharp_wc_2.0_b_50	self-energy/D	run_optim.py	2023-12-05@10:36
2x2_2C_8b_C2v_L	-0.91838905	0	9.5001094	0.1287419	0.17741287	0.7315111	0.25045598	0.25041842	0.7315341	0.69115974	0.29472981	2.1007969	-0.1373665	0.0011817889	0.079193251	-0.19758429	-0.19757301	0.079179263	2.9235583e-05	0.26621058	0.997375	0.0010993993	0.14745082	0.31963997	0.14868388	-0.14866764	-0.31964498	-0.4612046	3.3236155e-05	-0.49770312	0.0013836315	0.92706322	-0.83100438	0.17995879	0.025719009	0.038145967	0.19212101	0.08236189	0.27508157	0.27506929	0.082358317	0.040940392	0.089396103	0.91982222	0.30226327	-0.002232843	-0.021775266	0.98388966	0.98389606	-0.021747547	-8.1598921e-05	-0.88628182	-0.49992388	-0.011996849	-1.4287188	-0.9354511	-0.95670511	0.95663115	0.93542225	0.46239717	-4.8661636e-05	0.0012995458	-10.37334	R0:S0:1	0.91982222	817c5bc	v2.2.6	Y	3	sharp_wc_2.0_b_50	self-energy/D	run_optim.py	2023-12-05@10:38
2x2_2C_8b_C2v_L	-0.91639243	0	9.5001641	0.12834461	0.17678708	0.73032539	0.2503946	0.25036429	0.7304708	0.69006965	0.29487132	2.1021953	-0.13709061	0.0015128191	0.079302549	-0.19752597	-0.1975215	0.079304089	4.9029476e-05	0.26630472	0.9960625	0.0013982579	0.14688062	0.31884553	0.14850992	-0.14850021	-0.31886911	-0.46031368	5.4844754e-05	-0.49805469	0.0014702289	0.92732779	-0.82987709	0.18026732	0.025681297	0.038121293	0.19160334	0.082025622	0.27434553	0.27434781	0.082016369	0.040864198	0.089351148	0.92010709	0.30166593	-0.0028792421	-0.022552125	0.98176823	0.98180082	-0.022565512	-0.00014142386	-0.88561605	-0.49948096	-0.015260045	-1.4256049	-0.93345266	-0.95504776	0.95500932	0.93341818	0.46239361	-7.1525734e-05	0.0013510417	-10.373125	R0:S0:1	0.92010709	817c5bc	v2.2.6	Y	3	sharp_wc_2.0_b_50	self-energy/D	run_optim.py	2023-12-05@10:41
2x2_2C_8b_C2v_L	-0.91327665	0	9.5002461	0.12813289	0.1759087	0.72865704	0.2503597	0.25035756	0.72868645	0.68827483	0.2950114	2.103293	-0.13696534	4.3884222e-05	0.079573636	-0.19742656	-0.1974184	0.079580721	6.2471195e-06	0.26630079	0.99409375	4.2062119e-05	0.14616586	0.317527	0.14833107	-0.14833681	-0.31751765	-0.45875226	7.0987866e-06	-0.49758203	0.0016053177	0.92763721	-0.82845863	0.1802941	0.025619925	0.038121094	0.19094026	0.081480647	0.27342281	0.27342054	0.08146846	0.040723428	0.089247614	0.92045632	0.30115872	-7.6009304e-05	-0.024005898	0.97900214	0.97899911	-0.024036885	-1.4145527e-05	-0.88456842	-0.49890463	-0.00046777406	-1.4215661	-0.93026828	-0.95332709	0.95332431	0.93018998	0.46213908	-1.1513161e-05	0.0013523294	-10.36896	R0:S0:1	0.92045632	817c5bc	v2.2.6	Y	7	sharp_wc_2.0_b_50	self-energy/D	run_optim.py	2023-12-05@10:47
2x2_2C_8b_C2v_L	-0.91398261	0	9.5012246	0.12840609	0.17600081	0.72891935	0.25039486	0.25030058	0.72878885	0.68858307	0.29495563	2.1025293	-0.13715592	0.0006756667	0.079550333	-0.19744844	-0.19743763	0.079477615	-3.1162889e-05	0.26623335	0.99460938	0.00062211284	0.14637926	0.31776287	0.1484107	-0.1483385	-0.31778788	-0.45901998	-3.5867866e-05	-0.4971582	0.001573993	0.92750754	-0.82893466	0.18005621	0.025627737	0.038201064	0.19124053	0.081607208	0.27377726	0.27374747	0.081641499	0.040749284	0.089274018	0.9203186	0.30161824	-0.0012936311	-0.023751456	0.97993323	0.97995275	-0.023546295	7.7799162e-05	-0.88484734	-0.49906178	-0.0067802488	-1.4228917	-0.93098352	-0.95414426	0.95391292	0.93116212	0.4621066	4.2818841e-05	0.0013179784	-10.368029	R0:S0:1	0.9203186	817c5bc	v2.2.6	Y	4	sharp_wc_2.0_b_50	self-energy/D	run_optim.py	2023-12-05@10:51
2x2_2C_8b_C2v_L	-0.91259596	0	9.5000869	0.12886499	0.17522102	0.72826211	0.25046951	0.25040749	0.72828413	0.68802102	0.2950788	2.1035439	-0.13751695	0.001130198	0.079606471	-0.19751726	-0.19749616	0.079604079	2.7491256e-05	0.26618198	0.99391406	0.0010417268	0.14599594	0.31704167	0.14824375	-0.14823743	-0.31703604	-0.45805813	3.2789616e-05	-0.4959873	0.0016741061	0.92769875	-0.82856036	0.17959767	0.025618617	0.038393539	0.19085915	0.081297191	0.27318334	0.27319089	0.081290846	0.040606936	0.089127593	0.92052992	0.3018902	-0.0021569556	-0.024140199	0.97876662	0.97875963	-0.024152599	-7.7949176e-05	-0.88408436	-0.49899934	-0.011340593	-1.4202913	-0.92926149	-0.95316084	0.9531668	0.92922001	0.46146755	-4.5914311e-05	0.0012233383	-10.368258	R0:S0:1	0.92052992	817c5bc	v2.2.6	Y	3	sharp_wc_2.0_b_50	self-energy/D	run_optim.py	2023-12-05@10:53
2x2_2C_8b_C2v_L	-0.90906835	0	9.4997554	0.12925428	0.17375259	0.72624856	0.25050828	0.25045914	0.72634502	0.68610824	0.29525411	2.1049409	-0.1378241	0.0012641061	0.079857774	-0.19749544	-0.1974851	0.079870273	4.4901675e-05	0.26609616	0.99187109	0.0011589946	0.14512558	0.31537017	0.14796857	-0.14796987	-0.31538353	-0.45599602	5.3065542e-05	-0.49435596	0.0018612742	0.92807027	-0.82724798	0.17911182	0.025560728	0.038634795	0.19014014	0.080629109	0.27205419	0.27207864	0.080627137	0.040376664	0.088933782	0.92094241	0.30197334	-0.0024319135	-0.025541016	0.97584054	0.9758446	-0.025580811	-0.00012908283	-0.88267245	-0.4985169	-0.012579784	-1.4151885	-0.92536709	-0.95120772	0.95127917	0.92537982	0.4606755	-6.7039513e-05	0.0011297346	-10.364191	R0:S0:1	0.92094241	817c5bc	v2.2.6	Y	4	sharp_wc_2.0_b_50	self-energy/D	run_optim.py	2023-12-05@10:57
2x2_2C_8b_C2v_L	-0.90920227	0	9.5005505	0.12854525	0.1741514	0.72634875	0.25043418	0.2504117	0.72640362	0.68616213	0.29531343	2.1055691	-0.13731372	0.00070552926	0.079872672	-0.19743215	-0.19743444	0.079867229	8.2940524e-06	0.26626868	0.99178711	0.00064411177	0.14510789	0.31557673	0.14800531	-0.14800037	-0.31559267	-0.45638675	1.0850144e-05	-0.4958606	0.0018318277	0.92811773	-0.82684943	0.17977566	0.025555566	0.038399306	0.19001542	0.080673597	0.27199766	0.27200878	0.080678514	0.040445437	0.08900526	0.92098246	0.3011783	-0.0013623356	-0.025660702	0.97536203	0.97537605	-0.02564682	-3.0483307e-05	-0.88284187	-0.498336	-0.0070038421	-1.4151845	-0.92557024	-0.95079396	0.95081174	0.92561864	0.46120005	-1.1607979e-05	0.0012475337	-10.366713	R0:S0:1	0.92098246	817c5bc	v2.2.6	Y	3	sharp_wc_2.0_b_50	self-energy/D	run_optim.py	2023-12-05@10:59
2x2_2C_8b_C2v_L	-0.90390529	0	9.5007946	0.12841192	0.17243617	0.72313115	0.25023223	0.25025917	0.72312538	0.6829062	0.29543054	2.1061974	-0.13721823	0.00030985677	0.080252792	-0.19720692	-0.19721655	0.080263758	4.2537415e-05	0.26612443	0.98843066	0.00028492295	0.14392992	0.3133422	0.14763866	-0.1476467	-0.31335084	-0.4536752	4.8246484e-05	-0.49444714	0.0020444589	0.9285371	-0.82464887	0.17958857	0.025441387	0.038548997	0.18917875	0.079860775	0.27069371	0.27069742	0.07986862	0.040223675	0.08886727	0.92146758	0.30079637	-0.00059156062	-0.02783734	0.97122566	0.97121466	-0.027846809	-0.00011620183	-0.88120884	-0.49736135	-0.0031096753	-1.409061	-0.92067856	-0.94826518	0.94831635	0.92073666	0.46076505	-5.9585811e-05	0.0012276972	-10.355083	R0:S0:1	0.92146758	817c5bc	v2.2.6	Y	6	sharp_wc_2.0_b_50	self-energy/D	run_optim.py	2023-12-05@11:05
2x2_2C_8b_C2v_L	-0.89642232	0	9.501145	0.12827625	0.17006626	0.71868124	0.25005254	0.2500963	0.71878333	0.67859857	0.29577429	2.1083117	-0.13713266	0.00085973622	0.080786967	-0.1969774	-0.19697766	0.080839192	7.6298473e-06	0.26603996	0.983771	0.00078058775	0.14217612	0.31011307	0.14706576	-0.14710744	-0.31009936	-0.44978476	9.9281713e-06	-0.49265509	0.002375523	0.92925228	-0.82139498	0.17935016	0.025292778	0.038735328	0.18765757	0.078636298	0.26853193	0.26855117	0.078610331	0.039861909	0.08858983	0.92227429	0.2999614	-0.0016548628	-0.030885071	0.96480858	0.96480518	-0.031034042	-2.6319342e-05	-0.87857664	-0.49601901	-0.0085141518	-1.3991679	-0.91332013	-0.94407935	0.9442077	0.91317679	0.45992315	-1.3649531e-05	0.0011873482	-10.343195	R0:S0:1	0.92227429	817c5bc	v2.2.6	Y	9	sharp_wc_2.0_b_50	self-energy/D	run_optim.py	2023-12-05@11:12
2x2_2C_8b_C2v_L	-0.89999752	0	9.4996239	0.12871824	0.17093945	0.72110325	0.25034678	0.25032971	0.72121794	0.68100434	0.29569039	2.108528	-0.13747532	0.00072098344	0.080569562	-0.19722448	-0.19721992	0.080569831	-4.3814825e-06	0.26611308	0.9861521	0.00065523342	0.14290151	0.31149264	0.14732652	-0.14733131	-0.31150743	-0.45143369	-7.3813033e-06	-0.49306863	0.0022643932	0.9290321	-0.82303288	0.17920814	0.025386805	0.038740575	0.18813121	0.079072037	0.2692476	0.26926063	0.07907136	0.039954321	0.088611911	0.92201154	0.30051544	-0.0013961446	-0.029509452	0.96754696	0.96753956	-0.02951367	2.855387e-06	-0.87945662	-0.49682616	-0.0071206902	-1.4026171	-0.91608254	-0.94571802	0.94578239	0.91610664	0.45985188	1.157797e-05	0.0011398079	-10.353489	R0:S0:1	0.92201155	817c5bc	v2.2.6	Y	4	sharp_wc_2.0_b_50	self-energy/D	run_optim.py	2023-12-05@11:16
2x2_2C_8b_C2v_L	-0.89404918	0	9.5002913	0.12927516	0.16868008	0.71769777	0.25023214	0.25024282	0.71777035	0.6776789	0.29593124	2.1103819	-0.13790409	0.001198362	0.080959495	-0.19712368	-0.19712026	0.080985835	2.0338288e-05	0.26593616	0.9826969	0.0010841356	0.14150279	0.30876873	0.14681767	-0.14684027	-0.30876586	-0.44802548	2.0571286e-05	-0.49038811	0.0025636362	0.92959954	-0.82075792	0.17841564	0.025278323	0.039092731	0.18694441	0.078028399	0.26750122	0.26751733	0.07801773	0.039590664	0.088300253	0.92266193	0.30048277	-0.0023214676	-0.031745962	0.96270017	0.96268981	-0.031819476	-6.4598412e-05	-0.8770598	-0.49593955	-0.011760526	-1.3943095	-0.90987278	-0.94254215	0.94264311	0.90982414	0.4586254	-2.4745633e-05	0.00099829984	-10.344849	R0:S0:1	0.92266193	817c5bc	v2.2.6	Y	8	sharp_wc_2.0_b_50	self-energy/D	run_optim.py	2023-12-05@11:23
2x2_2C_8b_C2v_L	-0.88440909	0	9.5003139	0.12989562	0.16533347	0.71237163	0.25016373	0.25015729	0.71245254	0.672378	0.29633715	2.1139264	-0.13838613	0.0015030522	0.081677274	-0.19696662	-0.19695726	0.081712256	2.1673631e-05	0.26574117	0.97699847	0.0013542093	0.13917037	0.30436169	0.14603902	-0.14606664	-0.30434688	-0.44259469	2.3343762e-05	-0.48679115	0.0030509246	0.93059943	-0.81682347	0.17743502	0.025109397	0.039500514	0.18471492	0.076291565	0.26449502	0.26451476	0.076269473	0.039009227	0.087768586	0.92379616	0.2997893	-0.002911813	-0.035630769	0.95431799	0.95431584	-0.035744028	-6.4009969e-05	-0.87299944	-0.4944562	-0.014664861	-1.3800828	-0.8994526	-0.93712917	0.93722827	0.8993248	0.45671829	-3.3258788e-05	0.00080826469	-10.332824	R0:S0:1	0.92379616	817c5bc	v2.2.6	Y	14	sharp_wc_2.0_b_50	self-energy/D	run_optim.py	2023-12-05@11:35
2x2_2C_8b_C2v_L	-0.88574216	0	9.4998685	0.12957567	0.16600274	0.71287016	0.25006798	0.25007486	0.71296987	0.67290754	0.2961958	2.1122844	-0.13810673	0.0013779104	0.081586407	-0.19688121	-0.19687474	0.081609591	-3.0553068e-06	0.26571909	0.97760922	0.0012438713	0.13959149	0.30507424	0.14618889	-0.14621247	-0.30506855	-0.44351239	-4.7876739e-06	-0.48757482	0.0029451416	0.93037748	-0.81737022	0.1777645	0.025119722	0.039373756	0.18523334	0.07663472	0.26515965	0.26517104	0.07661808	0.03915212	0.087928016	0.92354073	0.29981908	-0.0026670966	-0.035152415	0.95580123	0.95579025	-0.035226936	4.2639392e-07	-0.8739065	-0.49456725	-0.013492419	-1.3831885	-0.90143326	-0.9382787	0.9383644	0.90134548	0.45734367	3.4117693e-06	0.00088305182	-10.33016	R0:S0:1	0.92354073	817c5bc	v2.2.6	Y	9	sharp_wc_2.0_b_50	self-energy/D	run_optim.py	2023-12-05@11:43
2x2_2C_8b_C2v_L	-0.87420478	0	9.5007202	0.12920041	0.16270456	0.70637235	0.24976909	0.24978499	0.70649795	0.66638545	0.29667193	2.1165844	-0.13778474	0.0013628888	0.082475047	-0.19650579	-0.1965134	0.082495326	2.0920115e-05	0.26569635	0.9703943	0.0012152404	0.13679592	0.30009147	0.14528934	-0.14530375	-0.30010087	-0.4375795	2.4091998e-05	-0.48568889	0.0034624591	0.93160854	-0.81194099	0.17768961	0.024896236	0.039449563	0.1824392	0.074681037	0.26157533	0.26158509	0.074666822	0.038588294	0.087435995	0.92491369	0.29767027	-0.0026521518	-0.040028581	0.94502381	0.94505292	-0.040090378	-6.4103693e-05	-0.869357	-0.49239833	-0.013199149	-1.3665439	-0.88940434	-0.93125171	0.93128091	0.88933661	0.45601473	-3.0941491e-05	0.00086408887	-10.31579	R0:S0:1	0.92491369	817c5bc	v2.2.6	Y	17	sharp_wc_2.0_b_50	self-energy/D	run_optim.py	2023-12-05@11:58
2x2_2C_8b_C2v_L	-0.85673219	0	9.5012027	0.12947609	0.15782175	0.69677646	0.24928262	0.24928262	0.69692287	0.65679664	0.29723328	2.1224061	-0.1378431	0.0017511498	0.083768703	-0.19599125	-0.19599277	0.083780815	2.8403206e-05	0.26547169	0.95965591	0.0015466998	0.13264509	0.29239428	0.14378181	-0.14378707	-0.29240741	-0.42823308	3.1982709e-05	-0.48135535	0.0042771803	0.93347556	-0.80405044	0.17683493	0.024568633	0.039641321	0.17797909	0.071708023	0.25615823	0.25615701	0.071693247	0.037647464	0.08652669	0.92698746	0.29463221	-0.0033954762	-0.047040033	0.92898078	0.92900306	-0.047081995	-7.7624663e-05	-0.86183786	-0.48930759	-0.016824177	-1.3406292	-0.87085944	-0.9208049	0.92079091	0.87078269	0.45325025	-4.7944659e-05	0.00070155116	-10.291809	R0:S0:1	0.92698746	817c5bc	v2.2.6	Y	17	sharp_wc_2.0_b_50	self-energy/D	run_optim.py	2023-12-05@12:13
2x2_2C_8b_C2v_L	-0.86163885	0	9.5016411	0.12998786	0.15891398	0.6993493	0.24944844	0.24948355	0.69945405	0.65940827	0.29702376	2.1199363	-0.13829887	0.00039130753	0.083410669	-0.19617316	-0.19616935	0.083432856	-2.956615e-06	0.26535472	0.9628652	0.00034586242	0.13390322	0.29441624	0.14421992	-0.14424485	-0.29441584	-0.43058706	-4.1628283e-06	-0.48111957	0.0040667739	0.93285169	-0.80670446	0.17644511	0.02466068	0.039776999	0.17947237	0.072525815	0.2578769	0.25788189	0.072515749	0.037867033	0.086737913	0.92632009	0.2962837	-0.00076055593	-0.045014911	0.93418231	0.93415088	-0.045070909	5.056329e-06	-0.86389873	-0.49034256	-0.0037510912	-1.3484853	-0.87603463	-0.92442863	0.924527	0.87598894	0.453626	5.5665176e-06	0.00063950394	-10.295566	R0:S0:1	0.92632009	817c5bc	v2.2.6	Y	18	sharp_wc_2.0_b_50	self-energy/D	run_optim.py	2023-12-05@12:29
2x2_2C_8b_C2v_L	-0.84774695	0	9.5003681	0.13143203	0.15476396	0.69237233	0.24928167	0.24927745	0.69255014	0.65250234	0.29746249	2.1259649	-0.13923388	0.002701396	0.084386688	-0.19600656	-0.19600086	0.084421439	2.4409509e-05	0.26506908	0.95479341	0.0023507645	0.13045072	0.28794898	0.1428259	-0.14285439	-0.28795333	-0.42251964	2.6875126e-05	-0.47576535	0.004820987	0.93450971	-0.80080166	0.17476432	0.02444096	0.040151078	0.17526229	0.069949872	0.25308405	0.25310872	0.069932545	0.036928094	0.085695871	0.92815197	0.29409997	-0.0052859513	-0.050200167	0.92107138	0.92106648	-0.050301966	-7.3666771e-05	-0.85672754	-0.48829947	-0.02533974	-1.3249305	-0.8600142	-0.9156043	0.91573792	0.85993406	0.45006585	-3.7354454e-05	0.0002986658	-10.282029	R0:S0:1	0.92815197	817c5bc	v2.2.6	Y	18	sharp_wc_2.0_b_50	self-energy/D	run_optim.py	2023-12-05@12:44
2x2_2C_8b_C2v_L	-0.82323853	0	9.4999797	0.13371053	0.14857071	0.68032444	0.2486599	0.24866866	0.68041431	0.64020271	0.29799471	2.1347915	-0.14038654	0.0045616658	0.086175139	-0.1954688	-0.19547132	0.086186082	2.625869e-05	0.26452008	0.94030461	0.0038573417	0.12453113	0.27675238	0.14032005	-0.14032887	-0.27675963	-0.40854708	2.8075374e-05	-0.46732048	0.00609134	0.93734529	-0.78992686	0.17218733	0.024024589	0.040265583	0.16747443	0.065595657	0.24491708	0.24491773	0.065586962	0.035360084	0.083846819	0.93130044	0.28869378	-0.0089233506	-0.059339056	0.89756963	0.89757919	-0.059370034	-7.8193971e-05	-0.84369524	-0.48438762	-0.041315435	-1.283524	-0.832071	-0.90032264	0.90033872	0.83202673	0.44410733	-4.0144567e-05	-0.00020218709	-10.251695	R0:S0:1	0.93130044	817c5bc	v2.2.6	Y	27	sharp_wc_2.0_b_50	self-energy/D	run_optim.py	2023-12-05@13:08
2x2_2C_8b_C2v_L	-0.82721829	0	9.5017002	0.13227156	0.1498224	0.68174089	0.2485857	0.24861134	0.68183774	0.64169607	0.29797217	2.1332457	-0.13941863	0.0033798245	0.085911072	-0.19538779	-0.19539019	0.085934607	4.3478626e-05	0.26479634	0.94230287	0.0028760562	0.12553831	0.27882923	0.14083037	-0.1408495	-0.27883064	-0.41133215	4.6880287e-05	-0.47071846	0.0058078862	0.93684576	-0.7911702	0.1735567	0.024065572	0.040001631	0.169043	0.066440693	0.24637432	0.24637632	0.066427285	0.035749054	0.084360387	0.93073888	0.28907591	-0.0066036453	-0.058133852	0.90107707	0.90107889	-0.058197655	-0.00012166008	-0.84650196	-0.48465435	-0.030975177	-1.2917479	-0.83733626	-0.9025724	0.902617	0.83725983	0.44610552	-6.4531852e-05	6.6101676e-05	-10.255946	R0:S0:1	0.93073888	817c5bc	v2.2.6	Y	25	sharp_wc_2.0_b_50	self-energy/D	run_optim.py	2023-12-05@13:30
2x2_2C_8b_C2v_L	-0.79980135	0	9.5019479	0.1340271	0.14447343	0.66820202	0.24749429	0.24751785	0.66835209	0.62791681	0.29839087	2.1412634	-0.13975778	0.0054057085	0.087885559	-0.19446077	-0.1944686	0.087913784	1.4037195e-05	0.26426799	0.92556582	0.0044522837	0.1191567	0.26665421	0.13789875	-0.13791665	-0.26666587	-0.39623132	1.4666261e-05	-0.46346578	0.0071251253	0.94000761	-0.77821952	0.17155087	0.023566435	0.039372418	0.15981981	0.06185686	0.23733965	0.23734896	0.061844319	0.034127707	0.082324139	0.93420092	0.28088654	-0.010490798	-0.068097183	0.87392772	0.87394787	-0.068169938	-4.6174878e-05	-0.83166972	-0.47979034	-0.047835596	-1.2457284	-0.80676235	-0.88496402	0.88501301	0.80669973	0.44013689	-2.037455e-05	-0.00030186859	-10.215367	R0:S0:1	0.93420092	817c5bc	v2.2.6	Y	29	sharp_wc_2.0_b_50	self-energy/D	run_optim.py	2023-12-05@13:56
2x2_2C_8b_C2v_L	-0.75702696	0	9.502765	0.13882491	0.138912	0.64988764	0.24590294	0.24586968	0.64985416	0.60893153	0.29874716	2.1549319	-0.14042657	0.012195694	0.090936354	-0.19312766	-0.19311732	0.090946961	7.3105208e-06	0.26341551	0.89984949	0.0094715581	0.10906268	0.24742211	0.13257048	-0.13258059	-0.24740469	-0.37196183	4.5540955e-06	-0.4518031	0.0092841941	0.94550975	-0.7571483	0.16756735	0.022826249	0.037360262	0.14189081	0.054612344	0.22186667	0.22188516	0.054608863	0.031328034	0.078209158	0.94005402	0.26301428	-0.022835372	-0.08223213	0.82799698	0.82798547	-0.082269814	-1.7694653e-05	-0.80407165	-0.47229213	-0.10103171	-1.163087	-0.75631873	-0.85467832	0.85475566	0.75628746	0.42823988	-7.1332147e-06	-0.0010175925	-10.157806	R0:S0:1	0.94005402	817c5bc	v2.2.6	Y	45	sharp_wc_2.0_b_50	self-energy/D	run_optim.py	2023-12-05@14:37
2x2_2C_8b_C2v_L	-0.77028926	0	9.5011826	0.13787206	0.14033958	0.65613944	0.24666152	0.24665324	0.65623836	0.61540353	0.2986993	2.1527513	-0.14067041	0.011923991	0.089961423	-0.19380497	-0.1938048	0.089963433	2.6694267e-05	0.26370837	0.90819124	0.0094108836	0.11191156	0.25315163	0.13415588	-0.13415349	-0.25316076	-0.37911745	2.5430329e-05	-0.45447913	0.0087085331	0.94395406	-0.76392512	0.16832271	0.023090605	0.038328564	0.14679875	0.056632586	0.22625641	0.22625359	0.056625405	0.032068775	0.079303271	0.93841404	0.26851127	-0.022568422	-0.077748493	0.84199463	0.84201117	-0.077759535	-7.1025955e-05	-0.81205469	-0.47495594	-0.10035542	-1.1856201	-0.77099756	-0.86358137	0.86355261	0.77095661	0.43116875	-3.6723135e-05	-0.00092570117	-10.183309	R0:S0:1	0.93841404	817c5bc	v2.2.6	Y	39	sharp_wc_2.0_b_50	self-energy/D	run_optim.py	2023-12-05@15:11
2x2_2C_8b_C2v_L	-0.73140769	0	9.5016111	0.14547173	0.13827303	0.64300277	0.24566972	0.24569305	0.64275948	0.60159978	0.29887931	2.165454	-0.14219286	0.01898319	0.09266639	-0.19286803	-0.19287857	0.092628458	-0.00011856319	0.26262976	0.8856682	0.014048777	0.10281477	0.23520819	0.12859645	-0.12856931	-0.23520716	-0.35596795	-0.0001109366	-0.44080523	0.010859777	0.94949153	-0.74479656	0.16280448	0.022472118	0.035491971	0.12745753	0.049851275	0.21097371	0.21095647	0.049872714	0.029172168	0.074482179	0.94407978	0.2481737	-0.03392318	-0.088934922	0.79769656	0.79769846	-0.088830855	0.00030892975	-0.78240166	-0.46868333	-0.14755536	-1.1002962	-0.72230045	-0.83437446	0.83425925	0.72243773	0.41696864	0.00016236768	-0.0018764266	-10.133666	R0:S0:1	0.94407978	817c5bc	v2.2.6	Y	63	sharp_wc_2.0_b_50	self-energy/D	run_optim.py	2023-12-05@16:08
2x2_2C_8b_C2v_L	-0.71324235	0	9.501069	0.14864212	0.13812296	0.63732992	0.24512164	0.24517086	0.63710505	0.59566297	0.29903711	2.1707187	-0.14268705	0.017055133	0.093965057	-0.19220988	-0.19222312	0.093926237	-9.8079293e-05	0.26228121	0.8747039	0.012247105	0.09910348	0.22708334	0.12584926	-0.12582904	-0.22708007	-0.34551062	-9.4372442e-05	-0.43648552	0.011772146	0.95228964	-0.73507835	0.16098233	0.022166642	0.032925025	0.11913596	0.046886885	0.2034868	0.20346963	0.046905569	0.027893207	0.07219782	0.94676189	0.23859315	-0.029505851	-0.093944676	0.7753971	0.77539801	-0.093843581	0.000251748	-0.76802812	-0.46534551	-0.12805715	-1.0648914	-0.69979452	-0.81945777	0.81935457	0.69991907	0.41058265	0.00015116347	-0.0021190728	-10.108318	R0:S0:1	0.94676189	817c5bc	v2.2.6	Y	75	sharp_wc_2.0_b_50	self-energy/D	run_optim.py	2023-12-05@18:45
2x2_2C_8b_C2v_L	-0.78331325	0	9.5008183	0.13700987	0.14172125	0.66161701	0.24718379	0.24715355	0.66170634	0.62109341	0.29854503	2.1478777	-0.14064608	0.013733239	0.089019675	-0.19425062	-0.19424612	0.089013096	6.2965265e-05	0.26378912	0.91620391	0.011038549	0.1147888	0.25887952	0.13577943	-0.13577016	-0.25889444	-0.38624997	6.8312769e-05	-0.45660686	0.0080790237	0.94220603	-0.7707557	0.16895029	0.023320253	0.03966077	0.15194368	0.058815739	0.23114287	0.23114057	0.058813432	0.032879259	0.080514793	0.93657105	0.2741201	-0.026335552	-0.073348444	0.856638	0.85664786	-0.073333087	-0.00016789434	-0.82039969	-0.47741284	-0.11767646	-1.2085845	-0.78631839	-0.87344942	0.87342243	0.78631554	0.43440128	-9.6864709e-05	-0.00080771727	-10.198273	R0:S0:1	0.93657105	817c5bc	v2.2.6	Y	31	sharp_wc_2.0_b_50	self-energy/D	run_optim.py	2023-12-05@22:15
2x2_2C_8b_C2v_L	-0.70244702	0	9.5024955	0.15003098	0.13810514	0.63396177	0.24470144	0.24472107	0.63352402	0.59204752	0.29923498	2.1740502	-0.14211841	0.018874545	0.09477846	-0.19170716	-0.19172454	0.094727965	-0.00013373723	0.2622242	0.86800251	0.013329667	0.096621385	0.22237317	0.12421185	-0.12418541	-0.22235169	-0.33951405	-0.00012656437	-0.43517963	0.012256904	0.95403559	-0.72886684	0.16036775	0.021969793	0.031761804	0.11388973	0.045197626	0.19893901	0.19893598	0.045224344	0.027180743	0.070895744	0.94836371	0.23194483	-0.031995057	-0.096991959	0.76148393	0.76149996	-0.09687267	0.00034081243	-0.75951667	-0.46310267	-0.13927663	-1.0411296	-0.6865016	-0.81002002	0.80992182	0.68667157	0.40711003	0.00020015544	-0.0021571603	-10.094051	R0:S0:1	0.94836371	817c5bc	v2.2.6	Y	93	sharp_wc_2.0_b_50	self-energy/D	run_optim.py	2023-12-05@23:38
2x2_2C_8b_C2v_L	-0.74824788	0	9.5015839	0.14127434	0.13850068	0.64772829	0.24586979	0.24588788	0.64765709	0.60662249	0.29879037	2.15952	-0.14121289	0.015071267	0.091473839	-0.19314657	-0.19314795	0.091478351	-2.9184767e-05	0.26316777	0.89512363	0.01149826	0.10680168	0.24316633	0.13114356	-0.13115001	-0.24315798	-0.36634231	-3.0557013e-05	-0.44777375	0.0098600518	0.9469442	-0.75298488	0.1657831	0.022720058	0.036841421	0.13667717	0.052894997	0.21793681	0.21794263	0.052899381	0.03053742	0.076862273	0.9415171	0.25791074	-0.027793917	-0.084388271	0.81748225	0.81747118	-0.084394407	7.4382942e-05	-0.79641058	-0.47118626	-0.12186876	-1.1404025	-0.74432823	-0.84732631	0.84736555	0.74435367	0.42409141	4.8505531e-05	-0.0013598548	-10.153178	R0:S0:1	0.9415171	817c5bc	v2.2.6	Y	34	sharp_wc_2.0_b_50	self-energy/D	run_optim.py	2023-12-06@03:10
2x2_2C_8b_C2v_L	-0.74049126	0	9.5022274	0.14220477	0.13805643	0.64466126	0.2455307	0.24554954	0.64446417	0.60337998	0.29884159	2.1611838	-0.14133862	0.014072572	0.092063168	-0.19281094	-0.19280948	0.092054777	-4.4066173e-05	0.26300036	0.89036203	0.0106192	0.10522852	0.23973237	0.13013015	-0.13012431	-0.23971064	-0.36199831	-4.4157517e-05	-0.44593207	0.010226501	0.94795168	-0.74897458	0.16512096	0.022576754	0.035932619	0.13352433	0.051659097	0.21513382	0.21512026	0.051663943	0.030045101	0.076059257	0.94255738	0.25438709	-0.025679834	-0.086849235	0.8087834	0.80877132	-0.086831192	0.00011802347	-0.79105852	-0.46970874	-0.11247641	-1.1267696	-0.7351942	-0.84181293	0.84175834	0.73519719	0.42187054	6.3100131e-05	-0.0014549756	-10.139921	R0:S0:1	0.94255738	817c5bc	v2.2.6	Y	28	sharp_wc_2.0_b_50	self-energy/D	run_optim.py	2023-12-06@05:05
2x2_2C_8b_C2v_L	-0.73510477	0	9.5017173	0.14367457	0.13803238	0.64341182	0.24554696	0.24555715	0.64325991	0.60205062	0.29886468	2.1636858	-0.14156235	0.016973629	0.092417852	-0.19278706	-0.19278644	0.092417661	-4.3917073e-05	0.26285352	0.8874039	0.012673773	0.10377441	0.23715594	0.12925095	-0.12925434	-0.23714036	-0.35860545	-4.0646697e-05	-0.44368718	0.010566247	0.9488342	-0.7463234	0.16411219	0.022506927	0.035687539	0.13012808	0.050639616	0.21270008	0.21270869	0.050648889	0.029575478	0.075225322	0.94344265	0.250766	-0.03063433	-0.088178054	0.80215643	0.80213714	-0.088173388	0.0001190513	-0.78627696	-0.4689684	-0.13378332	-1.111752	-0.72786269	-0.83722192	0.83726389	0.72791423	0.41936804	6.3418508e-05	-0.0016383804	-10.135986	R0:S0:1	0.94344265	817c5bc	v2.2.6	Y	42	sharp_wc_2.0_b_50	self-energy/D	run_optim.py	2023-12-06@07:12
2x2_2C_8b_C2v_L	-0.73054445	0	9.5019753	0.14441165	0.13789938	0.64180049	0.24536342	0.24540194	0.64157788	0.60036878	0.29888884	2.1648305	-0.141325	0.019351967	0.092765492	-0.19260456	-0.19261724	0.092739697	-8.85475e-05	0.26274844	0.88465333	0.014344668	0.10258787	0.23510378	0.12860612	-0.12859892	-0.23509901	-0.35598953	-8.1940929e-05	-0.44248573	0.010794431	0.94948294	-0.74395101	0.16363401	0.022427021	0.03554576	0.12766555	0.049893722	0.21094019	0.21093904	0.049915706	0.029262993	0.074689832	0.94408528	0.24783206	-0.034679599	-0.089558018	0.79681817	0.79680321	-0.089478155	0.00022922844	-0.78285771	-0.46813149	-0.15125659	-1.1003973	-0.72227274	-0.83376167	0.83376073	0.72242405	0.41785847	0.00012637665	-0.0017072259	-10.128904	R0:S0:1	0.94408528	817c5bc	v2.2.6	Y	47	sharp_wc_2.0_b_50	self-energy/D	run_optim.py	2023-12-06@09:24
2x2_2C_8b_C2v_L	-0.70368562	0	9.5018581	0.1508033	0.13821468	0.63487334	0.2449608	0.24498984	0.63451875	0.59300041	0.29919547	2.1738409	-0.1435164	0.012287536	0.094683146	-0.19191064	-0.19191812	0.094651883	-0.0001074152	0.26208971	0.86911007	0.0086761581	0.097396807	0.22270575	0.12432088	-0.12430678	-0.22267886	-0.33983123	-0.00010013382	-0.43379087	0.012276705	0.95391067	-0.72992567	0.1597541	0.022011543	0.031152238	0.11491505	0.0452838	0.19933072	0.1993208	0.045299399	0.027169593	0.070860907	0.9482308	0.23398924	-0.020852609	-0.096456649	0.76314408	0.76314175	-0.096386896	0.00027240731	-0.75983367	-0.46363687	-0.090363899	-1.0478174	-0.68741154	-0.81128285	0.81120631	0.6874936	0.40672039	0.00015550088	-0.002275702	-10.096507	R0:S0:1	0.9482308	817c5bc	v2.2.6	Y	86	sharp_wc_2.0_b_50	self-energy/D	run_optim.py	2023-12-06@10:40
2x2_2C_8b_C2v_L	-0.69477854	0	9.5015415	0.15345191	0.13881408	0.63320479	0.24499272	0.24502348	0.63295351	0.59144	0.2993679	2.1772014	-0.14432067	0.0098065072	0.095289369	-0.19174458	-0.19175071	0.095274877	-0.00010172144	0.26186528	0.86408902	0.0068072382	0.095633434	0.21852641	0.12274807	-0.1227505	-0.21850115	-0.33432649	-9.1333884e-05	-0.43064489	0.012789251	0.95562643	-0.72519064	0.15824933	0.021884754	0.029684074	0.1102078	0.043730641	0.19511073	0.19511285	0.043740715	0.026418556	0.069404564	0.94968962	0.22878731	-0.016263006	-0.098410225	0.75121475	0.75120214	-0.098381581	0.00025730417	-0.75137463	-0.46221691	-0.070527217	-1.0282841	-0.67538173	-0.80308736	0.80309336	0.67543381	0.40244683	0.00014041433	-0.002482395	-10.087446	R0:S0:1	0.94968962	817c5bc	v2.2.6	Y	95	sharp_wc_2.0_b_50	self-energy/D	run_optim.py	2023-12-06@13:35
2x2_2C_8b_C2v_L	-0.71749617	0	9.5016761	0.14793332	0.13814089	0.63870788	0.24524058	0.24529416	0.63842743	0.59705499	0.29901122	2.1697034	-0.14254639	0.018117395	0.093656578	-0.19238208	-0.19240321	0.093613539	-0.00012022216	0.26237161	0.87732229	0.013095463	0.099908494	0.22896202	0.12649067	-0.12646402	-0.22896695	-0.34793067	-0.00011712262	-0.43741523	0.011567049	0.95163976	-0.73736921	0.16137007	0.022239085	0.033605375	0.12096003	0.047555168	0.20524017	0.20522571	0.047582817	0.028183882	0.072724439	0.94614394	0.24069673	-0.031592548	-0.092771813	0.78064979	0.78066101	-0.092647387	0.00030393649	-0.77137041	-0.46614579	-0.13703082	-1.0724869	-0.70495013	-0.82295309	0.82284497	0.705145	0.41203917	0.00018566416	-0.0020737351	-10.115044	R0:S0:1	0.94614394	817c5bc	v2.2.6	Y	54	sharp_wc_2.0_b_50	self-energy/D	run_optim.py	2023-12-06@17:36
2x2_2C_8b_C2v_L	-0.71052799	0	9.5017086	0.14925938	0.13818535	0.63668632	0.2450823	0.24509898	0.63635818	0.59493075	0.29910683	2.1718281	-0.1429344	0.015881944	0.094160356	-0.19214349	-0.1921502	0.094126996	-0.00011201034	0.26224736	0.87314933	0.011348797	0.098610975	0.2258323	0.12540312	-0.12538647	-0.22581048	-0.34387948	-0.00010592375	-0.43572023	0.011920163	0.95275782	-0.73359956	0.16062147	0.022123298	0.032405251	0.11787914	0.046416932	0.2022834	0.20228056	0.046435343	0.027680283	0.071806287	0.94719253	0.23722169	-0.027315746	-0.094627988	0.77188812	0.77188753	-0.094549797	0.00028649425	-0.76565696	-0.46486574	-0.11852646	-1.0598334	-0.69620282	-0.81705652	0.81699558	0.69631131	0.40944727	0.00016560222	-0.0021685282	-10.105793	R0:S0:1	0.94719253	817c5bc	v2.2.6	Y	64	sharp_wc_2.0_b_50	self-energy/D	run_optim.py	2023-12-06@20:21
2x2_2C_8b_C2v_L	-0.7080473	0	9.501485	0.14970568	0.13837689	0.63608275	0.24501607	0.24505958	0.63576948	0.59430716	0.29911902	2.1724744	-0.14233706	0.020571667	0.094322056	-0.19205848	-0.19206493	0.094286765	-0.00012402348	0.26219719	0.87164582	0.014635971	0.097684952	0.22473896	0.12499732	-0.12498513	-0.22472199	-0.34245683	-0.00011696203	-0.43515971	0.012046707	0.95316327	-0.73225045	0.16036471	0.022082325	0.032696006	0.1159491	0.046014232	0.20120241	0.20119849	0.046036982	0.027499848	0.071459706	0.94756612	0.23462785	-0.035158568	-0.095226833	0.76873791	0.76871564	-0.095134576	0.00031851312	-0.76355983	-0.46441416	-0.15279964	-1.0500806	-0.69310203	-0.81487704	0.81484644	0.69325107	0.40851525	0.00018742878	-0.0022029083	-10.102108	R0:S0:1	0.94756612	817c5bc	v2.2.6	Y	75	sharp_wc_2.0_b_50	self-energy/D	run_optim.py	2023-12-06@22:57
2x2_2C_8b_C2v_L	-0.69395383	0	9.5019815	0.1527936	0.13822411	0.63219057	0.24475302	0.24475761	0.63206928	0.59039977	0.29937114	2.1769553	-0.14389183	0.0084030665	0.095367765	-0.19155265	-0.19154962	0.095364354	-9.010631e-05	0.26193398	0.86327438	0.0058410599	0.095467209	0.21832431	0.12271876	-0.12272141	-0.21830697	-0.33416634	-9.0179699e-05	-0.43166732	0.012752872	0.95565489	-0.72448661	0.15874055	0.021850162	0.029613341	0.11045514	0.043716958	0.19498471	0.1949948	0.043721521	0.026455998	0.069516669	0.94973454	0.22881395	-0.013983395	-0.098870541	0.75029599	0.7502858	-0.098868825	0.00022636091	-0.75145792	-0.46179503	-0.060646371	-1.0287703	-0.67502398	-0.80246613	0.80249533	0.67504504	0.40291407	0.00013854572	-0.0023785313	-10.084291	R0:S0:1	0.94973454	817c5bc	v2.2.6	Y	94	sharp_wc_2.0_b_50	self-energy/D	run_optim.py	2023-12-07@00:21
2x2_2C_8b_C2v_L	-0.70338473	0	9.5017271	0.15069898	0.13857185	0.63490904	0.24492615	0.2449331	0.63439676	0.59302944	0.2992166	2.1739932	-0.14274377	0.01842132	0.094702275	-0.19189	-0.1919038	0.094638916	-0.00014443622	0.26211855	0.86888241	0.012997158	0.096921193	0.22260051	0.12427023	-0.12423415	-0.22258325	-0.33971487	-0.00013731321	-0.43399019	0.012286307	0.9539611	-0.72969899	0.15982416	0.022006002	0.031726889	0.11393716	0.045231107	0.19917966	0.1991769	0.045267324	0.027152066	0.070807424	0.94828328	0.23239851	-0.031170965	-0.096542685	0.76270001	0.7627052	-0.096381621	0.00036513879	-0.75957061	-0.46356104	-0.13546352	-1.0422258	-0.68699775	-0.81090152	0.81080371	0.68724319	0.40666805	0.00021666171	-0.0022684397	-10.096336	R0:S0:1	0.94828328	817c5bc	v2.2.6	Y	81	sharp_wc_2.0_b_50	self-energy/D	run_optim.py	2023-12-07@03:12
2x2_2C_8b_C2v_L	-0.69545385	0	9.5010586	0.15385589	0.13904066	0.63380412	0.24511776	0.24514894	0.63352947	0.5919481	0.29932349	2.1769452	-0.14454941	0.011394613	0.095233299	-0.19185078	-0.19185638	0.095202965	-8.2700316e-05	0.26177783	0.86467543	0.0079099791	0.095739362	0.21872929	0.1228171	-0.1228067	-0.21871252	-0.3345109	-7.6611507e-05	-0.42986702	0.012799284	0.95554124	-0.72578763	0.15791656	0.021906906	0.02985617	0.11019225	0.043777853	0.19537166	0.19536412	0.043793912	0.026416069	0.069384734	0.94960518	0.22893547	-0.018885873	-0.098106877	0.75223558	0.75221952	-0.098033845	0.00021283616	-0.75157467	-0.4625121	-0.081832404	-1.0282668	-0.67590403	-0.80388163	0.80383947	0.67600569	0.40225865	0.00012223492	-0.0025490903	-10.088268	R0:S0:1	0.94960518	817c5bc	v2.2.6	Y	90	sharp_wc_2.0_b_50	self-energy/D	run_optim.py	2023-12-07@04:49
2x2_2C_8b_C2v_L	-0.69195179	0	9.5003402	0.15580251	0.13965965	0.63391088	0.24535814	0.24537635	0.6336299	0.59209436	0.29938483	2.1783927	-0.14556591	0.0083658829	0.095462065	-0.1919216	-0.19192386	0.095440901	-6.9570262e-05	0.26155664	0.86301188	0.0057554514	0.095179947	0.21691409	0.12210951	-0.12210807	-0.2168939	-0.33202106	-6.3670568e-05	-0.42721071	0.01307197	0.95638324	-0.72422313	0.1566876	0.021875681	0.029098627	0.10808377	0.043065632	0.19355159	0.19355695	0.043081938	0.026032293	0.068612776	0.95023098	0.22699874	-0.013700629	-0.098638027	0.74752058	0.74749567	-0.098583868	0.00017682001	-0.74753011	-0.46221207	-0.059245558	-1.0202509	-0.67053921	-0.80073565	0.80076569	0.67064746	0.39979824	0.00010224226	-0.0027399151	-10.085418	R0:S0:1	0.95023098	817c5bc	v2.2.6	Y	86	sharp_wc_2.0_b_50	self-energy/D	run_optim.py	2023-12-07@06:19
2x2_2C_8b_C2v_L	-0.688342	0	9.500937	0.1556683	0.13930403	0.63236378	0.24507377	0.24508789	0.63207804	0.59050351	0.29949127	2.1794304	-0.14502718	0.0076744357	0.095779456	-0.1916303	-0.19163958	0.095715805	-3.4062488e-05	0.2616521	0.86051877	0.0052578298	0.094373974	0.21545809	0.12160589	-0.12157326	-0.21545652	-0.33025274	-3.0043032e-05	-0.42796569	0.013171068	0.95691424	-0.72184102	0.15698514	0.02179684	0.028649249	0.10678632	0.042590384	0.19205156	0.1920282	0.04261208	0.025857562	0.068305252	0.95074569	0.22505526	-0.012510964	-0.099864833	0.74253439	0.74253138	-0.099711242	9.0938165e-05	-0.7450667	-0.46124053	-0.054217765	-1.0139193	-0.6664642	-0.79731021	0.7971735	0.66662255	0.39912368	5.3335874e-05	-0.0026485447	-10.08027	R0:S0:1	0.95074569	817c5bc	v2.2.6	Y	97	sharp_wc_2.0_b_50	self-energy/D	run_optim.py	2023-12-07@08:03
