model	E_kin	D	U	e	eb1_1	eb2_1	eb3_1	eb4_1	eb5_1	eb6_1	eb7_1	eb8_1	mu	sb1_1	sb2_1	sb3_1	sb4_1	sb5_1	sb6_1	sb7_1	sb8_1	tb1_1	tb2_1	tb3_1	tb4_1	tb5_1	tb6_1	tb7_1	tb8_1	tpd	tpp	tppp	ave_D	ave_e	ave_mu	ave_tpd	ave_tpp	ave_tppp	ave_U_1	ave_eb1_1	ave_eb2_1	ave_eb3_1	ave_eb4_1	ave_eb5_1	ave_eb6_1	ave_eb7_1	ave_eb8_1	ave_mu_1	ave_sb1_1	ave_sb2_1	ave_sb3_1	ave_sb4_1	ave_sb5_1	ave_sb6_1	ave_sb7_1	ave_sb8_1	ave_tb1_1	ave_tb2_1	ave_tb3_1	ave_tb4_1	ave_tb5_1	ave_tb6_1	ave_tb7_1	ave_tb8_1	ave_e_2	ave_mu_2	ave_tpp_2	ave_tppp_2	E0_1	sector_1	n_1	E0_2	sector_2	n_2	githash	version	GS_consistency	method	iterations	dist_function	convergence	script	time	
2x2_2C_8b_C2v_L	-6.2575344	0	12.519705	0.38589542	0.13967868	-3.5027971	-5.2662091	-0.21453455	-5.2667981	-0.21455266	0.32023992	-5.06651	14.316074	-4.54846e-05	-1.9029953e-05	0.031789127	-0.21188964	0.031799678	-0.21190565	-1.0963799e-05	5.8829107e-06	-0.15583112	-1.3388255	2.2965241	0.17441234	-2.2966504	-0.17442199	0.36333516	-2.9867445	3.3408533	1	-1.4774388	0.045550959	1.241082	1.6839091	-0.6460156	-0.2299375	0.11952564	0.41529625	0.046765773	1.9549783	1.6956624	1.4784536	1.6956792	1.4784383	0.0060560901	1.2185762	1.401409	6.565741e-05	3.6306779e-05	0.26892717	1.6045745	0.26889129	1.6046315	8.0601074e-05	6.2376329e-06	0.82244703	0.36936479	-1.6809422	-1.3317377	1.6809262	1.3317642	-0.26095647	3.4952771	2	2	0	0	-110.9667	R0:S0:1	1.401409	-222.88286	uncorrelated	2	b8cfe21	v2.4.3	YY	Broyden	0	sharp_wc_2.0_b_50	self-energy/D	run_optim.py	2024-05-13@09:15
2x2_2C_8b_C2v_L	-6.257546	0	12.520705	0.38589542	0.13978167	-3.5036727	-5.2670103	-0.214589	-5.2673861	-0.21461706	0.32042608	-5.0674696	14.316074	-4.2294616e-05	-1.8124464e-05	0.031781735	-0.21189692	0.0317904	-0.21191159	-1.227978e-05	4.2617082e-06	-0.15584789	-1.3389639	2.2966806	0.17441961	-2.2967551	-0.17443719	0.36336089	-2.9870255	3.3408533	1	-1.4774388	0.04555185	1.241085	1.6838816	-0.64602577	-0.22991908	0.11951852	0.41519116	0.046755542	1.9549756	1.6956727	1.4787385	1.6956867	1.4787277	0.0060556299	1.218725	1.4013026	6.1664582e-05	3.3320596e-05	0.26894851	1.6039627	0.26892185	1.6039874	9.0880988e-05	1.0437549e-05	0.82236062	0.36946771	-1.6811104	-1.3314998	1.6810883	1.3315398	-0.26093425	3.4950555	2	2	0	0	-110.97199	R0:S0:1	1.4013026	-222.88286	uncorrelated	2	b8cfe21	v2.4.3	YY	Broyden	3	sharp_wc_2.0_b_50	self-energy/D	run_optim.py	2024-05-13@09:38
2x2_2C_8b_C2v_L	-6.2544162	0	12.519705	0.38689542	0.13969154	-3.5026684	-5.2658113	-0.21452657	-5.2657714	-0.21453287	0.32027984	-5.0661474	14.316074	-2.596991e-06	-3.2093088e-06	0.031793652	-0.21190369	0.031793655	-0.21190477	-7.5225974e-07	9.4733355e-07	-0.155855	-1.338866	2.2965385	0.17442642	-2.2965289	-0.17442651	0.36337801	-2.9867905	3.3408533	1	-1.4774388	0.045548441	1.2410694	1.6838964	-0.64605894	-0.22996543	0.11954191	0.415306	0.046780329	1.954976	1.6956159	1.4783813	1.6956178	1.478386	0.0060574755	1.21852	1.401416	3.0130549e-06	7.755871e-06	0.26891697	1.604648	0.2689195	1.6046505	2.6642333e-06	-3.1500748e-06	0.82259002	0.36935961	-1.6810837	-1.3318338	1.6810711	1.3318176	-0.26099119	3.4953598	2	2	0	0	-110.96362	R0:S0:1	1.401416	-222.86686	uncorrelated	2	b8cfe21	v2.4.3	YY	Broyden	3	sharp_wc_2.0_b_50	self-energy/D	run_optim.py	2024-05-13@10:01
2x2_2C_8b_C2v_L	-6.2618621	0	12.519705	0.38589542	0.13983363	-3.5024594	-5.2658743	-0.21453835	-5.2654404	-0.21450061	0.32042711	-5.066219	14.316074	-0.00010697744	-5.3451156e-05	0.031775704	-0.21195602	0.031802866	-0.21191849	1.0670336e-05	3.6277133e-06	-0.15599674	-1.3391976	2.2971052	0.17448864	-2.2969973	-0.17450644	0.36343302	-2.9874753	3.3418533	1	-1.4774388	0.045541785	1.2410393	1.6838347	-0.6462017	-0.23002	0.11957684	0.41527674	0.046843417	1.9549576	1.6954668	1.478303	1.6954428	1.4782645	0.0060581627	1.2183961	1.4013727	0.00014219317	0.00012202441	0.26896339	1.6045821	0.26892348	1.6044333	-7.4265923e-05	-2.3424391e-05	0.82318712	0.36942108	-1.6816141	-1.331995	1.6816851	1.3322089	-0.26100387	3.4955685	2	2	0	0	-110.96749	R0:S0:1	1.4013727	-222.88286	uncorrelated	2	b8cfe21	v2.4.3	YY	Broyden	3	sharp_wc_2.0_b_50	self-energy/D	run_optim.py	2024-05-13@10:24
2x2_2C_8b_C2v_L	-6.2563831	0	12.519705	0.38589542	0.13976709	-3.5038799	-5.2671128	-0.21456111	-5.2673434	-0.21456772	0.32028752	-5.0678548	14.316074	-3.4731077e-05	-1.6260134e-05	0.031779065	-0.21188533	0.031781147	-0.21188202	-5.0620636e-06	1.288212e-06	-0.15584458	-1.3390003	2.296601	0.17437232	-2.2966453	-0.17438921	0.36329167	-2.9869577	3.3408533	1	-1.4764388	0.045556638	1.2410985	1.6839235	-0.64596108	-0.22990602	0.11949567	0.4152714	0.046762617	1.9549769	1.6957349	1.478618	1.6957334	1.4786016	0.0060538233	1.21871	1.4013875	4.9871127e-05	3.0796827e-05	0.26896088	1.6044622	0.26895185	1.6044205	3.9380011e-05	4.5542725e-06	0.8224191	0.36941589	-1.6807378	-1.3314506	1.6807701	1.3315638	-0.26089059	3.4951155	2	2	0	0	-110.97376	R0:S0:1	1.4013875	-222.88286	uncorrelated	2	b8cfe21	v2.4.3	YY	Broyden	3	sharp_wc_2.0_b_50	self-energy/D	run_optim.py	2024-05-13@10:50
2x2_2C_8b_C2v_L	-6.2567923	0	12.519705	0.38589542	0.13957377	-3.50259	-5.2660148	-0.21445463	-5.2662977	-0.21446614	0.32010838	-5.0666449	14.317074	-2.7321153e-05	-9.8455668e-06	0.031793122	-0.21186058	0.031796898	-0.21186782	-1.2656981e-05	7.7416469e-06	-0.15578598	-1.3387457	2.2963976	0.17438094	-2.2964594	-0.17438175	0.36332087	-2.9866489	3.3408533	1	-1.4774388	0.045549731	1.2410932	1.6839527	-0.64595176	-0.22992445	0.11951433	0.41538813	0.046752516	1.9549852	1.6957045	1.4782594	1.695714	1.4782576	0.0060560904	1.218536	1.4015069	4.073003e-05	1.664958e-05	0.26887319	1.6050401	0.26886129	1.6050755	8.70028e-05	2.037127e-06	0.82231188	0.36927352	-1.6806246	-1.3318242	1.6806089	1.3318138	-0.26095481	3.4953544	2	2	0	0	-110.9695	R0:S0:1	1.4015069	-222.89886	uncorrelated	2	b8cfe21	v2.4.3	YY	Broyden	4	sharp_wc_2.0_b_50	self-energy/D	run_optim.py	2024-05-13@11:19
2x2_2C_8b_C2v_L	-6.2512243	0	12.520105	0.38629542	0.13970813	-3.5041352	-5.2673633	-0.21452829	-5.2678862	-0.21451659	0.32011183	-5.0673968	14.316474	-6.9719523e-06	2.2630849e-07	0.031771627	-0.21181722	0.031786568	-0.21181476	1.1076934e-05	-2.8109343e-06	-0.15573231	-1.3386186	2.296048	0.17431855	-2.2961545	-0.17432965	0.36320116	-2.9860929	3.3398533	1	-1.4770388	0.045560436	1.2411318	1.6839894	-0.64580516	-0.22984097	0.11946167	0.41530434	0.04670637	1.9549958	1.6959155	1.478686	1.695926	1.4786603	0.006052003	1.2188214	1.4014367	7.9283197e-06	2.5467878e-06	0.26891334	1.604533	0.26887162	1.6045349	-7.3252519e-05	-3.9275844e-06	0.82189915	0.36936296	-1.6801066	-1.3313004	1.6801118	1.3314015	-0.2608644	3.4948936	2	2	0	0	-110.97111	R0:S0:1	1.4014367	-222.88286	uncorrelated	2	b8cfe21	v2.4.3	YY	Broyden	2	sharp_wc_2.0_b_50	self-energy/D	run_optim.py	2024-05-13@11:32
2x2_2C_8b_C2v_L	-6.2459193	0	12.520305	0.38649542	0.13970844	-3.5056571	-5.2682655	-0.21444843	-5.2688541	-0.21449914	0.31994852	-5.0678442	14.316674	-3.3911796e-05	-1.1789377e-05	0.031748127	-0.21172833	0.031766695	-0.21175589	-9.4410715e-06	3.2221292e-06	-0.15563926	-1.3384421	2.2955511	0.17420469	-2.2956758	-0.17422614	0.36306516	-2.9853429	3.3388533	1	-1.4768388	0.045568456	1.241178	1.6840659	-0.64560805	-0.22975137	0.1194042	0.41531784	0.046653511	1.9550144	1.6961413	1.4788479	1.6961616	1.4788349	0.0060480445	1.2190293	1.4014687	5.0594443e-05	1.9323798e-05	0.26889823	1.6045573	0.26885654	1.6046179	7.2252867e-05	1.1004699e-05	0.82141732	0.36935159	-1.6793554	-1.3309283	1.6793276	1.3309566	-0.26078335	3.4945499	2	2	0	0	-110.97349	R0:S0:1	1.4014687	-222.88286	uncorrelated	2	b8cfe21	v2.4.3	YY	Broyden	2	sharp_wc_2.0_b_50	self-energy/D	run_optim.py	2024-05-13@11:39
2x2_2C_8b_C2v_L	-6.2552418	0	12.520345	0.38513542	0.13973447	-3.5049136	-5.2682814	-0.21452924	-5.2689403	-0.21455351	0.32013341	-5.0683799	14.316714	-2.6948885e-05	-7.3595486e-06	0.031768884	-0.21181028	0.031782633	-0.21182838	3.7325188e-06	-2.9885277e-06	-0.15572953	-1.3387557	2.2962161	0.17430027	-2.2963563	-0.17431726	0.36317843	-2.9863022	3.3400533	1	-1.4767988	0.045563095	1.2411455	1.6839972	-0.64576487	-0.2298098	0.11944132	0.41527855	0.046696573	1.9549964	1.6959588	1.4787784	1.6959754	1.4787591	0.0060504367	1.2189099	1.4014124	3.9004004e-05	1.2008316e-05	0.26891448	1.6044118	0.26887486	1.6044566	-1.6418441e-05	7.4219079e-06	0.82180698	0.36939115	-1.6800123	-1.3311722	1.680006	1.3312333	-0.26082016	3.4947801	2	2	0	0	-110.97954	R0:S0:1	1.4014124	-222.90526	uncorrelated	2	b8cfe21	v2.4.3	YY	Broyden	2	sharp_wc_2.0_b_50	self-energy/D	run_optim.py	2024-05-13@11:45
2x2_2C_8b_C2v_L	-6.2522685	0	12.520601	0.38583142	0.13989615	-3.5056678	-5.2686616	-0.21460868	-5.2693741	-0.2146404	0.320313	-5.0686006	14.31557	-4.1464914e-05	-1.6848526e-05	0.031757264	-0.21182737	0.031773277	-0.21184561	-3.2968013e-06	3.9764945e-06	-0.15577014	-1.3388226	2.2962169	0.17430612	-2.2963616	-0.1743244	0.36317103	-2.9863081	3.3397333	1	-1.4765428	0.045565936	1.2411422	1.683958	-0.64579925	-0.22980549	0.11944008	0.41515552	0.046700502	1.954992	1.6959563	1.4790911	1.6959841	1.4790789	0.00604952	1.219044	1.4012867	5.8266128e-05	3.4171098e-05	0.26897027	1.603761	0.26892567	1.603817	2.435023e-05	-1.68772e-06	0.82186293	0.36951757	-1.6802656	-1.3309269	1.6802129	1.3309627	-0.26079785	3.4945612	2	2	0	0	-110.97623	R0:S0:1	1.4012867	-222.87582	uncorrelated	2	b8cfe21	v2.4.3	YY	Broyden	0	sharp_wc_2.0_b_50	self-energy/D	run_optim.py	2024-05-13@11:48
2x2_2C_8b_C2v_L	-6.2494093	0	12.520959	0.38580582	0.13988669	-3.5066796	-5.2695137	-0.21455659	-5.269908	-0.21457892	0.32021073	-5.0695619	14.316368	-8.6231682e-06	-3.4096884e-06	0.031742701	-0.21177406	0.031753472	-0.21177961	8.2797369e-07	2.4373437e-07	-0.15570557	-1.3387596	2.2959856	0.17422752	-2.2960567	-0.17424833	0.36309306	-2.9860335	3.3392853	1	-1.4761844	0.045571255	1.2411776	1.6840217	-0.64564786	-0.22973946	0.11939438	0.41519024	0.04666359	1.9550035	1.6961193	1.4791576	1.6961376	1.479149	0.0060469502	1.2191908	1.4013347	1.1702484e-05	7.7344579e-06	0.26894982	1.6039202	0.26892312	1.6039176	-5.8800847e-06	-1.1997685e-06	0.82151653	0.36949332	-1.6796657	-1.3306607	1.6796253	1.3307269	-0.26073466	3.4943492	2	2	0	0	-110.9831	R0:S0:1	1.4013347	-222.889	uncorrelated	2	b8cfe21	v2.4.3	YY	Broyden	0	sharp_wc_2.0_b_50	self-energy/D	run_optim.py	2024-05-13@11:50
2x2_2C_8b_C2v_L	-6.2453818	0	12.521587	0.38576102	0.1399471	-3.508465	-5.2715331	-0.21457512	-5.2714134	-0.2145963	0.32018104	-5.0709277	14.316516	-7.2959207e-05	-2.2417711e-05	0.031728552	-0.21172038	0.03173306	-0.21172774	-1.6383856e-06	4.4236966e-06	-0.15563269	-1.3386988	2.2957866	0.17414589	-2.2957641	-0.17415073	0.36296939	-2.9856268	3.3385013	1	-1.4755572	0.045581013	1.2412254	1.6840778	-0.64546723	-0.22964051	0.11932888	0.41513734	0.046611957	1.9550151	1.6963643	1.4794897	1.6963591	1.4794936	0.0060425395	1.2194886	1.4012977	0.00010448009	3.8949428e-05	0.26892961	1.603619	0.2689328	1.6036148	1.5067802e-05	-4.6481471e-06	0.82103208	0.36955961	-1.6789892	-1.3301677	1.6790045	1.3301638	-0.26062846	3.4938876	2	2	0	0	-110.99131	R0:S0:1	1.4012977	-222.89207	uncorrelated	2	b8cfe21	v2.4.3	YY	Broyden	2	sharp_wc_2.0_b_50	self-energy/D	run_optim.py	2024-05-13@12:01
2x2_2C_8b_C2v_L	-6.2445568	0	12.520312	0.38575206	0.13980458	-3.507718	-5.2703542	-0.21447176	-5.2709816	-0.2145113	0.31993978	-5.0700038	14.316545	-1.5232529e-05	-6.2849355e-06	0.031725769	-0.21168587	0.031741681	-0.21170171	-8.3881456e-06	5.9671405e-06	-0.15558566	-1.3385179	2.2954395	0.17409287	-2.2955649	-0.17411877	0.36292091	-2.9852021	3.3383445	1	-1.4754318	0.045580965	1.2412307	1.6841271	-0.64541669	-0.22964612	0.11932565	0.41527358	0.046611103	1.9550224	1.6963778	1.4791835	1.6963992	1.4791684	0.0060425794	1.2193499	1.4014391	2.2727016e-05	1.1895034e-05	0.26892139	1.6043762	0.26888373	1.6043977	5.6212049e-05	-8.3009614e-08	0.82101471	0.36942453	-1.6786658	-1.3303134	1.6786356	1.3303925	-0.26064171	3.4940995	2	2	0	0	-110.98527	R0:S0:1	1.4014391	-222.89269	uncorrelated	2	b8cfe21	v2.4.3	YY	Broyden	1	sharp_wc_2.0_b_50	self-energy/D	run_optim.py	2024-05-13@12:11
2x2_2C_8b_C2v_L	-6.2409583	0	12.521555	0.38569472	0.13990319	-3.5091742	-5.2715902	-0.21450119	-5.2727376	-0.21455301	0.31992763	-5.0705198	14.316733	-4.7692954e-05	-2.0163907e-05	0.031714341	-0.21162532	0.031735137	-0.21165056	-1.3739767e-05	5.6818253e-06	-0.15551663	-1.3383084	2.295054	0.17404569	-2.2952904	-0.17407807	0.36283189	-2.9845715	3.337341	1	-1.4760289	0.045587529	1.2412703	1.6841673	-0.64526067	-0.22955499	0.11928016	0.41519148	0.046553367	1.955038	1.6965863	1.4795616	1.6966216	1.4795358	0.0060393527	1.2196239	1.401372	6.9984348e-05	3.6593731e-05	0.26890157	1.6038165	0.26884074	1.603878	0.00010165804	1.0909603e-05	0.82049797	0.36949137	-1.6781556	-1.3298991	1.6781134	1.3300051	-0.2605763	3.4936299	2	2	0	0	-110.98915	R0:S0:1	1.401372	-222.89662	uncorrelated	2	b8cfe21	v2.4.3	YY	Broyden	1	sharp_wc_2.0_b_50	self-energy/D	run_optim.py	2024-05-13@12:20
2x2_2C_8b_C2v_L	-6.2333008	0	12.52248	0.38559436	0.13996721	-3.5120302	-5.2740985	-0.2144834	-5.2745611	-0.2145333	0.31966926	-5.0713875	14.317063	-5.3944102e-05	-2.1504298e-05	0.031684714	-0.21149511	0.031697551	-0.21152141	-1.1203542e-05	7.0278112e-08	-0.15535333	-1.3379989	2.2943221	0.17389793	-2.2944208	-0.17391294	0.36255529	-2.9832317	3.3355848	1	-1.475824	0.045603845	1.2413554	1.6842865	-0.64491459	-0.22938045	0.11917332	0.41515864	0.046451313	1.9550691	1.6970175	1.4800244	1.6970367	1.4800199	0.0060308693	1.2200533	1.4013719	7.9337358e-05	3.6399408e-05	0.2688729	1.6034939	0.26884227	1.6035607	9.110733e-05	1.9894645e-05	0.81956771	0.36952771	-1.676868	-1.3292099	1.6768309	1.3291981	-0.26040091	3.4929079	2	2	0	0	-110.9949	R0:S0:1	1.4013719	-222.9035	uncorrelated	2	b8cfe21	v2.4.3	YY	Broyden	2	sharp_wc_2.0_b_50	self-energy/D	run_optim.py	2024-05-13@12:33
2x2_2C_8b_C2v_L	-6.2332987	0	12.521769	0.38663829	0.13999554	-3.510963	-5.2729911	-0.21452477	-5.2734034	-0.21453875	0.31989985	-5.0712158	14.316233	-5.0555531e-05	-2.1597393e-05	0.031698401	-0.21157684	0.031703269	-0.21158124	2.5324192e-06	-4.6208919e-07	-0.15546088	-1.3382532	2.2947292	0.17396692	-2.2948155	-0.17397885	0.3627052	-2.9840124	3.3363536	1	-1.475279	0.045595989	1.2413075	1.6842095	-0.64511479	-0.22947903	0.11922707	0.41513471	0.046513286	1.9550484	1.6967952	1.4798843	1.6968027	1.4798733	0.0060352365	1.2198831	1.4013293	7.0727763e-05	4.23428e-05	0.26889666	1.6034987	0.26888098	1.6035007	-1.3235825e-05	-2.1917413e-06	0.82013549	0.36956578	-1.6776079	-1.3294272	1.6776159	1.3294935	-0.26048551	3.4932118	2	2	0	0	-110.99005	R0:S0:1	1.4013293	-222.87352	uncorrelated	2	b8cfe21	v2.4.3	YY	Broyden	1	sharp_wc_2.0_b_50	self-energy/D	run_optim.py	2024-05-13@12:42
2x2_2C_8b_C2v_L	-6.2287066	0	12.52198	0.38626504	0.13991473	-3.5123741	-5.2743761	-0.21443479	-5.2743492	-0.21443225	0.3195118	-5.0718215	14.317642	6.5223947e-05	2.3580353e-05	0.031689894	-0.21147158	0.031687301	-0.21146912	-3.5717034e-06	-1.7334336e-06	-0.15531416	-1.3379593	2.2941453	0.17383153	-2.2941417	-0.17383399	0.36249481	-2.9830149	3.3353217	1	-1.4750295	0.045606708	1.2413764	1.6843489	-0.64480776	-0.2293539	0.11914381	0.41525432	0.046441562	1.9550756	1.6971281	1.4798754	1.6971216	1.4798693	0.0060294972	1.2200691	1.4014768	-9.0677607e-05	-4.6458863e-05	0.2688248	1.6040944	0.26883031	1.6040748	2.217714e-05	7.666599e-06	0.81946359	0.36945691	-1.6763169	-1.3291143	1.6763443	1.3291479	-0.26036701	3.4929081	2	2	0	0	-110.99817	R0:S0:1	1.4014768	-222.90204	uncorrelated	2	b8cfe21	v2.4.3	YY	Broyden	1	sharp_wc_2.0_b_50	self-energy/D	run_optim.py	2024-05-13@12:51
2x2_2C_8b_C2v_L	-6.2169637	0	12.522669	0.38648185	0.13992553	-3.5159704	-5.2769616	-0.21431881	-5.277165	-0.21435514	0.31905875	-5.0727689	14.318679	2.1461866e-05	5.467074e-06	0.031648075	-0.21127766	0.031659374	-0.21130307	-1.6365735e-05	6.7746366e-06	-0.1550959	-1.3375643	2.2930531	0.17358645	-2.2931053	-0.17359091	0.3621249	-2.9811666	3.3331159	1	-1.4742729	0.045626152	1.241493	1.6845429	-0.64431408	-0.22912893	0.11899651	0.41530936	0.046319795	1.955117	1.6976951	1.4802392	1.6977023	1.4802349	0.006018735	1.2205406	1.4015778	-2.7705085e-05	-1.1405119e-05	0.26876778	1.6042551	0.268746	1.6043255	0.00011203502	9.4706266e-06	0.81833788	0.36943075	-1.6743964	-1.3282652	1.6743873	1.3282197	-0.26014904	3.4921055	2	2	0	0	-111.00826	R0:S0:1	1.4015778	-222.91515	uncorrelated	2	b8cfe21	v2.4.3	YY	Broyden	2	sharp_wc_2.0_b_50	self-energy/D	run_optim.py	2024-05-13@13:05
2x2_2C_8b_C2v_L	-6.2234511	0	12.523222	0.38559562	0.14014159	-3.5162608	-5.2784767	-0.21452978	-5.2784098	-0.21451106	0.31953762	-5.0747464	14.31734	-3.5558831e-05	-1.5565337e-05	0.031660198	-0.21137589	0.031648259	-0.21137016	9.4962221e-07	-2.7713568e-07	-0.1552037	-1.3379428	2.2938482	0.17369305	-2.2938375	-0.17367934	0.36224041	-2.9823713	3.3339067	1	-1.4737072	0.045626449	1.2414669	1.6844314	-0.64447953	-0.22915814	0.11901624	0.41508294	0.046344807	1.9550944	1.6975706	1.480688	1.697568	1.4806968	0.006019757	1.2207025	1.4013329	4.9371656e-05	3.0298272e-05	0.26882878	1.603084	0.26884635	1.6030934	-4.3188849e-06	-2.2821848e-06	0.8185687	0.36965086	-1.6752407	-1.3280925	1.6752417	1.3280485	-0.26013386	3.4919261	2	2	0	0	-111.01558	R0:S0:1	1.4013329	-222.90791	uncorrelated	2	b8cfe21	v2.4.3	YY	Broyden	1	sharp_wc_2.0_b_50	self-energy/D	run_optim.py	2024-05-13@13:13
2x2_2C_8b_C2v_L	-6.2122339	0	12.52468	0.38514572	0.14031459	-3.5213906	-5.2832981	-0.21452142	-5.2832753	-0.21452015	0.3193425	-5.0782828	14.317673	8.0505326e-05	3.7436329e-05	0.031597571	-0.21117773	0.031597166	-0.21118766	-9.0625576e-07	3.7760244e-06	-0.15496959	-1.3376561	2.2929322	0.17342417	-2.2929412	-0.17341536	0.36184534	-2.9809146	3.3314335	1	-1.4721413	0.045654929	1.2416109	1.6846141	-0.64391477	-0.22886236	0.11882295	0.41496694	0.046187114	1.9551345	1.6982735	1.4815845	1.6982659	1.4815841	0.0060062493	1.2215412	1.4012659	-0.00011145677	-7.4616929e-05	0.26881541	1.6023526	0.2688209	1.6023861	-4.0475787e-06	-5.4682217e-06	0.81709742	0.36979257	-1.6731911	-1.3266919	1.6732236	1.3266518	-0.25981898	3.4906152	2	2	0	0	-111.03601	R0:S0:1	1.4012659	-222.92044	uncorrelated	2	b8cfe21	v2.4.3	YY	Broyden	2	sharp_wc_2.0_b_50	self-energy/D	run_optim.py	2024-05-13@13:27
2x2_2C_8b_C2v_L	-6.2119212	0	12.524962	0.38609644	0.14025478	-3.5197595	-5.2812401	-0.21451022	-5.2809291	-0.21448794	0.3193391	-5.0759432	14.31792	2.1417346e-06	-5.1692269e-06	0.031617813	-0.21121987	0.031608768	-0.21121532	4.893287e-06	-4.8622278e-06	-0.15501997	-1.3375416	2.2929033	0.17351446	-2.2928416	-0.1734978	0.36196983	-2.9808154	3.3316511	1	-1.473798	0.045643882	1.2415661	1.684565	-0.64407366	-0.22895032	0.1188939	0.41500749	0.04622305	1.9551307	1.6980765	1.4813104	1.6980695	1.4813194	0.0060111488	1.2212595	1.401296	-5.5417073e-06	1.4460913e-05	0.26879775	1.6025146	0.26881219	1.602527	-3.1874851e-05	1.4220429e-06	0.81745461	0.36972841	-1.6737751	-1.3271771	1.6737733	1.327105	-0.25995508	3.4909863	2	2	0	0	-111.02315	R0:S0:1	1.401296	-222.90918	uncorrelated	2	b8cfe21	v2.4.3	YY	Broyden	1	sharp_wc_2.0_b_50	self-energy/D	run_optim.py	2024-05-13@13:35
2x2_2C_8b_C2v_L	-6.197775	0	12.525037	0.38622165	0.14018909	-3.5233457	-5.2835622	-0.21433118	-5.2840391	-0.2143724	0.31867438	-5.0769036	14.318512	-2.0809699e-05	-1.4543693e-05	0.031554252	-0.21097657	0.031569757	-0.21098602	9.7682837e-06	-1.3657181e-06	-0.15471281	-1.3368556	2.2913216	0.17319128	-2.2914159	-0.17321294	0.36149212	-2.9784154	3.3287543	1	-1.4729689	0.045669303	1.241707	1.6848084	-0.64346892	-0.2286815	0.11871787	0.41509942	0.046065799	1.9551844	1.698761	1.4816934	1.6987787	1.4816875	0.0059981748	1.2218205	1.4014439	2.5641565e-05	3.4871068e-05	0.26875817	1.6029177	0.26873217	1.6029212	-7.4207249e-05	-1.5794418e-05	0.81598368	0.36965079	-1.6713761	-1.3261173	1.6713452	1.3261813	-0.25968516	3.4900511	2	2	0	0	-111.02774	R0:S0:1	1.4014439	-222.91664	uncorrelated	2	b8cfe21	v2.4.3	YY	Broyden	2	sharp_wc_2.0_b_50	self-energy/D	run_optim.py	2024-05-13@13:49
2x2_2C_8b_C2v_L	-6.1740751	0	12.526762	0.38645196	0.14028517	-3.5307831	-5.2900902	-0.21421198	-5.2892342	-0.21414601	0.3179036	-5.0797081	14.31951	0.00013215197	5.5126402e-05	0.031489905	-0.21063135	0.031488342	-0.21056045	2.4246223e-05	-3.8521946e-06	-0.15426764	-1.3359257	2.2891961	0.17271837	-2.2889972	-0.17272546	0.36076393	-2.9747564	3.3238807	1	-1.4716748	0.045707906	1.2419465	1.6851733	-0.64247362	-0.22820458	0.11841436	0.41508918	0.045811127	1.955265	1.6999761	1.4826675	1.6999352	1.4826555	0.0059767701	1.2229697	1.4015244	-0.00019059733	-9.9059765e-05	0.26855406	1.6028446	0.26859566	1.6025853	-0.00019695172	-3.4950195e-05	0.81359903	0.36970841	-1.6675161	-1.3241233	1.6676167	1.3243607	-0.25922741	3.4881471	2	2	0	0	-111.04414	R0:S0:1	1.4015244	-222.92893	uncorrelated	2	b8cfe21	v2.4.3	YY	Broyden	2	sharp_wc_2.0_b_50	self-energy/D	run_optim.py	2024-05-13@14:02
2x2_2C_8b_C2v_L	-6.1861111	0	12.526853	0.38526984	0.14035679	-3.5289928	-5.2891471	-0.21431147	-5.2889587	-0.21429267	0.31827697	-5.0802797	14.320105	2.9487623e-05	1.0404543e-05	0.031521974	-0.21075017	0.031518254	-0.21074525	7.0010635e-06	-2.5647555e-06	-0.15444178	-1.3364306	2.2902111	0.17288821	-2.2901708	-0.17288319	0.36101758	-2.9764203	3.3259128	1	-1.4718054	0.04569954	1.241881	1.6850645	-0.6427601	-0.22833225	0.11849392	0.4150762	0.045893799	1.9552352	1.6996138	1.4824353	1.6996082	1.4824354	0.0059826842	1.222676	1.4014823	-4.3536397e-05	-1.6382134e-05	0.26864219	1.6027301	0.26864762	1.6027191	-5.2465808e-05	-5.1902249e-06	0.81437162	0.36972271	-1.668691	-1.3247576	1.6686976	1.3247488	-0.25933924	3.4886832	2	2	0	0	-111.05356	R0:S0:1	1.4014823	-222.95736	uncorrelated	2	b8cfe21	v2.4.3	YY	Broyden	1	sharp_wc_2.0_b_50	self-energy/D	run_optim.py	2024-05-13@14:11
2x2_2C_8b_C2v_L	-6.1673264	0	12.527891	0.38618396	0.14043496	-3.5339183	-5.2940874	-0.21426556	-5.2938051	-0.2142658	0.31786801	-5.083366	14.320492	-4.857338e-06	-2.0518619e-06	0.03146645	-0.21052406	0.031463272	-0.21052617	5.2127866e-06	-6.1097793e-07	-0.15414318	-1.3358995	2.2889655	0.17256116	-2.2889141	-0.17255027	0.36051438	-2.9743756	3.3228128	1	-1.4696529	0.04573189	1.2420422	1.6852965	-0.64210418	-0.22801326	0.11827757	0.41502488	0.045723221	1.9552811	1.7004224	1.4832293	1.7004135	1.4832405	0.0059672058	1.2235339	1.4014891	5.6442684e-06	5.2136125e-06	0.2685957	1.6024369	0.26861178	1.6024469	-3.937486e-05	-7.8593807e-06	0.81273626	0.36981948	-1.6661854	-1.3233205	1.6661979	1.3232577	-0.25898504	3.4873176	2	2	0	0	-111.07051	R0:S0:1	1.4014891	-222.94893	uncorrelated	2	b8cfe21	v2.4.3	YY	Broyden	2	sharp_wc_2.0_b_50	self-energy/D	run_optim.py	2024-05-13@14:24
2x2_2C_8b_C2v_L	-6.1345281	0	12.530596	0.38647876	0.14063985	-3.5449631	-5.3037847	-0.21414078	-5.3030719	-0.21409397	0.31692837	-5.0894206	14.322206	6.6444904e-05	2.5865678e-05	0.031362014	-0.2100393	0.031348596	-0.21001105	3.8877845e-05	-1.541974e-05	-0.15354797	-1.3348577	2.2862187	0.17188979	-2.2860656	-0.17187323	0.35950329	-2.9699636	3.3164268	1	-1.4665674	0.045794289	1.2423833	1.6858006	-0.64070554	-0.22733365	0.11783347	0.41496705	0.045379256	1.9553834	1.7020979	1.4847106	1.7020778	1.4847279	0.0059358989	1.2252698	1.4015542	-0.00010107997	-4.0292915e-05	0.26844646	1.6021126	0.26848836	1.6020319	-0.00028632756	-2.8824352e-05	0.80946262	0.36997083	-1.660881	-1.3204905	1.6608999	1.3204694	-0.25828097	3.4845298	2	2	0	0	-111.10732	R0:S0:1	1.4015542	-222.97164	uncorrelated	2	b8cfe21	v2.4.3	YY	Broyden	2	sharp_wc_2.0_b_50	self-energy/D	run_optim.py	2024-05-13@14:37
2x2_2C_8b_C2v_L	-6.150601	0	12.530872	0.38529523	0.14089294	-3.5428172	-5.3019206	-0.21437596	-5.301438	-0.21434281	0.31771343	-5.0886777	14.320287	2.5751915e-05	7.0000789e-06	0.031380991	-0.21024513	0.031369781	-0.21022854	1.0520276e-05	-5.5934927e-06	-0.15381904	-1.3354972	2.287519	0.1721803	-2.287415	-0.17216717	0.35991497	-2.9719841	3.3186061	1	-1.4681219	0.045776496	1.242262	1.6855439	-0.64125553	-0.22754371	0.11798731	0.41472492	0.045482396	1.955341	1.7014941	1.48489	1.701482	1.4848999	0.0059458782	1.2249451	1.401262	-3.9279872e-05	-8.7758865e-06	0.26860515	1.6006569	0.26862987	1.6006187	-7.7136433e-05	-6.2818932e-06	0.81049762	0.37015378	-1.6633062	-1.3210415	1.6633119	1.3210098	-0.25849577	3.4850639	2	2	0	0	-111.09919	R0:S0:1	1.401262	-222.95988	uncorrelated	2	b8cfe21	v2.4.3	YY	Broyden	0	sharp_wc_2.0_b_50	self-energy/D	run_optim.py	2024-05-13@14:42
2x2_2C_8b_C2v_L	-6.1312051	0	12.530943	0.38536016	0.14081825	-3.5481054	-5.306118	-0.21412259	-5.3059726	-0.21409964	0.3168126	-5.0911466	14.321992	0.00021761868	9.2615898e-05	0.031320839	-0.2099125	0.031319806	-0.20989646	2.0731131e-06	-8.3514927e-06	-0.15343299	-1.3346515	2.2855151	0.17173709	-2.2854823	-0.17174066	0.35929962	-2.9689596	3.3148529	1	-1.4663263	0.045812444	1.242466	1.6859141	-0.64037228	-0.22716255	0.11772925	0.41492113	0.045298424	1.9554105	1.702507	1.4851576	1.7024954	1.4851449	0.0059287353	1.2257291	1.4015361	-0.00030078426	-0.00018395516	0.26847446	1.6018577	0.26848311	1.6017954	-2.3642006e-05	1.7191775e-05	0.80872549	0.37002175	-1.6596199	-1.3197923	1.6596586	1.3198733	-0.25812339	3.4838098	2	2	0	0	-111.11608	R0:S0:1	1.4015361	-222.98611	uncorrelated	2	b8cfe21	v2.4.3	YY	Broyden	2	sharp_wc_2.0_b_50	self-energy/D	run_optim.py	2024-05-13@14:55
2x2_2C_8b_C2v_L	-6.091276	0	12.533934	0.38499202	0.14072884	-3.5603935	-5.3177176	-0.21377765	-5.317046	-0.21374648	0.31518393	-5.0971094	14.324028	4.0918867e-05	9.9099963e-06	0.031199061	-0.20920956	0.031188982	-0.20919426	-1.1831118e-05	-3.9341513e-07	-0.15255462	-1.3328436	2.2816415	0.17082987	-2.2814988	-0.17082051	0.35783197	-2.9625161	3.3064537	1	-1.4625904	0.045882122	1.2429109	1.6865825	-0.63854202	-0.22627753	0.11715444	0.41491675	0.04484987	1.9555392	1.704645	1.4867418	1.7046246	1.4867422	0.0058870601	1.2278516	1.4016924	-5.6278991e-05	-1.8088681e-05	0.26814472	1.6018574	0.26816594	1.6018084	8.6893649e-05	1.6812975e-05	0.80433084	0.37016341	-1.6527206	-1.316451	1.6527497	1.3164387	-0.25718419	3.4803111	2	2	0	0	-111.14968	R0:S0:1	1.4016924	-223.02458	uncorrelated	2	b8cfe21	v2.4.3	YY	Broyden	3	sharp_wc_2.0_b_50	self-energy/D	run_optim.py	2024-05-13@15:13
2x2_2C_8b_C2v_L	-6.0827554	0	12.534927	0.38624941	0.14066819	-3.5609304	-5.3168749	-0.21367341	-5.3160455	-0.21362854	0.31494087	-5.0953349	14.324781	4.8376431e-05	1.4181928e-05	0.031196943	-0.20911268	0.031167718	-0.20907732	-1.4018583e-05	1.5050302e-07	-0.15245126	-1.3323824	2.2807599	0.17078118	-2.2805753	-0.17076071	0.35774049	-2.9611924	3.3050786	1	-1.4641626	0.045881681	1.2429385	1.6866496	-0.63839339	-0.22622202	0.1171366	0.41496905	0.044801852	1.9555636	1.7047978	1.486716	1.7047823	1.4867443	0.0058857508	1.2279029	1.4017627	-6.5805951e-05	-2.9932018e-05	0.26805779	1.6019668	0.26811983	1.6018814	9.6545576e-05	1.2192583e-05	0.80390379	0.3700899	-1.6521465	-1.3164513	1.6521308	1.3163927	-0.25719135	3.4801229	2	2	0	0	-111.13931	R0:S0:1	1.4017627	-223.01651	uncorrelated	2	b8cfe21	v2.4.3	YY	Broyden	3	sharp_wc_2.0_b_50	self-energy/D	run_optim.py	2024-05-13@15:31
2x2_2C_8b_C2v_L	-6.0674457	0	12.535984	0.38651711	0.14086295	-3.5670221	-5.3225792	-0.21368301	-5.3213095	-0.21363411	0.31475295	-5.099545	14.32422	7.1121573e-05	2.7814819e-05	0.031134985	-0.20891248	0.031107844	-0.20887462	-3.7655024e-06	5.4746837e-06	-0.15222201	-1.3321794	2.2798128	0.1704548	-2.2795349	-0.17044383	0.35728167	-2.9596456	3.3022656	1	-1.4614415	0.045912426	1.2430925	1.6868319	-0.63779854	-0.2259047	0.11692123	0.41480249	0.044663343	1.9555941	1.705553	1.4876844	1.7055183	1.4877073	0.0058704622	1.2288786	1.4016455	-0.00010025185	-5.1538226e-05	0.2680392	1.6012338	0.26811295	1.601086	7.2337525e-06	-1.5926136e-05	0.80253085	0.37033591	-1.6499969	-1.3148482	1.6500333	1.314847	-0.25682079	3.4785916	2	2	0	0	-111.15972	R0:S0:1	1.4016455	-223.00325	uncorrelated	2	b8cfe21	v2.4.3	YY	Broyden	3	sharp_wc_2.0_b_50	self-energy/D	run_optim.py	2024-05-13@15:49
2x2_2C_8b_C2v_L	-6.0087089	0	12.54055	0.38714075	0.14102106	-3.5848868	-5.338268	-0.21329616	-5.3375266	-0.21325394	0.3127864	-5.1085302	14.326278	3.0883059e-05	1.1839741e-05	0.030944994	-0.20796151	0.030927507	-0.20794062	-3.5354006e-07	-1.1412082e-06	-0.15112564	-1.3298061	2.2743465	0.16925587	-2.2741954	-0.16923643	0.35535419	-2.9510311	3.2904419	1	-1.4562595	0.04601558	1.2436911	1.6877116	-0.6353384	-0.22470341	0.11614618	0.41470056	0.044103764	1.9557601	1.7084533	1.4899405	1.7084279	1.4899512	0.0058143228	1.2319179	1.4017548	-4.3115728e-05	-2.2963901e-05	0.26774176	1.6010048	0.26778387	1.60095	4.1437493e-08	7.6069501e-07	0.79697793	0.37065237	-1.6407025	-1.3104028	1.6407464	1.3103661	-0.25554281	3.4736012	2	2	0	0	-111.20694	R0:S0:1	1.4017548	-223.02619	uncorrelated	2	b8cfe21	v2.4.3	YY	Broyden	5	sharp_wc_2.0_b_50	self-energy/D	run_optim.py	2024-05-13@16:15
2x2_2C_8b_C2v_L	-6.0137675	0	12.541589	0.38561051	0.14098935	-3.5853229	-5.3395613	-0.21329716	-5.339821	-0.21329884	0.31280579	-5.1107285	14.327522	-3.8410095e-05	-1.0444485e-05	0.030927489	-0.20794721	0.03092966	-0.20794117	3.2326273e-06	2.6301173e-06	-0.15107947	-1.3299046	2.2745833	0.16921299	-2.274635	-0.16921836	0.35528918	-2.9515146	3.2909221	1	-1.455406	0.046020297	1.2437194	1.6877316	-0.63525181	-0.2246412	0.11610163	0.41466684	0.044073389	1.9557572	1.7085205	1.4901168	1.7085245	1.4901131	0.0058112496	1.2320929	1.4017253	5.3672759e-05	1.8115075e-05	0.26777054	1.6007845	0.26776819	1.6007659	-2.4800833e-05	-1.0187299e-05	0.79663741	0.37070089	-1.6405062	-1.3101015	1.6405111	1.3101564	-0.25544119	3.4733772	2	2	0	0	-111.22463	R0:S0:1	1.4017253	-223.07059	uncorrelated	2	b8cfe21	v2.4.3	YY	Broyden	3	sharp_wc_2.0_b_50	self-energy/D	run_optim.py	2024-05-13@16:33
2x2_2C_8b_C2v_L	-5.9348555	0	12.549002	0.38518978	0.14104169	-3.6119007	-5.3622065	-0.21252751	-5.3625464	-0.21255103	0.30985229	-5.1248517	14.331529	-2.2789579e-05	-7.0338506e-06	0.03065029	-0.20651487	0.030661669	-0.20652938	1.1373656e-05	-4.7048179e-06	-0.14950713	-1.3267164	2.2667718	0.16741763	-2.2668473	-0.16742386	0.35246124	-2.9394287	3.2744428	1	-1.4472715	0.046157115	1.2445911	1.6890044	-0.63168407	-0.22288473	0.11496865	0.41453575	0.043325205	1.9559763	1.7126298	1.4929721	1.7126378	1.4929667	0.0057297444	1.2365319	1.4018924	3.0405148e-05	1.4151831e-05	0.26723207	1.601018	0.2672108	1.6010571	-7.9752299e-05	-4.0231944e-06	0.78899177	0.37123639	-1.6271964	-1.3039397	1.6271929	1.3039439	-0.25353702	3.4660807	2	2	0	0	-111.29991	R0:S0:1	1.4018924	-223.14142	uncorrelated	2	b8cfe21	v2.4.3	YY	Broyden	4	sharp_wc_2.0_b_50	self-energy/D	run_optim.py	2024-05-13@16:56
2x2_2C_8b_C2v_L	-5.950712	0	12.544732	0.38672506	0.14063171	-3.6017575	-5.3509144	-0.21239111	-5.3524879	-0.2124771	0.31001435	-5.1165074	14.331241	-2.058847e-05	-7.2160526e-06	0.030722052	-0.20680569	0.030755844	-0.20685189	1.0143769e-05	-5.0806463e-06	-0.14986298	-1.327046	2.2678166	0.16783498	-2.2681415	-0.16787406	0.3531768	-2.941414	3.2785315	1	-1.4506187	0.046109148	1.2443385	1.6887596	-0.63262151	-0.22343655	0.11531734	0.41496573	0.043555896	1.9559357	1.7114313	1.4912081	1.7114793	1.4911828	0.0057554125	1.2347656	1.4022494	2.8368514e-05	1.4210976e-05	0.2673196	1.6030201	0.26723667	1.6031373	-6.8460498e-05	1.0369171e-06	0.79136204	0.3706955	-1.6303057	-1.3063265	1.6302377	1.3064094	-0.25418383	3.4688885	2	2	0	0	-111.25173	R0:S0:1	1.4022494	-223.11226	uncorrelated	2	b8cfe21	v2.4.3	YY	Broyden	4	sharp_wc_2.0_b_50	self-energy/D	run_optim.py	2024-05-13@17:18
2x2_2C_8b_C2v_L	-5.8940107	0	12.550662	0.38564005	0.14066809	-3.6217292	-5.3684158	-0.2118839	-5.3682333	-0.21187833	0.30789744	-5.1266974	14.332937	-4.8001681e-05	-1.7822235e-05	0.030534802	-0.20573653	0.03053483	-0.20573103	-1.3874598e-06	6.0006602e-07	-0.14866569	-1.3243907	2.2617972	0.16654317	-2.2617581	-0.16654225	0.35107665	-2.9320014	3.2655526	1	-1.4457937	0.046210491	1.2449907	1.6896828	-0.62996196	-0.22210247	0.1144784	0.41475923	0.042997139	1.9561006	1.7145292	1.4934536	1.7145233	1.4934534	0.0056953704	1.2382241	1.4022623	6.7159001e-05	3.2764578e-05	0.26685714	1.602824	0.26686035	1.6028046	1.6927275e-05	2.5756855e-06	0.78560034	0.3711777	-1.6204883	-1.3018379	1.6204989	1.3018457	-0.25277092	3.463173	2	2	0	0	-111.29631	R0:S0:1	1.4022623	-223.15675	uncorrelated	2	b8cfe21	v2.4.3	YY	Broyden	4	sharp_wc_2.0_b_50	self-energy/D	run_optim.py	2024-05-13@17:41
2x2_2C_8b_C2v_L	-5.776118	0	12.560695	0.38522069	0.13986874	-3.6561645	-5.3967857	-0.21024282	-5.3956776	-0.2101876	0.30277661	-5.1423072	14.338302	1.5949685e-05	4.7474394e-06	0.03016852	-0.20345098	0.030146886	-0.20342386	8.0122196e-06	-5.1414578e-06	-0.14618654	-1.3183742	2.2486567	0.16385126	-2.2484326	-0.16382315	0.34668765	-2.9121021	3.2401155	1	-1.4354069	0.046386789	1.2462676	1.6916321	-0.62465165	-0.21953912	0.11284476	0.41486385	0.042030011	1.9564109	1.7204626	1.4960054	1.7204321	1.4960273	0.0055787459	1.2444305	1.4027959	-2.4891894e-05	-6.3756451e-06	0.26577093	1.6061941	0.26582602	1.6061277	-6.3561399e-05	-4.7750656e-06	0.77518264	0.37176071	-1.6004953	-1.2943555	1.6005336	1.2942721	-0.24999436	3.4527594	2	2	0	0	-111.35655	R0:S0:1	1.4027959	-223.2493	uncorrelated	2	b8cfe21	v2.4.3	YY	Broyden	5	sharp_wc_2.0_b_50	self-energy/D	run_optim.py	2024-05-13@18:08
2x2_2C_8b_C2v_L	-5.8226814	0	12.556638	0.38545791	0.14039582	-3.6440334	-5.3887237	-0.21105361	-5.3882511	-0.21103674	0.30511063	-5.1396627	14.33577	3.6091132e-05	1.4032429e-05	0.030302835	-0.20443051	0.03029519	-0.20442118	-5.8433843e-07	3.757528e-06	-0.14722069	-1.3212988	2.2547426	0.16489759	-2.2546464	-0.16488627	0.34842459	-2.9211599	3.2509155	1	-1.4366962	0.046327356	1.2457721	1.6908251	-0.62676544	-0.22053054	0.11345088	0.41467588	0.042404015	1.9562711	1.7181584	1.4954421	1.7181477	1.4954559	0.0056217455	1.2422246	1.4024345	-5.1398103e-05	-2.4255748e-05	0.26628621	1.604143	0.26631084	1.604118	-7.8663343e-06	-1.1599003e-05	0.77920863	0.37171231	-1.6085513	-1.2967807	1.6085565	1.2967309	-0.25098663	3.4565873	2	2	0	0	-111.35705	R0:S0:1	1.4024345	-223.20499	uncorrelated	2	b8cfe21	v2.4.3	YY	Broyden	3	sharp_wc_2.0_b_50	self-energy/D	run_optim.py	2024-05-13@18:26
2x2_2C_8b_C2v_L	-5.7088558	0	12.566712	0.38690165	0.13940199	-3.6736626	-5.4103374	-0.20931098	-5.4114156	-0.20935559	0.30025237	-5.151505	14.34122	2.8731391e-05	1.0524608e-05	0.029952719	-0.20225011	0.029963018	-0.20227128	4.0355758e-06	-4.4105907e-06	-0.14493771	-1.3153967	2.241788	0.16241226	-2.2420063	-0.16243401	0.34435694	-2.9022885	3.2273252	1	-1.4279107	0.046473826	1.2469206	1.6926029	-0.62195506	-0.21822369	0.11199067	0.4148509	0.041585991	1.9565436	1.7234075	1.4972706	1.7234364	1.4972574	0.0055172471	1.2477421	1.4029943	-3.9440745e-05	-2.1411283e-05	0.26528383	1.6079336	0.26524925	1.6079891	-3.1978877e-05	3.0180562e-06	0.77016612	0.37222059	-1.5905138	-1.2903992	1.5904755	1.2904669	-0.24847811	3.4471994	2	2	0	0	-111.39141	R0:S0:1	1.4029943	-223.26909	uncorrelated	2	b8cfe21	v2.4.3	YY	Broyden	3	sharp_wc_2.0_b_50	self-energy/D	run_optim.py	2024-05-13@18:45
2x2_2C_8b_C2v_L	-5.5210526	0	12.583102	0.38785647	0.13663416	-3.7199361	-5.447133	-0.20595901	-5.4469326	-0.2059424	0.29215423	-5.1712485	14.349815	-0.00013576819	-3.8602361e-05	0.029422938	-0.1984835	0.029424298	-0.19847389	-1.4467258e-05	7.5125678e-06	-0.14097395	-1.304728	2.2197424	0.15816499	-2.2196961	-0.15816474	0.33727435	-2.8700729	3.1877609	1	-1.4105708	0.046688295	1.2488916	1.6957524	-0.61360285	-0.2142708	0.10949578	0.41537314	0.040424558	1.9569627	1.7322375	1.4985823	1.7322303	1.4985743	0.0053423185	1.2570573	1.4041384	0.00019878382	6.0130422e-05	0.26319952	1.6182881	0.26319535	1.6182644	0.00014734673	2.1616925e-05	0.75642405	0.37302573	-1.5594634	-1.2809549	1.5594812	1.2809883	-0.24410207	3.4313097	2	2	0	0	-111.43042	R0:S0:1	1.4041384	-223.39134	uncorrelated	2	b8cfe21	v2.4.3	YY	Broyden	5	sharp_wc_2.0_b_50	self-energy/D	run_optim.py	2024-05-13@19:12
2x2_2C_8b_C2v_L	-5.595207	0	12.577118	0.38503922	0.1375448	-3.7041787	-5.435546	-0.20709005	-5.4356864	-0.20712688	0.29468694	-5.1658006	14.348385	2.6021787e-05	1.0813038e-05	0.029611285	-0.1997885	0.029613346	-0.19979754	-3.6697977e-05	1.5013236e-05	-0.14231369	-1.3086328	2.2277454	0.15960318	-2.2277747	-0.15961532	0.33965664	-2.8816353	3.2022645	1	-1.4159662	0.046619821	1.2482338	1.694722	-0.61639726	-0.21560265	0.11032623	0.41530772	0.040799414	1.9568235	1.7292605	1.4980053	1.7292626	1.4980013	0.0054001423	1.253784	1.403865	-2.6983024e-05	-3.2021465e-05	0.26391673	1.6152015	0.26391595	1.6152056	0.00029744278	2.7308794e-05	0.76095002	0.37263833	-1.5697696	-1.2841983	1.5697739	1.2842235	-0.24555142	3.4369765	2	2	0	0	-111.43434	R0:S0:1	1.4038649	-223.41353	uncorrelated	2	b8cfe21	v2.4.3	YY	Broyden	4	sharp_wc_2.0_b_50	self-energy/D	run_optim.py	2024-05-13@19:36
2x2_2C_8b_C2v_L	-5.5114191	0	12.58589	0.38478057	0.13651968	-3.727642	-5.4533328	-0.20562158	-5.4541443	-0.20566701	0.29141476	-5.1768131	14.350279	1.5190021e-05	7.6332452e-06	0.029337573	-0.19802776	0.029356449	-0.19804731	1.0207096e-05	-5.1965762e-06	-0.14054865	-1.3038932	2.2175207	0.15766191	-2.2176822	-0.15768423	0.33641046	-2.8671211	3.1836682	1	-1.4077459	0.046717465	1.2491417	1.6960665	-0.61261717	-0.21373838	0.10916525	0.41522027	0.040284204	1.9569972	1.7332696	1.4991912	1.7332908	1.4991771	0.0053183662	1.2585065	1.4040534	-2.2490532e-05	-1.3686773e-05	0.26301244	1.6183768	0.26297355	1.6184158	-8.5449684e-05	-4.1368657e-06	0.75471246	0.37335989	-1.556146	-1.2795236	1.5561187	1.2795919	-0.24346395	3.4289057	2	2	0	0	-111.45259	R0:S0:1	1.4040534	-223.44797	uncorrelated	2	b8cfe21	v2.4.3	YY	Broyden	5	sharp_wc_2.0_b_50	self-energy/D	run_optim.py	2024-05-13@20:03
2x2_2C_8b_C2v_L	-5.2972345	0	12.606469	0.38380833	0.13110027	-3.7744724	-5.490208	-0.20083842	-5.4902243	-0.20084424	0.28241916	-5.1973974	14.359798	-1.1860422e-05	-3.817992e-06	0.028744843	-0.19330908	0.02874856	-0.19331043	-1.2376468e-05	6.3624635e-06	-0.13549869	-1.2894759	2.1893593	0.15251226	-2.1893597	-0.15251614	0.32776826	-2.8274922	3.1362366	1	-1.3863095	0.046888804	1.2514902	1.6998785	-0.60258664	-0.20901373	0.10618781	0.41620641	0.039188871	1.9574582	1.7435463	1.4982531	1.7435481	1.4982492	0.0051190833	1.2695948	1.4057368	2.0250473e-05	4.1395102e-06	0.25999231	1.6364228	0.25998359	1.6364244	0.00011225063	9.9960271e-06	0.74035023	0.37409749	-1.5185912	-1.269767	1.5185847	1.2697764	-0.23816593	3.4098144	2	2	0	0	-111.44042	R0:S0:1	1.4057368	-223.61583	uncorrelated	2	b8cfe21	v2.4.3	YY	Broyden	5	sharp_wc_2.0_b_50	self-energy/D	run_optim.py	2024-05-13@20:32
2x2_2C_8b_C2v_L	-5.274757	0	12.604606	0.38576327	0.12975301	-3.7715871	-5.4847568	-0.20007968	-5.484123	-0.2000533	0.28134072	-5.191318	14.3613	-3.9617664e-05	-1.4302285e-05	0.028732586	-0.19290023	0.028713316	-0.19289123	-2.5375545e-05	5.7850776e-06	-0.13496594	-1.2874976	2.185941	0.15208674	-2.1858192	-0.15207013	0.32714307	-2.8229205	3.1324744	1	-1.3867083	0.046869614	1.2516279	1.7003234	-0.6018302	-0.20881173	0.10604608	0.41695922	0.039156145	1.9575296	1.7441818	1.4965982	1.7441636	1.4966056	0.0051128808	1.2694523	1.4065431	6.5971484e-05	1.5131944e-05	0.25959392	1.6416211	0.25962487	1.6416099	0.00024874388	3.9120217e-05	0.7398671	0.37339793	-1.51499	-1.2699483	1.5150225	1.2698863	-0.23801707	3.409998	2	2	0	0	-111.38632	R0:S0:1	1.4065431	-223.60858	uncorrelated	2	b8cfe21	v2.4.3	YY	Broyden	5	sharp_wc_2.0_b_50	self-energy/D	run_optim.py	2024-05-13@21:00
2x2_2C_8b_C2v_L	-5.16783	0	12.616158	0.38561728	0.12569139	-3.7898101	-5.4985034	-0.19738587	-5.4988338	-0.19740494	0.27727837	-5.1991552	14.36727	7.8072604e-05	2.6318784e-05	0.028444069	-0.19048374	0.028451788	-0.19049365	1.1622211e-05	-2.5140454e-06	-0.13217886	-1.2793421	2.1709335	0.14948383	-2.1709961	-0.1494922	0.32290848	-2.8025374	3.1086252	1	-1.3772885	0.046900393	1.2527897	1.7022883	-0.59678547	-0.20648219	0.10458433	0.41774554	0.038670646	1.9577717	1.7492174	1.4950879	1.7492299	1.4950906	0.00502252	1.2748131	1.4076632	-0.00012139183	-4.0706816e-05	0.2578142	1.6534866	0.25780109	1.6535022	-0.00013046485	-2.3499428e-05	0.73309084	0.37340701	-1.4957641	-1.2653253	1.4957319	1.2653271	-0.23547288	3.4007307	2	2	0	0	-111.3534	R0:S0:1	1.4076632	-223.70645	uncorrelated	2	b8cfe21	v2.4.3	YY	Broyden	8	sharp_wc_2.0_b_50	self-energy/D	run_optim.py	2024-05-13@21:43
2x2_2C_8b_C2v_L	-4.8848864	0	12.645917	0.38569696	0.23795157	-4.6563654	-5.6234821	-0.20130479	-5.623838	-0.20133398	0.29120761	-5.3154946	14.38302	0.17705383	-1.8820267e-05	0.027789241	-0.18675242	0.02779958	-0.18676127	-2.0092806e-05	9.8636954e-06	4.1526845e-05	-1.3039998	2.1394599	0.14541707	-2.1395232	-0.14543248	0.31991227	-2.7630817	3.0374801	1	-1.3475846	0.04864891	1.2558231	1.7056908	-0.58519423	-0.19955344	0.10061956	0.416995	0.0094441114	1.9698067	1.7626129	1.5128517	1.7626202	1.5128379	0.0076884517	1.2983754	1.4080578	-0.14307512	2.03004e-05	0.2618923	1.6411334	0.26187025	1.6411467	0.00020031075	2.386768e-05	-0.00025342593	0.31232112	-1.455389	-1.2602299	1.4553831	1.2602902	-0.23892447	3.3651106	2	2	0	0	-113.41802	R0:S0:1	1.4080578	-223.95718	uncorrelated	2	b8cfe21	v2.4.3	YY	Broyden	7	sharp_wc_2.0_b_50	self-energy/D	run_optim.py	2024-05-13@22:20
2x2_2C_8b_C2v_L	-4.8838544	0	12.64619	0.386045	0.23816277	-4.6586438	-5.6287654	-0.20151883	-5.6281074	-0.20149318	0.29163229	-5.3214913	14.382625	0.17707495	-5.4340408e-07	0.027790684	-0.18684436	0.027795087	-0.18683581	4.2636681e-06	3.5605451e-06	1.4840015e-06	-1.3046556	2.1406827	0.14540497	-2.1405586	-0.14539724	0.31993281	-2.764772	3.0383711	1	-1.3434489	0.04866169	1.2558345	1.7056177	-0.58522805	-0.19951367	0.10056685	0.41673914	0.009441278	1.969774	1.762652	1.5133249	1.7626346	1.5133208	0.0076829741	1.2988181	1.4077963	-0.14314917	6.738053e-06	0.26194549	1.6401238	0.26195056	1.6400982	-4.6592269e-05	-1.5554542e-05	-3.5994308e-06	0.31266024	-1.4556838	-1.2597722	1.4557223	1.2597644	-0.2387778	3.3644493	2	2	0	0	-113.45441	R0:S0:1	1.4077963	-223.94528	uncorrelated	2	b8cfe21	v2.4.3	YY	Broyden	8	sharp_wc_2.0_b_50	self-energy/D	run_optim.py	2024-05-13@23:03
2x2_2C_8b_C2v_L	-4.4336371	0	12.688938	0.38645716	0.22150844	-4.7750766	-5.620903	-0.18324854	-5.6207175	-0.1832177	0.26378468	-5.3192541	14.404787	0.17052347	4.8913616e-05	0.026558325	-0.17544485	0.026535538	-0.17544624	-3.1757036e-05	3.7279683e-06	-0.00010647468	-1.2747059	2.0654529	0.13287785	-2.0654266	-0.13285777	0.29930231	-2.6686405	2.937499	1	-1.29747	0.047615918	1.2607315	1.7153942	-0.56255605	-0.1900279	0.09446235	0.42497172	0.010304263	1.9706791	1.783137	1.489498	1.783133	1.4894945	0.0075391821	1.3186619	1.4171994	-0.15027226	-8.2646817e-05	0.24802522	1.7388841	0.24803507	1.7389367	0.00034094568	5.3799513e-05	0.00065960542	0.30875101	-1.3642499	-1.2391695	1.3642519	1.2390648	-0.22856157	3.3296238	2	2	0	0	-113.03441	R0:S0:1	1.4171994	-224.29327	uncorrelated	2	b8cfe21	v2.4.3	YY	Broyden	8	sharp_wc_2.0_b_50	self-energy/D	run_optim.py	2024-05-13@23:47
2x2_2C_8b_C2v_L	-4.7626189	0	12.657396	0.3866288	0.23458385	-4.6936267	-5.629026	-0.19700963	-5.6298362	-0.1970815	0.28383583	-5.3192668	14.386238	0.17535348	-1.645052e-05	0.027462943	-0.18377722	0.02748523	-0.18380711	-2.8204975e-06	-1.055542e-07	3.3780557e-05	-1.2969062	2.1207782	0.14232797	-2.1209268	-0.14235459	0.31448706	-2.7386564	3.0106647	1	-1.3338827	0.04856957	1.2571066	1.7080195	-0.5794418	-0.19700924	0.099003457	0.41830461	0.0096730399	1.9699577	1.7679299	1.508111	1.7679526	1.5081046	0.0076437319	1.3041274	1.4096785	-0.14528324	2.1191955e-05	0.25907785	1.6612077	0.25903283	1.6612602	4.297265e-05	1.3851296e-05	-0.00020518867	0.312401	-1.4333201	-1.2564004	1.4332733	1.256435	-0.23612538	3.35484	2	2	0	0	-113.34579	R0:S0:1	1.4096785	-223.99375	uncorrelated	2	b8cfe21	v2.4.3	YY	Broyden	7	sharp_wc_2.0_b_50	self-energy/D	run_optim.py	2024-05-14@00:25
2x2_2C_8b_C2v_L	-4.5227729	0	12.68113	0.38332048	0.22495196	-4.7575379	-5.6240515	-0.18661134	-5.6246817	-0.18668116	0.26858453	-5.318039	14.399377	0.17165498	-7.1632411e-06	0.026777514	-0.17733827	0.026788115	-0.17737252	1.6844379e-05	-1.1908994e-05	-1.3117971e-05	-1.2798612	2.0783795	0.13524353	-2.0785038	-0.13526264	0.30291263	-2.6846104	2.9543299	1	-1.3086028	0.04796349	1.2598808	1.7135973	-0.5665753	-0.19164389	0.095548313	0.42315186	0.010153869	1.970489	1.779526	1.4942216	1.7795388	1.4942222	0.0075604173	1.3152136	1.4151831	-0.14920033	2.1057871e-05	0.25110754	1.7184363	0.25108896	1.718496	-0.00018869837	-1.8942378e-05	9.0871882e-05	0.30992032	-1.3811829	-1.2447921	1.3811685	1.2447893	-0.23037912	3.3354768	2	2	0	0	-113.10755	R0:S0:1	1.4151831	-224.25691	uncorrelated	2	b8cfe21	v2.4.3	YY	Broyden	9	sharp_wc_2.0_b_50	self-energy/D	run_optim.py	2024-05-14@01:13
2x2_2C_8b_C2v_L	-4.4489058	0	12.690234	0.38443656	0.22214628	-4.7760245	-5.6243155	-0.18385527	-5.6246722	-0.18388157	0.26467101	-5.3203288	14.403124	0.17055212	1.4527596e-06	0.026570946	-0.17560985	0.02657433	-0.17562858	-8.6463631e-06	4.4926367e-06	1.3796468e-06	-1.2750884	2.0668201	0.1332524	-2.0668864	-0.13325543	0.29977538	-2.6701123	2.9383586	1	-1.3012232	0.047716303	1.2606465	1.7150759	-0.56303835	-0.19012745	0.094581174	0.42430132	0.010288911	1.9706315	1.7827463	1.4909416	1.782758	1.4909495	0.0075409265	1.3187444	1.4165085	-0.15033472	-6.317181e-06	0.24862191	1.7335808	0.24860545	1.7336333	9.8299141e-05	1.2146211e-05	-1.4119257e-05	0.30937604	-1.3669335	-1.2402546	1.3669005	1.2401977	-0.22875358	3.3292701	2	2	0	0	-113.05163	R0:S0:1	1.4165085	-224.299	uncorrelated	2	b8cfe21	v2.4.3	YY	Broyden	9	sharp_wc_2.0_b_50	self-energy/D	run_optim.py	2024-05-14@02:01
2x2_2C_8b_C2v_L	-4.0788537	0	12.721878	0.38664279	0.199386	-4.820958	-5.5773399	-0.16565549	-5.5762471	-0.16557795	0.23885523	-5.3133709	14.421956	0.16347555	-7.9644211e-06	0.025159805	-0.16651623	0.025132905	-0.16647851	-3.4487227e-05	9.0387851e-06	2.7718001e-06	-1.2452137	1.9998833	0.12052598	-1.9996888	-0.12050878	0.28295138	-2.5904955	2.8554452	1	-1.2675874	0.044711428	1.264622	1.7240587	-0.54364809	-0.18260569	0.089628458	0.43495432	0.010994295	1.9717384	1.7998863	1.4675776	1.7998499	1.4675247	0.0075547679	1.3346937	1.4280718	-0.15377006	-4.2972484e-06	0.22854855	1.8435879	0.2285839	1.8435397	0.00050617482	8.4848981e-05	-4.4827041e-05	0.30100587	-1.2821224	-1.1966431	1.2822315	1.1967491	-0.22095735	3.3028145	2	2	0	0	-112.4405	R0:S0:1	1.4280718	-224.56501	uncorrelated	2	b8cfe21	v2.4.3	YY	Broyden	9	sharp_wc_2.0_b_50	self-energy/D	run_optim.py	2024-05-14@02:52
2x2_2C_8b_C2v_L	-5.0147443	0	12.635321	0.38451694	0.24169374	-4.6202103	-5.6270669	-0.20645615	-5.6275993	-0.20645401	0.30131928	-5.3226161	14.375337	0.17867346	2.9999581e-05	0.028109232	-0.19006533	0.028114414	-0.1900682	-5.0862469e-06	9.4433862e-06	-4.5610633e-05	-1.3119986	2.160854	0.14866632	-2.160949	-0.14867054	0.32583845	-2.7916267	3.0660388	1	-1.356629	0.048705371	1.2544851	1.7030035	-0.59136187	-0.20211551	0.10223744	0.41482232	0.0091750507	1.96959	1.7570484	1.5196581	1.7570673	1.5196551	0.0077163175	1.2935991	1.4055352	-0.14082997	-4.5078041e-05	0.26488021	1.6164369	0.26485819	1.6164587	1.8965333e-05	-1.7726757e-05	0.00026232213	0.31303341	-1.4797403	-1.2622972	1.4796871	1.2623053	-0.24159973	3.3738277	2	2	0	0	-113.5408	R0:S0:1	1.4055352	-223.85313	uncorrelated	2	b8cfe21	v2.4.3	YY	Broyden	7	sharp_wc_2.0_b_50	self-energy/D	run_optim.py	2024-05-14@03:29
2x2_2C_8b_C2v_L	-5.1807113	0	12.616147	0.38604671	0.2456538	-4.5603892	-5.6102492	-0.21226077	-5.6101808	-0.21225245	0.31385489	-5.3103017	14.367515	0.18123256	3.3962071e-06	0.028569681	-0.19436747	0.028580578	-0.19435714	8.27461e-06	3.031854e-06	-3.2357456e-07	-1.3214082	2.1865419	0.15299352	-2.1865232	-0.15300361	0.33352221	-2.8257708	3.1043953	1	-1.3748361	0.048621803	1.252621	1.699905	-0.5994131	-0.20584741	0.10460258	0.41363413	0.0088234297	1.9694918	1.7492373	1.5250139	1.7492314	1.5249966	0.0077640865	1.2848753	1.4038656	-0.13729235	-9.4575754e-07	0.26817185	1.5936172	0.26816329	1.593573	-7.7599029e-05	-2.1167754e-05	6.5222261e-06	0.31166641	-1.5104092	-1.2662621	1.5104359	1.2663607	-0.24555491	3.389424	2	2	0	0	-113.57419	R0:S0:1	1.4038656	-223.7035	uncorrelated	2	b8cfe21	v2.4.3	YY	Broyden	10	sharp_wc_2.0_b_50	self-energy/D	run_optim.py	2024-05-14@04:18
2x2_2C_8b_C2v_L	-5.339417	0	12.599259	0.38825329	0.13232263	-3.7590688	-5.474386	-0.20190265	-5.4746777	-0.20190678	0.28441315	-5.1858178	14.358517	0.00016114068	5.4709195e-05	0.028921981	-0.19455529	0.028922474	-0.19455731	1.8468416e-05	-1.1927055e-05	-0.13683585	-1.2929492	2.1959518	0.15387738	-2.1960075	-0.15388751	0.33013821	-2.8368384	3.1484501	1	-1.3939497	0.046832199	1.2508226	1.698954	-0.60531016	-0.21041312	0.1070625	0.41637153	0.039500636	1.9573657	1.7406931	1.4976239	1.7406994	1.4976148	0.0051777775	1.2658826	1.4057221	-0.00023879409	-9.3216883e-05	0.26074583	1.6335764	0.26074407	1.6335658	-0.00018568795	-1.571693e-05	0.74456637	0.37341584	-1.5282736	-1.272965	1.5282686	1.2730229	-0.23980153	3.4161095	2	2	0	0	-111.41126	R0:S0:1	1.4057221	-223.52423	uncorrelated	2	b8cfe21	v2.4.3	YY	Broyden	8	sharp_wc_2.0_b_50	self-energy/D	run_optim.py	2024-05-14@04:58
2x2_2C_8b_C2v_L	-4.7332069	0	12.660662	0.38455368	0.23321389	-4.7028745	-5.6287867	-0.19544696	-5.6298273	-0.19551456	0.2812245	-5.3186454	14.389162	0.17484914	1.9345556e-05	0.027378332	-0.18281865	0.027401412	-0.18284635	-1.8455298e-06	3.0990704e-06	-3.074605e-05	-1.2944922	2.1147151	0.1413058	-2.1149036	-0.14133403	0.31267041	-2.7306317	3.00286	1	-1.3299395	0.048505696	1.2575272	1.70888	-0.57749662	-0.19620558	0.098482149	0.41910058	0.0097455605	1.9700347	1.7696626	1.5058056	1.7696941	1.5058001	0.0076290476	1.3056135	1.4105747	-0.1458558	-3.0045792e-05	0.25796354	1.6700545	0.25791371	1.6701027	1.7322658e-06	-7.2424923e-06	0.00018277388	0.31199555	-1.4254613	-1.2552091	1.4253861	1.2552493	-0.23523146	3.352245	2	2	0	0	-113.31794	R0:S0:1	1.4105747	-224.07374	uncorrelated	2	b8cfe21	v2.4.3	YY	Broyden	8	sharp_wc_2.0_b_50	self-energy/D	run_optim.py	2024-05-14@05:38
2x2_2C_8b_C2v_L	-5.1574482	0	12.619727	0.38702009	0.2453462	-4.5682063	-5.6137893	-0.2117583	-5.6137027	-0.21174399	0.31271076	-5.3129119	14.368732	0.1809037	0.0001180797	0.02852164	-0.19391034	0.028512661	-0.19390214	3.7457024e-05	-1.5337451e-05	-0.00024065555	-1.3204451	2.183877	0.15252492	-2.1838564	-0.15251768	0.33270488	-2.8221702	3.09992	1	-1.372613	0.048639932	1.2528321	1.700205	-0.59853459	-0.20540726	0.10432946	0.41359256	0.0088590485	1.9694868	1.7501207	1.5248625	1.750134	1.5248901	0.0077561241	1.2860458	1.4038794	-0.13772486	-0.0001638823	0.26785939	1.5949924	0.26787764	1.5949649	-0.00038711017	-6.7339018e-05	0.0013785639	0.3120373	-1.5072945	-1.2656351	1.507218	1.2655507	-0.24509053	3.3873151	2	2	0	0	-113.58126	R0:S0:1	1.4038794	-223.7074	uncorrelated	2	b8cfe21	v2.4.3	YY	Broyden	9	sharp_wc_2.0_b_50	self-energy/D	run_optim.py	2024-05-14@06:20
2x2_2C_8b_C2v_L	-5.253656	0	12.607925	0.38510149	0.12878656	-3.7755548	-5.4878513	-0.19943528	-5.4870678	-0.19938443	0.28033548	-5.1938518	14.364654	-0.00056789507	-0.00018566463	0.028662313	-0.19236578	0.028660809	-0.19233674	-0.0001091742	4.6752232e-05	-0.13436297	-1.2858431	2.1827909	0.15148023	-2.1826248	-0.15147842	0.32617359	-2.8187321	3.1278174	1	-1.3841619	0.04687384	1.2518977	1.700803	-0.6006529	-0.20828092	0.10570502	0.41724218	0.039065964	1.9575805	1.7453256	1.4960854	1.745288	1.4960248	0.0050923604	1.2705771	1.4069031	0.00087283462	0.00029021283	0.25920882	1.644845	0.25918435	1.6448032	0.0011212412	0.00015095861	0.73851528	0.37333956	-1.5104082	-1.2688545	1.5105284	1.2690054	-0.23742123	3.408093	2	2	0	0	-111.39081	R0:S0:1	1.4069031	-223.67284	uncorrelated	2	b8cfe21	v2.4.3	YY	Broyden	15	sharp_wc_2.0_b_50	self-energy/D	run_optim.py	2024-05-14@07:33
2x2_2C_8b_C2v_L	-4.8934929	0	12.645028	0.38624697	0.23839054	-4.6536487	-5.6268799	-0.20194423	-5.6281539	-0.20201381	0.29246293	-5.3195582	14.380842	0.17711854	-1.4681674e-05	0.027811347	-0.18708312	0.027834459	-0.18711332	-2.2079571e-05	7.741801e-06	3.163986e-05	-1.304813	2.1418362	0.14570955	-2.1420693	-0.14573778	0.32047938	-2.7663654	3.0399529	1	-1.3464525	0.048672438	1.2557078	1.7053674	-0.58579498	-0.19975032	0.10073742	0.41651392	0.0094139065	1.9697559	1.7621337	1.5140485	1.7621718	1.5140367	0.0076872821	1.2983345	1.4075426	-0.14292478	1.3599903e-05	0.26226349	1.6374161	0.26219876	1.637494	0.00021951285	3.3234009e-05	-0.00019623068	0.3127467	-1.4579963	-1.2601291	1.4579081	1.2601697	-0.23909046	3.3652369	2	2	0	0	-113.44322	R0:S0:1	1.4075426	-223.91352	uncorrelated	2	b8cfe21	v2.4.3	YY	Broyden	8	sharp_wc_2.0_b_50	self-energy/D	run_optim.py	2024-05-14@08:12
2x2_2C_8b_C2v_L	-4.7530589	0	12.660726	0.38576367	0.2342759	-4.6984105	-5.6323922	-0.19663024	-5.6325156	-0.19663548	0.28303899	-5.3215184	14.388708	0.17518143	8.1832572e-06	0.027447128	-0.18348209	0.027451212	-0.18349068	1.8899052e-05	-6.3575896e-06	-1.2147538e-05	-1.296307	2.1193105	0.14201477	-2.1193375	-0.14200914	0.31384312	-2.7364515	3.0083099	1	-1.3318552	0.048559751	1.2572648	1.7082763	-0.57876101	-0.19668352	0.098797547	0.41840247	0.0096984991	1.9699659	1.7685748	1.5076664	1.7685818	1.5076814	0.0076355322	1.3048932	1.4098116	-0.14555596	-5.3820425e-06	0.2587097	1.663313	0.25870315	1.6633416	-0.00019236538	-2.4730461e-05	8.2206885e-05	0.31249441	-1.430774	-1.255919	1.4307474	1.2558492	-0.23573474	3.3534718	2	2	0	0	-113.36199	R0:S0:1	1.4098116	-224.0471	uncorrelated	2	b8cfe21	v2.4.3	YY	Broyden	7	sharp_wc_2.0_b_50	self-energy/D	run_optim.py	2024-05-14@08:47
2x2_2C_8b_C2v_L	-5.073939	0	12.627292	0.38597595	0.24315271	-4.5969941	-5.6181829	-0.20849357	-5.6189919	-0.20855088	0.30567682	-5.3159607	14.372813	0.17967107	9.5066656e-05	0.028276639	-0.19164366	0.028284764	-0.19167317	-2.0185288e-05	5.6224051e-07	-0.00019539829	-1.3154668	2.170093	0.15027766	-2.1702537	-0.15029713	0.32873918	-2.804025	3.0803739	1	-1.3640908	0.048677658	1.2537738	1.7018746	-0.59439969	-0.20356194	0.10314878	0.41453703	0.009046887	1.9695642	1.7540744	1.5213483	1.7540966	1.521334	0.0077386657	1.2900521	1.4050724	-0.13946912	-0.00015078473	0.26616268	1.6084993	0.26613107	1.6085644	0.00012549316	1.0629726e-05	0.0011046106	0.31235205	-1.4911325	-1.2641044	1.4910885	1.264116	-0.24316939	3.3801553	2	2	0	0	-113.54161	R0:S0:1	1.4050724	-223.7894	uncorrelated	2	b8cfe21	v2.4.3	YY	Broyden	7	sharp_wc_2.0_b_50	self-energy/D	run_optim.py	2024-05-14@09:22
2x2_2C_8b_C2v_L	-4.7427552	0	12.660173	0.38437265	0.23355137	-4.7009717	-5.6291093	-0.19581086	-5.6294834	-0.1958349	0.28177997	-5.3192407	14.389123	0.17498186	3.3159741e-06	0.02741545	-0.18304975	0.027404123	-0.18305776	-4.7738354e-05	8.9737927e-06	-3.4980107e-05	-1.295161	2.1162471	0.14153889	-2.1163118	-0.14155317	0.31307085	-2.7326645	3.0049667	1	-1.3306694	0.048519581	1.2574345	1.7086915	-0.57792975	-0.19638364	0.098595893	0.41894719	0.0097289312	1.9700173	1.7692704	1.5062822	1.769279	1.5062629	0.0076317199	1.3052602	1.4103985	-0.14571752	-1.8449063e-05	0.25819585	1.6682084	0.25818849	1.6682277	0.00047626695	6.9104244e-05	0.00018583323	0.31206729	-1.427192	-1.2554624	1.4271771	1.2555133	-0.23541621	3.3528826	2	2	0	0	-113.32918	R0:S0:1	1.4103985	-224.07601	uncorrelated	2	b8cfe21	v2.4.3	YY	Broyden	7	sharp_wc_2.0_b_50	self-energy/D	run_optim.py	2024-05-14@09:58
2x2_2C_8b_C2v_L	-5.0540054	0	12.629838	0.38635823	0.24274605	-4.6035399	-5.6204139	-0.20789889	-5.6211151	-0.20791403	0.30441231	-5.3172424	14.37383	0.17939034	9.8348395e-05	0.028237479	-0.19120538	0.028228414	-0.19120684	2.9099478e-05	-1.5533565e-05	-0.00020502443	-1.3144597	2.1673976	0.14981309	-2.1675364	-0.14981973	0.32791539	-2.8003316	3.0761817	1	-1.3621271	0.048684206	1.2539734	1.7021983	-0.59354017	-0.20315835	0.10289471	0.41463298	0.009083879	1.969572	1.7549188	1.520806	1.7549381	1.5208125	0.0077327631	1.2910205	1.40522	-0.13985792	-0.00013928653	0.26575721	1.610885	0.2657682	1.6108809	-0.00031869193	-5.3060196e-05	0.0011845105	0.31253843	-1.4878851	-1.2635841	1.4878406	1.263604	-0.24274072	3.3783994	2	2	0	0	-113.53971	R0:S0:1	1.40522	-223.79955	uncorrelated	2	b8cfe21	v2.4.3	YY	Broyden	8	sharp_wc_2.0_b_50	self-energy/D	run_optim.py	2024-05-14@10:37
2x2_2C_8b_C2v_L	-5.0827215	0	12.627551	0.38596028	0.24362385	-4.5968816	-5.6236237	-0.20916792	-5.6246452	-0.20920805	0.30717833	-5.3221536	14.371159	0.17971925	3.8505227e-05	0.028284213	-0.19197319	0.028297587	-0.19199429	2.5850507e-05	-1.5823604e-05	-8.1765896e-05	-1.3165659	2.1726584	0.15048505	-2.172855	-0.15050915	0.32918842	-2.8075454	3.0828873	1	-1.3615147	0.048691543	1.2536935	1.7015829	-0.59486896	-0.20367696	0.10321259	0.41398494	0.0090163951	1.9695088	1.7537066	1.5227547	1.7537288	1.5227307	0.0077306844	1.2902842	1.4044892	-0.13936987	-5.2266108e-05	0.26647251	1.6047116	0.26643509	1.6047529	-0.00023651078	-1.8703351e-05	0.00047344375	0.31288126	-1.4934386	-1.2633855	1.4934133	1.2634827	-0.24319021	3.379848	2	2	0	0	-113.58276	R0:S0:1	1.4044892	-223.76318	uncorrelated	2	b8cfe21	v2.4.3	YY	Broyden	7	sharp_wc_2.0_b_50	self-energy/D	run_optim.py	2024-05-14@11:11
2x2_2C_8b_C2v_L	-5.1632099	0	12.619822	0.38557835	0.24543745	-4.5688935	-5.6156253	-0.21194225	-5.6163436	-0.21198698	0.31321027	-5.3152493	14.366968	0.18083247	0.00011879769	0.028505886	-0.19393541	0.028515138	-0.19395422	1.6880233e-05	-8.829803e-06	-0.00023466249	-1.3204643	2.1841459	0.15255269	-2.1842863	-0.15256562	0.3328128	-2.8227483	3.0998027	1	-1.3728768	0.048646604	1.2528303	1.7001223	-0.59859488	-0.20538	0.10432708	0.41331923	0.0088521692	1.9694673	1.750103	1.5255498	1.7501318	1.5255582	0.0077540893	1.2863548	1.4036014	-0.13775334	-0.0001756683	0.26795502	1.5932496	0.26793332	1.5932863	-0.00020806972	-4.0542622e-05	0.0013313521	0.31231507	-1.5078241	-1.2652647	1.5077394	1.2652324	-0.24507344	3.3868039	2	2	0	0	-113.58729	R0:S0:1	1.4036014	-223.70223	uncorrelated	2	b8cfe21	v2.4.3	YY	Broyden	8	sharp_wc_2.0_b_50	self-energy/D	run_optim.py	2024-05-14@11:50
2x2_2C_8b_C2v_L	-4.9542509	0	12.639598	0.38592834	0.23993347	-4.635436	-5.6260742	-0.20414594	-5.6268457	-0.20418299	0.29673411	-5.3206748	14.378711	0.17790636	7.2840648e-05	0.027965369	-0.18860382	0.027977058	-0.18861994	2.8280107e-05	-3.3409289e-06	-0.00012918904	-1.308576	2.1516185	0.14719774	-2.1517645	-0.14721829	0.32318269	-2.7793776	3.053729	1	-1.3508059	0.048688873	1.2550738	1.7041607	-0.5886821	-0.20099406	0.1015067	0.4157592	0.0092914062	1.9696698	1.7594968	1.5166336	1.7595169	1.5166279	0.0077032448	1.2957494	1.4066267	-0.1418025	-0.00010093437	0.26357562	1.6272994	0.26355827	1.6273101	-0.00031532953	-6.66554e-05	0.00076109791	0.31281815	-1.4690496	-1.2613615	1.4690126	1.2614231	-0.24037822	3.3699301	2	2	0	0	-113.49156	R0:S0:1	1.4066267	-223.88452	uncorrelated	2	b8cfe21	v2.4.3	YY	Broyden	7	sharp_wc_2.0_b_50	self-energy/D	run_optim.py	2024-05-14@12:24
2x2_2C_8b_C2v_L	-5.1777385	0	12.618812	0.38524893	0.24577789	-4.5654211	-5.6157963	-0.21235956	-5.6160791	-0.21236227	0.31412625	-5.3165927	14.367898	0.18108745	0.0001268726	0.028534272	-0.19428094	0.028540258	-0.19428133	4.7419434e-05	-4.8367319e-06	-0.00023434361	-1.3216767	2.1866463	0.15283804	-2.1867062	-0.15283127	0.33329101	-2.8261083	3.1037314	1	-1.3716145	0.048638665	1.2527069	1.699914	-0.5991492	-0.2056346	0.1044638	0.41328363	0.0088270413	1.9694533	1.7495276	1.5258088	1.7495463	1.5258365	0.0077535672	1.285747	1.4035288	-0.13749444	-0.00017546148	0.26819833	1.5920713	0.26820238	1.5920732	-0.00048523282	-0.00010606439	0.0013446667	0.31221139	-1.5099615	-1.2654236	1.5098878	1.2653397	-0.24525353	3.3879604	2	2	0	0	-113.6112	R0:S0:1	1.4035288	-223.72239	uncorrelated	2	b8cfe21	v2.4.3	YY	Broyden	8	sharp_wc_2.0_b_50	self-energy/D	run_optim.py	2024-05-14@13:02
2x2_2C_8b_C2v_L	-4.9652111	0	12.638474	0.38599746	0.24046086	-4.6338726	-5.6255634	-0.2046037	-5.6255313	-0.20461736	0.2976257	-5.3201706	14.377606	0.17813285	-6.5756988e-06	0.027987986	-0.18889475	0.027989159	-0.18889823	-1.2697922e-05	1.7194314e-06	6.911397e-06	-1.3093362	2.1532759	0.14749741	-2.1532735	-0.14750298	0.32373763	-2.781569	3.0558975	1	-1.352743	0.048693781	1.2549464	1.7039146	-0.58925618	-0.20123814	0.10166889	0.41557737	0.0092730366	1.9696638	1.7589942	1.5172506	1.7589878	1.5172393	0.0077076914	1.2952741	1.4064143	-0.14165129	4.7503171e-06	0.26387123	1.6250714	0.26387116	1.625072	0.00012260208	2.119973e-05	-4.7307573e-05	0.31281076	-1.4712321	-1.2615835	1.4712631	1.2616202	-0.24066104	3.3707691	2	2	0	0	-113.49571	R0:S0:1	1.4064143	-223.86574	uncorrelated	2	b8cfe21	v2.4.3	YY	Broyden	6	sharp_wc_2.0_b_50	self-energy/D	run_optim.py	2024-05-14@13:33
2x2_2C_8b_C2v_L	-4.9545859	0	12.641021	0.38552855	0.24016403	-4.6382717	-5.6305442	-0.20439972	-5.6316922	-0.20445298	0.2972232	-5.3251632	14.377844	0.17784954	1.893753e-05	0.027949032	-0.18864599	0.027963881	-0.18866736	1.8273325e-05	-9.6001786e-06	-3.8796122e-05	-1.308801	2.152155	0.14718496	-2.1523669	-0.14721233	0.32321093	-2.7801492	3.0535198	1	-1.3494371	0.048709648	1.2550935	1.7040682	-0.58868887	-0.20091454	0.10146107	0.41538584	0.0092888516	1.969639	1.7595798	1.5174609	1.7596116	1.5174508	0.0076981586	1.2963163	1.4062529	-0.1419262	-2.3956233e-05	0.26370954	1.6253915	0.26366992	1.625428	-0.00017646948	-1.8307461e-05	0.00023093782	0.31325901	-1.4693989	-1.2608168	1.4693328	1.2608919	-0.24026314	3.368954	2	2	0	0	-113.51737	R0:S0:1	1.4062529	-223.87704	uncorrelated	2	b8cfe21	v2.4.3	YY	Broyden	7	sharp_wc_2.0_b_50	self-energy/D	run_optim.py	2024-05-14@14:07
2x2_2C_8b_C2v_L	-4.894266	0	12.647885	0.38530484	0.23868933	-4.6595768	-5.6364322	-0.20230363	-5.636113	-0.20230296	0.29315008	-5.3291512	14.380359	0.17700867	-5.8186605e-05	0.027793728	-0.18713775	0.027789791	-0.18712875	-4.869845e-05	1.5834523e-05	0.00010374289	-1.3054982	2.1431509	0.14563871	-2.1430786	-0.14565233	0.32042008	-2.7680891	3.0400927	1	-1.3421102	0.048703214	1.2557634	1.7052396	-0.58572553	-0.19957251	0.10061865	0.41588945	0.0094127921	1.9696947	1.7623368	1.5153411	1.7623232	1.5153133	0.0076769824	1.2994153	1.4069194	-0.14316328	7.1499692e-05	0.26237048	1.6345095	0.26237114	1.6344703	0.00049358619	7.2790014e-05	-0.00062781451	0.31355449	-1.4583381	-1.2590813	1.4583858	1.2591969	-0.23879506	3.3634026	2	2	0	0	-113.50102	R0:S0:1	1.4069194	-223.92087	uncorrelated	2	b8cfe21	v2.4.3	YY	Broyden	5	sharp_wc_2.0_b_50	self-energy/D	run_optim.py	2024-05-14@14:33
2x2_2C_8b_C2v_L	-4.9343861	0	12.642948	0.3848144	0.23960253	-4.6470552	-5.6332958	-0.20364251	-5.6326719	-0.20359044	0.29569368	-5.3265673	14.378433	0.17756424	6.9173108e-05	0.027892593	-0.18808975	0.027910064	-0.1880584	8.679701e-05	-2.4699746e-05	-9.3097382e-05	-1.3077101	2.1489268	0.14662234	-2.1488009	-0.1466231	0.32215755	-2.7756415	3.0486472	1	-1.3463248	0.048707104	1.2553467	1.7045161	-0.5875693	-0.20041036	0.10114126	0.4155957	0.0093380351	1.9696627	1.7606228	1.5166228	1.7606061	1.5166178	0.0076909606	1.2974419	1.4065237	-0.14240347	-8.2338906e-05	0.26317327	1.6289094	0.26318551	1.6287902	-0.00083281045	-0.00011433324	0.0005773533	0.31333939	-1.4652117	-1.2602407	1.4652503	1.260347	-0.23971477	3.3669456	2	2	0	0	-113.51162	R0:S0:1	1.4065237	-223.89789	uncorrelated	2	b8cfe21	v2.4.3	YY	Broyden	6	sharp_wc_2.0_b_50	self-energy/D	run_optim.py	2024-05-14@15:02
2x2_2C_8b_C2v_L	-5.0263143	0	12.634528	0.38479871	0.24229443	-4.6190136	-5.6300536	-0.20716316	-5.6295406	-0.20715353	0.3028495	-5.3262765	14.373441	0.17883986	2.4352016e-05	0.028134685	-0.19045313	0.028124386	-0.19044696	3.5327583e-05	-1.9328722e-05	-5.1825804e-05	-1.3132049	2.1635396	0.14899359	-2.1634522	-0.1489755	0.32648208	-2.7953015	3.0690672	1	-1.3558535	0.048716338	1.2543528	1.7026673	-0.59202079	-0.20234638	0.10238089	0.41436362	0.0091434933	1.9695501	1.7564773	1.5209249	1.756467	1.5209562	0.0077144217	1.2934319	1.4050368	-0.14066114	-2.8549238e-05	0.26525215	1.6125912	0.26528831	1.6125724	-0.00031977385	-2.9618993e-05	0.00031024635	0.31336245	-1.4826478	-1.262054	1.4826544	1.2619466	-0.24179722	3.3741923	2	2	0	0	-113.56728	R0:S0:1	1.4050368	-223.81827	uncorrelated	2	b8cfe21	v2.4.3	YY	Broyden	6	sharp_wc_2.0_b_50	self-energy/D	run_optim.py	2024-05-14@15:29
2x2_2C_8b_C2v_L	-5.0621971	0	12.631993	0.3842339	0.2432932	-4.6089942	-5.6318445	-0.20866601	-5.6314844	-0.20861392	0.30592904	-5.3281242	14.370806	0.17924161	-8.2060533e-06	0.028208739	-0.19138394	0.028213004	-0.19136471	2.1005288e-05	-3.1006581e-07	4.4052357e-05	-1.3153133	2.1694848	0.14987333	-2.1694152	-0.14985985	0.32807249	-2.8030339	3.0767363	1	-1.3583774	0.04872064	1.2539949	1.701942	-0.59366225	-0.20301954	0.10281727	0.413707	0.0090632796	1.9694902	1.75498	1.5230131	1.7549672	1.5230073	0.0077168248	1.2922145	1.4042825	-0.14002525	1.5453568e-05	0.2660564	1.6055887	0.2660597	1.6055599	-0.00017241595	-2.4009847e-05	-0.0002426556	0.31359802	-1.4893244	-1.2622177	1.4893586	1.2622375	-0.24248093	3.3764029	2	2	0	0	-113.60041	R0:S0:1	1.4042825	-223.78515	uncorrelated	2	b8cfe21	v2.4.3	YY	Broyden	6	sharp_wc_2.0_b_50	self-energy/D	run_optim.py	2024-05-14@15:55
2x2_2C_8b_C2v_L	-4.8890271	0	12.648352	0.38407622	0.23827461	-4.6607658	-5.6337502	-0.20177159	-5.6331022	-0.20172728	0.29208943	-5.3253517	14.380852	0.17687	0.00011481706	0.027746461	-0.18680515	0.02775304	-0.18679895	6.6802916e-05	-1.9500134e-05	-0.00019345081	-1.3044288	2.1408971	0.14540965	-2.1407694	-0.14539251	0.31992334	-2.7649332	3.0374486	1	-1.3438898	0.048688352	1.2558651	1.7054909	-0.5852129	-0.19938328	0.10051885	0.41618518	0.009436155	1.9697293	1.7627396	1.5145455	1.7627404	1.5145762	0.0076778523	1.2995616	1.4072448	-0.14330424	-0.00015016717	0.26210329	1.6368612	0.26210911	1.6368318	-0.00069377426	-0.00010482002	0.0011631555	0.31331922	-1.4563689	-1.2593168	1.4563162	1.2591861	-0.23865264	3.3630571	2	2	0	0	-113.4693	R0:S0:1	1.4072448	-223.9484	uncorrelated	2	b8cfe21	v2.4.3	YY	Broyden	6	sharp_wc_2.0_b_50	self-energy/D	run_optim.py	2024-05-14@16:21
2x2_2C_8b_C2v_L	-5.0344953	0	12.632751	0.38548926	0.24233063	-4.6126794	-5.6271523	-0.2073931	-5.6275436	-0.20740646	0.30333476	-5.3238592	14.373582	0.17897608	6.2616946e-05	0.028166432	-0.19070247	0.028167347	-0.19070615	4.8355878e-05	-2.1446542e-05	-0.00012597725	-1.31354	2.1648817	0.14924334	-2.1649591	-0.14924839	0.32692591	-2.797095	3.0715276	1	-1.3571085	0.048706601	1.2542324	1.702523	-0.59250409	-0.20260933	0.10253877	0.41446999	0.0091208158	1.9695513	1.7559826	1.520831	1.7559955	1.5208415	0.0077192834	1.2926564	1.4051148	-0.14036365	-8.0465775e-05	0.26541852	1.6122562	0.26542205	1.6122497	-0.00046271159	-5.9594612e-05	0.00074124176	0.3131065	-1.4842646	-1.2625094	1.4842299	1.2625093	-0.24208007	3.3755736	2	2	0	0	-113.55951	R0:S0:1	1.4051148	-223.80948	uncorrelated	2	b8cfe21	v2.4.3	YY	Broyden	7	sharp_wc_2.0_b_50	self-energy/D	run_optim.py	2024-05-14@16:50
2x2_2C_8b_C2v_L	-5.0350301	0	12.635139	0.38383576	0.24254635	-4.6184239	-5.634934	-0.20762304	-5.6341096	-0.20757378	0.30372937	-5.3306151	14.372795	0.17883511	1.3677549e-06	0.028145218	-0.19066233	0.028134631	-0.19063876	1.8166257e-05	-6.7255878e-06	3.1279331e-06	-1.313784	2.1653453	0.14913481	-2.165187	-0.1491178	0.32673522	-2.7975026	3.0706903	1	-1.3544077	0.048729766	1.2543133	1.7024924	-0.59227701	-0.20239158	0.10240845	0.41399456	0.0091235619	1.9695102	1.7563035	1.5218447	1.7562825	1.5218549	0.0077083808	1.2936346	1.4046499	-0.14060063	2.478748e-06	0.26543602	1.6101703	0.26546989	1.6101102	-0.00015683868	-1.6592703e-05	-9.9132027e-06	0.31374248	-1.4839598	-1.261638	1.4839975	1.2616134	-0.24178367	3.3738895	2	2	0	0	-113.59893	R0:S0:1	1.4046499	-223.82334	uncorrelated	2	b8cfe21	v2.4.3	YY	Broyden	6	sharp_wc_2.0_b_50	self-energy/D	run_optim.py	2024-05-14@17:16
2x2_2C_8b_C2v_L	-5.0699123	0	12.633472	0.38275491	0.24351788	-4.6109887	-5.6381406	-0.20904304	-5.6381104	-0.20904911	0.30686174	-5.3354162	14.370389	0.17917755	-7.2543568e-05	0.028195658	-0.19151347	0.028201092	-0.19151253	-3.7237032e-05	1.3863226e-05	0.00015038529	-1.316056	2.1711227	0.14989858	-2.1711116	-0.14990838	0.32820565	-2.8053842	3.0780868	1	-1.35524	0.048736974	1.2539978	1.7017926	-0.59377441	-0.2029676	0.10277724	0.41323936	0.0090476314	1.9694389	1.7549314	1.5241444	1.7549231	1.5241219	0.0077073722	1.292789	1.4038037	-0.14005488	9.4264795e-05	0.26624448	1.602852	0.26623128	1.6028481	0.00037247343	6.0226832e-05	-0.00087431097	0.31415537	-1.4902973	-1.2614009	1.4903395	1.2614863	-0.2423286	3.3755012	2	2	0	0	-113.64659	R0:S0:1	1.4038037	-223.80214	uncorrelated	2	b8cfe21	v2.4.3	YY	Broyden	11	sharp_wc_2.0_b_50	self-energy/D	run_optim.py	2024-05-14@17:59
2x2_2C_8b_C2v_L	-5.0076372	0	12.637552	0.38461146	0.24194086	-4.626829	-5.6386286	-0.20685064	-5.6374751	-0.20678756	0.30223298	-5.3345439	14.373084	0.17844975	-0.00013168176	0.028069241	-0.19007938	0.028060955	-0.19004753	-4.9346887e-05	2.2979813e-05	0.00027713011	-1.3125518	2.1619969	0.14849693	-2.1617745	-0.14847862	0.3256642	-2.7932613	3.0653683	1	-1.3499661	0.048740738	1.2545778	1.702904	-0.59115464	-0.20185733	0.10205694	0.41407047	0.0091711923	1.9695126	1.7574156	1.5212596	1.7573727	1.5212412	0.0077001068	1.2950574	1.40479	-0.14111277	0.00017760703	0.26499424	1.6131289	0.26502037	1.6130724	0.00052684995	8.3470198e-05	-0.001612966	0.3140506	-1.4797068	-1.2607708	1.4798301	1.2608264	-0.24117455	3.3714013	2	2	0	0	-113.59976	R0:S0:1	1.40479	-223.81556	uncorrelated	2	b8cfe21	v2.4.3	YY	Broyden	8	sharp_wc_2.0_b_50	self-energy/D	run_optim.py	2024-05-14@18:33
2x2_2C_8b_C2v_L	-5.0041162	0	12.638668	0.38465872	0.24208386	-4.6305793	-5.6440992	-0.20702962	-5.6433469	-0.20701907	0.30266507	-5.3398215	14.371957	0.17833972	-3.8122349e-05	0.028051985	-0.19007191	0.028038557	-0.1900609	-3.6985028e-05	1.3275391e-05	7.5509092e-05	-1.312887	2.1625025	0.14840765	-2.1623601	-0.14840457	0.32555092	-2.7938931	3.0650331	1	-1.3466346	0.048759548	1.2546239	1.7028518	-0.59105411	-0.20172809	0.10196698	0.41369514	0.0091679673	1.9694749	1.7575814	1.5220686	1.7575543	1.5220628	0.0076905311	1.2957466	1.4044185	-0.14125149	4.2699558e-05	0.26506175	1.6114114	0.26509568	1.6113668	0.00035194506	4.7098624e-05	-0.00045076269	0.31455626	-1.4797604	-1.260057	1.4798379	1.2600869	-0.2409574	3.370219	2	2	0	0	-113.62998	R0:S0:1	1.4044185	-223.79677	uncorrelated	2	b8cfe21	v2.4.3	YY	Broyden	9	sharp_wc_2.0_b_50	self-energy/D	run_optim.py	2024-05-14@19:12
2x2_2C_8b_C2v_L	-4.9758647	0	12.64249	0.38330692	0.24123569	-4.6409782	-5.6439101	-0.20571093	-5.6437086	-0.20567247	0.29991165	-5.3392546	14.374189	0.17789042	-4.7512548e-05	0.027954422	-0.18916068	0.027954976	-0.18915801	-1.4797751e-05	1.3422574e-05	8.2128657e-05	-1.3106768	2.1567432	0.14757618	-2.1567065	-0.14755759	0.32399795	-2.7863847	3.0572817	1	-1.345297	0.048757688	1.2549859	1.7035165	-0.58943439	-0.20101302	0.10152878	0.4141327	0.0092427416	1.9695216	1.7590696	1.5205146	1.7590657	1.5205121	0.007684671	1.2972136	1.4049512	-0.14192299	7.7492215e-05	0.26433574	1.6170461	0.26432238	1.6170859	0.00014662331	7.0095241e-06	-0.00047190673	0.31453965	-1.4734902	-1.2596493	1.4734922	1.2595835	-0.24023757	3.3675298	2	2	0	0	-113.60394	R0:S0:1	1.4049512	-223.85412	uncorrelated	2	b8cfe21	v2.4.3	YY	Broyden	8	sharp_wc_2.0_b_50	self-energy/D	run_optim.py	2024-05-14@19:50
2x2_2C_8b_C2v_L	-5.0917818	0	12.632109	0.3833788	0.24434955	-4.6047136	-5.6415605	-0.21029925	-5.6411358	-0.21031012	0.30960618	-5.3394966	14.367641	0.1794252	-7.5268009e-05	0.028250379	-0.19222739	0.02824892	-0.1922289	-3.9038872e-05	1.5015058e-05	0.00014999582	-1.3177528	2.1758122	0.15053632	-2.1757296	-0.1505368	0.32942071	-2.8117049	3.0836158	1	-1.3556696	0.048743843	1.2537398	1.7012098	-0.59499782	-0.20343561	0.10307641	0.41255967	0.0089826918	1.9693785	1.7538479	1.5261713	1.7538338	1.5261704	0.0077050188	1.2921988	1.4030496	-0.13961311	0.00010001339	0.26687802	1.5965951	0.26688476	1.5965911	0.00037823995	5.5825555e-05	-0.00086765355	0.31455078	-1.4954848	-1.2611384	1.4955236	1.2611353	-0.24276773	3.3766438	2	2	0	0	-113.6814	R0:S0:1	1.4030496	-223.7482	uncorrelated	2	b8cfe21	v2.4.3	YY	Broyden	8	sharp_wc_2.0_b_50	self-energy/D	run_optim.py	2024-05-14@20:27
2x2_2C_8b_C2v_L	-5.1267448	0	12.630472	0.38180475	0.24538262	-4.5985917	-5.646918	-0.21183345	-5.6472507	-0.21186625	0.31300028	-5.3464308	14.364149	0.1797145	1.1107198e-05	0.028294016	-0.19306954	0.028309091	-0.19308451	1.647851e-05	-1.1711456e-05	-2.7558584e-05	-1.3200978	2.1817241	0.15126369	-2.1817898	-0.15128307	0.3307894	-2.8197872	3.0907817	1	-1.3550504	0.04874825	1.2534483	1.700501	-0.59642702	-0.20394869	0.10340063	0.41166601	0.0089030925	1.969296	1.7525645	1.5288481	1.752567	1.5288255	0.0076971674	1.2916612	1.4020659	-0.13910358	-1.3692849e-05	0.26765924	1.5886301	0.26763369	1.588643	-0.00013467517	-1.9404113e-06	0.00015913275	0.31513495	-1.5017406	-1.2604654	1.50176	1.2605508	-0.24317879	3.3777593	2	2	0	0	-113.73709	R0:S0:1	1.4020659	-223.71751	uncorrelated	2	b8cfe21	v2.4.3	YY	Broyden	9	sharp_wc_2.0_b_50	self-energy/D	run_optim.py	2024-05-14@21:08
2x2_2C_8b_C2v_L	-5.0451622	0	12.638892	0.38212775	0.24342873	-4.6261408	-5.6560399	-0.20901897	-5.653961	-0.20891088	0.30681508	-5.3526664	14.368524	0.17858963	-0.00013335961	0.028102692	-0.19108514	0.028082848	-0.19102431	-5.870962e-05	2.9465287e-05	0.00024969453	-1.3157808	2.1700438	0.14923368	-2.1696272	-0.14921385	0.32714672	-2.8039452	3.0731833	1	-1.3447793	0.0487914	1.2543223	1.7019884	-0.59263195	-0.20221632	0.10228383	0.41234824	0.0090763739	1.9693462	1.7562545	1.5257755	1.7561955	1.5257588	0.007678393	1.2956678	1.4029725	-0.14078947	0.00019252691	0.26603156	1.6007148	0.2660843	1.6005585	0.00057134489	6.6664915e-05	-0.0014380573	0.31566706	-1.4870343	-1.2589739	1.4871673	1.2590607	-0.24132443	3.3705707	2	2	0	0	-113.72612	R0:S0:1	1.4029725	-223.78235	uncorrelated	2	b8cfe21	v2.4.3	YY	Broyden	9	sharp_wc_2.0_b_50	self-energy/D	run_optim.py	2024-05-14@21:49
2x2_2C_8b_C2v_L	-5.0366892	0	12.642341	0.38107467	0.24349368	-4.6338746	-5.6664456	-0.20912645	-5.6669283	-0.20914412	0.30723894	-5.365016	14.367384	0.17824624	-6.3348134e-05	0.02803347	-0.19089434	0.028041854	-0.19089762	-7.1737051e-06	-8.4342558e-07	0.00011779851	-1.3159058	2.1699863	0.14889829	-2.1700693	-0.14891946	0.32668156	-2.8044084	3.0714068	1	-1.3379802	0.048825924	1.2544854	1.70201	-0.59211805	-0.20181546	0.10201806	0.41166693	0.0090806623	1.9692718	1.756843	1.5271556	1.7568481	1.5271269	0.0076587521	1.2973941	1.4023153	-0.1411552	9.1939044e-05	0.26606163	1.5981395	0.26603647	1.5981375	0.00010481544	3.1720895e-05	-0.00067444455	0.31671291	-1.4859861	-1.2573728	1.4860026	1.2575109	-0.24074647	3.3676404	2	2	0	0	-113.78759	R0:S0:1	1.4023153	-223.78094	uncorrelated	2	b8cfe21	v2.4.3	YY	Broyden	10	sharp_wc_2.0_b_50	self-energy/D	run_optim.py	2024-05-14@22:35
2x2_2C_8b_C2v_L	-5.0241781	0	12.64096	0.38293464	0.2432087	-4.6339484	-5.6602009	-0.20858776	-5.6590377	-0.20853461	0.30604324	-5.3572148	14.367739	0.17830001	-0.00012743376	0.028039311	-0.19067538	0.028028527	-0.19064293	-7.3316533e-05	3.057728e-05	0.00023482901	-1.3150517	2.1677862	0.14877943	-2.1675552	-0.14877819	0.32641661	-2.801209	3.0691608	1	-1.3410128	0.048809542	1.2545144	1.7022254	-0.59185724	-0.20180745	0.10202031	0.41219072	0.0091076582	1.9693332	1.7570506	1.5258465	1.7570042	1.5258051	0.0076695677	1.2969388	1.4028597	-0.14121812	0.00017453462	0.26579545	1.6015585	0.26581914	1.6014736	0.00070519726	9.1498143e-05	-0.0013658118	0.31611878	-1.4843427	-1.2581103	1.4844868	1.2582647	-0.24085299	3.3683254	2	2	0	0	-113.73613	R0:S0:1	1.4028597	-223.75688	uncorrelated	2	b8cfe21	v2.4.3	YY	Broyden	10	sharp_wc_2.0_b_50	self-energy/D	run_optim.py	2024-05-14@23:20
2x2_2C_8b_C2v_L	-4.975433	0	12.645863	0.38213308	0.24181739	-4.6508099	-5.6628844	-0.2065801	-5.6624795	-0.20654627	0.30184699	-5.3596455	14.370526	0.177606	-0.00010314166	0.027907737	-0.18932423	0.027902453	-0.18930433	-5.3172103e-05	2.3563507e-05	0.00020269898	-1.3121066	2.1596442	0.14744692	-2.1595589	-0.14744511	0.32395515	-2.790557	3.0578498	1	-1.3347204	0.048817512	1.2550813	1.7032303	-0.58936338	-0.20069231	0.10130117	0.41278603	0.0092225987	1.9693838	1.7593787	1.5234726	1.7593595	1.5234475	0.0076573887	1.2993897	1.4035986	-0.14228062	0.00013882449	0.2646635	1.6103398	0.26466681	1.6103083	0.00053419035	7.2910276e-05	-0.001184605	0.31625458	-1.4746719	-1.2572756	1.4747371	1.2573681	-0.23963134	3.3639102	2	2	0	0	-113.7158	R0:S0:1	1.4035986	-223.81429	uncorrelated	2	b8cfe21	v2.4.3	YY	Broyden	9	sharp_wc_2.0_b_50	self-energy/D	run_optim.py	2024-05-15@00:01
2x2_2C_8b_C2v_L	-4.8796889	0	12.653657	0.38383846	0.23914677	-4.6767792	-5.6606848	-0.20278099	-5.6597225	-0.2027277	0.29426474	-5.3554838	14.376569	0.17651127	-7.0146362e-05	0.02769063	-0.18693594	0.027680752	-0.18690419	-4.3002906e-05	2.0634132e-05	0.00013491592	-1.3063978	2.1443629	0.1451381	-2.1441781	-0.14512641	0.31968385	-2.7702592	3.0375112	1	-1.3272076	0.048782343	1.2560342	1.7051301	-0.58498736	-0.19887025	0.100136	0.41436492	0.0094265834	1.9695385	1.7633604	1.5182431	1.7633266	1.5182237	0.0076426317	1.302872	1.405427	-0.14397072	9.2903679e-05	0.26245811	1.6287091	0.26248457	1.6286427	0.00043805393	5.3335955e-05	-0.0008022634	0.31573687	-1.4571449	-1.2561743	1.4572397	1.2562449	-0.23771116	3.3575227	2	2	0	0	-113.63276	R0:S0:1	1.405427	-223.88369	uncorrelated	2	b8cfe21	v2.4.3	YY	Broyden	7	sharp_wc_2.0_b_50	self-energy/D	run_optim.py	2024-05-15@00:34
2x2_2C_8b_C2v_L	-4.9922948	0	12.646106	0.3825489	0.24269957	-4.6484575	-5.6741645	-0.20799832	-5.6735276	-0.20793806	0.30484998	-5.371921	14.367481	0.17766809	-8.4498615e-05	0.027925011	-0.19000478	0.027920745	-0.18996945	-4.5735826e-05	1.8375209e-05	0.00017176398	-1.3141622	2.1650161	0.14790689	-2.1648833	-0.14790692	0.32492187	-2.7977904	3.0631031	1	-1.3297252	0.048853162	1.2549072	1.7026359	-0.5903517	-0.20095546	0.1014481	0.41170176	0.0091555292	1.9692675	1.7586087	1.5263366	1.7585792	1.5262952	0.0076420371	1.2997353	1.402451	-0.14201095	0.00011114957	0.26537562	1.6025119	0.26538314	1.6024361	0.0004580777	6.8491723e-05	-0.0010000648	0.31731003	-1.4794115	-1.2560506	1.4795115	1.2562207	-0.23972453	3.3634844	2	2	0	0	-113.79749	R0:S0:1	1.402451	-223.75891	uncorrelated	2	b8cfe21	v2.4.3	YY	Broyden	8	sharp_wc_2.0_b_50	self-energy/D	run_optim.py	2024-05-15@01:12
2x2_2C_8b_C2v_L	-5.0004708	0	12.647914	0.38216989	0.24356517	-4.6538265	-5.6890774	-0.20916925	-5.6883802	-0.20913473	0.3074121	-5.3881312	14.364127	0.17761876	-8.11573e-06	0.027907018	-0.19041198	0.027902551	-0.19039747	-4.9333023e-06	9.0170303e-06	2.9184116e-05	-1.3160876	2.1691041	0.14807413	-2.1689777	-0.14806104	0.32536362	-2.803472	3.0660137	1	-1.3219393	0.048897242	1.2548685	1.702197	-0.59080567	-0.20092487	0.10140662	0.41048997	0.0091134682	1.9691481	1.7583657	1.5293159	1.7583408	1.5293124	0.0076189108	1.3009802	1.4012051	-0.14207691	9.9412542e-06	0.2659075	1.5950314	0.26593247	1.5949975	4.3126253e-05	-6.5514318e-06	-0.00016739646	0.31865841	-1.4824161	-1.2542598	1.4824865	1.2542642	-0.23945141	3.3614801	2	2	0	0	-113.89698	R0:S0:1	1.4012051	-223.71131	uncorrelated	2	b8cfe21	v2.4.3	YY	Broyden	9	sharp_wc_2.0_b_50	self-energy/D	run_optim.py	2024-05-15@01:53
2x2_2C_8b_C2v_L	-4.9628355	0	12.653626	0.38020158	0.24239262	-4.6692148	-5.692537	-0.20750363	-5.6918996	-0.20745571	0.30399085	-5.3911394	14.366581	0.17695014	-7.474164e-05	0.027785097	-0.18923751	0.027783558	-0.18922142	-4.4497666e-05	2.2240751e-05	0.00016800266	-1.3133384	2.1619787	0.14694704	-2.1618616	-0.14693121	0.3233584	-2.7941934	3.0557439	1	-1.3185095	0.048910701	1.2553638	1.7030281	-0.58864668	-0.19992247	0.10079094	0.41083724	0.0092132821	1.9691858	1.7604079	1.5275791	1.7603799	1.5275561	0.0076114594	1.3033217	1.4016772	-0.14305287	9.3770452e-05	0.26496221	1.6017294	0.26496705	1.6017268	0.00044725229	6.2209037e-05	-0.00098018103	0.31893954	-1.4742206	-1.253471	1.474312	1.2535038	-0.23844713	3.3572039	2	2	0	0	-113.88258	R0:S0:1	1.4016772	-223.78207	uncorrelated	2	b8cfe21	v2.4.3	YY	Broyden	8	sharp_wc_2.0_b_50	self-energy/D	run_optim.py	2024-05-15@02:30
2x2_2C_8b_C2v_L	-4.9424361	0	12.661104	0.37797301	0.24252341	-4.688629	-5.7169166	-0.20769693	-5.7164465	-0.20764958	0.3046129	-5.4167273	14.363893	0.17625122	-9.2119299e-05	0.027669035	-0.1887966	0.027657572	-0.18877592	-4.7960793e-05	1.6660724e-05	0.0001819306	-1.3135648	2.1617074	0.14622156	-2.1616194	-0.14621673	0.3222427	-2.7942682	3.0510993	1	-1.304447	0.048978724	1.2557308	1.7031056	-0.5874522	-0.19902098	0.10020724	0.4093908	0.0092358546	1.9690401	1.7617978	1.530311	1.7617661	1.5302686	0.0075719116	1.307095	1.4002888	-0.14395947	0.00011879962	0.26482483	1.5967024	0.2648394	1.5966765	0.00048841961	7.7874895e-05	-0.0010604608	0.32115562	-1.4715277	-1.2502621	1.4716517	1.2503989	-0.23719566	3.3506165	2	2	0	0	-114.00967	R0:S0:1	1.4002888	-223.77472	uncorrelated	2	b8cfe21	v2.4.3	YY	Broyden	9	sharp_wc_2.0_b_50	self-energy/D	run_optim.py	2024-05-15@03:11
2x2_2C_8b_C2v_L	-5.1110668	0	12.641616	0.37867566	0.24652758	-4.6260189	-5.6951551	-0.21370874	-5.6947449	-0.2136803	0.31705663	-5.3963133	14.356898	0.17867397	-0.000159631	0.028120276	-0.19310964	0.028118627	-0.19309031	-7.9380867e-05	3.4319258e-05	0.00031904721	-1.3225029	2.1866397	0.15053972	-2.1865521	-0.15054492	0.32993557	-2.8268	3.088701	1	-1.3288323	0.048874771	1.2538549	1.7001013	-0.59549221	-0.20281875	0.10262933	0.40851945	0.0088632278	1.9689719	1.7540704	1.5361329	1.7540427	1.5360928	0.0076135851	1.2976601	1.3989517	-0.14010578	0.00021683643	0.26818708	1.5734391	0.26818523	1.5734031	0.0007422105	9.9764017e-05	-0.0018165119	0.31939473	-1.5017372	-1.253591	1.5018467	1.2537485	-0.24127249	3.367731	2	2	0	0	-114.00717	R0:S0:1	1.3989517	-223.65156	uncorrelated	2	b8cfe21	v2.4.3	YY	Broyden	9	sharp_wc_2.0_b_50	self-energy/D	run_optim.py	2024-05-15@03:52
2x2_2C_8b_C2v_L	-5.0022878	0	12.654575	0.37787589	0.24400998	-4.6688354	-5.7129111	-0.20995168	-5.712754	-0.20993587	0.30922538	-5.4137681	14.361392	0.17706051	-7.8845711e-05	0.027808285	-0.19034958	0.027811097	-0.19034867	-2.2515283e-05	9.6082669e-06	0.00015840896	-1.3172154	2.1711942	0.1476908	-2.1711639	-0.14768511	0.32490207	-2.8067113	3.0648674	1	-1.3101549	0.048961894	1.2550923	1.7020108	-0.59025827	-0.20030042	0.10100685	0.40888687	0.0090995657	1.968987	1.7591298	1.5328101	1.759121	1.5327978	0.0075797114	1.3041029	1.399622	-0.14264424	0.0001107602	0.26613945	1.5874557	0.26612814	1.5874782	0.00024536395	4.3679521e-05	-0.00090585283	0.32084042	-1.4823379	-1.2510858	1.4823711	1.2510947	-0.23849018	3.3561364	2	2	0	0	-114.03719	R0:S0:1	1.399622	-223.73625	uncorrelated	2	b8cfe21	v2.4.3	YY	Broyden	6	sharp_wc_2.0_b_50	self-energy/D	run_optim.py	2024-05-15@04:20
2x2_2C_8b_C2v_L	-5.0613122	0	12.653158	0.37697456	0.24600783	-4.6560485	-5.7305074	-0.21347416	-5.7296337	-0.2134148	0.31652331	-5.432186	14.354951	0.17738339	1.6057825e-05	0.027914709	-0.19214303	0.027908447	-0.19212995	4.6198058e-05	-1.3388377e-05	-1.9526356e-05	-1.3218726	2.1840677	0.14909906	-2.1839174	-0.14906676	0.32761194	-2.8237143	3.0789855	1	-1.3066211	0.048980221	1.254537	1.7005514	-0.5930629	-0.20125288	0.10159614	0.40680871	0.0089185033	1.9687796	1.7567617	1.5391229	1.7567357	1.5391367	0.0075519427	1.303463	1.3973699	-0.14154409	-1.1210876e-05	0.26772674	1.5695163	0.26775855	1.5695059	-0.00038834714	-4.6455419e-05	0.00012807812	0.32245735	-1.4947906	-1.2488745	1.4948502	1.248777	-0.23915774	3.3576426	2	2	0	0	-114.18009	R0:S0:1	1.3973699	-223.64763	uncorrelated	2	b8cfe21	v2.4.3	YY	Broyden	7	sharp_wc_2.0_b_50	self-energy/D	run_optim.py	2024-05-15@04:52
2x2_2C_8b_C2v_L	-5.1039065	0	12.656805	0.37439531	0.2484424	-4.6612472	-5.7630949	-0.21707777	-5.7634231	-0.21706013	0.32387576	-5.4681815	14.347164	0.17732916	-0.00050166391	0.027897227	-0.19357512	0.027928896	-0.19354985	-0.00014341185	4.1576139e-05	0.0009989567	-1.3270753	2.1961586	0.1497714	-2.1961606	-0.14982786	0.32926092	-2.840264	3.0895533	1	-1.2925714	0.049014323	1.2542709	1.6992372	-0.59486767	-0.20152449	0.10173165	0.40388292	0.0087657823	1.968499	1.7554658	1.5474325	1.7554487	1.5473173	0.0074910851	1.3054495	1.3943204	-0.14111771	0.00070222747	0.26920274	1.5486606	0.26910147	1.5486219	0.0014628611	0.00028183465	-0.0055753653	0.32541191	-1.5046256	-1.2432913	1.5047559	1.2437907	-0.23879661	3.354613	2	2	0	0	-114.41591	R0:S0:1	1.3943204	-223.56429	uncorrelated	2	b8cfe21	v2.4.3	YY	Broyden	8	sharp_wc_2.0_b_50	self-energy/D	run_optim.py	2024-05-15@05:28
2x2_2C_8b_C2v_L	-5.0274863	0	12.662465	0.37536123	0.24605596	-4.6821545	-5.7667313	-0.21402321	-5.7658622	-0.21397604	0.31774868	-5.4698362	14.350006	0.17626661	-7.2770755e-05	0.027735271	-0.19163434	0.027730973	-0.19160685	-2.0583579e-05	9.2236865e-06	0.00016087954	-1.3223234	2.1843028	0.14802305	-2.184131	-0.14801626	0.32607344	-2.8245093	3.0726871	1	-1.2851977	0.049075569	1.2550382	1.7006153	-0.59146324	-0.20001893	0.10077905	0.40468834	0.0089300766	1.9685586	1.7586907	1.5434512	1.7586622	1.543439	0.0074889964	1.3087723	1.3953283	-0.14266049	9.7847182e-05	0.26767704	1.5614889	0.26769782	1.561422	0.00022086916	3.9501098e-05	-0.00090683971	0.32569556	-1.4912887	-1.2437289	1.4913676	1.2437971	-0.23736193	3.3483931	2	2	0	0	-114.36577	R0:S0:1	1.3953283	-223.59431	uncorrelated	2	b8cfe21	v2.4.3	YY	Broyden	8	sharp_wc_2.0_b_50	self-energy/D	run_optim.py	2024-05-15@06:05
2x2_2C_8b_C2v_L	-5.0231151	0	12.672527	0.37250451	0.24715342	-4.7057906	-5.8176379	-0.21662516	-5.8167391	-0.21660143	0.32286905	-5.5226299	14.341317	0.17510031	-7.7809295e-05	0.027575387	-0.19200568	0.027554117	-0.19199823	-5.1940762e-05	2.1060963e-05	0.00015223241	-1.325506	2.191552	0.14750613	-2.1913963	-0.14748132	0.32562986	-2.8345026	3.0733273	1	-1.2588065	0.049170349	1.2553116	1.6998933	-0.59114442	-0.19911692	0.10016135	0.40114878	0.0088367831	1.968196	1.7595752	1.5520203	1.759544	1.5520304	0.0073962233	1.3144185	1.3917866	-0.14325172	9.9724144e-05	0.26844669	1.5419444	0.26849074	1.5419464	0.00046014956	5.3982087e-05	-0.00086045539	0.33027122	-1.4941117	-1.2363279	1.4941986	1.2362485	-0.23559553	3.3386232	2	2	0	0	-114.6598	R0:S0:1	1.3917866	-223.501	uncorrelated	2	b8cfe21	v2.4.3	YY	Broyden	10	sharp_wc_2.0_b_50	self-energy/D	run_optim.py	2024-05-15@06:49
2x2_2C_8b_C2v_L	-4.919043	0	12.675554	0.37529178	0.2436973	-4.7246799	-5.7834694	-0.21013147	-5.7834379	-0.21015658	0.31002428	-5.4874186	14.354258	0.17483054	1.7752218e-05	0.027434069	-0.18888487	0.027435011	-0.1888841	1.4220671e-05	-9.0351905e-06	-3.2530615e-05	-1.3170551	2.1689047	0.14527747	-2.1688955	-0.14528691	0.32115435	-2.8047414	3.0492434	1	-1.2663354	0.049157687	1.2562399	1.7024583	-0.58636057	-0.19755622	0.099203715	0.40500956	0.0091754423	1.9685818	1.7635444	1.5397517	1.7635471	1.5397643	0.0074614323	1.3151809	1.3959391	-0.14529846	-2.6037924e-05	0.26559785	1.575872	0.26560783	1.5758369	-0.00012910458	-1.0429488e-05	0.00018684256	0.32710304	-1.4725139	-1.2418289	1.4724987	1.2418391	-0.23467436	3.3366055	2	2	0	0	-114.39393	R0:S0:1	1.3959391	-223.66347	uncorrelated	2	b8cfe21	v2.4.3	YY	Broyden	4	sharp_wc_2.0_b_50	self-energy/D	run_optim.py	2024-05-15@07:09
2x2_2C_8b_C2v_L	-4.9962086	0	12.680312	0.36904631	0.24647279	-4.7259683	-5.8306966	-0.21554949	-5.8301316	-0.21553737	0.32089474	-5.5368622	14.343083	0.17442184	-0.00034064556	0.027420141	-0.19105126	0.027426395	-0.19103902	-0.00015381861	6.2331115e-05	0.00068834746	-1.3241319	2.1870063	0.14645858	-2.1868789	-0.14647746	0.32393799	-2.8289171	3.0652226	1	-1.2509867	0.049217015	1.255783	1.7004299	-0.58927454	-0.19808155	0.099526028	0.40069756	0.0089157318	1.9681548	1.7614056	1.5520091	1.7613653	1.5519379	0.00737773	1.3175416	1.3914401	-0.14432468	0.00045503274	0.26787137	1.5437767	0.26784481	1.5437726	0.0014610823	0.00020939425	-0.0038704435	0.33147522	-1.4879623	-1.2346399	1.4881358	1.2348962	-0.23446178	3.3328752	2	2	0	0	-114.72035	R0:S0:1	1.3914401	-223.58458	uncorrelated	2	b8cfe21	v2.4.3	YY	Broyden	7	sharp_wc_2.0_b_50	self-energy/D	run_optim.py	2024-05-15@07:41
2x2_2C_8b_C2v_L	-4.9918215	0	12.683946	0.36980848	0.24704569	-4.7340624	-5.8536612	-0.21703513	-5.8544023	-0.217066	0.32362511	-5.5600571	14.338494	0.17392535	-0.00025718594	0.027365215	-0.19139555	0.027389166	-0.19141	-0.000112215	5.0093545e-05	0.00052992034	-1.3258123	2.1911982	0.14633953	-2.1913216	-0.14637085	0.32396151	-2.8344557	3.0665109	1	-1.2391039	0.04925031	1.2558374	1.6999892	-0.58942036	-0.19781576	0.099329925	0.3990303	0.0088550774	1.9679837	1.7615506	1.5562233	1.7615458	1.5561518	0.0073346662	1.3197797	1.3897565	-0.14442142	0.00034432873	0.26832076	1.5338426	0.26825251	1.5339089	0.0010566628	0.00014590979	-0.0029611453	0.33353809	-1.490297	-1.2311691	1.4903866	1.2314181	-0.23378401	3.3289537	2	2	0	0	-114.85604	R0:S0:1	1.3897565	-223.49897	uncorrelated	2	b8cfe21	v2.4.3	YY	Broyden	10	sharp_wc_2.0_b_50	self-energy/D	run_optim.py	2024-05-15@12:33
