CDMFT_iterations	CDMFT_method	E0_1	E0_2	E_kin	GS_consistency	U	U_1_ave	convergence	dist_function	e	e_2_ave	e_ave	eb1_1	eb1_1_ave	eb2_1	eb2_1_ave	eb3_1	eb3_1_ave	eb4_1	eb4_1_ave	eb5_1	eb5_1_ave	eb6_1	eb6_1_ave	eb7_1	eb7_1_ave	eb8_1	eb8_1_ave	githash	model	mu	mu_1_ave	mu_2_ave	mu_ave	n_1	n_2	script	sector_1	sector_2	tb1_1	tb1_1_ave	tb2_1	tb2_1_ave	tb3_1	tb3_1_ave	tb4_1	tb4_1_ave	tb5_1	tb5_1_ave	tb6_1	tb6_1_ave	tb7_1	tb7_1_ave	tb8_1	tb8_1_ave	time	tpd	tpd_ave	tpp	tpp_2_ave	tpp_ave	tppp	tppp_2_ave	tppp_ave	version
2	Broyden	-87.53661439	-124.3248	3.736738831	YY	11.5	0.1991098475	self-energy	sharp_wc_5_b_50	2.0097	2	1.270406913	38.953667	9.923368474e-14	-4.906098856	1.960716901	-5.406852994	1.83153472	39.747916	2.649514159e-14	-5.406537533	1.831538459	44.595237	1.979835548e-14	14.681109	3.987833562e-14	-4.639142786	1.600220168	a248bdd	2x2_2C_8b_C2v_L	9.78	1.193997438	2	1.665954618	1.193997437783122	1.0	new_boucle_param.py	R0:N12:S0:1	uncorrelated	-5.539324331e-06	1.543747767e-06	1.327245454	-0.5496707449	-1.966190669	1.493438252	-3.479482363e-06	6.987211859e-07	1.966136952	-1.493399874	-3.329192011e-06	6.047458517e-07	-2.500297322e-06	7.543490008e-07	-2.489424901	2.62554029	2024-11-25@17:18	2.1394	-0.5473207418	1	5.184204238e-16	-0.1535977186	0.2577	1.908671507e-16	0.06588495069	v2.7.1	
2	Broyden	-87.44246622	-124.0048	3.736705907	YY	11.5	0.1988801565	self-energy	sharp_wc_5_b_50	2.0097	2	1.270406645	38.953667	9.865421792e-14	-4.910983243	1.960791542	-5.406556937	1.831836454	39.747916	2.693160582e-14	-5.406260316	1.83182814	44.595237	2.012256462e-14	14.681109	4.027905557e-14	-4.626941713	1.600480888	a248bdd	2x2_2C_8b_C2v_L	9.76	1.193765744	2	1.66593099	1.1937657440154328	0.9999999999999996	new_boucle_param.py	R0:N12:S0:1	uncorrelated	-5.521244198e-06	1.539128032e-06	1.329363306	-0.5492580331	-1.968639452	1.492361976	-3.507229374e-06	7.043629674e-07	1.968605301	-1.492407076	-3.355761283e-06	6.095921763e-07	-2.511567563e-06	7.580656101e-07	-2.490894056	2.624872013	2024-11-25@17:18	2.1394	-0.54732791	1	8.979359028e-16	-0.1535922762	0.2577	2.487780536e-17	0.06588283772	v2.7.1	
2	Broyden	-87.31173626	-123.6848	3.736757862	YY	11.5	0.1987186425	self-energy	sharp_wc_5_b_50	2.0097	2	1.270407947	38.953667	9.852119208e-14	-4.910151608	1.960851527	-5.402176737	1.832050232	39.747916	2.688711297e-14	-5.401883274	1.832052108	44.595237	2.005855774e-14	14.681109	3.923684075e-14	-4.610586017	1.600629245	a248bdd	2x2_2C_8b_C2v_L	9.74	1.193604222	2	1.665918528	1.1936042219809218	1.0000000000000002	new_boucle_param.py	R0:N12:S0:1	uncorrelated	-5.51544937e-06	1.538003914e-06	1.330884516	-0.5489247632	-1.970760513	1.491631652	-3.503388918e-06	7.037049799e-07	1.970712813	-1.491606968	-3.349593985e-06	6.085644791e-07	-2.477237294e-06	7.481673957e-07	-2.49145495	2.624463373	2024-11-25@17:19	2.1394	-0.5473236916	1	3.169034679e-16	-0.1535858253	0.2577	1.059131676e-16	0.06587983476	v2.7.1	
2	Broyden	-87.08542066	-123.3648	3.736258847	YY	11.5	0.1987164297	self-energy	sharp_wc_5_b_50	2.0097	2	1.270399804	38.953667	9.620511878e-14	-4.918316798	1.960947616	-5.371498949	1.831957855	39.747916	2.852912654e-14	-5.371302079	1.83196464	44.595237	2.135099463e-14	14.681109	4.475111792e-14	-4.591987889	1.600713189	a248bdd	2x2_2C_8b_C2v_L	9.72	1.193604175	2	1.665881299	1.1936041748421968	0.9999999999999998	new_boucle_param.py	R0:N12:S0:1	uncorrelated	-5.447750397e-06	1.519763317e-06	1.333126855	-0.5482948208	-1.968714138	1.491959081	-3.606998316e-06	7.249006445e-07	1.968674491	-1.49190457	-3.454247907e-06	6.27889656e-07	-2.643749767e-06	7.989688265e-07	-2.491463037	2.624310174	2024-11-25@17:20	2.1394	-0.5473880125	1	1.181263047e-16	-0.1535997916	0.2577	-1.592195937e-17	0.06588605316	v2.7.1	
2	Broyden	-86.85654781	-123.0448	3.735874849	YY	11.5	0.1986709857	self-energy	sharp_wc_5_b_50	2.0097	2	1.270393299	38.953667	9.688835226e-14	-4.902951674	1.960980398	-5.351939345	1.832000995	39.747916	2.731021329e-14	-5.351621605	1.83200466	44.595237	2.044710323e-14	14.681109	4.186514112e-14	-4.573113339	1.600779666	a248bdd	2x2_2C_8b_C2v_L	9.7	1.19355857	2	1.665849898	1.1935585700362021	0.9999999999999996	new_boucle_param.py	R0:N12:S0:1	uncorrelated	-5.464639791e-06	1.525121378e-06	1.33311627	-0.5480897262	-1.968386205	1.49180296	-3.527649019e-06	7.092305675e-07	1.968332291	-1.491765003	-3.37909675e-06	6.144418996e-07	-2.555072233e-06	7.727369849e-07	-2.491405935	2.624159606	2024-11-25@17:20	2.1394	-0.5474358827	1	-1.839912646e-16	-0.1536116887	0.2577	-3.879890166e-17	0.06588366488	v2.7.1	
2	Broyden	-86.68105048	-122.7248	3.735662563	YY	11.5	0.1985507086	self-energy	sharp_wc_5_b_50	2.0097	2	1.270389709	38.953667	9.076339223e-14	-4.893008836	1.961024455	-5.341901853	1.832163776	39.747916	3.417461297e-14	-5.341514486	1.832167241	44.595237	2.596071011e-14	14.681109	6.486644709e-14	-4.555711709	1.600893414	a248bdd	2x2_2C_8b_C2v_L	9.68	1.193437779	2	1.665822677	1.1934377784527852	1.0	new_boucle_param.py	R0:N12:S0:1	uncorrelated	-5.28696046e-06	1.476072933e-06	1.333635484	-0.547837117	-1.969477775	1.491232601	-3.9448917e-06	7.933107332e-07	1.969413456	-1.491193218	-3.806449346e-06	6.922947369e-07	-3.178169336e-06	9.618240272e-07	-2.491679979	2.623862651	2024-11-25@17:21	2.1394	-0.5474646274	1	6.700645122e-16	-0.1536161351	0.2577	4.695942021e-16	0.06589295874	v2.7.1	
2	Broyden	-86.36761351	-122.4048	3.734980797	YY	11.5	0.198598536	self-energy	sharp_wc_5_b_50	2.0097	2	1.270377492	38.953667	9.848552446e-14	-4.85902966	1.961021516	-5.312023504	1.832084401	39.747916	2.481173238e-14	-5.311901887	1.832082097	44.595237	1.854733413e-14	14.681109	3.708068913e-14	-4.534487375	1.600874266	a248bdd	2x2_2C_8b_C2v_L	9.66	1.19348443	2	1.665780251	1.1934844297785319	1.0	new_boucle_param.py	R0:N12:S0:1	uncorrelated	-5.504502383e-06	1.537615995e-06	1.331685671	-0.5478180839	-1.967548677	1.491490904	-3.359607099e-06	6.759848197e-07	1.96753317	-1.491501829	-3.215924447e-06	5.851748327e-07	-2.400725905e-06	7.271610269e-07	-2.491068555	2.623976124	2024-11-25@17:22	2.1394	-0.547548247	1	2.018063535e-16	-0.153642892	0.2577	1.36102124e-16	0.0659044064	v2.7.1	
2	Broyden	-86.17726366	-122.0848	3.734664891	YY	11.5	0.1985345832	self-energy	sharp_wc_5_b_50	2.0097	2	1.270372596	38.953667	7.873945915e-14	-4.864104539	1.961100235	-5.291603215	1.832115111	39.747916	5.173287971e-14	-5.291408957	1.832125849	44.595237	4.030739586e-14	14.681109	1.328753683e-13	-4.515985193	1.60096848	a248bdd	2x2_2C_8b_C2v_L	9.64	1.193422581	2	1.665749171	1.1934225813339605	0.9999999999999999	new_boucle_param.py	R0:N12:S0:1	uncorrelated	-4.919763214e-06	1.374792913e-06	1.333718086	-0.5473307338	-1.967058453	1.491405721	-4.849200702e-06	9.76067394e-07	1.96701374	-1.491324144	-4.739068337e-06	8.626465053e-07	-4.541314414e-06	1.376466135e-06	-2.491123793	2.623738616	2024-11-25@17:22	2.1394	-0.5475903806	1	1.306322118e-16	-0.1536489173	0.2577	-7.73784601e-18	0.06590713666	v2.7.1	
2	Broyden	-85.81463529	-121.7648	3.733895457	YY	11.5	0.1985950185	self-energy	sharp_wc_5_b_50	2.0097	2	1.270358203	38.953667	1.207486786e-13	-4.799997432	1.961030495	-5.265247777	1.832071262	39.747916	7.354409092e-15	-5.265492708	1.832081793	44.595237	4.965220708e-15	14.681109	4.780493429e-16	-4.493330671	1.600899336	a248bdd	2x2_2C_8b_C2v_L	9.62	1.193479278	2	1.665704047	1.1934792781576218	1.0	new_boucle_param.py	R0:N12:S0:1	uncorrelated	-6.089222211e-06	1.702577147e-06	1.328676291	-0.5477328274	-1.965711066	1.491544095	-1.827451616e-06	3.680260281e-07	1.96573416	-1.491481641	-1.662570775e-06	3.027712718e-07	-2.721059711e-07	8.255545064e-08	-2.490087043	2.623976088	2024-11-25@17:23	2.1394	-0.5476823046	1	1.31238098e-16	-0.1536835114	0.2577	1.460167492e-16	0.06592150301	v2.7.1	
2	Broyden	-85.57657116	-121.4448	3.733408891	YY	11.5	0.1985708276	self-energy	sharp_wc_5_b_50	2.0097	2	1.270349906	38.953667	4.494903725e-14	-4.79066837	1.961079849	-5.240333907	1.83204907	39.747916	1.381253749e-13	-5.240486504	1.832067551	44.595237	1.132844128e-13	14.681109	4.817298126e-13	-4.474867149	1.600981757	a248bdd	2x2_2C_8b_C2v_L	9.6	1.193455443	2	1.665666585	1.1934554429611621	1.0	new_boucle_param.py	R0:N12:S0:1	uncorrelated	-3.713509454e-06	1.038762187e-06	1.329241374	-0.5474134747	-1.964512398	1.491634057	-7.916180867e-06	1.594929021e-06	1.964510324	-1.491513309	-7.93807921e-06	1.446223826e-06	-8.631236472e-06	2.620496581e-06	-2.490097657	2.623804996	2024-11-25@17:24	2.1394	-0.5477440493	1	3.381325357e-16	-0.1536986306	0.2577	2.56152873e-17	0.06592810579	v2.7.1	
2	Broyden	-85.17827218	-121.1248	3.732551072	YY	11.5	0.1986027995	self-energy	sharp_wc_5_b_50	2.0097	2	1.270332665	38.953667	2.539553773e-13	-4.678012741	1.960921654	-5.229972639	1.832194398	39.747916	6.616760818e-14	-5.230522785	1.832219416	44.595237	6.069299493e-14	14.681109	6.536524552e-13	-4.45046441	1.600761188	a248bdd	2x2_2C_8b_C2v_L	9.58	1.193475836	2	1.66562246	1.1934758360603657	0.9999999999999998	new_boucle_param.py	R0:N12:S0:1	uncorrelated	-8.821742345e-06	2.469423694e-06	1.319057942	-0.5483138499	-1.965591902	1.491118738	5.476975662e-06	-1.103811974e-06	1.965641813	-1.490969013	5.808414347e-06	-1.058494009e-06	1.004233938e-05	-3.052184602e-06	-2.488833109	2.624510278	2024-11-25@17:25	2.1394	-0.5478417185	1	1.952944146e-16	-0.1537459695	0.2577	-1.619978994e-17	0.06594752144	v2.7.1	
2	Broyden	-85.16008689	-120.8048	3.73280903	YY	11.5	0.198377639	self-energy	sharp_wc_5_b_50	2.0097	2	1.270338709	38.953667	3.244818381e-15	-4.73393475	1.96110771	-5.223044582	1.832394495	39.747916	8.779626453e-13	-5.223012797	1.832415127	44.595237	7.686052876e-13	14.681109	3.51229698e-12	-4.438576291	1.601063713	a248bdd	2x2_2C_8b_C2v_L	9.56	1.193254739	2	1.665614486	1.1932547387033172	1.0	new_boucle_param.py	R0:N12:S0:1	uncorrelated	9.968571566e-07	-2.790968363e-07	1.326393507	-0.5472027666	-1.967201038	1.490424619	-1.994520641e-05	4.020406365e-06	1.967167523	-1.490281499	-2.066498958e-05	3.766463041e-06	-2.327047766e-05	7.074880184e-06	-2.490515802	2.623708502	2024-11-25@17:25	2.1394	-0.5478168813	1	5.673808679e-17	-0.1537228585	0.2577	1.685957115e-16	0.06593817566	v2.7.1	
2	Broyden	-84.82012678	-120.4848	3.731926102	YY	11.5	0.1984495158	self-energy	sharp_wc_5_b_50	2.0097	2	1.270323285	38.953667	4.902869808e-13	-4.701211342	1.961105556	-5.187301084	1.832260991	39.747916	1.839180474e-12	-5.187623986	1.832268416	44.595237	1.718140826e-12	14.681109	6.902346129e-12	-4.415534981	1.601051769	a248bdd	2x2_2C_8b_C2v_L	9.54	1.193328317	2	1.665555757	1.1933283169682691	1.0	new_boucle_param.py	R0:N12:S0:1	uncorrelated	-1.224751962e-05	3.430733441e-06	1.32444694	-0.5472048909	-1.964249408	1.490858782	2.88514374e-05	-5.819355419e-06	1.964288744	-1.490820763	3.088168398e-05	-5.631613659e-06	3.258923922e-05	-9.917521751e-06	-2.489243539	2.623749051	2024-11-25@17:26	2.1394	-0.5479266524	1	2.19474375e-16	-0.15375481	0.2577	1.840758863e-16	0.06595169251	v2.7.1	
2	Broyden	-84.56335902	-120.1648	3.731364575	YY	11.5	0.1984653008	self-energy	sharp_wc_5_b_50	2.0097	2	1.27031401	38.953667	2.085341869e-12	-4.70068042	1.961165004	-5.152786347	1.832137156	39.747916	1.14127899e-11	-5.155264662	1.83215639	44.595237	1.035555534e-11	14.681109	3.931794596e-11	-4.396478794	1.601152692	a248bdd	2x2_2C_8b_C2v_L	9.52	1.19334719	2	1.665513036	1.1933471895301566	1.0000000000000004	new_boucle_param.py	R0:N12:S0:1	uncorrelated	2.524730979e-05	-7.075112094e-06	1.326004629	-0.5468378153	-1.961557106	1.49126657	-7.183198076e-05	1.449729153e-05	1.961911529	-1.491234372	-7.578067986e-05	1.38263115e-05	-7.771880853e-05	2.366887387e-05	-2.489047322	2.623498436	2024-11-25@17:27	2.1394	-0.547999109	1	2.464702202e-16	-0.1537700971	0.2577	6.251371903e-17	0.06595854273	v2.7.1	
2	Broyden	-84.29585268	-119.8448	3.731002013	YY	11.5	0.1983558023	self-energy	sharp_wc_5_b_50	2.0097	2	1.270306172	38.953667	4.692157579e-12	-4.623527966	1.961071653	-5.156186659	1.832424376	39.747916	3.668915689e-11	-5.154533871	1.832437112	44.595237	3.485762623e-11	14.681109	1.207564329e-10	-4.377459315	1.601151741	a248bdd	2x2_2C_8b_C2v_L	9.5	1.193228779	2	1.665486152	1.1932287793450747	0.9999999999999998	new_boucle_param.py	R0:N12:S0:1	uncorrelated	-3.785410004e-05	1.061343581e-05	1.319553938	-0.547416864	-1.96482804	1.490326829	0.0001287652926	-2.598877468e-05	1.964556533	-1.49017288	0.0001389979592	-2.536454557e-05	0.0001360753039	-4.147563835e-05	-2.488869581	2.623555531	2024-11-25@17:28	2.1394	-0.5480388288	1	1.062378071e-16	-0.1537924432	0.2577	1.30461762e-16	0.06596715804	v2.7.1	
2	Broyden	-84.23379514	-119.5248	3.730962738	YY	11.5	0.1981641628	self-energy	sharp_wc_5_b_50	2.0097	2	1.270307011	38.953667	3.213013272e-11	-4.6664359	1.961232942	-5.149075631	1.832667147	39.747916	1.717038653e-10	-5.14312673	1.83258399	44.595237	1.641641896e-10	14.681109	5.145873077e-10	-4.361765587	1.601348541	a248bdd	2x2_2C_8b_C2v_L	9.48	1.193041845	2	1.665459273	1.193041844740623	1.0	new_boucle_param.py	R0:N12:S0:1	uncorrelated	9.902245553e-05	-2.777009636e-05	1.32541449	-0.546446671	-1.966111934	1.489400851	-0.0002784729574	5.621787269e-05	1.965314558	-1.489734253	-0.0003015786885	5.503942347e-05	-0.0002807627995	8.561900119e-05	-2.489655342	2.62300487	2024-11-25@17:28	2.1394	-0.5480507944	1	1.372900649e-16	-0.1537804348	0.2577	4.088993091e-17	0.06596255491	v2.7.1	
2	Broyden	-83.64332339	-119.2048	3.729178294	YY	11.5	0.1984489251	self-energy	sharp_wc_5_b_50	2.0097	2	1.27027314	38.953667	8.694137462e-11	-4.542933329	1.961075874	-5.095033347	1.832285425	39.747916	8.34477726e-10	-5.096910252	1.832302043	44.595237	7.735139941e-10	14.681109	2.21903072e-09	-4.335388906	1.601075557	a248bdd	2x2_2C_8b_C2v_L	9.46	1.193315275	2	1.665374832	1.1933152745426772	0.9999999999999998	new_boucle_param.py	R0:N12:S0:1	uncorrelated	-0.0001627739134	4.568977646e-05	1.313828337	-0.5472451354	-1.96045174	1.490735611	0.0006134571529	-0.0001239543831	1.960717211	-1.490697041	0.0006542051595	-0.0001194876052	0.0005822786912	-0.0001777619592	-2.487660279	2.624003992	2024-11-25@17:29	2.1394	-0.5482610978	1	-2.457798522e-16	-0.153866652	0.2577	-3.033505076e-16	0.06599901294	v2.7.1	
2	Broyden	-83.59264878	-118.8848	3.729361948	YY	11.5	0.1982615912	self-energy	sharp_wc_5_b_50	2.0097	2	1.270278387	38.95366699	5.385727259e-10	-4.597480205	1.961238105	-5.073050538	1.832398518	39.747916	2.53476407e-09	-5.094477559	1.832483723	44.59523701	2.437295262e-09	14.68110901	4.58728886e-09	-4.319560951	1.601332997	a248bdd	2x2_2C_8b_C2v_L	9.44	1.193136662	2	1.665358055	1.1931366617133352	0.9999999999999998	new_boucle_param.py	R0:N12:S0:1	uncorrelated	0.0004050045178	-0.0001137004148	1.321158593	-0.5463309193	-1.959728228	1.490065858	-0.001068641947	0.0002160525239	1.962901407	-1.490342047	-0.001161151535	0.0002120556612	-0.0008367465434	0.0002555947116	-2.488309895	2.623196751	2024-11-25@17:30	2.1394	-0.5482474346	1	-9.690176363e-18	-0.1538426673	0.2577	-4.099000453e-17	0.06598915152	v2.7.1	
2	Broyden	-83.31080987	-118.5648	3.72885655	YY	11.5	0.1981571908	self-energy	sharp_wc_5_b_50	2.0097	2	1.270268006	38.953667	5.495935302e-10	-4.513690757	1.961147657	-5.102143483	1.83279702	39.74791603	1.044126749e-08	-5.068684153	1.832671432	44.59523704	1.108437733e-08	14.68110903	2.140774298e-08	-4.299761065	1.601295795	a248bdd	2x2_2C_8b_C2v_L	9.42	1.193022013	2	1.665322916	1.1930220129288767	1.0	new_boucle_param.py	R0:N12:S0:1	uncorrelated	-0.0004089317368	0.0001148664791	1.313755748	-0.5468634405	-1.966720692	1.489406846	0.002169388691	-0.0004382572271	1.961761123	-1.488929328	0.00247452663	-0.0004523439892	0.001805893537	-0.0005520914236	-2.487898258	2.623388637	2024-11-25@17:30	2.1394	-0.5483045374	1	-3.730021257e-17	-0.1538710749	0.2577	-1.225014054e-16	0.06600067422	v2.7.1	
2	Broyden	-83.08668036	-118.2448	3.728253559	YY	11.5	0.1981819208	self-energy	sharp_wc_5_b_50	2.0097	2	1.270259027	38.95366695	8.53470158e-09	-4.545390261	1.961274804	-5.041473517	1.832544578	39.74791609	3.681900597e-08	-5.047693503	1.832548796	44.59523706	3.949066356e-08	14.68110922	3.829024355e-08	-4.280004359	1.601412791	a248bdd	2x2_2C_8b_C2v_L	9.4	1.193054727	2	1.665272328	1.193054726592032	1.0	new_boucle_param.py	R0:N12:S0:1	uncorrelated	0.001610774746	-0.0004526167755	1.318611898	-0.546079334	-1.959931987	1.489715459	-0.004069986692	0.000823302227	1.960881404	-1.489936458	-0.004669968163	0.0008536187826	-0.002413416264	0.000738358909	-2.487594333	2.623058774	2024-11-25@17:31	2.1394	-0.548386004	1	1.82215033e-16	-0.1538809751	0.2577	-3.734395419e-17	0.06600548137	v2.7.1	
2	Broyden	-82.7433675	-117.9248	3.727182227	YY	11.5	0.1982285542	self-energy	sharp_wc_5_b_50	2.0097	2	1.270239479	38.95366708	5.771572313e-09	-4.497218914	1.961263846	-5.0244443	1.832472414	39.74791631	1.700145276e-07	-5.005332309	1.832491371	44.59523741	1.574643296e-07	14.68110964	1.562303207e-07	-4.258695971	1.601381544	a248bdd	2x2_2C_8b_C2v_L	9.38	1.193097584	2	1.665207131	1.1930975836290254	1.0	new_boucle_param.py	R0:N12:S0:1	uncorrelated	-0.001323915908	0.0003722233461	1.314827694	-0.5460812419	-1.959789006	1.490495256	0.0087441437	-0.001768754019	1.956826819	-1.489595792	0.009318085715	-0.001705016057	0.004870446521	-0.001491289784	-2.486783338	2.623261524	2024-11-25@17:32	2.1394	-0.5485158813	1	-4.478033044e-17	-0.1539257698	0.2577	-3.355829373e-16	0.06602421956	v2.7.1	
1	Broyden	-82.89852802	-117.6048	3.728089772	YY	11.5	0.1978461977	self-energy	sharp_wc_5_b_50	2.0097	2	1.270258503	38.95366687	1.287256985e-07	-4.608711123	1.961530703	-5.034854147	1.832977006	39.74791695	6.325740386e-07	-5.008796818	1.832754637	44.59523745	8.21364487e-07	14.68111012	8.690201828e-07	-4.248046497	1.60182433	a248bdd	2x2_2C_8b_C2v_L	9.36	1.192727718	2	1.665217274	1.1927277179000981	0.9999999999999996	new_boucle_param.py	R0:N12:S0:1	uncorrelated	0.006251293793	-0.001757429822	1.328137051	-0.5445840232	-1.963821312	1.488465553	-0.01686263173	0.003411426282	1.960138402	-1.488948974	-0.02128181598	0.003893147292	-0.01148438095	0.003517503979	-2.488792605	2.621868286	2024-11-25@17:33	2.1394	-0.5484177969	1	8.55738148e-17	-0.1538647847	0.2577	-2.162115581e-16	0.06599882199	v2.7.1	
2	Broyden	-82.19661336	-117.2848	3.725523327	YY	11.5	0.1981050095	self-energy	sharp_wc_5_b_50	2.0097	2	1.270208953	38.95366758	2.020808774e-07	-4.407788528	1.961252573	-4.979705581	1.832671081	39.74791751	3.407680808e-06	-4.988074866	1.83274232	44.59524008	2.995385178e-06	14.68111182	2.729595268e-06	-4.220320273	1.601468693	a248bdd	2x2_2C_8b_C2v_L	9.34	1.192964	2	1.665086353	1.1929639994383763	0.9999999999999998	new_boucle_param.py	R0:N12:S0:1	uncorrelated	-0.007826618081	0.002202608199	1.307864635	-0.5461017011	-1.957759765	1.489318989	0.0391074857	-0.007919707279	1.958943337	-1.489166186	0.04062551941	-0.00743388957	0.02032385246	-0.006232256578	-2.485987105	2.623185911	2024-11-25@17:33	2.1394	-0.5487178406	1	-1.78260088e-16	-0.1539924824	0.2577	-3.681190363e-16	0.06605202632	v2.7.1	
3	Broyden	-82.13899552	-116.9648	3.517645495	YY	11.5	0.1978737095	self-energy	sharp_wc_5_b_50	2.0097	2	1.265388888	38.95366646	1.975403116e-06	-4.45384216	1.961400836	-4.978031723	1.83290525	39.7479372	8.690642118e-06	-4.969674023	1.83289628	44.59525933	1.062791842e-05	14.68113621	4.151142985e-06	-4.205744599	1.6018175	a248bdd	2x2_2C_8b_C2v_L	9.32	1.192738672	2	1.654530282	1.1927386721056896	1.0	new_boucle_param.py	R0:N12:S0:1	uncorrelated	0.02446372308	-0.006885423506	1.314037801	-0.5453107508	-1.959709835	1.488710592	-0.06244508831	0.01264486682	1.958487777	-1.488411645	-0.07649524727	0.01400322072	-0.02505017505	0.007685747967	-2.486480969	2.622109629	2024-11-25@17:34	2.1394	-0.5714660606	1	9.776038536e-17	-0.1656504635	0.2577	-3.33055367e-16	0.0688451797	v2.7.1	
2	Broyden	-81.95658391	-116.6448	3.37004529	YY	11.5	0.1977368	self-energy	sharp_wc_5_b_50	2.0097	2	1.261959911	38.95368792	3.336532161e-07	-4.442805164	1.961466878	-4.960776504	1.833012105	39.74803018	3.649129905e-05	-4.963017592	1.833040913	44.5953335	4.365345397e-05	14.68116967	2.416236394e-05	-4.189513419	1.602013199	a248bdd	2x2_2C_8b_C2v_L	9.3	1.192590566	2	1.647097473	1.1925905659835807	1.0	new_boucle_param.py	R0:N12:S0:1	uncorrelated	-0.01005036002	0.002829592327	1.31365481	-0.5449434691	-1.959357505	1.48821006	0.1279094593	-0.02591078044	1.959843848	-1.488003805	0.1550028961	-0.02837622444	0.06039562896	-0.01854141465	-2.486433751	2.621547738	2024-11-25@17:35	2.1394	-0.5875922479	1	5.664264772e-17	-0.1740397118	0.2577	3.220926016e-16	0.07109881234	v2.7.1	
3	Broyden	-81.76008327	-116.3248	3.289094294	YY	11.5	0.1976474859	self-energy	sharp_wc_5_b_50	2.0097	2	1.260073689	38.95367729	2.964670374e-05	-4.393460681	1.961454942	-4.965050626	1.833115234	39.74829877	0.0001322766596	-4.96027896	1.833143222	44.59570443	0.0001408296884	14.68136438	3.7032812e-05	-4.173766372	1.602119347	a248bdd	2x2_2C_8b_C2v_L	9.28	1.192456867	2	1.643056895	1.1924568669217765	1.0	new_boucle_param.py	R0:N12:S0:1	uncorrelated	0.09469733741	-0.02667323699	1.309515642	-0.5449794744	-1.963102589	1.488000201	-0.2435011805	0.04932270964	1.962680911	-1.487423896	-0.2783266517	0.0509670569	-0.07471617499	0.02295088905	-2.486348946	2.621400237	2024-11-25@17:36	2.1394	-0.5964247583	1	3.218291259e-16	-0.1787040058	0.2577	-7.246082009e-17	0.07252543843	v2.7.1	
2	Broyden	-81.49133088	-116.0048	3.221675593	YY	11.5	0.1974096147	self-energy	sharp_wc_5_b_50	2.0097	2	1.25850327	38.95396402	5.583731512e-06	-4.405794899	1.961590005	-4.919320459	1.833337767	39.75237248	2.731362275e-06	-4.923636656	1.833397706	44.60044497	1.767906171e-05	14.6833351	8.848795514e-05	-4.162388579	1.60252	a248bdd	2x2_2C_8b_C2v_L	9.26	1.19226001	2	1.639658025	1.1922600099731655	0.9999999999999998	new_boucle_param.py	R0:N12:S0:1	uncorrelated	0.04108486008	-0.01157423707	1.310952214	-0.5442438134	-1.955798381	1.48708532	0.03497398478	-0.007087876416	1.956648996	-1.486704227	0.09859096687	-0.01805597689	-0.1154567085	0.03547358287	-2.48736273	2.620191902	2024-11-25@17:37	2.1394	-0.6037940715	1	4.61389225e-18	-0.1825819912	0.2577	-2.187888099e-16	0.07379460391	v2.7.1	
2	Broyden	-81.36641697	-115.6848	3.175493316	YY	11.5	0.1972248759	self-energy	sharp_wc_5_b_50	2.0097	2	1.257422141	38.95576174	6.584127183e-05	-4.385918552	1.961623846	-4.921479926	1.833568265	39.76414312	1.707811918e-05	-4.924874138	1.833737265	44.61327241	7.736343456e-05	14.6871736	0.0002034714445	-4.151978324	1.602577163	a248bdd	2x2_2C_8b_C2v_L	9.24	1.192032427	2	1.63732106	1.1920324268273599	1.0	new_boucle_param.py	R0:N12:S0:1	uncorrelated	-0.1410380004	0.03974366464	1.309745955	-0.5440088435	-1.957902264	1.486673271	-0.08747627676	0.01771801971	1.959295856	-1.485070287	-0.2062249066	0.03777177927	0.1750339181	-0.0537855093	-2.48912585	2.619963335	2024-11-25@17:38	2.1394	-0.6088481986	1	3.911692689e-16	-0.1852235458	0.2577	-3.806234799e-16	0.07469878656	v2.7.1	
2	Broyden	-81.23479617	-115.3648	3.134772405	YY	11.5	0.1968477727	self-energy	sharp_wc_5_b_50	2.0097	2	1.2564683	38.95509427	1.662096115e-05	-4.406267956	1.961879715	-4.919936721	1.834022855	39.7721505	1.366317698e-05	-4.911307271	1.834042418	44.62473492	3.462324265e-05	14.6870574	1.177023323e-07	-4.131439392	1.603196614	a248bdd	2x2_2C_8b_C2v_L	9.22	1.191698343	2	1.635219037	1.191698343410984	1.0	new_boucle_param.py	R0:N12:S0:1	uncorrelated	0.07083921537	-0.01996652892	1.311198495	-0.5424052159	-1.959055872	1.484865283	-0.07823841941	0.01584616763	1.958107226	-1.484180862	0.1379792876	-0.02526375872	0.004207561349	-0.001293463557	-2.4863806	2.618799039	2024-11-25@17:38	2.1394	-0.6133156268	1	7.970549541e-17	-0.1875346723	0.2577	1.415761561e-17	0.07552160377	v2.7.1	
3	Broyden	-81.02367294	-115.0448	3.094677818	YY	11.5	0.1966447834	self-energy	sharp_wc_5_b_50	2.0097	2	1.255535035	38.96166861	7.551858075e-06	-4.404201217	1.962049127	-4.904661424	1.834293846	39.78747682	4.702248665e-06	-4.889021831	1.834239579	44.6457528	1.077304692e-05	14.71545282	8.722911974e-07	-4.111948805	1.603382467	a248bdd	2x2_2C_8b_C2v_L	9.2	1.19150277	2	1.633136747	1.1915027702467689	1.0	new_boucle_param.py	R0:N12:S0:1	uncorrelated	0.04773956531	-0.01345783837	1.310225903	-0.5413044607	-1.957790673	1.483841707	0.04589972177	-0.009295341145	1.955594122	-1.48353457	-0.07697855474	0.01409104518	-0.01146260791	0.003521164572	-2.485048163	2.618389703	2024-11-25@17:39	2.1394	-0.6177414011	1	-3.578551922e-17	-0.1897700419	0.2577	-1.342866427e-16	0.07635431774	v2.7.1	
2	Broyden	-81.01005106	-114.7248	3.064889714	YY	11.5	0.1965255139	self-energy	sharp_wc_5_b_50	2.0097	2	1.25483293	38.9579599	1.1336759e-05	-4.398371053	1.962140037	-4.901705994	1.833844784	39.77642762	6.870225617e-07	-4.914973525	1.834816776	44.64282337	0.0003342778347	14.69229405	0.0002344881701	-4.11199671	1.603447071	a248bdd	2x2_2C_8b_C2v_L	9.18	1.191292636	2	1.631595676	1.1912926354615725	0.9999999999999996	new_boucle_param.py	R0:N12:S0:1	uncorrelated	-0.05846430896	0.01648831524	1.309490007	-0.5406948186	-1.958970065	1.488058684	0.01755756935	-0.003549311607	1.965638441	-1.478780734	0.4282636566	-0.07855739757	0.1877303661	-0.0577195058	-2.490011047	2.617985616	2024-11-25@17:40	2.1394	-0.6210268409	1	-4.908352643e-16	-0.191421826	0.2577	2.565137497e-16	0.07698414983	v2.7.1	
2	Broyden	-80.78677899	-114.4048	3.033336708	YY	11.5	0.196147598	self-energy	sharp_wc_5_b_50	2.0097	2	1.254094951	38.97631193	3.896078142e-05	-4.418288324	1.962400843	-4.886161579	1.834826441	39.8110438	2.589599086e-08	-4.877206944	1.83485943	44.68228994	2.865380579e-05	14.7708564	8.911787129e-05	-4.092139151	1.603861261	a248bdd	2x2_2C_8b_C2v_L	9.16	1.190973817	2	1.629922604	1.190973816672448	1.0	new_boucle_param.py	R0:N12:S0:1	uncorrelated	0.1083931035	-0.03056518555	1.310901925	-0.5389018839	-1.957701113	1.482044095	-0.003406605211	0.0006896186693	1.956806408	-1.481195483	-0.125583042	0.02297581784	0.1161034048	-0.03558178001	-2.487854188	2.617471989	2024-11-25@17:41	2.1394	-0.6245206257	1	2.072425705e-16	-0.1931602228	0.2577	2.092123235e-16	0.07767660727	v2.7.1	
2	Broyden	-80.82028633	-114.0848	3.007974004	YY	11.5	0.1960740575	self-energy	sharp_wc_5_b_50	2.0097	2	1.253495688	38.94486591	6.132526335e-06	-4.427655199	1.962501567	-4.870979842	1.834344805	39.73927581	1.636706205e-06	-4.913749155	1.8353935	44.6359782	0.0003614596836	14.62373686	0.0005442717462	-4.09757215	1.603689587	a248bdd	2x2_2C_8b_C2v_L	9.14	1.19078926	2	1.628586605	1.1907892601691858	0.9999999999999997	new_boucle_param.py	R0:N12:S0:1	uncorrelated	0.04295583029	-0.0121251385	1.310910207	-0.5383105166	-1.957102491	1.48594784	-0.02705824402	0.005477905267	1.968634161	-1.477044493	0.4451955808	-0.08165441602	-0.2850698482	0.08790729795	-2.495497379	2.617085827	2024-11-25@17:42	2.1394	-0.6273364	1	2.891070951e-16	-0.19452863	0.2577	-3.30801355e-16	0.07822988098	v2.7.1	
3	Broyden	-80.79584183	-113.7648	2.984852133	YY	11.5	0.1958468458	self-energy	sharp_wc_5_b_50	2.0097	2	1.252946721	39.02122305	6.144994329e-05	-4.469180141	1.962638906	-4.863600849	1.834729626	39.89132848	5.999645429e-09	-4.898375934	1.835617887	44.7848917	0.0002966598576	14.94390817	0.0008774664685	-4.10133132	1.603709449	a248bdd	2x2_2C_8b_C2v_L	9.12	1.190517137	2	1.627360164	1.1905171372982195	0.9999999999999998	new_boucle_param.py	R0:N12:S0:1	uncorrelated	-0.1361857638	0.03837776774	1.315452356	-0.5374629808	-1.95756542	1.484192901	-0.001643113573	0.0003316798506	1.966973346	-1.476650735	-0.4044927248	0.07395819616	-0.367258191	0.1116654645	-2.502115077	2.616491052	2024-11-25@17:43	2.1394	-0.6299021136	1	-1.550190751e-16	-0.1957830536	0.2577	2.898147684e-17	0.07877113423	v2.7.1	
3	Broyden	-80.82958882	-113.4448	2.959247899	YY	11.5	0.1960512003	self-energy	sharp_wc_5_b_50	2.0097	2	1.252347434	38.86423697	9.700562034e-06	-4.419711879	1.962676164	-4.844051595	1.832957319	39.56114258	1.182172102e-06	-4.986674531	1.836417736	44.53116747	0.001225969151	14.28191729	0.001252556389	-4.100050272	1.603382259	a248bdd	2x2_2C_8b_C2v_L	9.1	1.190519279	2	1.626004017	1.1905192785847074	0.9999999999999998	new_boucle_param.py	R0:N12:S0:1	uncorrelated	-0.05387640038	0.01524850726	1.308948717	-0.5370891925	-1.956265882	1.496831858	-0.02295317624	0.004645026355	1.995103171	-1.467251903	0.8160143898	-0.1506676995	0.4257625362	-0.133243521	-2.507406802	2.616979788	2024-11-25@17:44	2.1394	-0.6327757501	1	1.555872823e-16	-0.1971067394	0.2577	2.523073826e-16	0.0793190063	v2.7.1	
4	Broyden	-80.48000764	-113.1248	2.934804425	YY	11.5	0.1956123556	self-energy	sharp_wc_5_b_50	2.0097	2	1.251776091	39.20747835	5.714896712e-06	-4.422240701	1.962929623	-4.836094715	1.834516831	40.26722601	3.455205339e-06	-4.910766165	1.83628841	45.17927493	0.0006218548408	15.72294358	0.001056565778	-4.076889497	1.60377198	a248bdd	2x2_2C_8b_C2v_L	9.08	1.190201392	2	1.624642423	1.190201391432831	1.0	new_boucle_param.py	R0:N12:S0:1	uncorrelated	-0.04167731402	0.01170433472	1.308126357	-0.5353897028	-1.956252003	1.487118238	0.03977926165	-0.007953029569	1.976364235	-1.471986012	-0.5895252515	0.1071497325	-0.4166314073	0.1226442699	-2.504523034	2.616433653	2024-11-25@17:45	2.1394	-0.6355181828	1	2.28608848e-16	-0.1983905005	0.2577	-7.38945559e-16	0.07990621646	v2.7.1	
4	Broyden	-80.0498052	-112.8048	2.911461404	YY	11.5	0.1949749781	self-energy	sharp_wc_5_b_50	2.0097	2	1.251235791	38.47491064	2.288422252e-08	-4.445210091	1.963386578	-4.832791689	1.836199401	38.74878068	1.950117252e-07	-4.828829845	1.836202648	44.0109379	1.316661642e-08	12.73382587	4.089356452e-05	-4.017345096	1.604992041	a248bdd	2x2_2C_8b_C2v_L	9.06	1.189794552	2	1.623302017	1.1897945518850113	0.9999999999999999	new_boucle_param.py	R0:N12:S0:1	uncorrelated	-0.002590483367	0.0007405466969	1.309944835	-0.5320818239	-1.956889879	1.476812519	-0.009113318228	0.001890929845	1.95628056	-1.476635935	-0.002653182264	0.0004920901305	-0.07129849669	0.02399352798	-2.487811812	2.615742326	2024-11-25@17:46	2.1394	-0.6381645923	1	-3.626438511e-16	-0.199574714	0.2577	-2.312009576e-16	0.08049130241	v2.7.1	
4	Broyden	-80.24141903	-112.4848	2.892013632	YY	11.5	0.195290712	self-energy	sharp_wc_5_b_50	2.0097	2	1.250775392	40.05103742	1.145531729e-06	-4.422137922	1.963347803	-4.836505111	1.834192836	42.00959788	4.928245e-05	-4.922279573	1.836982544	46.88094973	0.001025806852	19.39829649	0.0005387588088	-4.023840162	1.60438648	a248bdd	2x2_2C_8b_C2v_L	9.04	1.189868836	2	1.62225925	1.1898688358883693	1.0	new_boucle_param.py	R0:N12:S0:1	uncorrelated	-0.01901524016	0.005241396426	1.307850934	-0.532372726	-1.960251604	1.491510733	0.1562025707	-0.03000689836	1.987646579	-1.466098857	-0.7814723476	0.1378133508	-0.3435092053	0.08791543746	-2.496558539	2.616324681	2024-11-25@17:48	2.1394	-0.6403643646	1	1.20969123e-16	-0.2005406077	0.2577	-6.2101503e-17	0.08093662162	v2.7.1	
2	Broyden	-79.92075073	-112.1648	2.878730112	YY	11.5	0.1946491916	self-energy	sharp_wc_5_b_50	2.0097	2	1.250414233	36.66658677	2.295393138e-07	-4.397917293	1.962431576	-4.796226523	1.835980252	35.0060677	3.035506543e-06	-4.798865898	1.836230388	41.09113078	9.273725091e-05	5.069073319	0.003323442113	-4.104719761	1.605820862	a248bdd	2x2_2C_8b_C2v_L	9.02	1.18902937	2	1.621580964	1.1890293694896628	0.9999999999999998	new_boucle_param.py	R0:N12:S0:1	uncorrelated	-0.007847196638	0.002342324059	1.30584117	-0.5390268899	-1.955345569	1.478194206	-0.03284163933	0.007448455998	1.956921339	-1.475771843	-0.2091726321	0.04127871831	0.3825087567	-0.2065900045	-2.52470913	2.608378015	2024-11-25@17:49	2.1394	-0.6417709618	1	2.09316594e-16	-0.2013224299	0.2577	3.43589009e-16	0.08128228868	v2.7.1	
3	Broyden	-79.57805882	-111.8448	2.853542146	YY	11.5	0.1945712837	self-energy	sharp_wc_5_b_50	2.0097	2	1.24987689	43.93594179	2.606474078e-07	-4.425732638	1.963693285	-4.797884224	1.836293445	50.05160124	4.172901235e-05	-4.811431099	1.836817022	53.8527691	0.0002079685328	35.73066531	2.182827055e-05	-3.969501434	1.60553686	a248bdd	2x2_2C_8b_C2v_L	9	1.1893469	2	1.620033299	1.189346900350281	1.0	new_boucle_param.py	R0:N12:S0:1	uncorrelated	-0.009881457316	0.002501996401	1.309232909	-0.5300171764	-1.957675744	1.477877179	0.1677487988	-0.0277131752	1.962505791	-1.472926636	-0.3997497933	0.06197387359	-0.1097767071	0.01781292588	-2.487834119	2.61463355	2024-11-25@17:50	2.1394	-0.6447652855	1	2.672146091e-16	-0.2024031038	0.2577	-3.808402085e-16	0.08194445339	v2.7.1	
2	Broyden	-87.5366154	-124.3248	3.736738829	YY	11.5	0.1991098454	self-energy	sharp_wc_5_b_50	2.0097	2	1.270406912	38.953667	1.001678545e-13	-4.906099336	1.960716903	-5.40685275	1.831534717	39.747916	2.789764109e-14	-5.406537319	1.831538456	44.595237	1.982863197e-14	14.681109	3.928444427e-14	-4.639143252	1.600220181	a248bdd	2x2_2C_8b_C2v_L	9.78	1.193997436	2	1.665954618	1.193997435499137	1.0	new_boucle_param.py	R0:N12:S0:1	uncorrelated	-5.565336428e-06	1.550997041e-06	1.327245499	-0.5496707355	-1.966190633	1.493438263	-3.570386801e-06	7.16975857e-07	1.96613692	-1.493399883	-3.331736611e-06	6.052080775e-07	-2.481609582e-06	7.487108227e-07	-2.489424993	2.625540261	2024-11-25@17:50	2.1394	-0.547320742	1	5.184204238e-16	-0.1535977188	0.2577	1.908671507e-16	0.06588495077	v2.7.1	
3	Broyden	-140.2451163	-111.5248	2.834584424	YY	11.5	0.1948215885	self-energy	sharp_wc_5_b_50	2.0097	2	1.249429052	28.32156064	2.603217903e-06	-4.376557139	1.963735882	-4.776219998	1.833173589	17.74486706	4.523665606e-05	-4.948934787	1.838452994	26.66913987	0.002333557959	-30.28468946	1.999979274	-3.948655757	1.605210615	a248bdd	2x2_2C_8b_C2v_L	8.98	1.189266562	2	1.619030723	1.1892665621632232	1.0000000000000004	new_boucle_param.py	R0:N14:S0:1	uncorrelated	0.02078335696	-0.007869222111	1.304479255	-0.5293988964	-1.956116857	1.499626575	-0.07097620271	0.02815401411	2.003349965	-1.45620416	0.7136156964	-0.2062744601	0.07560540631	-0.01895961521	-2.486136034	2.616045781	2024-11-25@17:51	2.1394	-0.6469345813	1	4.154808251e-16	-0.2032980478	0.2577	-2.126970612e-16	0.08239736299	v2.7.1	
2	Broyden	-87.90330256	-124.6448	3.737564835	YY	11.5	0.1989670638	self-energy	sharp_wc_5_b_50	2.0097	2	1.270421394	38.953667	9.692682936e-14	-4.940252041	1.960718278	-5.447055874	1.83176017	39.747916	3.015705474e-14	-5.446815191	1.831749005	44.595237	2.108883434e-14	14.681109	4.551704783e-14	-4.664892269	1.600360485	a248bdd	2x2_2C_8b_C2v_L	9.8	1.193853015	2	1.666000508	1.1938530151724325	0.9999999999999998	new_boucle_param.py	R0:N12:S0:1	uncorrelated	-5.477572726e-06	1.525647579e-06	1.32927583	-0.5497260269	-1.969611279	1.492628167	-3.71437009e-06	7.453816871e-07	1.969589655	-1.492695077	-3.437944703e-06	6.240795764e-07	-2.674046494e-06	8.059329035e-07	-2.491029535	2.625126517	2024-11-25@17:51	2.1394	-0.5472191566	1	2.332203864e-16	-0.1535652597	0.2577	-2.966244514e-16	0.06587114119	v2.7.1	
2	Broyden	-88.09016238	-124.9648	3.737834988	YY	11.5	0.1990510153	self-energy	sharp_wc_5_b_50	2.0097	2	1.270425714	38.953667	9.487579526e-14	-4.942425797	1.960658838	-5.463621503	1.831661079	39.747916	2.975347036e-14	-5.46337946	1.831676855	44.595237	2.124471428e-14	14.681109	4.412749379e-14	-4.682515637	1.600257591	a248bdd	2x2_2C_8b_C2v_L	9.82	1.193936409	2	1.666028864	1.193936409089925	0.9999999999999997	new_boucle_param.py	R0:N12:S0:1	uncorrelated	-5.42157187e-06	1.509478679e-06	1.327866669	-0.5500858131	-1.969555517	1.493021368	-3.690893354e-06	7.403964009e-07	1.969496521	-1.492903394	-3.451707538e-06	6.26416364e-07	-2.634767151e-06	7.935707773e-07	-2.490723319	2.625381621	2024-11-25@17:52	2.1394	-0.5471832523	1	3.670254829e-16	-0.1535600765	0.2577	-4.611377311e-17	0.06586870006	v2.7.1	
2	Broyden	-88.37578393	-125.2848	3.738333039	YY	11.5	0.1990497349	self-energy	sharp_wc_5_b_50	2.0097	2	1.270434637	38.953667	9.33696187e-14	-4.979735862	1.960675815	-5.484542734	1.831650982	39.747916	3.269730727e-14	-5.484362511	1.831647169	44.595237	2.257421355e-14	14.681109	5.333219848e-14	-4.704569506	1.600283009	a248bdd	2x2_2C_8b_C2v_L	9.84	1.193935756	2	1.666063973	1.1939357561453594	0.9999999999999999	new_boucle_param.py	R0:N12:S0:1	uncorrelated	-5.380915003e-06	1.497433338e-06	1.330148235	-0.5499857543	-1.970028286	1.49302535	-3.870795098e-06	7.76179986e-07	1.970005807	-1.493044237	-3.559519073e-06	6.457199223e-07	-2.899312434e-06	8.724492587e-07	-2.491556115	2.62531287	2024-11-25@17:53	2.1394	-0.5471221949	1	5.245937856e-16	-0.1535405572	0.2577	4.191033389e-17	0.06586070668	v2.7.1	
2	Broyden	-88.63470253	-125.6048	3.738798683	YY	11.5	0.1990501492	self-energy	sharp_wc_5_b_50	2.0097	2	1.270442818	38.953667	8.98617481e-14	-4.994654007	1.960637729	-5.512414996	1.831749629	39.747916	2.949209968e-14	-5.511873801	1.831683762	44.595237	2.239709592e-14	14.681109	4.012450655e-14	-4.722400848	1.600182278	a248bdd	2x2_2C_8b_C2v_L	9.86	1.193936651	2	1.666096477	1.1939366507530276	0.9999999999999999	new_boucle_param.py	R0:N12:S0:1	uncorrelated	-5.281291963e-06	1.469054586e-06	1.33015065	-0.550237585	-1.971486709	1.492586514	-3.677788469e-06	7.371593812e-07	1.971494339	-1.493016645	-3.547239969e-06	6.431436783e-07	-2.516718865e-06	7.568134976e-07	-2.491470049	2.625509214	2024-11-25@17:54	2.1394	-0.5470642887	1	-6.889136119e-17	-0.1535238466	0.2577	5.619067455e-17	0.06585363342	v2.7.1	
2	Broyden	-88.87874567	-125.9248	3.739125878	YY	11.5	0.1991485391	self-energy	sharp_wc_5_b_50	2.0097	2	1.270449278	38.953667	9.220379867e-14	-5.053563147	1.960707245	-5.51279676	1.831491472	39.747916	3.97467556e-14	-5.512636828	1.831375928	44.595237	2.543351535e-14	14.681109	7.678093377e-14	-4.744083166	1.600264521	a248bdd	2x2_2C_8b_C2v_L	9.88	1.194040208	2	1.666124423	1.194040208367141	1.0000000000000004	new_boucle_param.py	R0:N12:S0:1	uncorrelated	-5.352128182e-06	1.488018186e-06	1.33447787	-0.549806478	-1.968948384	1.493400944	-4.270491544e-06	8.559148431e-07	1.969082615	-1.494186446	-3.781043266e-06	6.854218239e-07	-3.48477553e-06	1.046937339e-06	-2.491942748	2.625302063	2024-11-25@17:55	2.1394	-0.5470256762	1	4.85808051e-16	-0.1535087545	0.2577	-1.707141372e-17	0.06584735837	v2.7.1	
2	Broyden	-89.04575649	-126.2448	3.739315146	YY	11.5	0.1992822042	self-energy	sharp_wc_5_b_50	2.0097	2	1.270452648	38.953667	8.320731117e-14	-5.060814744	1.960655741	-5.523486381	1.831284236	39.747916	2.310053183e-14	-5.524845771	1.831300616	44.595237	2.195899743e-14	14.681109	1.422148207e-14	-4.757554458	1.600053025	a248bdd	2x2_2C_8b_C2v_L	9.9	1.194176596	2	1.666148317	1.1941765956798092	0.9999999999999998	new_boucle_param.py	R0:N12:S0:1	uncorrelated	-5.086325691e-06	1.413613814e-06	1.333613719	-0.55010902	-1.9680046	1.494317611	-3.25700426e-06	6.525195098e-07	1.968191566	-1.494260393	-3.514014232e-06	6.369644021e-07	-1.500632489e-06	4.506239514e-07	-2.490795892	2.625793332	2024-11-25@17:55	2.1394	-0.5470011792	1	1.265784383e-16	-0.1535043411	0.2577	1.644858501e-16	0.06584539424	v2.7.1	
2	Broyden	-89.46056385	-126.5648	3.74016716	YY	11.5	0.199142148	self-energy	sharp_wc_5_b_50	2.0097	2	1.270468681	38.953667	9.954416352e-14	-5.126571797	1.960738678	-5.562948692	1.831504574	39.747916	6.804563659e-14	-5.562648014	1.831501146	44.595237	3.318069246e-14	14.681109	2.128467404e-13	-4.779191986	1.600094263	a248bdd	2x2_2C_8b_C2v_L	9.92	1.194040335	2	1.666191645	1.1940403346847932	1.0000000000000002	new_boucle_param.py	R0:N12:S0:1	uncorrelated	-5.56636171e-06	1.546068311e-06	1.338640465	-0.5496383109	-1.971232023	1.493556097	-5.59332491e-06	1.119803631e-06	1.971190455	-1.493567461	-4.321927641e-06	7.829153488e-07	-5.811592948e-06	1.743517131e-06	-2.491618352	2.625592751	2024-11-25@17:56	2.1394	-0.5468997923	1	-1.133820313e-16	-0.1534652136	0.2577	-2.490335218e-16	0.06582890016	v2.7.1	
2	Broyden	-89.63671618	-126.8848	3.740461635	YY	11.5	0.199177881	self-energy	sharp_wc_5_b_50	2.0097	2	1.270472562	38.953667	6.932136996e-14	-5.099681755	1.960605364	-5.5933921	1.831578029	39.747916	3.208995873e-15	-5.58609722	1.831521838	44.595237	1.603926281e-14	14.681109	7.538496879e-14	-4.799146912	1.600013652	a248bdd	2x2_2C_8b_C2v_L	9.94	1.194070279	2	1.666221752	1.1940702788136837	1.0000000000000004	new_boucle_param.py	R0:N12:S0:1	uncorrelated	-4.647068962e-06	1.290286303e-06	1.334490645	-0.5504697932	-1.973158201	1.493350951	-1.215267904e-06	2.431653841e-07	1.972112872	-1.493442121	-3.006017566e-06	5.443421066e-07	3.460981846e-06	-1.037606863e-06	-2.491901702	2.625808396	2024-11-25@17:57	2.1394	-0.5468585169	1	2.242817896e-16	-0.153462867	0.2577	2.088751153e-16	0.06582776193	v2.7.1	
2	Broyden	-90.19748624	-127.2048	3.74141627	YY	11.5	0.1989623752	self-energy	sharp_wc_5_b_50	2.0097	2	1.270491655	38.953667	1.468509859e-13	-5.242752737	1.960897061	-5.624177563	1.831711613	39.747916	2.737078797e-13	-5.620968097	1.831681783	44.595237	6.803713366e-14	14.681109	1.674178608e-12	-4.827364842	1.600261822	a248bdd	2x2_2C_8b_C2v_L	9.96	1.19386193	2	1.666264524	1.1938619301260855	1.0000000000000002	new_boucle_param.py	R0:N12:S0:1	uncorrelated	-6.76782896e-06	1.877695252e-06	1.346866427	-0.5486557359	-1.975026382	1.492854878	-1.122983103e-05	2.245673097e-06	1.974573939	-1.492930357	-6.194628894e-06	1.121028602e-06	-1.633560701e-05	4.890177193e-06	-2.494206207	2.625187419	2024-11-25@17:58	2.1394	-0.5467490054	1	-6.383772706e-17	-0.1534118953	0.2577	-2.497169854e-16	0.06580673488	v2.7.1	
2	Broyden	-89.97338651	-127.5248	3.740751394	YY	11.5	0.1994868143	self-energy	sharp_wc_5_b_50	2.0097	2	1.270478094	38.953667	3.60654026e-14	-5.145434541	1.960577685	-5.582085775	1.830906508	39.747916	1.595801348e-13	-5.608744247	1.831187432	44.595237	1.833351545e-17	14.681109	5.064973845e-12	-4.831120186	1.599781851	a248bdd	2x2_2C_8b_C2v_L	9.98	1.194386631	2	1.666265461	1.1943866306717592	0.9999999999999997	new_boucle_param.py	R0:N12:S0:1	uncorrelated	-3.354589871e-06	9.307071432e-07	1.33587233	-0.5506036858	-1.966387127	1.495576337	8.573259859e-06	-1.715409435e-06	1.970112874	-1.494733592	-1.016886804e-07	1.840528343e-08	2.840819402e-05	-8.506295188e-06	-2.490498021	2.626362978	2024-11-25@17:59	2.1394	-0.5468219122	1	1.823162067e-16	-0.1534548298	0.2577	2.247781618e-16	0.06582434437	v2.7.1	
1	Broyden	-90.42285768	-127.8448	3.74171917	YY	11.5	0.1992635072	self-energy	sharp_wc_5_b_50	2.0097	2	1.270495608	38.953667	5.064042123e-13	-5.20379346	1.960642547	-5.639440723	1.831328215	39.747916	2.05318293e-12	-5.647118455	1.831414785	44.595237	2.832543836e-13	14.681109	3.809221797e-11	-4.858124516	1.599962602	a248bdd	2x2_2C_8b_C2v_L	10	1.194162963	2	1.6663128	1.1941629625168493	1.0	new_boucle_param.py	R0:N12:S0:1	uncorrelated	-1.257763662e-05	3.487278469e-06	1.340216052	-0.5502686781	-1.972226221	1.494171403	-3.077507389e-05	6.151755871e-06	1.973289417	-1.493888022	-1.264689725e-05	2.287596117e-06	-7.799958823e-05	2.332855346e-05	-2.492456003	2.625837565	2024-11-25@18:00	2.1394	-0.5467050018	1	3.235869014e-16	-0.1534130021	0.2577	-2.592518252e-16	0.0658066823	v2.7.1	
2	Broyden	-90.62160886	-128.1648	3.741942026	YY	11.5	0.1993347984	self-energy	sharp_wc_5_b_50	2.0097	2	1.27049949	38.953667	5.362650677e-15	-5.20757856	1.960587011	-5.655499883	1.831261962	39.747916	3.718000964e-12	-5.672299319	1.831446135	44.595237	2.192292776e-13	14.681109	1.457142922e-10	-4.872209126	1.599762002	a248bdd	2x2_2C_8b_C2v_L	10.02	1.194235722	2	1.666334164	1.1942357223689224	1.0	new_boucle_param.py	R0:N12:S0:1	uncorrelated	-1.294857253e-06	3.588748715e-07	1.338916722	-0.5506063783	-1.971962071	1.494384807	4.142920585e-05	-8.278641286e-06	1.974295733	-1.493800789	1.113062782e-05	-2.012475702e-06	0.0001526481515	-4.563206542e-05	-2.49144355	2.626289755	2024-11-25@18:00	2.1394	-0.5466764106	1	1.166145434e-16	-0.1534069937	0.2577	1.661730899e-16	0.06580399781	v2.7.1	
2	Broyden	-91.13932525	-128.4848	3.742931164	YY	11.5	0.1992184014	self-energy	sharp_wc_5_b_50	2.0097	2	1.270519555	38.953667	3.572842966e-12	-5.356169495	1.960880027	-5.672199209	1.831194235	39.747916	3.788227096e-11	-5.698686589	1.831495388	44.595237	3.234119449e-12	14.681109	8.539415394e-10	-4.896470186	1.599909666	a248bdd	2x2_2C_8b_C2v_L	10.04	1.194130171	2	1.666385312	1.1941301706094203	0.9999999999999998	new_boucle_param.py	R0:N12:S0:1	uncorrelated	-3.344152532e-05	9.26179231e-06	1.352018772	-0.5487742562	-1.971940393	1.494632871	-0.0001323014296	2.642647465e-05	1.975604519	-1.49363813	-4.277016973e-05	7.729512877e-06	-0.000370055981	0.000110481081	-2.492962284	2.625893437	2024-11-25@18:01	2.1394	-0.5465631794	1	1.832214453e-16	-0.1533542372	0.2577	2.33724807e-16	0.06578221065	v2.7.1	
2	Broyden	-90.91843923	-128.8048	3.742287779	YY	11.5	0.1995822564	self-energy	sharp_wc_5_b_50	2.0097	2	1.27050428	38.953667	2.040752878e-12	-5.195979303	1.96041558	-5.695718429	1.831157858	39.747916	9.069322681e-11	-5.675928218	1.830934943	44.595237	8.216828072e-12	14.681109	3.576695196e-09	-4.908105802	1.59956789	a248bdd	2x2_2C_8b_C2v_L	10.06	1.194480931	2	1.666384853	1.1944809311368187	1.0	new_boucle_param.py	R0:N12:S0:1	uncorrelated	2.527968228e-05	-7.001536515e-06	1.334790609	-0.5516502971	-1.972590624	1.494803158	0.000204770023	-4.088843101e-05	1.969845217	-1.495528138	6.817445618e-05	-1.232386675e-05	0.0007572672182	-0.0002260885923	-2.490965157	2.626787791	2024-11-25@18:02	2.1394	-0.54662759	1	3.067841633e-16	-0.1534056436	0.2577	3.704810485e-16	0.06580332646	v2.7.1	
1	Broyden	-91.37267747	-129.1248	3.742922562	YY	11.5	0.1994187509	self-energy	sharp_wc_5_b_50	2.0097	2	1.270516889	38.953667	4.589032875e-11	-5.284353157	1.960588612	-5.717637739	1.831198558	39.747916	4.436346218e-10	-5.72826641	1.831311271	44.595237	3.950703265e-11	14.68110891	3.238188344e-08	-4.930207845	1.599615239	a248bdd	2x2_2C_8b_C2v_L	10.08	1.194321572	2	1.666412465	1.1943215719035032	0.9999999999999998	new_boucle_param.py	R0:N12:S0:1	uncorrelated	-0.0001199434153	3.31989415e-05	1.341534121	-0.5505670238	-1.973191444	1.494616809	-0.0004531204376	9.043434217e-05	1.974673645	-1.494273833	-0.000149584817	2.701778136e-05	-0.002281339657	0.0006803560355	-2.491827727	2.626655651	2024-11-25@18:03	2.1394	-0.546554077	1	-2.524099722e-16	-0.1533731552	0.2577	1.999854382e-17	0.06578971917	v2.7.1	
2	Broyden	-91.50807802	-129.4448	3.743152643	YY	11.5	0.1996081469	self-energy	sharp_wc_5_b_50	2.0097	2	1.270521095	38.953667	3.193716201e-12	-5.297839665	1.96053137	-5.724132948	1.830983162	39.747916	1.767223349e-09	-5.721568814	1.830930595	44.595237	1.373001879e-10	14.68110865	1.22774856e-07	-4.945117856	1.599491214	a248bdd	2x2_2C_8b_C2v_L	10.1	1.194515884	2	1.666440991	1.1945158836348422	0.9999999999999999	new_boucle_param.py	R0:N12:S0:1	uncorrelated	3.165457112e-05	-8.758292616e-06	1.341579598	-0.5509382042	-1.97156637	1.495358922	0.000904594899	-0.000180514019	1.971242949	-1.495614883	0.0002789050986	-5.037566909e-05	0.004444652058	-0.001324880287	-2.4908601	2.62689178	2024-11-25@18:04	2.1394	-0.5465251209	1	1.028472818e-16	-0.1533660611	0.2577	9.865181502e-17	0.06578659984	v2.7.1	
1	Broyden	-91.84472992	-129.7648	3.743820469	YY	11.5	0.1995300026	self-energy	sharp_wc_5_b_50	2.0097	2	1.270533248	38.953667	8.109147168e-10	-5.335001606	1.96054505	-5.756015938	1.831093739	39.74791599	7.099986175e-09	-5.758398953	1.831128029	44.59523701	7.485068425e-10	14.68110586	1.080853523e-06	-4.965428423	1.599475412	a248bdd	2x2_2C_8b_C2v_L	10.12	1.19443917	2	1.666479156	1.1944391699681955	1.0	new_boucle_param.py	R0:N12:S0:1	uncorrelated	-0.0005046570335	0.0001395557642	1.343798357	-0.5508893029	-1.973722261	1.495024664	-0.001814181473	0.0003617973319	1.974042305	-1.494886213	-0.0006515281733	0.0001176130465	-0.01319952582	0.003931384102	-2.491346977	2.626851122	2024-11-25@18:04	2.1394	-0.5464440957	1	1.480576941e-16	-0.1533381795	0.2577	-3.269503777e-16	0.06577480162	v2.7.1	
2	Broyden	-91.82456617	-130.0848	3.74355368	YY	11.5	0.199781727	self-energy	sharp_wc_5_b_50	2.0097	2	1.270526389	38.953667	5.557989562e-10	-5.265937152	1.960309294	-5.749997356	1.830730932	39.74791602	3.460385744e-08	-5.76854823	1.83094884	44.595237	2.625894589e-09	14.68110451	3.245466085e-06	-4.981447373	1.599273353	a248bdd	2x2_2C_8b_C2v_L	10.14	1.194683574	2	1.666491187	1.1946835741451114	1.0	new_boucle_param.py	R0:N12:S0:1	uncorrelated	0.0004179257362	-0.0001155534373	1.3354364	-0.5523124416	-1.970286703	1.49626296	0.004005821273	-0.0007988681429	1.972849697	-1.495524301	0.001220607325	-0.0002203059211	0.02288098544	-0.006812090216	-2.490571733	2.627422215	2024-11-25@18:05	2.1394	-0.5464683901	1	2.376496863e-16	-0.1533641404	0.2577	7.25434239e-17	0.06578562973	v2.7.1	
2	Broyden	-92.46749241	-130.4048	3.744774182	YY	11.5	0.1994036783	self-energy	sharp_wc_5_b_50	2.0097	2	1.270549419	38.953667	9.166997897e-09	-5.394380924	1.960562185	-5.807780286	1.831188899	39.74791598	1.581331974e-07	-5.823840665	1.831387232	44.59523702	1.525484782e-08	14.68109658	1.908577868e-05	-5.015753731	1.599622997	a248bdd	2x2_2C_8b_C2v_L	10.16	1.194304855	2	1.666542416	1.1943048545366906	0.9999999999999998	new_boucle_param.py	R0:N12:S0:1	uncorrelated	-0.001698428791	0.0004692142617	1.346511002	-0.5507915849	-1.97615065	1.49469631	-0.008570234278	0.001707398025	1.978348263	-1.493986025	-0.002944119671	0.0005309011956	-0.0555818489	0.01651990609	-2.494438053	2.626508794	2024-11-25@18:06	2.1394	-0.5463248532	1	3.638824437e-16	-0.1533042427	0.2577	-3.060421278e-16	0.06576067803	v2.7.1	
2	Broyden	-92.47097835	-130.7248	3.744375868	YY	11.5	0.1997512048	self-energy	sharp_wc_5_b_50	2.0097	2	1.2705409	38.95366708	5.489204206e-09	-5.362543821	1.960382176	-5.795984568	1.83073524	39.74791685	4.959745844e-07	-5.811050852	1.830926158	44.59523704	4.541775121e-08	14.68068015	0.0001483697133	-5.032856499	1.59925887	a248bdd	2x2_2C_8b_C2v_L	10.18	1.19463716	2	1.666546461	1.1946371598824754	0.9999999999999999	new_boucle_param.py	R0:N12:S0:1	uncorrelated	0.001314696893	-0.0003631168341	1.341772417	-0.5519149505	-1.971807229	1.496283576	0.01517933537	-0.003024413742	1.973862286	-1.49559159	0.005080297415	-0.0009162483289	0.1550401099	-0.04606321307	-2.49470113	2.627129632	2024-11-25@18:07	2.1394	-0.5463689951	1	2.242532459e-16	-0.1533276237	0.2577	-3.511410637e-16	0.06576908682	v2.7.1	
2	Broyden	-92.89471257	-131.0448	3.74435203	YY	11.5	0.1997382372	self-energy	sharp_wc_5_b_50	2.0097	2	1.270536434	38.95366685	1.800249404e-07	-5.404080949	1.960314111	-5.832853295	1.830879849	39.74791702	2.951723329e-06	-5.826630516	1.830808863	44.59523715	2.695918847e-07	14.67911086	0.000687844341	-5.093704397	1.599134698	a248bdd	2x2_2C_8b_C2v_L	10.2	1.194542809	2	1.666562407	1.1945428085654375	1.0	new_boucle_param.py	R0:N12:S0:1	uncorrelated	-0.00753307558	0.00207937388	1.344250656	-0.5524450693	-1.974539159	1.495777907	-0.03704914651	0.007377789095	1.973632464	-1.496034156	-0.01238204413	0.002232423443	-0.3344895055	0.09916686914	-2.508073683	2.626492639	2024-11-25@18:08	2.1394	-0.5463673967	1	2.565012293e-16	-0.1533291175	0.2577	5.220051487e-17	0.06576560956	v2.7.1	
2	Broyden	-93.23036637	-131.3648	3.744051679	YY	11.5	0.1998107717	self-energy	sharp_wc_5_b_50	2.0097	2	1.270527551	38.95366784	6.078012581e-08	-5.432605238	1.960249556	-5.841678832	1.830680249	39.74793256	7.913887256e-06	-5.852061183	1.830818062	44.59523829	7.760361934e-07	14.68210834	0.001148072113	-5.145066277	1.598913156	a248bdd	2x2_2C_8b_C2v_L	10.22	1.194545539	2	1.666565413	1.194545538457539	0.9999999999999997	new_boucle_param.py	R0:N12:S0:1	uncorrelated	0.004379177234	-0.001208200905	1.345110179	-0.5528902729	-1.973278589	1.496479996	0.06068526881	-0.01208165092	1.974572958	-1.496018126	0.0210156366	-0.003787590158	0.4329599605	-0.1281048473	-2.518694363	2.626288019	2024-11-25@18:09	2.1394	-0.5463993415	1	1.69009511e-17	-0.1533437005	0.2577	1.198248372e-16	0.0657681765	v2.7.1	
3	Broyden	-93.52945657	-131.6848	3.744458699	YY	11.5	0.1998243102	self-energy	sharp_wc_5_b_50	2.0097	2	1.270534914	38.95366757	2.010698377e-06	-5.474580318	1.96027613	-5.874713693	1.830745764	39.74792861	5.398641081e-05	-5.866854348	1.830659673	44.59523927	4.774457748e-06	14.73506991	0.001121824115	-5.162425364	1.598900119	a248bdd	2x2_2C_8b_C2v_L	10.24	1.19455893	2	1.666593123	1.194558929518144	1.0	new_boucle_param.py	R0:N12:S0:1	uncorrelated	-0.02519960114	0.00694896382	1.347827903	-0.5527525119	-1.976194046	1.496066905	-0.1585666307	0.03155641241	1.974283981	-1.496751714	-0.05214977256	0.00939462461	-0.4292887214	0.1266545583	-2.518160493	2.626285704	2024-11-25@18:10	2.1394	-0.5463500326	1	-3.802877789e-17	-0.1533264934	0.2577	5.972890577e-17	0.06576110259	v2.7.1	
3	Broyden	-93.71424027	-132.0048	3.744608236	YY	11.5	0.199920987	self-energy	sharp_wc_5_b_50	2.0097	2	1.270537558	38.9536725	3.25108658e-06	-5.473136899	1.960238859	-5.902891741	1.830652334	39.74809966	0.0001612305848	-5.893628286	1.830586497	44.59524516	1.776850781e-05	14.86201833	0.0009119145979	-5.162239225	1.598751738	a248bdd	2x2_2C_8b_C2v_L	10.26	1.194669102	2	1.666611927	1.194669101591621	0.9999999999999998	new_boucle_param.py	R0:N12:S0:1	uncorrelated	0.03205536255	-0.008836652847	1.346182269	-0.5529347665	-1.979416131	1.496043109	0.2741204405	-0.05454183571	1.975704573	-1.497321962	0.1006581138	-0.01812127281	0.3892056912	-0.1142326079	-2.512436737	2.626973924	2024-11-25@18:11	2.1394	-0.546329505	1	-1.690124426e-16	-0.1533263054	0.2577	-8.641640657e-17	0.06576275792	v2.7.1	
3	Broyden	-94.2974248	-132.3248	3.743591628	YY	11.5	0.1999130044	self-energy	sharp_wc_5_b_50	2.0097	2	1.270510516	38.95368523	2.057787184e-05	-5.49772561	1.960172511	-6.001025624	1.830827984	39.74912611	0.000645986717	-5.948443343	1.830301789	44.59529189	7.505377358e-05	15.08190693	0.001135842629	-5.205769259	1.598688859	a248bdd	2x2_2C_8b_C2v_L	10.28	1.194532849	2	1.666587221	1.1945328488422733	1.0	new_boucle_param.py	R0:N12:S0:1	uncorrelated	-0.08068740949	0.02223205202	1.34739265	-0.553360948	-1.998668551	1.493694873	-0.5488608381	0.1092217887	1.981834012	-1.49994168	-0.2071492543	0.03721867527	-0.4390581724	0.1275176504	-2.519744075	2.626826743	2024-11-25@18:13	2.1394	-0.5464392415	1	-9.857495218e-17	-0.1533819377	0.2577	3.414021488e-16	0.06578557823	v2.7.1	
3	Broyden	-94.91172262	-132.6448	3.743195753	YY	11.5	0.199900395	self-energy	sharp_wc_5_b_50	2.0097	2	1.270499982	38.95373902	6.152998492e-05	-5.607237491	1.960340525	-5.931555054	1.82933628	39.77200961	5.376505836e-05	-6.121492309	1.831484268	44.59293714	0.0009725467441	15.28767793	0.001252405658	-5.238093707	1.598689336	a248bdd	2x2_2C_8b_C2v_L	10.3	1.194452336	2	1.66657871	1.1944523356532901	0.9999999999999998	new_boucle_param.py	R0:N12:S0:1	uncorrelated	0.1396014268	-0.03843990596	1.356845155	-0.552304317	-1.97663586	1.505138227	-0.1588283632	0.03145148896	2.019795139	-1.489516413	0.7446713792	-0.1342273008	0.4656729751	-0.1339448798	-2.523592041	2.626668063	2024-11-25@18:14	2.1394	-0.5464840348	1	4.905264011e-17	-0.1533985754	0.2577	1.873919191e-16	0.06579209499	v2.7.1	
3	Broyden	-94.53325289	-132.9648	3.745483393	YY	11.5	0.1999719911	self-energy	sharp_wc_5_b_50	2.0097	2	1.2705503	38.95503304	1.263944931e-05	-5.549411049	1.960131586	-5.952155749	1.830628956	39.828977	5.220599167e-08	-5.935556565	1.830466382	44.60682671	3.892655519e-06	15.60539595	0.001459470505	-5.270546531	1.598655666	a248bdd	2x2_2C_8b_C2v_L	10.32	1.194660339	2	1.666691663	1.1946603388239982	1.0	new_boucle_param.py	R0:N12:S0:1	uncorrelated	0.06329727305	-0.01742315512	1.348952309	-0.5537005052	-1.976187273	1.496769333	0.004948204453	-0.0009813023556	1.973918418	-1.497171007	-0.04716035432	0.008484768735	-0.5098074258	0.1446369747	-2.528305352	2.626300131	2024-11-25@18:15	2.1394	-0.5462170323	1	1.925460864e-16	-0.1532964946	0.2577	1.057138633e-16	0.06574598053	v2.7.1	
3	Broyden	-94.66459967	-133.2848	3.745528623	YY	11.5	0.200148064	self-energy	sharp_wc_5_b_50	2.0097	2	1.270551677	38.95810448	3.66400583e-05	-5.555296801	1.960134316	-5.963829125	1.830194756	39.83710809	0.000191557059	-5.967970618	1.830411883	44.66972682	5.767350825e-06	15.71253242	0.001025614377	-5.251322685	1.598516013	a248bdd	2x2_2C_8b_C2v_L	10.34	1.194870863	2	1.666708654	1.1948708633010592	0.9999999999999998	new_boucle_param.py	R0:N12:S0:1	uncorrelated	0.1078142649	-0.02966727154	1.348424962	-0.5535622231	-1.978544532	1.497655242	0.2998297641	-0.05946374395	1.975783697	-1.497918873	0.05751066198	-0.01032531185	0.4290678212	-0.1212944294	-2.516519586	2.627388692	2024-11-25@18:17	2.1394	-0.5462087545	1	1.882757536e-16	-0.1533035487	0.2577	6.788089099e-17	0.06575240484	v2.7.1	
3	Broyden	-95.54723477	-133.6048	3.742440148	YY	11.5	0.2003304904	self-energy	sharp_wc_5_b_50	2.0097	2	1.270477	38.95804676	9.955710298e-05	-5.553741763	1.95989865	-5.978277964	1.82861601	39.9199993	1.429149692e-05	-6.222246167	1.83122291	44.68070194	0.001379809993	16.29721733	0.0015212604	-5.315100435	1.598170459	a248bdd	2x2_2C_8b_C2v_L	10.36	1.194769263	2	1.666604405	1.1947692628956739	1.0	new_boucle_param.py	R0:N12:S0:1	uncorrelated	-0.1778083271	0.04890545447	1.347827224	-0.5550732225	-1.974830652	1.509325155	-0.08229703108	0.01620920818	2.03385731	-1.488665648	-0.8890340019	0.1599944249	-0.5358781928	0.1478107093	-2.530406832	2.627471816	2024-11-25@18:18	2.1394	-0.546554337	1	6.492149188e-16	-0.1534601486	0.2577	2.055100959e-16	0.0658165307	v2.7.1	
3	Broyden	-96.70645755	-133.9248	3.740494411	YY	11.5	0.2001092971	self-energy	sharp_wc_5_b_50	2.0097	2	1.270428924	38.96300144	0.0002007705123	-5.724405612	1.960145045	-6.164959177	1.829242536	39.79707898	0.0008638512181	-6.296856463	1.830604043	44.7828768	0.001533097595	15.88361021	0.001811409814	-5.368301636	1.598269009	a248bdd	2x2_2C_8b_C2v_L	10.38	1.19433256	2	1.666525829	1.1943325594459728	0.9999999999999996	new_boucle_param.py	R0:N12:S0:1	uncorrelated	0.2527161689	-0.06943816302	1.36401496	-0.5535480711	-2.012536727	1.504360932	0.6384500846	-0.1260796356	2.04456753	-1.493402565	0.9408392963	-0.1684807743	0.5763869236	-0.1612057187	-2.539929026	2.626864465	2024-11-25@18:19	2.1394	-0.5467746667	1	3.673684592e-16	-0.1535502153	0.2577	4.920200561e-16	0.06585331412	v2.7.1	
3	Broyden	-95.6153867	-134.2448	3.746311485	YY	11.5	0.2001500324	self-energy	sharp_wc_5_b_50	2.0097	2	1.270562262	38.96063356	1.558036077e-07	-5.630075597	1.959992564	-6.023422637	1.830373657	40.09637587	1.424828353e-05	-6.025651539	1.830453214	44.7188684	1.097001888e-06	17.55252763	0.001936029141	-5.388324974	1.598149361	a248bdd	2x2_2C_8b_C2v_L	10.4	1.194769918	2	1.666774651	1.1947699182651457	0.9999999999999998	new_boucle_param.py	R0:N12:S0:1	uncorrelated	-0.007041317144	0.001934438124	1.350198304	-0.5546824076	-1.976362764	1.497633421	-0.08235231182	0.01621521345	1.976377769	-1.49729209	0.02512939129	-0.004504327573	-0.6361594824	0.1669749215	-2.542416418	2.626528283	2024-11-25@18:20	2.1394	-0.5461108509	1	2.488339183e-17	-0.1532676958	0.2577	-1.941653036e-16	0.0657305671	v2.7.1	
5	Broyden	-95.99621032	-134.5648	3.745204281	YY	11.5	0.2002511587	self-energy	sharp_wc_5_b_50	2.0097	2	1.27053303	39.00195493	0.0001607345464	-5.671703997	1.959852157	-6.04500574	1.83000445	39.54197371	0.000134235938	-6.059017185	1.830210507	45.25019603	0.0001118186801	15.04953987	0.002179489377	-5.425521029	1.598285538	a248bdd	2x2_2C_8b_C2v_L	10.42	1.194765268	2	1.666759824	1.194765267430105	1.0	new_boucle_param.py	R0:N12:S0:1	uncorrelated	-0.2264983761	0.06213453476	1.355230883	-0.5554714154	-1.978759588	1.498867196	-0.2498433443	0.04976885036	1.980461861	-1.498107332	-0.2564540607	0.0454832834	-0.6121859008	0.1765923076	-2.546891236	2.62617148	2024-11-25@18:22	2.1394	-0.5462261723	1	-6.05033092e-17	-0.1533384127	0.2577	3.070961939e-16	0.06575818064	v2.7.1	
3	Broyden	-96.07132707	-134.8848	3.745019081	YY	11.5	0.2006562432	self-energy	sharp_wc_5_b_50	2.0097	2	1.270532465	38.95969859	9.000695978e-07	-5.577483537	1.959744529	-6.102654501	1.829883144	40.85873839	0.0002809257133	-6.099128715	1.829663083	44.58933407	0.00046751497	21.61069305	0.001686950569	-5.408133393	1.597475513	a248bdd	2x2_2C_8b_C2v_L	10.44	1.19519936	2	1.66675464	1.1951993599545383	1.0000000000000004	new_boucle_param.py	R0:N12:S0:1	uncorrelated	-0.01693486553	0.004650385205	1.34213531	-0.5561547778	-1.986619776	1.499883591	-0.3721380255	0.07200093672	1.990090383	-1.499315192	-0.5177847225	0.09302207132	-0.6837963922	0.1564229207	-2.537880645	2.628413566	2024-11-25@18:24	2.1394	-0.5462529131	1	-9.13064225e-17	-0.1533437204	0.2577	-3.073932596e-16	0.06576562079	v2.7.1	
2	Broyden	-96.71348461	-135.2048	3.745778713	YY	11.5	0.1998412838	self-energy	sharp_wc_5_b_50	2.0097	2	1.270537232	39.08717112	0.0004284900652	-5.854959444	1.95994159	-6.101380219	1.830371622	38.13384857	4.950433596e-05	-6.081574029	1.830146054	46.37683757	2.142042583e-05	8.380917655	0.002065850276	-5.455822623	1.599540122	a248bdd	2x2_2C_8b_C2v_L	10.46	1.194358837	2	1.666800235	1.1943588367406164	0.9999999999999996	new_boucle_param.py	R0:N12:S0:1	uncorrelated	-0.371037643	0.1014314063	1.373862572	-0.5548053765	-1.980266705	1.497466694	0.1471941706	-0.03020860402	1.977113452	-1.498403463	0.1147836222	-0.01991227453	0.4276204037	-0.1690954972	-2.539712879	2.623999996	2024-11-25@18:25	2.1394	-0.5461416593	1	2.005231566e-16	-0.1533348417	0.2577	3.873914026e-16	0.06575295737	v2.7.1	
2	Broyden	-96.97984145	-135.5248	3.745197991	YY	11.5	0.2008527185	self-energy	sharp_wc_5_b_50	2.0097	2	1.270537309	38.83707168	0.0001489613938	-5.758886832	1.960040126	-6.136786106	1.829196473	44.04668291	0.0003490843648	-6.207810809	1.829868597	42.73712375	0.0008335882712	37.23521128	0.001235464922	-5.43182009	1.596723168	a248bdd	2x2_2C_8b_C2v_L	10.48	1.195401134	2	1.666771527	1.195401134017043	1.0	new_boucle_param.py	R0:N12:S0:1	uncorrelated	0.2174541798	-0.05981797717	1.358633352	-0.554225957	-1.98796295	1.503384237	-0.4434250705	0.08030332044	2.006449169	-1.497404157	-0.6667184562	0.1241916204	-0.8766281012	0.1346456672	-2.535273397	2.630656635	2024-11-25@18:25	2.1394	-0.5462341084	1	2.097352754e-16	-0.1533337109	0.2577	-4.033629586e-17	0.06576430756	v2.7.1	
3	Broyden	-145.9811771	-135.8448	3.74523799	YY	11.5	0.2008378936	self-energy	sharp_wc_5_b_50	2.0097	2	1.270536349	39.40488871	1.639021037e-07	-5.624513396	1.959931904	-6.216123169	1.829420039	31.38105321	0.000982365788	-6.193273887	1.828966694	50.62639316	0.0006698518808	-24.70073174	1.999999525	-5.315881931	1.598020728	a248bdd	2x2_2C_8b_C2v_L	10.5	1.195502182	2	1.666793013	1.1955021822721426	1.0	new_boucle_param.py	R0:N14:S0:1	uncorrelated	0.007309208284	-0.001985002881	1.342141962	-0.5546434327	-2.003989039	1.500436608	0.5561486433	-0.1342083637	2.000533995	-1.502502219	0.6941507522	-0.1114432084	-0.009143278434	0.002858782623	-2.48848061	2.630144698	2024-11-25@18:27	2.1394	-0.5462162171	1	2.35397848e-16	-0.1533621531	0.2577	-2.973515969e-17	0.06578536889	v2.7.1	
2	Broyden	-140.0266317	-135.8448	3.749429675	YY	11.5	0.200383709	self-energy	sharp_wc_5_b_50	2.0097	2	1.270631985	37.43302577	1.788555627e-17	-5.704859245	1.960163309	-6.10043357	1.830104931	31.69892654	5.631548466e-14	-6.100439021	1.83010535	51.05454083	3.590909061e-15	-21.90937257	2	-5.318807244	1.598374797	a248bdd	2x2_2C_8b_C2v_L	10.5	1.195312903	2	1.66694258	1.1953129034273342	1.0	new_boucle_param.py	R0:N14:S0:1	uncorrelated	-7.292537833e-08	2.072229932e-08	1.349957805	-0.5533036697	-1.974221222	1.498492713	4.243702773e-06	-1.016418983e-06	1.974221495	-1.498490075	-1.618370271e-06	2.580336534e-07	-8.7845161e-07	3.056197976e-07	-2.48976497	2.629151112	2024-11-25@19:53	2.1394	-0.5457416075	1	-1.96422621e-16	-0.1531489803	0.2577	-4.1758358e-17	0.06569409066	v2.7.1	
1	Broyden	-140.1652479	-136.1648	3.749685027	YY	11.5	0.2004249144	self-energy	sharp_wc_5_b_50	2.0097	2	1.270636538	37.50245898	3.681377009e-13	-5.723885833	1.960141489	-6.118513599	1.830057207	31.69654341	1.220161334e-10	-6.118521151	1.830057086	51.13742194	5.697762395e-11	-21.86472185	2	-5.337135113	1.598321747	a248bdd	2x2_2C_8b_C2v_L	10.52	1.195355618	2	1.66696291	1.1953556176095586	0.9999999999999998	new_boucle_param.py	R0:N14:S0:1	uncorrelated	-1.048508482e-05	2.97304865e-06	1.350207512	-0.553449859	-1.97419254	1.49865928	-0.0001976174978	4.731292936e-05	1.974193871	-1.498660413	-0.0002042147766	3.250435854e-05	7.386358266e-05	-2.576321339e-05	-2.489562659	2.629243905	2024-11-25@19:54	2.1394	-0.5457098723	1	1.9581908e-16	-0.1531398995	0.2577	2.313146023e-16	0.06569017666	v2.7.1	
2	Broyden	-140.257951	-136.4848	3.749929324	YY	11.5	0.2004602418	self-energy	sharp_wc_5_b_50	2.0097	2	1.270640912	37.72217716	4.576781833e-11	-5.743462125	1.960121471	-6.136873718	1.830009071	31.62858414	1.314239183e-10	-6.136978925	1.830021314	51.17487963	8.962837976e-11	-21.79573637	2	-5.355659724	1.598278253	a248bdd	2x2_2C_8b_C2v_L	10.54	1.195392472	2	1.666981771	1.1953924722939597	0.9999999999999998	new_boucle_param.py	R0:N14:S0:1	uncorrelated	-0.0001175765321	3.315150619e-05	1.350493395	-0.5535877499	-1.974195281	1.498846925	-0.0002048279087	4.910244091e-05	1.974194927	-1.49876764	0.000256374001	-4.076863413e-05	8.56579618e-05	-2.998316241e-05	-2.489380879	2.629310534	2024-11-25@19:55	2.1394	-0.5456796192	1	6.650897834e-16	-0.1531309923	0.2577	1.76502615e-16	0.06568634096	v2.7.1	
1	Broyden	-144.0420058	-136.8048	3.74192445	YY	11.5	0.2002339868	self-energy	sharp_wc_5_b_50	2.0097	2	1.270435474	41.58032587	2.500496202e-13	-5.765764503	1.960161967	-6.259594025	1.833751603	1.287654134	0.003669092493	-6.156108963	1.82584028	69.25026705	1.009672327e-11	-23.45462754	2	-5.373711145	1.597186998	a248bdd	2x2_2C_8b_C2v_L	10.56	1.194847515	2	1.666671301	1.194847514732276	0.9999999999999998	new_boucle_param.py	R0:N14:S0:1	uncorrelated	9.488880681e-06	-2.452934474e-06	1.350722536	-0.5529615758	-1.991021068	1.475497802	0.1302277019	-0.2138374787	1.974191564	-1.525055013	-0.0001135007502	1.365009481e-05	3.15624432e-05	-1.035861217e-05	-2.489128942	2.631993124	2024-11-25@19:56	2.1394	-0.5465276286	1	8.502369417e-17	-0.1536254196	0.2577	2.151774857e-16	0.06589292587	v2.7.1	
1	Broyden	-98.82034643	-137.1248	3.740487819	YY	11.5	0.2005082506	self-energy	sharp_wc_5_b_50	2.0097	2	1.270398693	32.32636004	8.277825359e-11	-5.778045084	1.960245382	-6.288688372	1.834022699	1.229770787	0.004243397892	-6.186992168	1.825248827	61.17591714	7.3039327e-05	-0.6375280808	1.993607491	-5.458988748	1.602364941	a248bdd	2x2_2C_8b_C2v_L	10.58	1.195048556	2	1.66668541	1.1950485552879302	0.9999999999999998	new_boucle_param.py	R0:N14:S0:1	uncorrelated	-0.0001379033227	4.453345871e-05	1.350232688	-0.551802906	-1.992703382	1.473637877	0.1372444682	-0.2287700763	1.977471726	-1.528200536	0.2731788529	-0.03667602582	0.129557804	-0.3305637773	-2.493454575	2.614885686	2024-11-25@19:57	2.1394	-0.5466733637	1	-6.866868085e-17	-0.1537311544	0.2577	-1.244579706e-17	0.0659416732	v2.7.1	
