GS_consistency	U	e	eb1_1	eb2_1	eb3_1	eb4_1	eb5_1	eb6_1	eb7_1	eb8_1	githash	model	mu	script	tb1_1	tb2_1	tb3_1	tb4_1	tb5_1	tb6_1	tb7_1	tb8_1	time	tpd	tpp	tppp	version	
NY	9.5	2.9573	-0.28755278	-3.2603346	-3.3004542	0.017236408	-3.2999963	0.017255247	0.026755364	-3.0499278	a248bdd	2x2_2C_8b_C2v_L	9.68	validity_data_2022.py	-0.19436704	1.0425676	-1.5267701	0.14388071	1.5266661	-0.14388987	0.18178618	-2.0384409	2024-08-13@13:52	1.9665	1	0.2546	v2.7.1	
NY	9.5	2.9573	-0.28841841	-3.2567015	-3.3044539	0.017245969	-3.3053179	0.017223871	0.026765761	-3.055997	a248bdd	2x2_2C_8b_C2v_L	9.69	validity_data_2022.py	-0.19353496	1.0416795	-1.5263956	0.14352827	1.5265684	-0.14351512	0.18138349	-2.038074	2024-08-13@13:52	1.9665	1	0.2546	v2.7.1	
NY	9.5	2.9573	-0.2934689	-3.2727081	-3.3140141	0.016974098	-3.3149256	0.016947264	0.026439219	-3.0650786	a248bdd	2x2_2C_8b_C2v_L	9.7	validity_data_2022.py	-0.19383419	1.0433973	-1.5274655	0.14212868	1.5276513	-0.1421506	0.17972453	-2.0389448	2024-08-13@13:53	1.9665	1	0.2546	v2.7.1	
NY	9.5	2.9573	-0.29554999	-3.27944	-3.3220958	0.016613997	-3.3216862	0.016606541	0.026045805	-3.0726117	a248bdd	2x2_2C_8b_C2v_L	9.71	validity_data_2022.py	-0.19325092	1.0440242	-1.5280463	0.14153503	1.5279439	-0.14152421	0.17898643	-2.039132	2024-08-13@13:53	1.9665	1	0.2546	v2.7.1	
NY	9.5	2.9573	-0.2944887	-3.2798081	-3.3287408	0.015675902	-3.3285807	0.01564891	0.025121429	-3.0789979	a248bdd	2x2_2C_8b_C2v_L	9.72	validity_data_2022.py	-0.19153205	1.0443843	-1.5284051	0.14067232	1.528386	-0.1406633	0.17786724	-2.039168	2024-08-13@13:54	1.9665	1	0.2546	v2.7.1	
NY	9.5	2.9573	-0.29823912	-3.2845943	-3.3335595	0.016101817	-3.3364272	0.016089301	0.025525731	-3.0863607	a248bdd	2x2_2C_8b_C2v_L	9.73	validity_data_2022.py	-0.19144439	1.044607	-1.5283919	0.13967127	1.5289865	-0.13967102	0.17675735	-2.0393516	2024-08-13@13:54	1.9665	1	0.2546	v2.7.1	
NY	9.5	2.9573	-0.29930904	-3.2970727	-3.3418267	0.014796987	-3.3416595	0.0147861	0.024253974	-3.0928753	a248bdd	2x2_2C_8b_C2v_L	9.74	validity_data_2022.py	-0.19083546	1.0459682	-1.5289966	0.13914227	1.5289215	-0.13914077	0.1760077	-2.039326	2024-08-13@13:54	1.9665	1	0.2546	v2.7.1	
NY	9.5	2.9573	-0.30172802	-3.3070453	-3.3486145	0.01427201	-3.3484154	0.014307372	0.023745196	-3.0992894	a248bdd	2x2_2C_8b_C2v_L	9.75	validity_data_2022.py	-0.19026622	1.0470093	-1.529278	0.13842723	1.5292816	-0.13843418	0.17513311	-2.0392601	2024-08-13@13:55	1.9665	1	0.2546	v2.7.1	
NY	9.5	2.9573	-0.3029431	-3.3121532	-3.3551829	0.013833164	-3.3552935	0.013856599	0.02331486	-3.1059778	a248bdd	2x2_2C_8b_C2v_L	9.76	validity_data_2022.py	-0.18953486	1.0474505	-1.5296023	0.13763435	1.5296136	-0.13764173	0.17414572	-2.0392662	2024-08-13@13:55	1.9665	1	0.2546	v2.7.1	
NY	9.5	2.9573	-0.3054262	-3.3196088	-3.3626451	0.013941522	-3.3620896	0.013925041	0.023481428	-3.1136445	a248bdd	2x2_2C_8b_C2v_L	9.77	validity_data_2022.py	-0.1889544	1.0481694	-1.5300987	0.13667045	1.529946	-0.13667674	0.17305303	-2.0395906	2024-08-13@13:56	1.9665	1	0.2546	v2.7.1	
NY	9.5	2.9573	-0.30692531	-3.3296987	-3.3694292	0.013323141	-3.3689087	0.013381455	0.0229139	-3.1214096	a248bdd	2x2_2C_8b_C2v_L	9.78	validity_data_2022.py	-0.18835279	1.0492694	-1.5304552	0.13576952	1.5303369	-0.13576176	0.17193586	-2.0399859	2024-08-13@13:56	1.9665	1	0.2546	v2.7.1	
NY	9.5	2.9573	-0.3070852	-3.3316974	-3.3767482	0.013484313	-3.3761894	0.013373907	0.022938534	-3.1266822	a248bdd	2x2_2C_8b_C2v_L	9.79	validity_data_2022.py	-0.18700761	1.0495937	-1.5308801	0.13521438	1.5306759	-0.13518701	0.17128264	-2.039468	2024-08-13@13:57	1.9665	1	0.2546	v2.7.1	
NY	9.5	2.9573	-0.30711898	-3.3310181	-3.3832554	0.013044704	-3.3825721	0.013005426	0.022714595	-3.1339328	a248bdd	2x2_2C_8b_C2v_L	9.8	validity_data_2022.py	-0.18566994	1.0494177	-1.5311267	0.13420958	1.5309208	-0.13420032	0.17009345	-2.0397158	2024-08-13@13:57	1.9665	1	0.2546	v2.7.1	
NY	9.5	2.9573	-0.31190039	-3.3502472	-3.3892729	0.012781913	-3.3893797	0.012767622	0.022491063	-3.1405784	a248bdd	2x2_2C_8b_C2v_L	9.81	validity_data_2022.py	-0.1862383	1.0511704	-1.5312687	0.13345635	1.5312608	-0.13345726	0.16919582	-2.0397081	2024-08-13@13:57	1.9665	1	0.2546	v2.7.1	
NY	9.5	2.9573	-0.31168792	-3.3485261	-3.3971696	0.01316779	-3.396389	0.013185497	0.022923105	-3.148378	a248bdd	2x2_2C_8b_C2v_L	9.82	validity_data_2022.py	-0.18460301	1.0509751	-1.5317028	0.13278539	1.531547	-0.13276708	0.16850804	-2.0398897	2024-08-13@13:58	1.9665	1	0.2546	v2.7.1	
NY	9.5	2.9573	-0.31876494	-3.3639992	-3.4045097	0.013908085	-3.4031167	0.013926944	0.023833498	-3.1554727	a248bdd	2x2_2C_8b_C2v_L	9.83	validity_data_2022.py	-0.18532883	1.0521695	-1.5322468	0.13150049	1.5319407	-0.13150661	0.16713386	-2.0401215	2024-08-13@13:58	1.9665	1	0.2546	v2.7.1	
NY	9.5	2.9573	-0.31688374	-3.3702077	-3.4102736	0.012823541	-3.4101137	0.01283302	0.022777587	-3.1614974	a248bdd	2x2_2C_8b_C2v_L	9.84	validity_data_2022.py	-0.18393857	1.0529857	-1.5322703	0.13096714	1.5322473	-0.13095585	0.16636537	-2.0399285	2024-08-13@13:59	1.9665	1	0.2546	v2.7.1	
NY	9.5	2.9573	-0.32152971	-3.378233	-3.4166936	0.013921697	-3.4178362	0.013989615	0.024064746	-3.1697916	a248bdd	2x2_2C_8b_C2v_L	9.85	validity_data_2022.py	-0.18362094	1.0535062	-1.5324905	0.12995791	1.532761	-0.12994206	0.165426	-2.0403649	2024-08-13@13:59	1.9665	1	0.2546	v2.7.1	
NY	9.5	2.9573	-0.31869085	-3.3755427	-3.4245113	0.013348483	-3.4248455	0.013377742	0.023393249	-3.1767343	a248bdd	2x2_2C_8b_C2v_L	9.86	validity_data_2022.py	-0.18158636	1.0533829	-1.5329041	0.12948599	1.5330111	-0.12950299	0.16479165	-2.0403269	2024-08-13@14:00	1.9665	1	0.2546	v2.7.1	
NY	9.5	2.9573	-0.32144993	-3.3909344	-3.4314274	0.01291384	-3.4307765	0.012957221	0.023164627	-3.1823842	a248bdd	2x2_2C_8b_C2v_L	9.87	validity_data_2022.py	-0.18156273	1.0548208	-1.5332703	0.12854408	1.5331415	-0.12852856	0.16366712	-2.0401097	2024-08-13@14:00	1.9665	1	0.2546	v2.7.1	
NY	9.5	2.9573	-0.32322357	-3.3941385	-3.437719	0.013712879	-3.4379876	0.013710674	0.024043224	-3.1902888	a248bdd	2x2_2C_8b_C2v_L	9.88	validity_data_2022.py	-0.18051214	1.0549717	-1.5334312	0.12772928	1.5334921	-0.12774358	0.1628824	-2.040403	2024-08-13@14:00	1.9665	1	0.2546	v2.7.1	
NY	9.5	2.9573	-0.32782641	-3.4008037	-3.4453349	0.015041264	-3.4455549	0.014985582	0.025536149	-3.198494	a248bdd	2x2_2C_8b_C2v_L	9.89	validity_data_2022.py	-0.18011195	1.0553349	-1.5338925	0.1267547	1.5339057	-0.12678025	0.16200075	-2.0407713	2024-08-13@14:01	1.9665	1	0.2546	v2.7.1	
NY	9.5	2.9573	-0.32752183	-3.404454	-3.452522	0.014563838	-3.4523681	0.014541587	0.02501357	-3.2049241	a248bdd	2x2_2C_8b_C2v_L	9.9	validity_data_2022.py	-0.17883593	1.055614	-1.5341423	0.12640031	1.534099	-0.12639101	0.16152302	-2.0405558	2024-08-13@14:01	1.9665	1	0.2546	v2.7.1	
NY	9.5	2.9573	-0.32666938	-3.4033959	-3.4588048	0.01545691	-3.4606325	0.015399158	0.026020297	-3.2127913	a248bdd	2x2_2C_8b_C2v_L	9.91	validity_data_2022.py	-0.17695393	1.0555347	-1.5341753	0.12581177	1.5345494	-0.12583795	0.16110752	-2.0406435	2024-08-13@14:02	1.9665	1	0.2546	v2.7.1	
NY	9.5	2.9573	-0.32836843	-3.411711	-3.466148	0.01570136	-3.4666024	0.015632238	0.026601745	-3.2197315	a248bdd	2x2_2C_8b_C2v_L	9.92	validity_data_2022.py	-0.17623739	1.0563057	-1.5347102	0.12453015	1.5347884	-0.12454686	0.15968207	-2.0409677	2024-08-13@14:02	1.9665	1	0.2546	v2.7.1	
NY	9.5	2.9573	-0.33239259	-3.4183782	-3.4742475	0.016415985	-3.474618	0.016445975	0.027392358	-3.2274723	a248bdd	2x2_2C_8b_C2v_L	9.93	validity_data_2022.py	-0.17576696	1.0565495	-1.5351009	0.12411721	1.5351936	-0.12412136	0.15933871	-2.0410495	2024-08-13@14:03	1.9665	1	0.2546	v2.7.1	
NY	9.5	2.9573	-0.3315132	-3.4164484	-3.4808927	0.01766157	-3.4821894	0.017601881	0.028850189	-3.2356373	a248bdd	2x2_2C_8b_C2v_L	9.94	validity_data_2022.py	-0.17379854	1.0563477	-1.5353146	0.12333049	1.5355477	-0.12335275	0.15871582	-2.0413905	2024-08-13@14:03	1.9665	1	0.2546	v2.7.1	
NY	9.5	2.9573	-0.33226993	-3.4322639	-3.4890941	0.016879588	-3.4887338	0.016919538	0.028157802	-3.2420949	a248bdd	2x2_2C_8b_C2v_L	9.95	validity_data_2022.py	-0.17347529	1.0578741	-1.5357561	0.12277913	1.5357223	-0.12277174	0.15801441	-2.0412552	2024-08-13@14:03	1.9665	1	0.2546	v2.7.1	
NY	9.5	2.9573	-0.3363198	-3.4384026	-3.4965218	0.01805151	-3.4956084	0.018081737	0.029511342	-3.2497981	a248bdd	2x2_2C_8b_C2v_L	9.96	validity_data_2022.py	-0.17286135	1.0581532	-1.5360937	0.12216538	1.5359118	-0.12214077	0.15751819	-2.0414078	2024-08-13@14:04	1.9665	1	0.2546	v2.7.1	
NY	9.5	2.9573	-0.33389127	-3.4390164	-3.5036022	0.018259055	-3.5031741	0.018270505	0.029912415	-3.2572694	a248bdd	2x2_2C_8b_C2v_L	9.97	validity_data_2022.py	-0.17100548	1.0582249	-1.5363429	0.12145412	1.5362551	-0.12143618	0.15683787	-2.0415424	2024-08-13@14:04	1.9665	1	0.2546	v2.7.1	
NY	9.5	2.9573	-0.33657979	-3.4422246	-3.5107179	0.020134406	-3.5115736	0.020158202	0.032333626	-3.2663282	a248bdd	2x2_2C_8b_C2v_L	9.98	validity_data_2022.py	-0.1698799	1.0583243	-1.5366369	0.12057104	1.5368612	-0.12057982	0.15628289	-2.0421905	2024-08-13@14:05	1.9665	1	0.2546	v2.7.1	
NY	9.5	2.9573	-0.3365135	-3.4495966	-3.519198	0.01977573	-3.5185892	0.019776956	0.031787455	-3.272588	a248bdd	2x2_2C_8b_C2v_L	9.99	validity_data_2022.py	-0.16885394	1.0588999	-1.5370873	0.12032433	1.5369494	-0.12033289	0.15590857	-2.0418085	2024-08-13@14:05	1.9665	1	0.2546	v2.7.1	
YY	9.5	2.9573	-0.33878808	-3.4410239	-3.5257958	0.022771723	-3.5255954	0.022844527	0.035665168	-3.2821226	a248bdd	2x2_2C_8b_C2v_L	10	validity_data_2022.py	-0.1667709	1.0576983	-1.5372742	0.11962749	1.5372488	-0.11963269	0.15587045	-2.0425472	2024-08-13@14:05	1.9665	1	0.2546	v2.7.1	
YY	9.5	2.9573	0.25995641	-2.9981066	-3.8065769	0.45036854	-3.8094077	0.45015947	0.55242445	-3.5587927	a248bdd	2x2_2C_8b_C2v_L	10.01	validity_data_2022.py	-0.083061887	1.0384693	-1.6004534	0.17418126	1.6008358	-0.17463942	0.2536658	-2.1300743	2024-08-13@14:06	1.9665	1	0.2546	v2.7.1	
YY	9.5	2.9573	0.26407407	-3.0205075	-3.8255364	0.45060357	-3.8277656	0.44974481	0.55072806	-3.5741829	a248bdd	2x2_2C_8b_C2v_L	10.02	validity_data_2022.py	-0.085135944	1.0407959	-1.6027347	0.17634459	1.6029896	0.17669536	0.2559619	-2.1320639	2024-08-13@14:07	1.9665	1	0.2546	v2.7.1	
YY	9.5	2.9573	0.26679807	-3.0432102	-3.8477477	0.44853813	-3.8454371	0.4500471	0.5466337	-3.5883909	a248bdd	2x2_2C_8b_C2v_L	10.03	validity_data_2022.py	-0.087302502	1.0431586	-1.6054149	0.1789603	1.6052093	0.17862498	0.25796745	-2.1335946	2024-08-13@14:07	1.9665	1	0.2546	v2.7.1	
YY	9.5	2.9573	0.26719589	-3.0634826	-3.8634871	0.44697934	-3.8657937	0.44599757	0.54182015	-3.602334	a248bdd	2x2_2C_8b_C2v_L	10.04	validity_data_2022.py	-0.089121435	1.0450468	-1.6071903	0.18050759	1.6074522	-0.18083027	0.25983115	-2.1350672	2024-08-13@14:07	1.9665	1	0.2546	v2.7.1	
YY	9.5	2.9573	0.2706053	-3.0853966	-3.8827052	0.44439977	-3.885957	0.4437162	0.53698056	-3.6172979	a248bdd	2x2_2C_8b_C2v_L	10.05	validity_data_2022.py	0.091311958	1.0472628	-1.6094822	0.1824609	1.6099098	-0.18292155	0.26174181	-2.1368183	2024-08-13@14:08	1.9665	1	0.2546	v2.7.1	
YY	9.5	2.9573	0.26977581	-3.1090123	-3.9038465	0.43863572	-3.9042043	0.436977	0.52810509	-3.6321438	a248bdd	2x2_2C_8b_C2v_L	10.06	validity_data_2022.py	0.093608463	1.049687	-1.612004	0.18476065	1.611901	0.18472822	0.26365248	-2.1384404	2024-08-13@14:08	1.9665	1	0.2546	v2.7.1	
YY	9.5	2.9573	0.27146462	-3.1280661	-3.9211936	0.43551537	-3.920235	0.43756035	0.52556117	-3.645253	a248bdd	2x2_2C_8b_C2v_L	10.07	validity_data_2022.py	-0.095123496	1.0514727	-1.6136814	0.18628399	1.6137365	0.18621457	0.26518038	-2.1397128	2024-08-13@14:09	1.9665	1	0.2546	v2.7.1	
YY	9.5	2.9573	0.26840108	-3.1518911	-3.942068	0.42815738	-3.9417474	0.42806237	0.51321927	-3.6591947	a248bdd	2x2_2C_8b_C2v_L	10.08	validity_data_2022.py	-0.097398836	1.0538683	-1.6162821	0.1883265	1.6162039	-0.18830038	0.26664336	-2.140942	2024-08-13@14:09	1.9665	1	0.2546	v2.7.1	
YY	9.5	2.9573	0.27022137	-3.1698735	-3.9558103	0.42886184	-3.9573682	0.42645314	0.51164777	-3.6720747	a248bdd	2x2_2C_8b_C2v_L	10.09	validity_data_2022.py	-0.098661809	1.0554888	-1.6176041	0.18951021	1.6176429	-0.18962403	0.26798902	-2.1421768	2024-08-13@14:10	1.9665	1	0.2546	v2.7.1	
YY	9.5	2.9573	0.26965908	-3.1917252	-3.9721243	0.42224781	-3.9754817	0.42088797	0.5045922	-3.6853072	a248bdd	2x2_2C_8b_C2v_L	10.1	validity_data_2022.py	-0.10048578	1.057639	-1.6191592	0.19076771	1.6195904	0.19113577	0.26938842	-2.1433608	2024-08-13@14:10	1.9665	1	0.2546	v2.7.1	
YY	9.5	2.9573	0.26643626	-3.2127808	-3.9916566	0.41374202	-3.9906796	0.41636064	0.49571554	-3.6983839	a248bdd	2x2_2C_8b_C2v_L	10.11	validity_data_2022.py	-0.10199204	1.0596269	-1.6211104	0.19233344	1.6211751	0.19221472	0.27042312	-2.1444392	2024-08-13@14:11	1.9665	1	0.2546	v2.7.1	
YY	9.5	2.9573	0.26417842	-3.2324684	-4.0061866	0.40902769	-4.0069466	0.40659051	0.48707322	-3.710413	a248bdd	2x2_2C_8b_C2v_L	10.12	validity_data_2022.py	-0.10355823	1.0614524	-1.6225494	0.19333138	1.6224481	-0.1933532	0.27135384	-2.1452204	2024-08-13@14:11	1.9665	1	0.2546	v2.7.1	
YY	9.5	2.9573	0.26151975	-3.2531963	-4.0242619	0.39966863	-4.021545	0.40084026	0.47771015	-3.722913	a248bdd	2x2_2C_8b_C2v_L	10.13	validity_data_2022.py	0.10513654	1.0634069	-1.6241987	0.19460182	1.6238648	-0.19430383	0.27219878	-2.1461037	2024-08-13@14:12	1.9665	1	0.2546	v2.7.1	
YY	9.5	2.9573	0.25395015	-3.2745729	-4.0391202	0.38751793	-4.0381287	0.38772645	0.46237563	-3.7339581	a248bdd	2x2_2C_8b_C2v_L	10.14	validity_data_2022.py	0.10660383	1.0654083	-1.6254112	0.195342	1.6252464	0.19524487	0.2724498	-2.1464025	2024-08-13@14:12	1.9665	1	0.2546	v2.7.1	
YY	9.5	2.9573	0.25311319	-3.2921401	-4.0519547	0.38414599	-4.0544103	0.38238348	0.45743001	-3.7462537	a248bdd	2x2_2C_8b_C2v_L	10.15	validity_data_2022.py	0.10781545	1.0669034	-1.6264293	0.19607443	1.6266793	0.19629944	0.27343141	-2.1473454	2024-08-13@14:13	1.9665	1	0.2546	v2.7.1	
YY	9.5	2.9573	0.24674995	-3.3099531	-4.0658612	0.37434873	-4.0675285	0.37184438	0.44545376	-3.7561486	a248bdd	2x2_2C_8b_C2v_L	10.16	validity_data_2022.py	0.10884185	1.0683591	-1.6274059	0.19670498	1.6274783	-0.19680144	0.27355786	-2.147398	2024-08-13@14:13	1.9665	1	0.2546	v2.7.1	
YY	9.5	2.9573	0.24149957	-3.3302418	-4.0808749	0.36241866	-4.0814891	0.36526088	0.43444026	-3.7670639	a248bdd	2x2_2C_8b_C2v_L	10.17	validity_data_2022.py	-0.10999566	1.0702071	-1.6283326	0.19731233	1.6287418	-0.19737042	0.27377409	-2.1477562	2024-08-13@14:14	1.9665	1	0.2546	v2.7.1	
YY	9.5	2.9573	0.23542577	-3.3462924	-4.0908689	0.35484765	-4.0910778	0.35376635	0.42454807	-3.7762433	a248bdd	2x2_2C_8b_C2v_L	10.18	validity_data_2022.py	-0.11062872	1.0714577	-1.6287476	0.19728682	1.6286741	0.19729655	0.27360468	-2.1476938	2024-08-13@14:14	1.9665	1	0.2546	v2.7.1	
YY	9.5	2.9573	0.22530277	-3.3641616	-4.1023523	0.33739652	-4.102177	0.33992851	0.40738876	-3.7850798	a248bdd	2x2_2C_8b_C2v_L	10.19	validity_data_2022.py	0.11155676	1.0728042	-1.6288609	0.19726042	1.6290708	0.19728852	0.2731345	-2.147244	2024-08-13@14:14	1.9665	1	0.2546	v2.7.1	
YY	9.5	2.9573	0.21851732	-3.3791021	-4.1130661	0.32896446	-4.113353	0.32816262	0.39593236	-3.7939548	a248bdd	2x2_2C_8b_C2v_L	10.2	validity_data_2022.py	0.11219714	1.0738155	-1.6293312	0.19736424	1.6293161	-0.19736241	0.27285749	-2.1470078	2024-08-13@14:15	1.9665	1	0.2546	v2.7.1	
YY	9.5	2.9573	0.2078884	-3.3951584	-4.1186215	0.31456324	-4.1189863	0.31191505	0.37953275	-3.799754	a248bdd	2x2_2C_8b_C2v_L	10.21	validity_data_2022.py	-0.1126354	1.0749856	-1.6285826	0.19663526	1.6284042	-0.19655726	0.27160103	-2.1457298	2024-08-13@14:15	1.9665	1	0.2546	v2.7.1	
YY	9.5	2.9573	0.20076953	-3.4091397	-4.1295775	0.3031496	-4.1300675	0.30379867	0.36885366	-3.8081301	a248bdd	2x2_2C_8b_C2v_L	10.22	validity_data_2022.py	-0.11294586	1.0758124	-1.6287837	0.19641369	1.6289342	0.19648375	0.27115022	-2.1453507	2024-08-13@14:16	1.9665	1	0.2546	v2.7.1	
YY	9.5	2.9573	0.18866671	-3.4209257	-4.1312006	0.28779542	-4.1328838	0.28564312	0.35125853	-3.8122583	a248bdd	2x2_2C_8b_C2v_L	10.23	validity_data_2022.py	0.11292659	1.076334	-1.6272537	0.19509025	1.6274015	0.1950445	0.26930042	-2.1435949	2024-08-13@14:16	1.9665	1	0.2546	v2.7.1	
YY	9.5	2.9573	0.179742	-3.4338357	-4.1382697	0.27489879	-4.1384904	0.27536232	0.33927943	-3.8192254	a248bdd	2x2_2C_8b_C2v_L	10.24	validity_data_2022.py	-0.1128937	1.0769899	-1.6266926	0.19426774	1.6267676	-0.19432823	0.26836534	-2.1427712	2024-08-13@14:17	1.9665	1	0.2546	v2.7.1	
YY	9.5	2.9573	0.16884889	-3.4420344	-4.1373789	0.26244768	-4.1377057	0.26066664	0.32506668	-3.8219296	a248bdd	2x2_2C_8b_C2v_L	10.25	validity_data_2022.py	0.11232279	1.0770071	-1.6247472	-0.19278849	1.624705	-0.19258807	0.26645248	-2.1407341	2024-08-13@14:17	1.9665	1	0.2546	v2.7.1	
YY	9.5	2.9573	0.15997441	-3.4536204	-4.142053	0.2506289	-4.142621	0.25172624	0.3141338	-3.8275552	a248bdd	2x2_2C_8b_C2v_L	10.26	validity_data_2022.py	0.1120227	1.0774531	-1.6237874	-0.19171742	1.6239733	0.19185152	0.26544276	-2.1395691	2024-08-13@14:18	1.9665	1	0.2546	v2.7.1	
YY	9.5	2.9573	0.15094609	-3.4610786	-4.1398466	0.23915644	-4.142607	0.24174241	0.30278253	-3.8307122	a248bdd	2x2_2C_8b_C2v_L	10.27	validity_data_2022.py	-0.11128039	1.0773728	-1.6216374	0.18989205	1.6222457	0.19050465	0.26364988	-2.1377601	2024-08-13@14:18	1.9665	1	0.2546	v2.7.1	
YY	9.5	2.9573	0.14134656	-3.4659318	-4.1406346	0.22990381	-4.1422582	0.23070738	0.29175466	-3.8339463	a248bdd	2x2_2C_8b_C2v_L	10.28	validity_data_2022.py	-0.11036765	1.0768788	-1.6201214	0.18869437	1.6204547	-0.18891126	0.2620998	-2.1359727	2024-08-13@14:19	1.9665	1	0.2546	v2.7.1	
YY	9.5	2.9573	0.13378563	-3.4714644	-4.1405564	0.2222733	-4.1439906	0.22325985	0.28297104	-3.8375948	a248bdd	2x2_2C_8b_C2v_L	10.29	validity_data_2022.py	0.10955657	1.0765314	-1.6185874	-0.18738791	1.6191245	-0.18795535	0.26072006	-2.1343817	2024-08-13@14:19	1.9665	1	0.2546	v2.7.1	
YY	9.5	2.9573	0.12619311	-3.4778782	-4.1452142	0.21623379	-4.1422606	0.21499917	0.27508619	-3.8425586	a248bdd	2x2_2C_8b_C2v_L	10.3	validity_data_2022.py	0.10870199	1.0762841	-1.6178219	-0.18689288	1.617251	0.18644739	0.25975078	-2.1331916	2024-08-13@14:20	1.9665	1	0.2546	v2.7.1	
YY	9.5	2.9573	0.11847897	-3.4803306	-4.1420356	0.20751977	-4.1425328	0.20930777	0.266569	-3.8440987	a248bdd	2x2_2C_8b_C2v_L	10.31	validity_data_2022.py	-0.10748376	1.0755421	-1.6155602	0.1850966	1.6158621	0.18528915	0.25796658	-2.131078	2024-08-13@14:21	1.9665	1	0.2546	v2.7.1	
YY	9.5	2.9573	0.11263147	-3.4841322	-4.1418835	0.20272239	-4.1423594	0.20399196	0.26084153	-3.8485182	a248bdd	2x2_2C_8b_C2v_L	10.32	validity_data_2022.py	-0.10651185	1.0749843	-1.6140325	-0.18416286	1.6143379	-0.18415011	0.25694292	-2.1298447	2024-08-13@14:21	1.9665	1	0.2546	v2.7.1	
YY	9.5	2.9573	0.10694615	-3.487218	-4.1436932	0.1984352	-4.1426208	0.19884743	0.25522359	-3.8519136	a248bdd	2x2_2C_8b_C2v_L	10.33	validity_data_2022.py	0.10544376	1.0743568	-1.6129926	-0.18308584	1.6128324	0.18309106	0.25572674	-2.1283481	2024-08-13@14:22	1.9665	1	0.2546	v2.7.1	
YY	9.5	2.9573	0.10189576	-3.4910174	-4.1447625	0.19502157	-4.1461898	0.19493921	0.25043549	-3.856019	a248bdd	2x2_2C_8b_C2v_L	10.34	validity_data_2022.py	-0.10457216	1.0737828	-1.6117917	0.1824252	1.6120613	0.18247619	0.25495793	-2.12707	2024-08-13@14:23	1.9665	1	0.2546	v2.7.1	
YY	9.5	2.9573	0.093368829	-3.4946624	-4.1438072	0.18866079	-4.1463052	0.18802919	0.24198795	-3.8600082	a248bdd	2x2_2C_8b_C2v_L	10.35	validity_data_2022.py	0.10314914	1.0731122	-1.6101868	0.18120831	1.6105001	0.18147786	0.253852	-2.125626	2024-08-13@14:23	1.9665	1	0.2546	v2.7.1	
YY	9.5	2.9573	0.087698348	-3.4970001	-4.1441541	0.18408847	-4.1442684	0.18369981	0.23609406	-3.8615163	a248bdd	2x2_2C_8b_C2v_L	10.36	validity_data_2022.py	0.10186643	1.0723407	-1.6087826	-0.1801776	1.6087678	0.18010116	0.25231803	-2.1236444	2024-08-13@14:24	1.9665	1	0.2546	v2.7.1	
YY	9.5	2.9573	0.084888915	-3.4999768	-4.149101	0.1825317	-4.1457947	0.18224183	0.23412019	-3.8669166	a248bdd	2x2_2C_8b_C2v_L	10.37	validity_data_2022.py	-0.10116557	1.0717212	-1.6083558	-0.1797966	1.6076807	0.17968547	0.25189861	-2.1228375	2024-08-13@14:24	1.9665	1	0.2546	v2.7.1	
YY	9.5	2.9573	0.076537378	-3.5060776	-4.1461637	0.17652213	-4.1475198	0.1765684	0.22558888	-3.8696945	a248bdd	2x2_2C_8b_C2v_L	10.38	validity_data_2022.py	-0.099676812	1.0713739	-1.606357	0.17887608	1.6066126	0.17892112	0.25091998	-2.1210992	2024-08-13@14:25	1.9665	1	0.2546	v2.7.1	
YY	9.5	2.9573	0.07478644	-3.5065662	-4.1482766	0.17529341	-4.1485146	0.17494035	0.22381287	-3.8726876	a248bdd	2x2_2C_8b_C2v_L	10.39	validity_data_2022.py	0.098916826	1.0704992	-1.6053975	0.17807028	1.6054385	0.17795886	0.24972789	-2.1196825	2024-08-13@14:26	1.9665	1	0.2546	v2.7.1	
YY	9.5	2.9573	0.066816595	-3.510549	-4.1481206	0.16957982	-4.1458031	0.16935366	0.21526966	-3.8752942	a248bdd	2x2_2C_8b_C2v_L	10.4	validity_data_2022.py	0.097308364	1.0697975	-1.6039887	-0.17711884	1.6035511	0.17695365	0.24852226	-2.1179244	2024-08-13@14:26	1.9665	1	0.2546	v2.7.1	
YY	9.5	2.9573	0.065079399	-3.5122576	-4.1506489	0.16877666	-4.149118	0.16821593	0.21396695	-3.8794536	a248bdd	2x2_2C_8b_C2v_L	10.41	validity_data_2022.py	-0.096627947	1.0690879	-1.6031817	-0.17652561	1.6028021	0.1764218	0.24775794	-2.1168367	2024-08-13@14:27	1.9665	1	0.2546	v2.7.1	
YY	9.5	2.9573	0.060665902	-3.5162769	-4.1497555	0.16535804	-4.149625	0.16525054	0.20892479	-3.8818915	a248bdd	2x2_2C_8b_C2v_L	10.42	validity_data_2022.py	-0.095570505	1.0685633	-1.6016425	0.17567818	1.6015975	0.17567358	0.2466694	-2.1151643	2024-08-13@14:28	1.9665	1	0.2546	v2.7.1	
YY	9.5	2.9573	0.057514892	-3.5202024	-4.1506367	0.1630838	-4.1525551	0.16357487	0.20562178	-3.8856492	a248bdd	2x2_2C_8b_C2v_L	10.43	validity_data_2022.py	0.094865904	1.0680796	-1.6004754	0.1751675	1.6008627	0.17535788	0.24611601	-2.1139332	2024-08-13@14:28	1.9665	1	0.2546	v2.7.1	
YY	9.5	2.9573	0.05319813	-3.5226049	-4.1509672	0.16001453	-4.1503187	0.15983489	0.20007532	-3.8870159	a248bdd	2x2_2C_8b_C2v_L	10.44	validity_data_2022.py	0.093763397	1.0673365	-1.5992361	-0.17435554	1.5990972	0.17427791	0.24468374	-2.1119785	2024-08-13@14:29	1.9665	1	0.2546	v2.7.1	
YY	9.5	2.9573	0.049839443	-3.5259732	-4.1517825	0.1575124	-4.1523132	0.1574318	0.19577264	-3.8886229	a248bdd	2x2_2C_8b_C2v_L	10.45	validity_data_2022.py	-0.09290125	1.066766	-1.5980874	-0.17367506	1.5981791	0.17367713	0.24362626	-2.1101437	2024-08-13@14:29	1.9665	1	0.2546	v2.7.1	
YY	9.5	2.9573	0.045166347	-3.5302975	-4.1517738	0.15387943	-4.1505997	0.15359123	0.18889921	-3.8889518	a248bdd	2x2_2C_8b_C2v_L	10.46	validity_data_2022.py	-0.091863442	1.0662605	-1.5968412	0.17293912	1.5965944	0.17280015	0.24214903	-2.1079199	2024-08-13@14:30	1.9665	1	0.2546	v2.7.1	
YY	9.5	2.9573	0.042504185	-3.5361236	-4.1514733	0.15149959	-4.1512455	0.1517031	0.18538642	-3.8913861	a248bdd	2x2_2C_8b_C2v_L	10.47	validity_data_2022.py	0.091195635	1.0660535	-1.5954366	0.17233683	1.5954583	0.17225397	0.24132366	-2.1063494	2024-08-13@14:30	1.9665	1	0.2546	v2.7.1	
YY	9.5	2.9573	0.039207273	-3.5396494	-4.1505393	0.14885945	-4.1513217	0.14876245	0.1801851	-3.8920513	a248bdd	2x2_2C_8b_C2v_L	10.48	validity_data_2022.py	0.090379439	1.0655257	-1.5940381	-0.17157197	1.5941861	0.17153732	0.2399455	-2.1042796	2024-08-13@14:31	1.9665	1	0.2546	v2.7.1	
YY	9.5	2.9573	0.036579196	-3.5422255	-4.1513181	0.14654634	-4.1530994	0.14713158	0.17608596	-3.8930135	a248bdd	2x2_2C_8b_C2v_L	10.49	validity_data_2022.py	-0.089726782	1.0648617	-1.5928843	-0.17103768	1.5933149	0.17112279	0.23890372	-2.1023129	2024-08-13@14:31	1.9665	1	0.2546	v2.7.1	
YY	9.5	2.9573	0.033565328	-3.5475341	-4.1521111	0.14388453	-4.1509539	0.14371427	0.17071449	-3.8926669	a248bdd	2x2_2C_8b_C2v_L	10.5	validity_data_2022.py	-0.08896468	1.0646037	-1.5918002	0.17021832	1.591582	0.17014591	0.23727612	-2.0999872	2024-08-13@14:32	1.9665	1	0.2546	v2.7.1	
YY	9.5	2.9573	0.031852787	-3.5513793	-4.1515819	0.14235151	-4.1500755	0.14217356	0.16799192	-3.8947621	a248bdd	2x2_2C_8b_C2v_L	10.51	validity_data_2022.py	0.088469148	1.0641876	-1.5904348	-0.16972972	1.5901517	0.16965223	0.2364656	-2.0984006	2024-08-13@14:32	1.9665	1	0.2546	v2.7.1	
YY	9.5	2.9573	0.029204812	-3.5531702	-4.1513079	0.13967708	-4.1510365	0.13976856	0.1629283	-3.8943366	a248bdd	2x2_2C_8b_C2v_L	10.52	validity_data_2022.py	-0.087789808	1.0634546	-1.5891225	-0.168972	1.5890972	0.16899965	0.23487198	-2.0960556	2024-08-13@14:33	1.9665	1	0.2546	v2.7.1	
YY	9.5	2.9573	0.026754198	-3.5585208	-4.1512082	0.1373842	-4.1498412	0.13731213	0.15848344	-3.8947416	a248bdd	2x2_2C_8b_C2v_L	10.53	validity_data_2022.py	-0.087219515	1.0632136	-1.5879036	0.1684111	1.5876048	0.1683672	0.23365829	-2.0939941	2024-08-13@14:34	1.9665	1	0.2546	v2.7.1	
YY	9.5	2.9573	0.023802852	-3.5624101	-4.147755	0.13343645	-4.1478769	0.13360465	0.15170834	-3.8899247	a248bdd	2x2_2C_8b_C2v_L	10.54	validity_data_2022.py	0.086414609	1.062759	-1.5859517	0.1672721	1.5860156	0.16723251	0.23130848	-2.0904882	2024-08-13@14:34	1.9665	1	0.2546	v2.7.1	
NY	9.5	2.9573	0.020408353	-3.5702748	-4.1483286	0.13005408	-4.1457665	0.12990658	0.14430971	-3.8870375	a248bdd	2x2_2C_8b_C2v_L	10.55	validity_data_2022.py	0.085792901	1.0628039	-1.5848981	-0.16671909	1.5843793	0.16662344	0.22943717	-2.0874989	2024-08-13@14:35	1.9665	1	0.2546	v2.7.1	
NY	9.5	2.9573	0.019354632	-3.5705691	-4.1449283	0.12783016	-4.1466278	0.1280877	0.14159659	-3.8864222	a248bdd	2x2_2C_8b_C2v_L	10.56	validity_data_2022.py	-0.085226115	1.0620156	-1.5829197	-0.16561218	1.583272	0.16564037	0.22775918	-2.0852135	2024-08-13@14:36	1.9665	1	0.2546	v2.7.1	
NY	9.5	2.9573	0.017817022	-3.5741023	-4.1449857	0.12602403	-4.1435782	0.1259451	0.13813601	-3.8860206	a248bdd	2x2_2C_8b_C2v_L	10.57	validity_data_2022.py	-0.084787817	1.0615926	-1.5816982	0.16499161	1.5814194	0.16496986	0.22642163	-2.0829725	2024-08-13@14:36	1.9665	1	0.2546	v2.7.1	
NY	9.5	2.9573	0.015790166	-3.5765977	-4.1429976	0.12307017	-4.141335	0.12281111	0.13317584	-3.8830842	a248bdd	2x2_2C_8b_C2v_L	10.58	validity_data_2022.py	0.08418832	1.0609854	-1.5800659	0.1640882	1.5797246	0.16400553	0.22452102	-2.0800538	2024-08-13@14:37	1.9665	1	0.2546	v2.7.1	
NY	9.5	2.9573	0.014030824	-3.5783844	-4.1395911	0.11997744	-4.1413609	0.12016173	0.12821255	-3.8797002	a248bdd	2x2_2C_8b_C2v_L	10.59	validity_data_2022.py	0.083632353	1.0603408	-1.5781537	-0.16308877	1.5784875	0.16314948	0.22245975	-2.0770177	2024-08-13@14:38	1.9665	1	0.2546	v2.7.1	
NY	9.5	2.9573	0.012124714	-3.5837369	-4.1375577	0.11673389	-4.1368793	0.11651251	0.12269611	-3.8749507	a248bdd	2x2_2C_8b_C2v_L	10.6	validity_data_2022.py	-0.08303861	1.0602022	-1.5765101	-0.16204573	1.5763685	0.1619539	-0.22009384	-2.0735972	2024-08-13@14:39	1.9665	1	0.2546	v2.7.1	
NY	9.5	2.9573	0.010116816	-3.5904546	-4.1348982	0.11325821	-4.1340865	0.11299962	0.11710361	-3.8709263	a248bdd	2x2_2C_8b_C2v_L	10.61	validity_data_2022.py	0.082509754	1.060188	-1.5747534	-0.16104373	1.5745675	-0.16094176	-0.21789565	-2.0704002	2024-08-13@14:39	1.9665	1	0.2546	v2.7.1	
NY	9.5	2.9573	0.0089835109	-3.5924466	-4.1281874	0.10996696	-4.1300261	0.11016816	0.11331021	-3.8679574	a248bdd	2x2_2C_8b_C2v_L	10.62	validity_data_2022.py	-0.081966671	1.0596227	-1.5721605	-0.15962804	1.5725207	0.15973457	0.21579556	-2.0675061	2024-08-13@14:40	1.9665	1	0.2546	v2.7.1	
NY	9.5	2.9573	0.0070624422	-3.5954528	-4.125315	0.10590884	-4.1248876	0.10553059	0.10668452	-3.8607852	a248bdd	2x2_2C_8b_C2v_L	10.63	validity_data_2022.py	0.081332649	1.059164	-1.5703204	-0.15833883	1.5702598	0.15828273	0.21282986	-2.0634468	2024-08-13@14:41	1.9665	1	0.2546	v2.7.1	
NY	9.5	2.9573	0.0058577775	-3.600073	-4.1223917	0.10254617	-4.1218468	0.10247009	0.10238283	-3.856706	a248bdd	2x2_2C_8b_C2v_L	10.64	validity_data_2022.py	0.080837992	1.058944	-1.5684892	-0.15714369	1.5683794	-0.1570937	-0.2106484	-2.0602789	2024-08-13@14:42	1.9665	1	0.2546	v2.7.1	
NY	9.5	2.9573	0.0049062429	-3.6028422	-4.1176299	0.099456961	-4.1181678	0.099719249	0.098774246	-3.8531661	a248bdd	2x2_2C_8b_C2v_L	10.65	validity_data_2022.py	0.080350551	1.0585097	-1.5662646	0.15580542	1.5663958	-0.15592301	-0.20853522	-2.0572605	2024-08-13@14:42	1.9665	1	0.2546	v2.7.1	
NY	9.5	2.9573	0.0036339476	-3.6068936	-4.1120464	0.095957829	-4.1146675	0.095980763	0.093957511	-3.8478447	a248bdd	2x2_2C_8b_C2v_L	10.66	validity_data_2022.py	-0.079836862	1.0582519	-1.5639458	0.15458742	1.5644407	0.15458992	0.20611737	-2.0537661	2024-08-13@14:43	1.9665	1	0.2546	v2.7.1	
NY	9.5	2.9573	0.0027671271	-3.6080244	-4.1076126	0.092957686	-4.1115672	0.093097485	0.090261952	-3.8444403	a248bdd	2x2_2C_8b_C2v_L	10.67	validity_data_2022.py	-0.079361444	1.0575872	-1.5618156	-0.1533613	1.562577	0.15346828	0.20404864	-2.0508072	2024-08-13@14:44	1.9665	1	0.2546	v2.7.1	
NY	9.5	2.9573	0.0016635359	-3.6104814	-4.1047948	0.089146015	-4.1047348	0.08908175	0.085432034	-3.8386819	a248bdd	2x2_2C_8b_C2v_L	10.68	validity_data_2022.py	-0.07878506	1.0571134	-1.5599839	-0.1519479	1.55998	-0.15192102	-0.2014446	-2.0472126	2024-08-13@14:45	1.9665	1	0.2546	v2.7.1	
NY	9.5	2.9573	0.00097754106	-3.6139297	-4.1004259	0.086231962	-4.1021247	0.08634613	0.082278065	-3.8356031	a248bdd	2x2_2C_8b_C2v_L	10.69	validity_data_2022.py	-0.07831969	1.056792	-1.5578716	0.15066725	1.5581805	-0.15073367	-0.1994669	-2.0443534	2024-08-13@14:46	1.9665	1	0.2546	v2.7.1	
NY	9.5	2.9573	9.2733331e-05	-3.6137216	-4.0937279	0.082296999	-4.095358	0.082265452	0.077622141	-3.8301544	a248bdd	2x2_2C_8b_C2v_L	10.7	validity_data_2022.py	0.077773689	1.0560327	-1.5553263	0.1492181	1.5556174	0.1492017	0.19699509	-2.0408842	2024-08-13@14:46	1.9665	1	0.2546	v2.7.1	
NY	9.5	2.9573	-0.00073314279	-3.6180271	-4.0908725	0.078504758	-4.0913668	0.079185265	0.073666446	-3.8264409	a248bdd	2x2_2C_8b_C2v_L	10.71	validity_data_2022.py	0.077239424	1.0558419	-1.5534762	-0.14807295	1.5536576	0.14787967	0.19491764	-2.0378994	2024-08-13@14:47	1.9665	1	0.2546	v2.7.1	
NY	9.5	2.9573	-0.0010403187	-3.621814	-4.085763	0.076197061	-4.0866171	0.076203501	0.071007537	-3.8239477	a248bdd	2x2_2C_8b_C2v_L	10.72	validity_data_2022.py	-0.076811975	1.0556381	-1.5512486	-0.14672653	1.5514283	0.14672602	-0.19307105	-2.0352515	2024-08-13@14:48	1.9665	1	0.2546	v2.7.1	
NY	9.5	2.9573	-0.0013729362	-3.6220017	-4.0832726	0.073361838	-4.0820887	0.073456039	0.068042881	-3.8208441	a248bdd	2x2_2C_8b_C2v_L	10.73	validity_data_2022.py	-0.076309475	1.0549411	-1.5495	0.14554038	1.5493286	0.1455548	-0.19123157	-2.0324865	2024-08-13@14:49	1.9665	1	0.2546	v2.7.1	
NY	9.5	2.9573	-0.0016605603	-3.6296716	-4.0775049	0.069959521	-4.0783994	0.070250842	0.064642757	-3.8164384	a248bdd	2x2_2C_8b_C2v_L	10.74	validity_data_2022.py	0.07586259	1.0552784	-1.5471573	0.14409192	1.5473652	0.14420758	0.18909731	-2.02937	2024-08-13@14:49	1.9665	1	0.2546	v2.7.1	
NY	9.5	2.9573	-0.0024465403	-3.6309669	-4.0740936	0.065936937	-4.0729997	0.065575515	0.059390997	-3.8107032	a248bdd	2x2_2C_8b_C2v_L	10.75	validity_data_2022.py	0.075124871	1.054809	-1.5454493	-0.14312881	1.5451485	0.14299705	0.18707381	-2.0259732	2024-08-13@14:50	1.9665	1	0.2546	v2.7.1	
NY	9.5	2.9573	-0.0018593461	-3.6324122	-4.0693342	0.063397873	-4.0712435	0.063720368	0.057843819	-3.8091159	a248bdd	2x2_2C_8b_C2v_L	10.76	validity_data_2022.py	-0.074763982	1.054376	-1.5431433	-0.14137483	1.543544	-0.14164461	-0.184983	-2.0236394	2024-08-13@14:51	1.9665	1	0.2546	v2.7.1	
NY	9.5	2.9573	-0.001779065	-3.6313802	-4.0672996	0.06244419	-4.0688054	0.062461798	0.05665716	-3.8086588	a248bdd	2x2_2C_8b_C2v_L	10.77	validity_data_2022.py	-0.074431412	1.0535691	-1.5416321	-0.14101802	1.5419103	-0.14100257	-0.18417181	-2.0216406	2024-08-13@14:51	1.9665	1	0.2546	v2.7.1	
NY	9.5	2.9573	-0.0017213693	-3.6361774	-4.0643736	0.059977775	-4.0645972	0.059670323	0.053977606	-3.8064217	a248bdd	2x2_2C_8b_C2v_L	10.78	validity_data_2022.py	0.073984745	1.0535358	-1.5399075	-0.14006764	1.5399311	0.14002206	0.18272864	-2.0192241	2024-08-13@14:52	1.9665	1	0.2546	v2.7.1	
NY	9.5	2.9573	-0.0011877046	-3.6381244	-4.0614159	0.057072173	-4.0615861	0.057241801	0.051390996	-3.8027413	a248bdd	2x2_2C_8b_C2v_L	10.79	validity_data_2022.py	0.073532745	1.0532491	-1.5381465	-0.13884957	1.538195	0.13888888	0.18091969	-2.0164488	2024-08-13@14:53	1.9665	1	0.2546	v2.7.1	
NY	9.5	2.9573	-0.00089857758	-3.6412798	-4.061809	0.056731584	-4.0595456	0.056100291	0.05095644	-3.8033836	a248bdd	2x2_2C_8b_C2v_L	10.8	validity_data_2022.py	-0.073364121	1.0530008	-1.5371112	-0.13848615	1.5366297	-0.13799856	-0.18005635	-2.014811	2024-08-13@14:54	1.9665	1	0.2546	v2.7.1	
NY	9.5	2.9573	-7.4007666e-05	-3.6425149	-4.0574887	0.053275882	-4.0563516	0.053224596	0.047697695	-3.7992812	a248bdd	2x2_2C_8b_C2v_L	10.81	validity_data_2022.py	-0.072844289	1.0526471	-1.5351171	0.1371312	1.5349076	-0.13711714	-0.17831089	-2.0119841	2024-08-13@14:54	1.9665	1	0.2546	v2.7.1	
NY	9.5	2.9573	0.00096017254	-3.6440166	-4.0559434	0.051444288	-4.053074	0.049847088	0.044832387	-3.7963603	a248bdd	2x2_2C_8b_C2v_L	10.82	validity_data_2022.py	0.072324393	1.0524469	-1.5339002	0.13663977	1.5331734	0.1361271	0.17707165	-2.0095352	2024-08-13@14:55	1.9665	1	0.2546	v2.7.1	
NY	9.5	2.9573	0.0016921724	-3.6433161	-4.0496557	0.049242436	-4.0511083	0.049254853	0.043831452	-3.7954175	a248bdd	2x2_2C_8b_C2v_L	10.83	validity_data_2022.py	0.072108137	1.0517819	-1.5314642	-0.13549394	1.5317571	0.1354708	0.17584312	-2.0075458	2024-08-13@14:56	1.9665	1	0.2546	v2.7.1	
NY	9.5	2.9573	0.0028947465	-3.6520319	-4.0506904	0.047869502	-4.0475122	0.046026681	0.041404042	-3.7934912	a248bdd	2x2_2C_8b_C2v_L	10.84	validity_data_2022.py	-0.071775581	1.0524605	-1.5307767	-0.13506226	1.5298825	-0.13452179	-0.17471295	-2.0053844	2024-08-13@14:57	1.9665	1	0.2546	v2.7.1	
NY	9.5	2.9573	0.0041567148	-3.6528577	-4.0455373	0.045024133	-4.0474744	0.045511314	0.040048813	-3.7914214	a248bdd	2x2_2C_8b_C2v_L	10.85	validity_data_2022.py	-0.071632198	1.0521176	-1.5285108	-0.13375027	1.5290048	-0.13391034	-0.17326303	-2.0031891	2024-08-13@14:57	1.9665	1	0.2546	v2.7.1	
NY	9.5	2.9573	0.0051500835	-3.6533991	-4.0445017	0.043918034	-4.0448087	0.04386247	0.038772867	-3.790377	a248bdd	2x2_2C_8b_C2v_L	10.86	validity_data_2022.py	0.071424875	1.0516738	-1.527352	-0.13329479	1.5274134	0.13328199	0.17249544	-2.0012914	2024-08-13@14:58	1.9665	1	0.2546	v2.7.1	
NY	9.5	2.9573	0.0066992401	-3.6567902	-4.0414961	0.04209375	-4.0405973	0.042016744	0.037183432	-3.7878961	a248bdd	2x2_2C_8b_C2v_L	10.87	validity_data_2022.py	0.071337611	1.0517508	-1.5258315	-0.13247434	1.5255998	0.1324299	0.17123227	-1.9990914	2024-08-13@14:59	1.9665	1	0.2546	v2.7.1	
NY	9.5	2.9573	0.0073666984	-3.6599248	-4.0401278	0.041244928	-4.0392019	0.040921006	0.036475258	-3.7882096	a248bdd	2x2_2C_8b_C2v_L	10.88	validity_data_2022.py	-0.071209259	1.0516	-1.5245252	-0.1321203	1.5243397	-0.13187554	-0.17064282	-1.9975563	2024-08-13@15:00	1.9665	1	0.2546	v2.7.1	
NY	9.5	2.9573	0.0097175489	-3.6609653	-4.0356704	0.038829554	-4.0369537	0.038922573	0.03425007	-3.7857552	a248bdd	2x2_2C_8b_C2v_L	10.89	validity_data_2022.py	0.071174362	1.0514248	-1.5227361	-0.13118365	1.5229576	0.13124564	-0.16943755	-1.9954429	2024-08-13@15:00	1.9665	1	0.2546	v2.7.1	
NY	9.5	2.9573	0.011300736	-3.6682903	-4.0334752	0.037137872	-4.0347711	0.037748143	0.032938006	-3.7846557	a248bdd	2x2_2C_8b_C2v_L	10.9	validity_data_2022.py	0.0711905	1.0519683	-1.5213469	0.13057061	1.5216589	0.13087166	0.16870666	-1.9936518	2024-08-13@15:01	1.9665	1	0.2546	v2.7.1	
NY	9.5	2.9573	0.012361386	-3.670206	-4.0350987	0.036943666	-4.0305748	0.035828139	0.032085589	-3.7833094	a248bdd	2x2_2C_8b_C2v_L	10.91	validity_data_2022.py	0.071250861	1.0518049	-1.5208808	0.13039032	1.5198183	-0.13002517	0.1679807	-1.9918403	2024-08-13@15:02	1.9665	1	0.2546	v2.7.1	
NY	9.5	2.9573	0.013765101	-3.6744221	-4.028096	0.034407162	-4.0327383	0.035526808	0.030958683	-3.7813014	a248bdd	2x2_2C_8b_C2v_L	10.92	validity_data_2022.py	0.071389778	1.0518525	-1.518459	-0.12935062	1.5194633	-0.12968899	-0.16697966	-1.9898772	2024-08-13@15:03	1.9665	1	0.2546	v2.7.1	
NY	9.5	2.9573	0.014695775	-3.6817159	-4.0299325	0.033667169	-4.0293991	0.033805666	0.030067962	-3.7806715	a248bdd	2x2_2C_8b_C2v_L	10.93	validity_data_2022.py	-0.071545741	1.0523062	-1.5179069	-0.12888405	1.5178654	-0.12893354	-0.16617266	-1.988287	2024-08-13@15:03	1.9665	1	0.2546	v2.7.1	
NY	9.5	2.9573	0.016043597	-3.6828899	-4.0254302	0.032574751	-4.0260236	0.032529507	0.029028048	-3.7789178	a248bdd	2x2_2C_8b_C2v_L	10.94	validity_data_2022.py	-0.071689815	1.0520117	-1.5162761	0.12839355	1.5163705	-0.12840059	0.16544922	-1.986464	2024-08-13@15:04	1.9665	1	0.2546	v2.7.1	
NY	9.5	2.9573	0.017343387	-3.6880931	-4.0272302	0.031786941	-4.0256435	0.031126874	0.028081332	-3.7787393	a248bdd	2x2_2C_8b_C2v_L	10.95	validity_data_2022.py	0.071903268	1.0522372	-1.5157978	0.12810663	1.515363	-0.12786564	0.16486748	-1.9850229	2024-08-13@15:05	1.9665	1	0.2546	v2.7.1	
NY	9.5	2.9573	0.017719357	-3.693919	-4.0223902	0.030857695	-4.0249348	0.031194504	0.027731391	-3.7791533	a248bdd	2x2_2C_8b_C2v_L	10.96	validity_data_2022.py	0.071905418	1.0525613	-1.5139701	-0.12768599	1.5145476	-0.12775419	-0.16462705	-1.9837043	2024-08-13@15:05	1.9665	1	0.2546	v2.7.1	
NY	9.5	2.9573	0.018595745	-3.6987254	-4.022258	0.029848349	-4.0210393	0.029868405	0.026786531	-3.7778193	a248bdd	2x2_2C_8b_C2v_L	10.97	validity_data_2022.py	0.072169625	1.0526016	-1.5130728	-0.12718674	1.5129385	0.12717693	-0.16387387	-1.9820217	2024-08-13@15:06	1.9665	1	0.2546	v2.7.1	
NY	9.5	2.9573	0.019654148	-3.7061738	-4.0185127	0.027961559	-4.0205372	0.02894791	0.025622737	-3.7748006	a248bdd	2x2_2C_8b_C2v_L	10.98	validity_data_2022.py	0.072576082	1.053115	-1.5116479	0.12639558	1.5121655	0.12666432	0.16285756	-1.9801138	2024-08-13@15:07	1.9665	1	0.2546	v2.7.1	
NY	9.5	2.9573	0.020024576	-3.7113578	-4.0175256	0.027552586	-4.01806	0.027711381	0.02495244	-3.7742802	a248bdd	2x2_2C_8b_C2v_L	10.99	validity_data_2022.py	0.072761633	1.0532302	-1.5106954	0.12610086	1.5108492	-0.1261603	0.16234463	-1.9786897	2024-08-13@15:08	1.9665	1	0.2546	v2.7.1	
NY	9.5	2.9573	0.020572915	-3.7173883	-4.0142801	0.026518848	-4.0168353	0.027158897	0.024204927	-3.7731152	a248bdd	2x2_2C_8b_C2v_L	11	validity_data_2022.py	-0.072985951	1.0535134	-1.5093637	-0.12565505	1.5099093	-0.12586538	-0.16177842	-1.9771363	2024-08-13@15:08	1.9665	1	0.2546	v2.7.1	
NY	9.5	2.9573	-0.28350996	-3.2425714	-3.2933041	0.017498671	-3.2934114	0.017483542	0.027045917	-3.0422188	a248bdd	2x2_2C_8b_C2v_L	9.67	validity_data_2022.py	-0.19401624	1.0407077	-1.5263189	0.14478101	1.5263629	-0.14474877	0.18282147	-2.0381317	2024-08-13@15:09	1.9665	1	0.2546	v2.7.1	
NY	9.5	2.9573	-0.28404057	-3.242648	-3.2884238	0.018591683	-3.2887974	0.018587625	0.028155048	-3.0377601	a248bdd	2x2_2C_8b_C2v_L	9.66	validity_data_2022.py	-0.19527786	1.0407424	-1.5264064	0.14484131	1.5264777	-0.14484234	0.18301936	-2.0387932	2024-08-13@15:09	1.9665	1	0.2546	v2.7.1	
NY	9.5	2.9573	-0.27862532	-3.2260266	-3.2790513	0.018838472	-3.2788976	0.01883011	0.028449739	-3.0283158	a248bdd	2x2_2C_8b_C2v_L	9.65	validity_data_2022.py	-0.19475535	1.0389928	-1.5253699	0.14617042	1.5253218	-0.14615979	0.18456526	-2.0378249	2024-08-13@15:10	1.9665	1	0.2546	v2.7.1	
NY	9.5	2.9573	-0.27710683	-3.2204629	-3.2727918	0.019761217	-3.2722484	0.019771982	0.029404722	-3.0216429	a248bdd	2x2_2C_8b_C2v_L	9.64	validity_data_2022.py	-0.19558933	1.0382731	-1.5250689	0.14677805	1.5249559	-0.14677203	0.18534943	-2.0377426	2024-08-13@15:10	1.9665	1	0.2546	v2.7.1	
NY	9.5	2.9573	-0.27401998	-3.2117131	-3.2656816	0.020146873	-3.264092	0.020143185	0.029808433	-3.0137965	a248bdd	2x2_2C_8b_C2v_L	9.63	validity_data_2022.py	-0.19565551	1.0375323	-1.5245997	0.14755972	1.5242459	-0.14753889	0.18624759	-2.0373678	2024-08-13@15:11	1.9665	1	0.2546	v2.7.1	
NY	9.5	2.9573	-0.27435766	-3.213817	-3.2593682	0.022324734	-3.2602067	0.022390134	0.031824778	-3.0093857	a248bdd	2x2_2C_8b_C2v_L	9.62	validity_data_2022.py	-0.19753231	1.0376014	-1.5243635	0.14793774	1.5245603	-0.1479618	0.18681903	-2.0379375	2024-08-13@15:12	1.9665	1	0.2546	v2.7.1	
NY	9.5	2.9573	-0.26933099	-3.1969864	-3.2533607	0.022619903	-3.2514597	0.022600328	0.032075114	-3.0017961	a248bdd	2x2_2C_8b_C2v_L	9.61	validity_data_2022.py	-0.19694445	1.0358546	-1.5240595	0.14871628	1.5236118	-0.14868938	0.18767722	-2.0375302	2024-08-13@15:12	1.9665	1	0.2546	v2.7.1	
NY	9.5	2.9573	-0.26810206	-3.1966643	-3.2453229	0.023186483	-3.2453734	0.023190888	0.032695951	-2.9937039	a248bdd	2x2_2C_8b_C2v_L	9.6	validity_data_2022.py	-0.19763223	1.0360688	-1.5234714	0.14944932	1.5234945	-0.14944378	0.18854912	-2.0372051	2024-08-13@15:13	1.9665	1	0.2546	v2.7.1	
NY	9.5	2.9573	-0.26264231	-3.1791399	-3.2386494	0.023530414	-3.2376329	0.023539764	0.03303382	-2.9867775	a248bdd	2x2_2C_8b_C2v_L	9.59	validity_data_2022.py	-0.19679229	1.0343531	-1.5229565	0.15023116	1.5227383	-0.15021616	0.18943808	-2.0369607	2024-08-13@15:14	1.9665	1	0.2546	v2.7.1	
NY	9.5	2.9573	-0.26205441	-3.1784733	-3.2321538	0.024933739	-3.2325477	0.024938024	0.034126898	-2.9803849	a248bdd	2x2_2C_8b_C2v_L	9.58	validity_data_2022.py	-0.19815194	1.0342627	-1.5227116	0.15073963	1.5228005	-0.15073799	0.18998498	-2.0370084	2024-08-13@15:14	1.9665	1	0.2546	v2.7.1	
NY	9.5	2.9573	-0.25651728	-3.1654278	-3.226359	0.025689799	-3.2258598	0.025670343	0.034619687	-2.9739583	a248bdd	2x2_2C_8b_C2v_L	9.57	validity_data_2022.py	-0.19767675	1.0330299	-1.5223632	0.15132199	1.5222319	-0.15131763	0.19058999	-2.0367846	2024-08-13@15:15	1.9665	1	0.2546	v2.7.1	
NY	9.5	2.9573	-0.2545421	-3.1620265	-3.2204737	0.027211695	-3.220963	0.027207003	0.035523611	-2.9680502	a248bdd	2x2_2C_8b_C2v_L	9.56	validity_data_2022.py	-0.19857475	1.0328454	-1.5222608	0.1518704	1.5223523	-0.15187575	0.19110149	-2.0369141	2024-08-13@15:16	1.9665	1	0.2546	v2.7.1	
NY	9.5	2.9573	-0.24952482	-3.1437406	-3.2124777	0.026846373	-3.2125571	0.026844452	0.035485866	-2.9590907	a248bdd	2x2_2C_8b_C2v_L	9.55	validity_data_2022.py	-0.19732791	1.0310308	-1.5214406	0.15270682	1.5214357	-0.15271356	0.19206923	-2.0361514	2024-08-13@15:16	1.9665	1	0.2546	v2.7.1	
NY	9.5	2.9573	-0.24747394	-3.1450911	-3.2075983	0.028559718	-3.2076088	0.028539673	0.036207786	-2.9538173	a248bdd	2x2_2C_8b_C2v_L	9.54	validity_data_2022.py	-0.19846632	1.0314412	-1.5215047	0.15329011	1.5215048	-0.15327326	0.19249819	-2.0363679	2024-08-13@15:17	1.9665	1	0.2546	v2.7.1	
NY	9.5	2.9573	-0.24092076	-3.1244648	-3.2006183	0.02892683	-3.2008598	0.028918148	0.036431475	-2.9473472	a248bdd	2x2_2C_8b_C2v_L	9.53	validity_data_2022.py	-0.19731196	1.0293176	-1.5208131	0.15385798	1.5208612	-0.15386919	0.19314692	-2.0360973	2024-08-13@15:18	1.9665	1	0.2546	v2.7.1	
NY	9.5	2.9573	-0.23878719	-3.1221624	-3.1961173	0.030392821	-3.1961526	0.030401546	0.036781621	-2.9413849	a248bdd	2x2_2C_8b_C2v_L	9.52	validity_data_2022.py	-0.19803209	1.029413	-1.521015	0.15458756	1.5210277	-0.15457779	0.19371089	-2.0361196	2024-08-13@15:18	1.9665	1	0.2546	v2.7.1	
NY	9.5	2.9573	-0.23386965	-3.1053615	-3.1890107	0.03017283	-3.1882865	0.030190147	0.036881432	-2.93296	a248bdd	2x2_2C_8b_C2v_L	9.51	validity_data_2022.py	-0.19687071	1.0277564	-1.5203482	0.15524832	1.5201958	-0.15523769	0.19444409	-2.0354628	2024-08-13@15:19	1.9665	1	0.2546	v2.7.1	
NY	9.5	2.9573	-0.22775855	-3.1015327	-3.1863098	0.032595352	-3.1868325	0.032630355	0.037341206	-2.9317743	a248bdd	2x2_2C_8b_C2v_L	9.5	validity_data_2022.py	-0.19738316	1.0278687	-1.5208014	0.15587722	1.520915	-0.15590004	0.1951383	-2.0364881	2024-08-13@15:20	1.9665	1	0.2546	v2.7.1	
NY	9.5	2.9573	-0.22556036	-3.0862506	-3.1781294	0.032531061	-3.1783379	0.03252767	0.037384949	-2.9217789	a248bdd	2x2_2C_8b_C2v_L	9.49	validity_data_2022.py	-0.19675631	1.026221	-1.520025	0.15657709	1.520098	-0.15660677	0.19575608	-2.0354943	2024-08-13@15:20	1.9665	1	0.2546	v2.7.1	
NY	9.5	2.9573	-0.21756184	-3.0773185	-3.1751336	0.034137102	-3.1756415	0.034142635	0.037867661	-2.9199557	a248bdd	2x2_2C_8b_C2v_L	9.48	validity_data_2022.py	-0.19623611	1.0257829	-1.5202234	0.15731352	1.5203404	-0.15730382	0.19681103	-2.036342	2024-08-13@15:21	1.9665	1	0.2546	v2.7.1	
NY	9.5	2.9573	-0.21555484	-3.0667995	-3.1693713	0.03520196	-3.1692541	0.035208574	0.038024704	-2.9130742	a248bdd	2x2_2C_8b_C2v_L	9.47	validity_data_2022.py	-0.19613306	1.0249781	-1.5201813	0.15814149	1.520171	-0.15814153	0.19765683	-2.0361889	2024-08-13@15:22	1.9665	1	0.2546	v2.7.1	
NY	9.5	2.9573	-0.20773123	-3.0486073	-3.1646067	0.03575722	-3.1641492	0.035736151	0.038526771	-2.9081651	a248bdd	2x2_2C_8b_C2v_L	9.46	validity_data_2022.py	-0.1946455	1.0232725	-1.5199074	0.15879974	1.519788	-0.15879878	0.19863611	-2.0363203	2024-08-13@15:22	1.9665	1	0.2546	v2.7.1	
NY	9.5	2.9573	-0.20264643	-3.0404427	-3.162842	0.038407939	-3.1619141	0.038423357	0.039928985	-2.9066983	a248bdd	2x2_2C_8b_C2v_L	9.45	validity_data_2022.py	-0.19451672	1.0230942	-1.520807	0.16000381	1.5205796	-0.15999523	0.20074171	-2.037649	2024-08-13@15:23	1.9665	1	0.2546	v2.7.1	
NY	9.5	2.9573	-0.19806903	-3.0256056	-3.1558204	0.038561346	-3.1554266	0.038628838	0.040094305	-2.8994979	a248bdd	2x2_2C_8b_C2v_L	9.44	validity_data_2022.py	-0.19348996	1.0216283	-1.5201066	0.16060646	1.5200485	-0.16062975	0.20135723	-2.0372961	2024-08-13@15:24	1.9665	1	0.2546	v2.7.1	
NY	9.5	2.9573	-0.19052439	-3.0084098	-3.153197	0.040706716	-3.153112	0.040659284	0.04193542	-2.8980338	a248bdd	2x2_2C_8b_C2v_L	9.43	validity_data_2022.py	-0.19224207	1.0203638	-1.520667	0.16177598	1.5205909	-0.16176686	0.20365344	-2.0386801	2024-08-13@15:24	1.9665	1	0.2546	v2.7.1	
NY	9.5	2.9573	-0.18511795	-2.9957041	-3.1507184	0.043249984	-3.1499647	0.043175679	0.044288672	-2.895902	a248bdd	2x2_2C_8b_C2v_L	9.42	validity_data_2022.py	-0.19148298	1.0195252	-1.5213383	0.16314403	1.5211535	-0.16308547	0.20621014	-2.0400525	2024-08-13@15:25	1.9665	1	0.2546	v2.7.1	
NY	9.5	2.9573	-0.17948472	-2.9781229	-3.1456863	0.044016327	-3.1459248	0.044054412	0.045064143	-2.8901561	a248bdd	2x2_2C_8b_C2v_L	9.41	validity_data_2022.py	-0.19006816	1.0179227	-1.521154	0.16395338	1.521236	-0.16396724	0.20738733	-2.0401442	2024-08-13@15:26	1.9665	1	0.2546	v2.7.1	
NY	9.5	2.9573	-0.17011667	-2.9579172	-3.1445446	0.047566398	-3.1447392	0.047551636	0.049602845	-2.8913002	a248bdd	2x2_2C_8b_C2v_L	9.4	validity_data_2022.py	-0.18812393	1.0165579	-1.5222158	0.16567057	1.5222351	-0.16567753	0.21135075	-2.0427573	2024-08-13@15:27	1.9665	1	0.2546	v2.7.1	
NY	9.5	2.9573	-0.16454234	-2.9415356	-3.1435658	0.051782138	-3.1437098	0.051792851	0.054444319	-2.8918622	a248bdd	2x2_2C_8b_C2v_L	9.39	validity_data_2022.py	-0.18704098	1.0153927	-1.5234665	0.16782856	1.5235024	-0.16783364	0.21562574	-2.0453133	2024-08-13@15:27	1.9665	1	0.2546	v2.7.1	
NY	9.5	2.9573	-0.15560812	-2.916007	-3.1410097	0.054193249	-3.1409445	0.054164979	0.057970705	-2.8898595	a248bdd	2x2_2C_8b_C2v_L	9.38	validity_data_2022.py	-0.18434332	1.0132719	-1.5240519	0.16925644	1.5240355	-0.16923915	0.21849972	-2.0469359	2024-08-13@15:28	1.9665	1	0.2546	v2.7.1	
NY	9.5	2.9573	-0.14592876	-2.8901037	-3.1458819	0.062200089	-3.1463782	0.062304461	0.068987698	-2.8979678	a248bdd	2x2_2C_8b_C2v_L	9.37	validity_data_2022.py	-0.18175222	1.0115412	-1.5270569	0.17296116	1.5271906	-0.17302398	0.22652488	-2.0525395	2024-08-13@15:29	1.9665	1	0.2546	v2.7.1	
NY	9.5	2.9573	-0.13857228	-2.8640741	-3.146539	0.066792769	-3.1458394	0.066750424	0.074626038	-2.8984875	a248bdd	2x2_2C_8b_C2v_L	9.36	validity_data_2022.py	-0.17923304	1.0093033	-1.5286185	0.17549878	1.5284759	-0.17547247	0.23084947	-2.0551456	2024-08-13@15:29	1.9665	1	0.2546	v2.7.1	
NY	9.5	2.9573	-0.12739582	-2.8296667	-3.1584469	0.079681097	-3.1584095	0.07973925	0.091546709	-2.9133362	a248bdd	2x2_2C_8b_C2v_L	9.35	validity_data_2022.py	-0.17534386	1.0069076	-1.5336383	0.18141907	1.5336332	-0.18145116	0.24187076	-2.0632984	2024-08-13@15:30	1.9665	1	0.2546	v2.7.1	
NY	9.5	2.9573	-0.11612918	-2.7938129	-3.1718901	0.092453256	-3.1717026	0.092493636	0.10725009	-2.9263607	a248bdd	2x2_2C_8b_C2v_L	9.34	validity_data_2022.py	-0.17091112	1.0043408	-1.5387979	0.18714097	1.5387528	-0.18715832	0.25114546	-2.070627	2024-08-13@15:31	1.9665	1	0.2546	v2.7.1	
YY	9.5	2.9573	-0.098326396	-2.731444	-3.2039309	0.11949565	-3.2048458	0.1195857	0.14022959	-2.9548647	a248bdd	2x2_2C_8b_C2v_L	9.33	validity_data_2022.py	-0.16291131	0.99990938	-1.5491402	0.19671146	1.5493502	-0.1967655	0.26588484	-2.0839997	2024-08-13@15:32	1.9665	1	0.2546	v2.7.1	
NY	9.5	2.9573	-0.076493176	-2.6499119	-3.2233265	0.14262386	-3.2231557	0.14262368	0.17114403	-2.9710597	a248bdd	2x2_2C_8b_C2v_L	9.32	validity_data_2022.py	-0.15203311	0.99335306	-1.5560729	0.2023524	1.5560231	-0.20236804	0.27475166	-2.0934054	2024-08-13@15:33	1.9665	1	0.2546	v2.7.1	
NY	9.5	2.9573	-0.065359593	-2.6062294	-3.2297628	0.15796984	-3.2292492	0.15778038	0.19078321	-2.9732372	a248bdd	2x2_2C_8b_C2v_L	9.31	validity_data_2022.py	-0.14688846	0.98977334	-1.5595715	0.20534895	1.5594187	-0.2052854	0.27879395	-2.0976071	2024-08-13@15:34	1.9665	1	0.2546	v2.7.1	
NY	9.5	2.9573	-0.058525587	-2.5778914	-3.2307343	0.16966803	-3.2297737	0.16959907	0.20559952	-2.9711068	a248bdd	2x2_2C_8b_C2v_L	9.3	validity_data_2022.py	-0.1440858	0.9874216	-1.5616407	0.20723805	1.5614139	-0.2071645	0.28125031	-2.1001562	2024-08-13@15:35	1.9665	1	0.2546	v2.7.1	
NY	9.5	2.9573	-0.051482211	-2.5482638	-3.2267397	0.17583119	-3.2271813	0.17619591	0.21414795	-2.966646	a248bdd	2x2_2C_8b_C2v_L	9.29	validity_data_2022.py	-0.14111462	0.98477521	-1.5621245	0.20839998	1.5622701	-0.20846924	0.28308686	-2.1014198	2024-08-13@15:36	1.9665	1	0.2546	v2.7.1	
NY	9.5	2.9573	-0.046685983	-2.5271778	-3.2227553	0.18182131	-3.2230618	0.18223163	0.22148384	-2.9613416	a248bdd	2x2_2C_8b_C2v_L	9.28	validity_data_2022.py	-0.13948694	0.98284885	-1.5626695	0.20951585	1.5628154	-0.2095682	0.28448942	-2.1023784	2024-08-13@15:37	1.9665	1	0.2546	v2.7.1	
NY	9.5	2.9573	-0.042873476	-2.5108877	-3.2202813	0.18616894	-3.2182893	0.18646029	0.22645807	-2.9549608	a248bdd	2x2_2C_8b_C2v_L	9.27	validity_data_2022.py	-0.13835298	0.98146873	-1.5634609	0.21070603	1.5630455	-0.21066733	0.2858766	-2.1027833	2024-08-13@15:38	1.9665	1	0.2546	v2.7.1	
NY	9.5	2.9573	-0.038899478	-2.4917146	-3.2155687	0.18925283	-3.21456	0.18859535	0.22977229	-2.9484253	a248bdd	2x2_2C_8b_C2v_L	9.26	validity_data_2022.py	-0.13696186	0.97966808	-1.5635635	0.21173653	1.5632814	-0.21157168	0.28712219	-2.1029489	2024-08-13@15:38	1.9665	1	0.2546	v2.7.1	
NY	9.5	2.9573	-0.035737371	-2.4789528	-3.210083	0.19072892	-3.2095811	0.19285806	0.23448699	-2.9439827	a248bdd	2x2_2C_8b_C2v_L	9.25	validity_data_2022.py	-0.1362047	0.97840609	-1.5633406	0.21229452	1.5634742	-0.21253776	0.28843273	-2.1039257	2024-08-13@15:39	1.9665	1	0.2546	v2.7.1	
NY	9.5	2.9573	0.020560702	-3.7140547	-4.0158418	0.026736339	-4.0160682	0.026758824	0.024137659	-3.7730296	a248bdd	2x2_2C_8b_C2v_L	11	validity_data_2022.py	-0.072974352	1.0530323	-1.5096692	0.12570487	1.5097398	-0.12572353	0.16171559	-1.9771323	2024-08-13@15:40	1.9665	1	0.2546	v2.7.1	
NY	9.5	2.9573	0.020657557	-3.7244211	-4.0139685	0.026031847	-4.0147297	0.026068652	0.023526664	-3.7726459	a248bdd	2x2_2C_8b_C2v_L	11.01	validity_data_2022.py	-0.073141126	1.0538778	-1.5086281	0.12536335	1.5087954	-0.12537693	0.16125723	-1.9758287	2024-08-13@15:41	1.9665	1	0.2546	v2.7.1	
NY	9.5	2.9573	0.020837844	-3.733492	-4.0125895	0.025307023	-4.0131209	0.02532913	0.022862237	-3.7719627	a248bdd	2x2_2C_8b_C2v_L	11.02	validity_data_2022.py	-0.073361476	1.0544568	-1.5075975	0.12499141	1.5077409	-0.12501291	0.16069867	-1.9743779	2024-08-13@15:41	1.9665	1	0.2546	v2.7.1	
NY	9.5	2.9573	0.020602863	-3.7334223	-4.009031	0.024679451	-4.0104246	0.024665539	0.022287074	-3.7707717	a248bdd	2x2_2C_8b_C2v_L	11.03	validity_data_2022.py	-0.073411718	1.0538606	-1.5062832	0.12464496	1.5064339	-0.1246561	0.16024374	-1.9729287	2024-08-13@15:42	1.9665	1	0.2546	v2.7.1	
NY	9.5	2.9573	0.020525519	-3.7405131	-4.0078219	0.024080311	-4.0084813	0.02423744	0.02174418	-3.771397	a248bdd	2x2_2C_8b_C2v_L	11.04	validity_data_2022.py	-0.073579327	1.0541511	-1.505346	0.12436568	1.5056066	-0.12436964	0.15971126	-1.9719207	2024-08-13@15:43	1.9665	1	0.2546	v2.7.1	
NY	9.5	2.9573	0.020230038	-3.7471116	-4.0098623	0.023489614	-4.0088646	0.023593269	0.02119828	-3.7695363	a248bdd	2x2_2C_8b_C2v_L	11.05	validity_data_2022.py	-0.073713188	1.0543956	-1.5050852	0.12405821	1.5049071	-0.1240749	0.15923062	-1.9703224	2024-08-13@15:43	1.9665	1	0.2546	v2.7.1	
NY	9.5	2.9573	0.01991084	-3.7557956	-4.0066734	0.022846988	-4.0064385	0.023105308	0.020743855	-3.7689777	a248bdd	2x2_2C_8b_C2v_L	11.06	validity_data_2022.py	-0.07377734	1.0548535	-1.50372	0.12378536	1.5038347	-0.12377115	0.15879638	-1.9690505	2024-08-13@15:44	1.9665	1	0.2546	v2.7.1	
NY	9.5	2.9573	0.019043523	-3.7588094	-4.0055851	0.02278971	-4.0052478	0.022453672	0.020380505	-3.7680407	a248bdd	2x2_2C_8b_C2v_L	11.07	validity_data_2022.py	-0.073893036	1.0547207	-1.5031087	0.12355297	1.502963	-0.12355228	0.15835993	-1.9677347	2024-08-13@15:45	1.9665	1	0.2546	v2.7.1	
NY	9.5	2.9573	0.018968222	-3.7637085	-4.0042176	0.021788767	-4.0068129	0.022351369	0.019924957	-3.7673517	a248bdd	2x2_2C_8b_C2v_L	11.08	validity_data_2022.py	-0.073927843	1.054717	-1.5020763	0.12324541	1.5027122	-0.12336552	0.15793633	-1.9665587	2024-08-13@15:45	1.9665	1	0.2546	v2.7.1	
NY	9.5	2.9573	0.017930988	-3.7734541	-4.0013987	0.022027078	-4.0077815	0.021513744	0.019777398	-3.7671299	a248bdd	2x2_2C_8b_C2v_L	11.09	validity_data_2022.py	-0.074055783	1.0553113	-1.5011693	0.12314983	1.5021425	-0.12305486	0.15759385	-1.9654383	2024-08-13@15:46	1.9665	1	0.2546	v2.7.1	
NY	9.5	2.9573	0.017420227	-3.776059	-4.0040254	0.020975324	-4.0016598	0.021483175	0.019240511	-3.766893	a248bdd	2x2_2C_8b_C2v_L	11.1	validity_data_2022.py	-0.073982177	1.0549786	-1.5007637	0.12284946	1.5006994	-0.12290555	0.15715029	-1.9643073	2024-08-13@15:47	1.9665	1	0.2546	v2.7.1	
NY	9.5	2.9573	0.016533918	-3.7822378	-4.0048091	0.021317917	-4.0013435	0.02062653	0.019280666	-3.7656814	a248bdd	2x2_2C_8b_C2v_L	11.11	validity_data_2022.py	-0.073999718	1.0552508	-1.5007777	0.12266275	1.499579	-0.12262899	0.15687698	-1.9630476	2024-08-13@15:47	1.9665	1	0.2546	v2.7.1	
NY	9.5	2.9573	0.015868181	-3.7889142	-4.0045919	0.020639589	-4.0025741	0.020383975	0.018957873	-3.7654913	a248bdd	2x2_2C_8b_C2v_L	11.12	validity_data_2022.py	-0.074070585	1.0553988	-1.4999074	0.12252324	1.4994395	-0.12247991	0.15651909	-1.9619925	2024-08-13@15:48	1.9665	1	0.2546	v2.7.1	
NY	9.5	2.9573	0.015126235	-3.7962398	-4.0022246	0.020099458	-4.0026591	0.020272635	0.018746219	-3.7651338	a248bdd	2x2_2C_8b_C2v_L	11.13	validity_data_2022.py	-0.074074594	1.0557251	-1.4988294	0.12230703	1.4989601	-0.12234784	0.15621273	-1.9609114	2024-08-13@15:48	1.9665	1	0.2546	v2.7.1	
NY	9.5	2.9573	0.014380766	-3.8036741	-3.9990139	0.019805375	-4.004043	0.019847628	0.018642065	-3.7645717	a248bdd	2x2_2C_8b_C2v_L	11.14	validity_data_2022.py	-0.074095863	1.0561008	-1.4976787	0.12219451	1.4986268	-0.12214107	0.15593037	-1.959841	2024-08-13@15:49	1.9665	1	0.2546	v2.7.1	
NY	9.5	2.9573	0.013354265	-3.8058996	-4.0015404	0.019413957	-4.0008099	0.019416113	0.018422802	-3.7664154	a248bdd	2x2_2C_8b_C2v_L	11.15	validity_data_2022.py	-0.074020452	1.0556833	-1.4975196	0.12199404	1.4974776	-0.12196094	0.1556606	-1.9592921	2024-08-13@15:50	1.9665	1	0.2546	v2.7.1	
NY	9.5	2.9573	0.012369321	-3.8171488	-4.0030206	0.019163729	-4.0008298	0.019076529	0.018288758	-3.7646834	a248bdd	2x2_2C_8b_C2v_L	11.16	validity_data_2022.py	-0.074013465	1.0563665	-1.4974041	0.12183979	1.4968663	-0.12187412	0.15535089	-1.9579339	2024-08-13@15:50	1.9665	1	0.2546	v2.7.1	
NY	9.5	2.9573	0.01155805	-3.8198227	-4.0031232	0.018730831	-4.0010038	0.018628073	0.018177633	-3.7654885	a248bdd	2x2_2C_8b_C2v_L	11.17	validity_data_2022.py	-0.073944459	1.0561658	-1.496768	0.121697	1.4963103	-0.12167652	0.15514193	-1.957199	2024-08-13@15:51	1.9665	1	0.2546	v2.7.1	
NY	9.5	2.9573	0.010544483	-3.8260181	-3.9999419	0.018323622	-4.0038709	0.01823182	0.018051048	-3.7664653	a248bdd	2x2_2C_8b_C2v_L	11.18	validity_data_2022.py	-0.073898964	1.0562674	-1.4955644	0.12150732	1.4962968	-0.12154789	0.15490368	-1.956456	2024-08-13@15:52	1.9665	1	0.2546	v2.7.1	
NY	9.5	2.9573	0.0097730519	-3.8310611	-4.0007247	0.017878881	-4.0030399	0.017894402	0.017889964	-3.7666191	a248bdd	2x2_2C_8b_C2v_L	11.19	validity_data_2022.py	-0.073877246	1.0563315	-1.495174	0.12138927	1.4956357	-0.12139224	0.15466374	-1.9555911	2024-08-13@15:52	1.9665	1	0.2546	v2.7.1	
NY	9.5	2.9573	0.0089533347	-3.8372965	-4.002189	0.017520758	-4.0022186	0.017514213	0.017762978	-3.7660197	a248bdd	2x2_2C_8b_C2v_L	11.2	validity_data_2022.py	-0.073814615	1.0564991	-1.4949158	0.12124963	1.4949081	-0.12124479	0.15443877	-1.95451	2024-08-13@15:53	1.9665	1	0.2546	v2.7.1	
NY	9.5	2.9573	0.0080079316	-3.8445117	-4.0053886	0.017112999	-4.0022432	0.017100188	0.017639145	-3.7655109	a248bdd	2x2_2C_8b_C2v_L	11.21	validity_data_2022.py	-0.073714375	1.0567737	-1.4948969	0.12112348	1.4943693	-0.12112887	0.154218	-1.9534278	2024-08-13@15:54	1.9665	1	0.2546	v2.7.1	
NY	9.5	2.9573	0.007096103	-3.8491392	-4.0027349	0.016647377	-4.0015278	0.016660648	0.017494054	-3.7679325	a248bdd	2x2_2C_8b_C2v_L	11.22	validity_data_2022.py	-0.073648535	1.0567233	-1.4938855	0.12095699	1.4936517	-0.12094847	0.15402512	-1.9531086	2024-08-13@15:54	1.9665	1	0.2546	v2.7.1	
NY	9.5	2.9573	0.006216704	-3.8561671	-4.0023272	0.016194348	-4.0031158	0.016182312	0.017291352	-3.7681529	a248bdd	2x2_2C_8b_C2v_L	11.23	validity_data_2022.py	-0.073583344	1.0570314	-1.4932374	0.12079026	1.4933896	-0.12079321	0.15379354	-1.9522299	2024-08-13@15:55	1.9665	1	0.2546	v2.7.1	
NY	9.5	2.9573	0.0052532548	-3.865194	-4.0025996	0.015752238	-4.0054908	0.015769409	0.01716277	-3.768132	a248bdd	2x2_2C_8b_C2v_L	11.24	validity_data_2022.py	-0.073464405	1.0575277	-1.4927029	0.12065378	1.4932432	-0.12065018	0.15357228	-1.9512479	2024-08-13@15:56	1.9665	1	0.2546	v2.7.1	
NY	9.5	2.9573	0.0044291002	-3.8691355	-4.0029509	0.015268292	-4.0045746	0.015284747	0.01694065	-3.7702451	a248bdd	2x2_2C_8b_C2v_L	11.25	validity_data_2022.py	-0.073416223	1.0574063	-1.4922125	0.1204852	1.4925211	-0.12049954	0.1533717	-1.9508615	2024-08-13@15:56	1.9665	1	0.2546	v2.7.1	
NY	9.5	2.9573	0.0035611495	-3.8712956	-4.0042974	0.014831817	-4.0039307	0.01482952	0.016772315	-3.771281	a248bdd	2x2_2C_8b_C2v_L	11.26	validity_data_2022.py	-0.073306118	1.057046	-1.4919225	0.12034217	1.4918568	-0.12033635	0.15318607	-1.9501912	2024-08-13@15:57	1.9665	1	0.2546	v2.7.1	
NY	9.5	2.9573	0.0026484816	-3.8804842	-4.0065686	0.014348018	-4.0040642	0.014341631	0.016574627	-3.7716327	a248bdd	2x2_2C_8b_C2v_L	11.27	validity_data_2022.py	-0.073228808	1.0575957	-1.4917905	0.12019968	1.4913056	-0.12017926	0.15296498	-1.9493443	2024-08-13@15:57	1.9665	1	0.2546	v2.7.1	
NY	9.5	2.9573	0.0018129302	-3.886314	-4.0065521	0.013849155	-4.0058392	0.0138663	0.016353087	-3.772955	a248bdd	2x2_2C_8b_C2v_L	11.28	validity_data_2022.py	-0.073135406	1.0577188	-1.4912023	0.12003136	1.4910712	-0.12002839	0.15276148	-1.948711	2024-08-13@15:58	1.9665	1	0.2546	v2.7.1	
NY	9.5	2.9573	0.0009425288	-3.8911167	-4.0067962	0.013387894	-4.0075543	0.013342044	0.01611898	-3.7746196	a248bdd	2x2_2C_8b_C2v_L	11.29	validity_data_2022.py	-0.07298117	1.0578022	-1.4906663	0.11985241	1.4908157	-0.11983295	0.15257854	-1.9481848	2024-08-13@15:59	1.9665	1	0.2546	v2.7.1	
NY	9.5	2.9573	0.00024007664	-3.8965433	-4.0069283	0.012931036	-4.0094784	0.012954752	0.015963987	-3.7769059	a248bdd	2x2_2C_8b_C2v_L	11.3	validity_data_2022.py	-0.072932247	1.0577401	-1.4901817	0.1197158	1.4906596	-0.11974145	0.15239918	-1.9478327	2024-08-13@15:59	1.9665	1	0.2546	v2.7.1	
NY	9.5	2.9573	-0.00072284445	-3.9018061	-4.0064377	0.012429067	-4.0086032	0.012306624	0.01562467	-3.7775869	a248bdd	2x2_2C_8b_C2v_L	11.31	validity_data_2022.py	-0.072777037	1.0578946	-1.4895597	0.11955082	1.4899057	-0.11952597	0.15212748	-1.9470641	2024-08-13@16:00	1.9665	1	0.2546	v2.7.1	
NY	9.5	2.9573	-0.001588252	-3.9124655	-4.0106033	0.011898882	-4.0099722	0.011986662	0.015493866	-3.7793653	a248bdd	2x2_2C_8b_C2v_L	11.32	validity_data_2022.py	-0.072720853	1.0586294	-1.4896811	0.11942357	1.4896566	-0.11939893	0.15200216	-1.9465223	2024-08-13@16:01	1.9665	1	0.2546	v2.7.1	
NY	9.5	2.9573	-0.0022623257	-3.916326	-4.0114121	0.011361638	-4.0093826	0.011291179	0.015091952	-3.7798225	a248bdd	2x2_2C_8b_C2v_L	11.33	validity_data_2022.py	-0.072604911	1.0584432	-1.4893487	0.11917633	1.488891	-0.1192683	0.15169697	-1.9456815	2024-08-13@16:01	1.9665	1	0.2546	v2.7.1	
NY	9.5	2.9573	-0.0030471604	-3.9212343	-4.0132836	0.01089967	-4.0111162	0.010877309	0.014874548	-3.7821876	a248bdd	2x2_2C_8b_C2v_L	11.34	validity_data_2022.py	-0.072470223	1.0585134	-1.4891167	0.11906666	1.48868	-0.11905842	0.15152045	-1.9453294	2024-08-13@16:02	1.9665	1	0.2546	v2.7.1	
NY	9.5	2.9573	-0.003898816	-3.9290625	-4.0126321	0.010306747	-4.0141211	0.010315403	0.014568877	-3.7837541	a248bdd	2x2_2C_8b_C2v_L	11.35	validity_data_2022.py	-0.072344795	1.0589102	-1.4883919	0.11888676	1.4886884	-0.11888325	0.15131244	-1.9447701	2024-08-13@16:03	1.9665	1	0.2546	v2.7.1	
NY	9.5	2.9573	-0.0046513831	-3.9353996	-4.0147285	0.0098378236	-4.0159734	0.0098121625	0.014314462	-3.7850225	a248bdd	2x2_2C_8b_C2v_L	11.36	validity_data_2022.py	-0.072244425	1.0591104	-1.4882536	0.11874785	1.4884688	-0.11871053	0.15110725	-1.9441267	2024-08-13@16:03	1.9665	1	0.2546	v2.7.1	
NY	9.5	2.9573	-0.0053380996	-3.939817	-4.0185063	0.0093119385	-4.0172361	0.0093578281	0.014044296	-3.7859155	a248bdd	2x2_2C_8b_C2v_L	11.37	validity_data_2022.py	-0.072144171	1.0590357	-1.4884221	0.11858685	1.4881687	-0.11857343	0.15088906	-1.9433985	2024-08-13@16:04	1.9665	1	0.2546	v2.7.1	
NY	9.5	2.9573	-0.0061497063	-3.9469561	-4.0189419	0.0087674275	-4.0179545	0.0087452415	0.013711158	-3.7890117	a248bdd	2x2_2C_8b_C2v_L	11.38	validity_data_2022.py	-0.071959562	1.0594022	-1.4879208	0.11836025	1.4876979	-0.11837053	0.15065951	-1.9431973	2024-08-13@16:04	1.9665	1	0.2546	v2.7.1	
NY	9.5	2.9573	-0.0067544516	-3.9494321	-4.0183993	0.0082438281	-4.0200526	0.008223293	0.01341289	-3.7916395	a248bdd	2x2_2C_8b_C2v_L	11.39	validity_data_2022.py	-0.071813779	1.0591455	-1.4872727	0.11819717	1.4875634	-0.11819077	0.15046618	-1.9429044	2024-08-13@16:05	1.9665	1	0.2546	v2.7.1	
NY	9.5	2.9573	-0.0075397391	-3.9589113	-4.0205966	0.0077142175	-4.0220762	0.0076954206	0.013112801	-3.7929538	a248bdd	2x2_2C_8b_C2v_L	11.4	validity_data_2022.py	-0.071700341	1.0597328	-1.487102	0.11801485	1.4873816	-0.11800175	0.15025453	-1.9422825	2024-08-13@16:06	1.9665	1	0.2546	v2.7.1	
NY	9.5	2.9573	-0.0082342009	-3.9636953	-4.0244708	0.0071672834	-4.0236281	0.0071788556	0.012771144	-3.7948185	a248bdd	2x2_2C_8b_C2v_L	11.41	validity_data_2022.py	-0.071543151	1.0597417	-1.4872575	0.11783683	1.4871163	-0.11782914	0.15001263	-1.9417607	2024-08-13@16:06	1.9665	1	0.2546	v2.7.1	
NY	9.5	2.9573	-0.0089934513	-3.966653	-4.0276846	0.0066353523	-4.0237262	0.0066608999	0.012433772	-3.7977564	a248bdd	2x2_2C_8b_C2v_L	11.42	validity_data_2022.py	-0.07133344	1.0593893	-1.487245	0.11762945	1.4865391	-0.11764791	0.14982326	-1.941532	2024-08-13@16:07	1.9665	1	0.2546	v2.7.1	
NY	9.5	2.9573	-0.0094630126	-3.9764622	-4.027813	0.0060750654	-4.0241661	0.0061187304	0.012082057	-3.7993213	a248bdd	2x2_2C_8b_C2v_L	11.43	validity_data_2022.py	-0.071229551	1.0602873	-1.4868569	0.11743836	1.4861077	-0.11745374	0.14955588	-1.9409621	2024-08-13@16:08	1.9665	1	0.2546	v2.7.1	
NY	9.5	2.9573	-0.01006738	-3.9813163	-4.0277376	0.0055672902	-4.0290243	0.005579241	0.011753945	-3.8024118	a248bdd	2x2_2C_8b_C2v_L	11.44	validity_data_2022.py	-0.07109129	1.0602523	-1.4861919	0.1172612	1.4864515	-0.11726144	0.14935615	-1.9407558	2024-08-13@16:08	1.9665	1	0.2546	v2.7.1	
NY	9.5	2.9573	-0.010760229	-3.9875752	-4.0299515	0.005052324	-4.0308723	0.0050365402	0.011437413	-3.8050368	a248bdd	2x2_2C_8b_C2v_L	11.45	validity_data_2022.py	-0.070915498	1.0604645	-1.4860627	0.11706216	1.4862289	-0.11705609	0.14912462	-1.940464	2024-08-13@16:09	1.9665	1	0.2546	v2.7.1	
NY	9.5	2.9573	-0.01130449	-3.9961332	-4.0340528	0.0045086978	-4.0315311	0.0045482675	0.011077128	-3.8071533	a248bdd	2x2_2C_8b_C2v_L	11.46	validity_data_2022.py	-0.070786987	1.0609617	-1.4862009	0.11685752	1.4857865	-0.11685418	0.14889537	-1.9400183	2024-08-13@16:10	1.9665	1	0.2546	v2.7.1	
NY	9.5	2.9573	-0.011933269	-3.9985467	-4.0356091	0.0039730109	-4.0339486	0.0039700333	0.010715619	-3.8093084	a248bdd	2x2_2C_8b_C2v_L	11.47	validity_data_2022.py	-0.070596506	1.0606997	-1.4860062	0.11664112	1.4856836	-0.11666755	0.14867083	-1.9395669	2024-08-13@16:10	1.9665	1	0.2546	v2.7.1	
NY	9.5	2.9573	-0.012521279	-4.0059499	-4.0374235	0.0034283677	-4.0378733	0.0034258199	0.010360252	-3.8113614	a248bdd	2x2_2C_8b_C2v_L	11.48	validity_data_2022.py	-0.070432491	1.0610559	-1.485762	0.116471	1.4858871	-0.11645639	0.14841293	-1.9391239	2024-08-13@16:11	1.9665	1	0.2546	v2.7.1	
NY	9.5	2.9573	-0.012927353	-4.0115141	-4.0389552	0.0029205408	-4.0402472	0.0028833361	0.010008833	-3.8140494	a248bdd	2x2_2C_8b_C2v_L	11.49	validity_data_2022.py	-0.070249166	1.0612169	-1.485516	0.11628024	1.4857467	-0.11624716	0.14818565	-1.9388227	2024-08-13@16:11	1.9665	1	0.2546	v2.7.1	
NY	9.5	2.9573	-0.013372164	-4.0147489	-4.0404645	0.0024220969	-4.041082	0.0023001644	0.0096523289	-3.8170449	a248bdd	2x2_2C_8b_C2v_L	11.5	validity_data_2022.py	-0.070017707	1.0611144	-1.4852523	0.11602657	1.4853008	-0.1160351	0.14795682	-1.9386036	2024-08-13@16:12	1.9665	1	0.2546	v2.7.1	
NY	9.5	2.9573	-0.013707164	-4.0211781	-4.0439442	0.0017650551	-4.040124	0.0018647934	0.0092829366	-3.8216034	a248bdd	2x2_2C_8b_C2v_L	11.51	validity_data_2022.py	-0.069849773	1.0613796	-1.4853165	0.11580471	1.4846988	-0.11576638	0.14771627	-1.9387918	2024-08-13@16:13	1.9665	1	0.2546	v2.7.1	
NY	9.5	2.9573	-0.014338634	-4.0266423	-4.0491147	0.0012430496	-4.0466008	0.0012766866	0.008952805	-3.8212286	a248bdd	2x2_2C_8b_C2v_L	11.52	validity_data_2022.py	-0.069588159	1.0613864	-1.4856633	0.11557026	1.4852766	-0.11566295	0.14746984	-1.9377189	2024-08-13@16:13	1.9665	1	0.2546	v2.7.1	
NY	9.5	2.9573	-0.014688508	-4.0352815	-4.0471269	0.00080539723	-4.0498521	0.00077365682	0.0085881851	-3.8249465	a248bdd	2x2_2C_8b_C2v_L	11.53	validity_data_2022.py	-0.069472338	1.0620199	-1.4848399	0.11534436	1.4853133	-0.11535086	0.14721366	-1.9376732	2024-08-13@16:14	1.9665	1	0.2546	v2.7.1	
NY	9.5	2.9573	-0.0150026	-4.0421094	-4.0502859	0.00032362646	-4.0510352	0.00026014663	0.0082031022	-3.8282561	a248bdd	2x2_2C_8b_C2v_L	11.54	validity_data_2022.py	-0.069240167	1.0623513	-1.4848707	0.11513451	1.4850206	-0.11508787	0.14697628	-1.937523	2024-08-13@16:15	1.9665	1	0.2546	v2.7.1	
NY	9.5	2.9573	-0.015169278	-4.0450744	-4.0550559	-0.00018321294	-4.0503627	-0.00021548052	0.0078734456	-3.8306156	a248bdd	2x2_2C_8b_C2v_L	11.55	validity_data_2022.py	-0.069035604	1.0621577	-1.4852353	0.11482157	1.4843258	-0.11484331	0.14674193	-1.9371525	2024-08-13@16:15	1.9665	1	0.2546	v2.7.1	
NY	9.5	2.9573	-0.015330322	-4.0549892	-4.0571836	-0.00075321142	-4.0512141	-0.00056841633	0.0075273643	-3.8337076	a248bdd	2x2_2C_8b_C2v_L	11.56	validity_data_2022.py	-0.068780283	1.0630093	-1.4850766	0.11458036	1.4839902	-0.11468647	0.14647384	-1.937004	2024-08-13@16:16	1.9665	1	0.2546	v2.7.1	
NY	9.5	2.9573	-0.016266146	-4.057312	-4.059101	-0.0012631245	-4.0593887	-0.0010547496	0.0069960188	-3.837572	a248bdd	2x2_2C_8b_C2v_L	11.57	validity_data_2022.py	-0.068653256	1.0625126	-1.484827	0.11433156	1.4849292	-0.11433221	0.14620087	-1.9368439	2024-08-13@16:17	1.9665	1	0.2546	v2.7.1	
NY	9.5	2.9573	-0.015798355	-4.0649009	-4.0597924	-0.0015839583	-4.0612723	-0.0016190728	0.0067208839	-3.8401192	a248bdd	2x2_2C_8b_C2v_L	11.58	validity_data_2022.py	-0.068341171	1.0631446	-1.484497	0.11409577	1.4847634	-0.11406992	0.14595483	-1.9365881	2024-08-13@16:17	1.9665	1	0.2546	v2.7.1	
NY	9.5	2.9573	-0.015922706	-4.0737228	-4.0620202	-0.0020096918	-4.063073	-0.0019319793	0.0063549349	-3.8429492	a248bdd	2x2_2C_8b_C2v_L	11.59	validity_data_2022.py	-0.068095017	1.0637829	-1.4843884	0.11379346	1.4845151	-0.11379691	0.1456854	-1.9363184	2024-08-13@16:18	1.9665	1	0.2546	v2.7.1	
NY	9.5	2.9573	-0.016141975	-4.0820798	-4.0636059	-0.0024715076	-4.0636303	-0.0024809632	0.0059719067	-3.8463669	a248bdd	2x2_2C_8b_C2v_L	11.6	validity_data_2022.py	-0.067970745	1.0641547	-1.4841602	0.1136117	1.4841923	-0.11356097	0.14539928	-1.9361729	2024-08-13@16:18	1.9665	1	0.2546	v2.7.1	
NY	9.5	2.9573	-0.015732742	-4.084267	-4.0702385	-0.0029236591	-4.0677926	-0.0029137974	0.0056877174	-3.8494555	a248bdd	2x2_2C_8b_C2v_L	11.61	validity_data_2022.py	-0.067575953	1.0641696	-1.4848195	0.11315018	1.4844008	-0.1132815	0.14514444	-1.9360851	2024-08-13@16:19	1.9665	1	0.2546	v2.7.1	
NY	9.5	2.9573	-0.015811579	-4.0866673	-4.0698411	-0.0033388757	-4.0669293	-0.0031301084	0.005341427	-3.8531476	a248bdd	2x2_2C_8b_C2v_L	11.62	validity_data_2022.py	-0.067365751	1.0638374	-1.4842278	0.11297012	1.4837503	-0.11295747	0.14483152	-1.935939	2024-08-13@16:20	1.9665	1	0.2546	v2.7.1	
NY	9.5	2.9573	-0.015258404	-4.0889546	-4.0709079	-0.0035768161	-4.068816	-0.0037084128	0.0050318758	-3.8559686	a248bdd	2x2_2C_8b_C2v_L	11.63	validity_data_2022.py	-0.06703576	1.0637944	-1.4840063	0.1126558	1.4836357	-0.1125893	0.14458188	-1.9357996	2024-08-13@16:20	1.9665	1	0.2546	v2.7.1	
NY	9.5	2.9573	-0.015159943	-4.097975	-4.0733392	-0.0038992247	-4.0776379	-0.0038054474	0.0047257443	-3.859546	a248bdd	2x2_2C_8b_C2v_L	11.64	validity_data_2022.py	-0.066825314	1.0644013	-1.483904	0.11224906	1.4846939	-0.11235092	0.14429965	-1.9356195	2024-08-13@16:21	1.9665	1	0.2546	v2.7.1	
NY	9.5	2.9573	-0.014772165	-4.1031178	-4.076873	-0.0040686853	-4.0776908	-0.0041647321	0.0043936598	-3.8620759	a248bdd	2x2_2C_8b_C2v_L	11.65	validity_data_2022.py	-0.066519031	1.0645853	-1.484111	0.11199238	1.4842367	-0.11190143	0.14400157	-1.9353512	2024-08-13@16:21	1.9665	1	0.2546	v2.7.1	
NY	9.5	2.9573	-0.014474296	-4.1103738	-4.0791732	-0.0042377364	-4.0784773	-0.0042297543	0.0040854909	-3.8651392	a248bdd	2x2_2C_8b_C2v_L	11.66	validity_data_2022.py	-0.066297932	1.065039	-1.4841056	0.11156004	1.4839676	-0.11163712	0.1437378	-1.9351419	2024-08-13@16:22	1.9665	1	0.2546	v2.7.1	
NY	9.5	2.9573	-0.013943632	-4.1141929	-4.0804262	-0.0043300538	-4.0807566	-0.0043036787	0.0037728062	-3.8688843	a248bdd	2x2_2C_8b_C2v_L	11.67	validity_data_2022.py	-0.066010153	1.065071	-1.4838914	0.1112108	1.4839684	-0.11123648	0.143435	-1.9351236	2024-08-13@16:23	1.9665	1	0.2546	v2.7.1	
NY	9.5	2.9573	-0.013208249	-4.1158107	-4.0807801	-0.0042858901	-4.0838194	-0.004326227	0.0034684137	-3.8723619	a248bdd	2x2_2C_8b_C2v_L	11.68	validity_data_2022.py	-0.065692021	1.064851	-1.4835827	0.11083761	1.4841159	-0.11082802	0.1431232	-1.9350401	2024-08-13@16:23	1.9665	1	0.2546	v2.7.1	
NY	9.5	2.9573	-0.012894	-4.1222465	-4.0827241	-0.0041049151	-4.0877198	-0.0042446207	0.0032222816	-3.8771739	a248bdd	2x2_2C_8b_C2v_L	11.69	validity_data_2022.py	-0.065454122	1.0652246	-1.4835853	0.1105251	1.4844124	-0.11041886	0.1428787	-1.9352997	2024-08-13@16:24	1.9665	1	0.2546	v2.7.1	
NY	9.5	2.9573	-0.011698976	-4.1246782	-4.0881097	-0.0040460237	-4.0846648	-0.0040158712	0.0029513675	-3.8801519	a248bdd	2x2_2C_8b_C2v_L	11.7	validity_data_2022.py	-0.065229857	1.0651445	-1.4841301	0.11014373	1.4835529	-0.1100114	0.14251044	-1.9351087	2024-08-13@16:25	1.9665	1	0.2546	v2.7.1	
NY	9.5	2.9573	-0.011385587	-4.1369119	-4.0899838	-0.0038416223	-4.0868977	-0.003731311	0.0028087024	-3.8805625	a248bdd	2x2_2C_8b_C2v_L	11.71	validity_data_2022.py	-0.064978184	1.0662277	-1.4841263	0.10956573	1.4836563	-0.10986548	0.14227256	-1.9343227	2024-08-13@16:25	1.9665	1	0.2546	v2.7.1	
NY	9.5	2.9573	-0.01078356	-4.1459171	-4.0876641	-0.0032891058	-4.0896471	-0.0034132469	0.0025951295	-3.8862623	a248bdd	2x2_2C_8b_C2v_L	11.72	validity_data_2022.py	-0.064861378	1.0669638	-1.4834638	0.10929318	1.4836755	-0.1094219	0.14185334	-1.9347132	2024-08-13@16:26	1.9665	1	0.2546	v2.7.1	
NY	9.5	2.9573	-0.0098435322	-4.1479368	-4.0906119	-0.0028396152	-4.0925255	-0.0028526265	0.0024443264	-3.8889319	a248bdd	2x2_2C_8b_C2v_L	11.73	validity_data_2022.py	-0.064620464	1.0668033	-1.4836788	0.10903684	1.4840354	-0.10888272	0.1415818	-1.9345472	2024-08-13@16:26	1.9665	1	0.2546	v2.7.1	
NY	9.5	2.9573	-0.0090843055	-4.1509669	-4.0934841	-0.0022127512	-4.0940501	-0.0021750808	0.0023116662	-3.8931967	a248bdd	2x2_2C_8b_C2v_L	11.74	validity_data_2022.py	-0.064387233	1.0667603	-1.483956	0.10854388	1.4840734	-0.10862425	0.14127217	-1.9346973	2024-08-13@16:27	1.9665	1	0.2546	v2.7.1	
NY	9.5	2.9573	-0.0083396253	-4.1593111	-4.0944225	-0.0014415825	-4.0941126	-0.0013748609	0.002233361	-3.896652	a248bdd	2x2_2C_8b_C2v_L	11.75	validity_data_2022.py	-0.064271853	1.0673864	-1.4839071	0.10822624	1.4838915	-0.10822591	0.14093984	-1.9346853	2024-08-13@16:28	1.9665	1	0.2546	v2.7.1	
NY	9.5	2.9573	-0.0076920467	-4.1657026	-4.0961957	-0.00048897552	-4.0960745	-0.00048871972	0.0021809107	-3.8991916	a248bdd	2x2_2C_8b_C2v_L	11.76	validity_data_2022.py	-0.064144868	1.0677652	-1.4840722	0.10790309	1.4840471	-0.10793138	0.14060474	-1.9344364	2024-08-13@16:28	1.9665	1	0.2546	v2.7.1	
NY	9.5	2.9573	-0.0069331788	-4.1703436	-4.0987475	0.00059880775	-4.0994649	0.0006415843	0.0021393803	-3.9008982	a248bdd	2x2_2C_8b_C2v_L	11.77	validity_data_2022.py	-0.063998335	1.0679361	-1.4844163	0.10761634	1.4844665	-0.10762257	0.14024283	-1.9340085	2024-08-13@16:29	1.9665	1	0.2546	v2.7.1	
NY	9.5	2.9573	-0.0061092589	-4.1750256	-4.0999372	0.0019477169	-4.1006053	0.0019412147	0.0022108261	-3.9068031	a248bdd	2x2_2C_8b_C2v_L	11.78	validity_data_2022.py	-0.063865232	1.0680991	-1.4845248	0.10739594	1.4846425	-0.10740272	0.13991987	-1.9346337	2024-08-13@16:29	1.9665	1	0.2546	v2.7.1	
NY	9.5	2.9573	-0.0054517765	-4.1826325	-4.1004576	0.0033892778	-4.1025318	0.0032225289	0.0022589791	-3.9109337	a248bdd	2x2_2C_8b_C2v_L	11.79	validity_data_2022.py	-0.063758527	1.0686929	-1.4846137	0.10718648	1.4848884	-0.10728178	0.13957807	-1.9347832	2024-08-13@16:30	1.9665	1	0.2546	v2.7.1	
NY	9.5	2.9573	-0.004885743	-4.1988519	-4.1040143	0.0047512002	-4.1047388	0.0049287432	0.0025097164	-3.9134607	a248bdd	2x2_2C_8b_C2v_L	11.8	validity_data_2022.py	-0.063746603	1.0701408	-1.4850702	0.10727776	1.4852336	-0.10713427	0.13919097	-1.9346691	2024-08-13@16:31	1.9665	1	0.2546	v2.7.1	
NY	9.5	2.9573	-0.0044478467	-4.1994761	-4.107397	0.0062866891	-4.1068582	0.0063360981	0.0027714205	-3.9167482	a248bdd	2x2_2C_8b_C2v_L	11.81	validity_data_2022.py	-0.063680484	1.0698188	-1.4856327	0.10724081	1.4855369	-0.10721498	0.13890217	-1.934678	2024-08-13@16:31	1.9665	1	0.2546	v2.7.1	
NY	9.5	2.9573	-0.0038861361	-4.2029446	-4.1149273	0.0079484657	-4.1103559	0.007873332	0.0031239039	-3.9203829	a248bdd	2x2_2C_8b_C2v_L	11.82	validity_data_2022.py	-0.063552218	1.0698258	-1.4868927	0.10732177	1.4861224	-0.10737374	0.13853212	-1.9348747	2024-08-13@16:32	1.9665	1	0.2546	v2.7.1	
NY	9.5	2.9573	-0.0040395927	-4.2124634	-4.1181769	0.0096539572	-4.1162393	0.0093479421	0.0035825525	-3.9218825	a248bdd	2x2_2C_8b_C2v_L	11.83	validity_data_2022.py	-0.063573427	1.0704641	-1.4874749	0.10747489	1.4870523	-0.10764961	0.13818011	-1.9345539	2024-08-13@16:32	1.9665	1	0.2546	v2.7.1	
NY	9.5	2.9573	-0.0034325095	-4.2255372	-4.1210609	0.010707365	-4.1234727	0.010789138	0.0041543692	-3.9270963	a248bdd	2x2_2C_8b_C2v_L	11.84	validity_data_2022.py	-0.063491061	1.0716717	-1.4877765	0.10802069	1.4881944	-0.10782458	0.13790375	-1.935161	2024-08-13@16:33	1.9665	1	0.2546	v2.7.1	
NY	9.5	2.9573	-0.0033863386	-4.2311717	-4.1268531	0.012003096	-4.1272008	0.012189645	0.0048652721	-3.9298614	a248bdd	2x2_2C_8b_C2v_L	11.85	validity_data_2022.py	-0.063420861	1.0718538	-1.4886475	0.10824924	1.4887355	-0.10821557	0.13760854	-1.9352079	2024-08-13@16:33	1.9665	1	0.2546	v2.7.1	
NY	9.5	2.9573	-0.0033579855	-4.2385139	-4.1361512	0.013285345	-4.1307434	0.012934974	0.0057373511	-3.9324281	a248bdd	2x2_2C_8b_C2v_L	11.86	validity_data_2022.py	-0.063396706	1.0721488	-1.490086	0.10862915	1.4891075	-0.10871024	0.13741737	-1.9352618	2024-08-13@16:34	1.9665	1	0.2546	v2.7.1	
NY	9.5	2.9573	-0.0032153955	-4.2464757	-4.1427191	0.01407269	-4.1410097	0.013655663	0.0066645701	-3.9358189	a248bdd	2x2_2C_8b_C2v_L	11.87	validity_data_2022.py	-0.063294453	1.0727346	-1.4909689	0.10906618	1.4906123	-0.10909645	0.13715537	-1.9355082	2024-08-13@16:35	1.9665	1	0.2546	v2.7.1	
NY	9.5	2.9573	-0.003319497	-4.2561511	-4.1494617	0.014191047	-4.1493825	0.014471768	0.0078195152	-3.9396005	a248bdd	2x2_2C_8b_C2v_L	11.88	validity_data_2022.py	-0.063226169	1.0734195	-1.4917604	0.10951388	1.491803	-0.10948205	0.13706529	-1.9359223	2024-08-13@16:35	1.9665	1	0.2546	v2.7.1	
NY	9.5	2.9573	-0.0034207872	-4.268477	-4.1569324	0.014321495	-4.1565865	0.014437599	0.009043144	-3.9441242	a248bdd	2x2_2C_8b_C2v_L	11.89	validity_data_2022.py	-0.063259906	1.0743299	-1.4926297	0.10982376	1.4926282	-0.10992167	0.13706052	-1.9365363	2024-08-13@16:36	1.9665	1	0.2546	v2.7.1	
NY	9.5	2.9573	-0.0034537955	-4.2763889	-4.1651628	0.014299546	-4.1626423	0.014276506	0.010246927	-3.9490511	a248bdd	2x2_2C_8b_C2v_L	11.9	validity_data_2022.py	-0.06314044	1.0748351	-1.493624	0.11020376	1.4931989	-0.11020409	0.13721412	-1.9371905	2024-08-13@16:36	1.9665	1	0.2546	v2.7.1	
NY	9.5	2.9573	-0.0036212662	-4.2849119	-4.1737388	0.014073344	-4.1720523	0.013914975	0.011440657	-3.9542925	a248bdd	2x2_2C_8b_C2v_L	11.91	validity_data_2022.py	-0.063072681	1.075356	-1.4946253	0.11050281	1.4943222	-0.11050472	0.13745872	-1.9379193	2024-08-13@16:37	1.9665	1	0.2546	v2.7.1	
NY	9.5	2.9573	-0.0036042517	-4.2935261	-4.1821102	0.013372808	-4.1835017	0.013444361	0.012635215	-3.9598502	a248bdd	2x2_2C_8b_C2v_L	11.92	validity_data_2022.py	-0.06299891	1.0759317	-1.4955552	0.1107402	1.4957694	-0.11077965	0.13783418	-1.9387195	2024-08-13@16:38	1.9665	1	0.2546	v2.7.1	
NY	9.5	2.9573	-0.0039055661	-4.3034514	-4.1889366	0.012887265	-4.1910528	0.01305476	0.013224801	-3.9660219	a248bdd	2x2_2C_8b_C2v_L	11.93	validity_data_2022.py	-0.062941179	1.076524	-1.4961771	0.11099971	1.4965386	-0.11097256	0.13813383	-1.9394742	2024-08-13@16:38	1.9665	1	0.2546	v2.7.1	
NY	9.5	2.9573	-0.0039531716	-4.3145602	-4.1982056	0.012359787	-4.1972293	0.01231024	0.013765619	-3.9727654	a248bdd	2x2_2C_8b_C2v_L	11.94	validity_data_2022.py	-0.062910512	1.0773756	-1.4972467	0.11118601	1.4970627	-0.11117252	0.13849318	-1.9403463	2024-08-13@16:39	1.9665	1	0.2546	v2.7.1	
NY	9.5	2.9573	-0.0039660966	-4.3201191	-4.2089244	0.011584924	-4.2061806	0.01146829	0.013994461	-3.9797933	a248bdd	2x2_2C_8b_C2v_L	11.95	validity_data_2022.py	-0.062815091	1.0775124	-1.4985043	0.11133103	1.4980019	-0.11134914	0.13883349	-1.9412428	2024-08-13@16:39	1.9665	1	0.2546	v2.7.1	
NY	9.5	2.9573	-0.0040663882	-4.327042	-4.2146774	0.010723066	-4.2165326	0.010717392	0.014035599	-3.9867636	a248bdd	2x2_2C_8b_C2v_L	11.96	validity_data_2022.py	-0.062720238	1.0777825	-1.4989034	0.11149125	1.4992311	-0.11151663	0.13910273	-1.9420365	2024-08-13@16:40	1.9665	1	0.2546	v2.7.1	
NY	9.5	2.9573	-0.0040864387	-4.3365441	-4.2226886	0.0096645001	-4.225714	0.0098882806	0.013954805	-3.9941422	a248bdd	2x2_2C_8b_C2v_L	11.97	validity_data_2022.py	-0.062675689	1.0784342	-1.4996808	0.11161392	1.5002074	-0.11158519	0.13936213	-1.9429205	2024-08-13@16:40	1.9665	1	0.2546	v2.7.1	
NY	9.5	2.9573	-0.0042456422	-4.3476121	-4.2323792	0.0087799131	-4.2325208	0.0087465982	0.0136779	-4.0016547	a248bdd	2x2_2C_8b_C2v_L	11.98	validity_data_2022.py	-0.062599661	1.0792464	-1.5008102	0.11166695	1.5007779	-0.11168771	0.13952029	-1.9437548	2024-08-13@16:41	1.9665	1	0.2546	v2.7.1	
NY	9.5	2.9573	-0.0044975373	-4.3588066	-4.2436885	0.0077118728	-4.2387993	0.0076042909	0.013441833	-4.0077039	a248bdd	2x2_2C_8b_C2v_L	11.99	validity_data_2022.py	-0.062587033	1.079949	-1.5019575	0.11174691	1.5011366	-0.11170656	0.13972668	-1.9442966	2024-08-13@16:41	1.9665	1	0.2546	v2.7.1	
NY	9.5	2.9573	-0.0046263743	-4.3695411	-4.249046	0.0067926681	-4.2468243	0.0065940394	0.013225799	-4.0142872	a248bdd	2x2_2C_8b_C2v_L	12	validity_data_2022.py	-0.062497275	1.0807885	-1.502345	0.11170378	1.5019798	-0.11174347	0.13989057	-1.9449593	2024-08-13@16:42	1.9665	1	0.2546	v2.7.1	
NY	9.5	2.9573	-0.004745574	-4.3783242	-4.2557531	0.0056814445	-4.2559441	0.0057798189	0.012819307	-4.0215646	a248bdd	2x2_2C_8b_C2v_L	12.01	validity_data_2022.py	-0.062409292	1.0813008	-1.5029385	0.11172842	1.5029444	-0.11168728	0.14005542	-1.9457472	2024-08-13@16:43	1.9665	1	0.2546	v2.7.1	
NY	9.5	2.9573	-0.004920854	-4.3836958	-4.2632781	0.0046741506	-4.2657304	0.0048296311	0.012387514	-4.0294078	a248bdd	2x2_2C_8b_C2v_L	12.02	validity_data_2022.py	-0.062302035	1.0813831	-1.5036357	0.11166644	1.5040851	-0.1116699	0.14022336	-1.9467046	2024-08-13@16:43	1.9665	1	0.2546	v2.7.1	
NY	9.5	2.9573	-0.0048306626	-4.3944514	-4.2732865	0.0039096031	-4.2731985	0.0040096074	0.011803137	-4.0365341	a248bdd	2x2_2C_8b_C2v_L	12.03	validity_data_2022.py	-0.062241141	1.0821583	-1.5048219	0.11166201	1.5047926	-0.11164293	0.14034459	-1.9473882	2024-08-13@16:44	1.9665	1	0.2546	v2.7.1	
NY	9.5	2.9573	-0.0049033397	-4.4049439	-4.2812585	0.0031886725	-4.2790809	0.0030748323	0.011117044	-4.0442615	a248bdd	2x2_2C_8b_C2v_L	12.04	validity_data_2022.py	-0.062164244	1.0828816	-1.5056204	0.11162072	1.5052629	-0.11164581	0.14043767	-1.9481982	2024-08-13@16:44	1.9665	1	0.2546	v2.7.1	
NY	9.5	2.9573	-0.0049834815	-4.4188048	-4.2871287	0.0023531484	-4.2866498	0.0023092411	0.010379157	-4.0515611	a248bdd	2x2_2C_8b_C2v_L	12.05	validity_data_2022.py	-0.062127442	1.0840094	-1.506109	0.11162047	1.5060271	-0.11161036	0.14049254	-1.9489282	2024-08-13@16:45	1.9665	1	0.2546	v2.7.1	
NY	9.5	2.9573	-0.0051050755	-4.4269751	-4.2947127	0.0014596258	-4.2970885	0.0014994601	0.0095912226	-4.0584975	a248bdd	2x2_2C_8b_C2v_L	12.06	validity_data_2022.py	-0.062025432	1.0844114	-1.5068278	0.11161494	1.5072459	-0.1116058	0.1405043	-1.9495612	2024-08-13@16:45	1.9665	1	0.2546	v2.7.1	
NY	9.5	2.9573	-0.0052324008	-4.4352855	-4.3045817	0.00053967639	-4.3065043	0.00065941751	0.0088249531	-4.0656538	a248bdd	2x2_2C_8b_C2v_L	12.07	validity_data_2022.py	-0.06194645	1.0848668	-1.5079892	0.1116365	1.5082803	-0.11158949	0.14048037	-1.9502581	2024-08-13@16:46	1.9665	1	0.2546	v2.7.1	
NY	9.5	2.9573	-0.0050544887	-4.4426651	-4.3173312	-0.0003671988	-4.3147571	-0.00040505519	0.0080616222	-4.0729981	a248bdd	2x2_2C_8b_C2v_L	12.08	validity_data_2022.py	-0.061835355	1.0852279	-1.5095621	0.11161824	1.5091337	-0.11157357	0.14045583	-1.9509557	2024-08-13@16:46	1.9665	1	0.2546	v2.7.1	
NY	9.5	2.9573	-0.0054878748	-4.4548462	-4.3245248	-0.0010816993	-4.3189618	-0.0012591362	0.0074971051	-4.0805392	a248bdd	2x2_2C_8b_C2v_L	12.09	validity_data_2022.py	-0.061751926	1.0860191	-1.5102461	0.11152133	1.5093779	-0.11160889	0.14043377	-1.9518823	2024-08-13@16:47	1.9665	1	0.2546	v2.7.1	
NY	9.5	2.9573	-0.0053989227	-4.4661057	-4.3328379	-0.0020984544	-4.3304696	-0.0022646604	0.0068379401	-4.087433	a248bdd	2x2_2C_8b_C2v_L	12.1	validity_data_2022.py	-0.06164342	1.0869341	-1.5110769	0.11150059	1.5107274	-0.11157245	0.14038519	-1.9525317	2024-08-13@16:48	1.9665	1	0.2546	v2.7.1	
NY	9.5	2.9573	-0.0056378472	-4.4754177	-4.3389229	-0.0032356278	-4.3408769	-0.0030880838	0.006211701	-4.0951389	a248bdd	2x2_2C_8b_C2v_L	12.11	validity_data_2022.py	-0.061539153	1.087468	-1.5116094	0.11151116	1.5118922	-0.11143761	0.14038019	-1.953412	2024-08-13@16:48	1.9665	1	0.2546	v2.7.1	
NY	9.5	2.9573	-0.0055009579	-4.4848067	-4.3476033	-0.0040417474	-4.3492491	-0.0039340869	0.0056082297	-4.1029359	a248bdd	2x2_2C_8b_C2v_L	12.12	validity_data_2022.py	-0.061461083	1.0880707	-1.5125496	0.11139859	1.5128077	-0.11138667	0.14038077	-1.9543017	2024-08-13@16:49	1.9665	1	0.2546	v2.7.1	
NY	9.5	2.9573	-0.0056739927	-4.4944612	-4.3578414	-0.0048108874	-4.3561844	-0.004979455	0.004970841	-4.1108076	a248bdd	2x2_2C_8b_C2v_L	12.13	validity_data_2022.py	-0.061399216	1.0885832	-1.5137134	0.11128712	1.5134712	-0.1113068	0.14039407	-1.9552011	2024-08-13@16:49	1.9665	1	0.2546	v2.7.1	
NY	9.5	2.9573	-0.0055312155	-4.5011216	-4.3659971	-0.005516553	-4.3626643	-0.0057247094	0.0042329647	-4.1186856	a248bdd	2x2_2C_8b_C2v_L	12.14	validity_data_2022.py	-0.06122983	1.0889877	-1.5146256	0.11116167	1.5140715	-0.11122896	0.14042366	-1.956152	2024-08-13@16:50	1.9665	1	0.2546	v2.7.1	
NY	9.5	2.9573	-0.005869105	-4.5175062	-4.3748581	-0.0062852182	-4.3717335	-0.0063854679	0.0034273541	-4.1259954	a248bdd	2x2_2C_8b_C2v_L	12.15	validity_data_2022.py	-0.06122777	1.0902435	-1.5155849	0.11111504	1.5151084	-0.11116041	0.14042299	-1.9568449	2024-08-13@16:50	1.9665	1	0.2546	v2.7.1	
NY	9.5	2.9573	-0.0057646282	-4.5269291	-4.3817355	-0.0070256949	-4.3814211	-0.0069731573	0.0026251903	-4.1343803	a248bdd	2x2_2C_8b_C2v_L	12.16	validity_data_2022.py	-0.061170892	1.0908505	-1.5162952	0.11106687	1.5162363	-0.11108089	0.14042383	-1.9578287	2024-08-13@16:51	1.9665	1	0.2546	v2.7.1	
NY	9.5	2.9573	-0.0058230467	-4.5388141	-4.3912111	-0.0078200722	-4.3934654	-0.0077345041	0.0017655679	-4.1419313	a248bdd	2x2_2C_8b_C2v_L	12.17	validity_data_2022.py	-0.061117841	1.0916667	-1.5173589	0.11106559	1.5177328	-0.1110546	0.1403593	-1.9586217	2024-08-13@16:51	1.9665	1	0.2546	v2.7.1	
NY	9.5	2.9573	-0.0058317449	-4.5491823	-4.401035	-0.0086323456	-4.4052407	-0.0086068452	0.00091769106	-4.1487936	a248bdd	2x2_2C_8b_C2v_L	12.18	validity_data_2022.py	-0.061007417	1.0923567	-1.5185013	0.11104172	1.5191829	-0.1110445	0.14028407	-1.9592651	2024-08-13@16:52	1.9665	1	0.2546	v2.7.1	
NY	9.5	2.9573	-0.0057881659	-4.5516123	-4.411342	-0.0094246559	-4.4100538	-0.0093931297	0.00010970135	-4.1563026	a248bdd	2x2_2C_8b_C2v_L	12.19	validity_data_2022.py	-0.060869073	1.0921034	-1.5197258	0.11101964	1.51944	-0.11100576	0.14018719	-1.9600797	2024-08-13@16:53	1.9665	1	0.2546	v2.7.1	
NY	9.5	2.9573	-0.0061685953	-4.5704628	-4.4238899	-0.01037096	-4.4184152	-0.010434532	-0.00052541913	-4.1644573	a248bdd	2x2_2C_8b_C2v_L	12.2	validity_data_2022.py	-0.060876925	1.0936971	-1.5212066	0.1109659	1.5203607	-0.11100841	0.14011319	-1.9610736	2024-08-13@16:53	1.9665	1	0.2546	v2.7.1	
NY	9.5	2.9573	-0.0062061162	-4.5823071	-4.4323344	-0.011416392	-4.4324033	-0.011355	-0.001207562	-4.1733651	a248bdd	2x2_2C_8b_C2v_L	12.21	validity_data_2022.py	-0.060787878	1.094486	-1.5220697	0.11096504	1.5221098	-0.1109561	0.1400312	-1.962221	2024-08-13@16:54	1.9665	1	0.2546	v2.7.1	
NY	9.5	2.9573	-0.0059986796	-4.5893142	-4.4398482	-0.012450358	-4.4443821	-0.012235139	-0.0017656963	-4.1801975	a248bdd	2x2_2C_8b_C2v_L	12.22	validity_data_2022.py	-0.060773008	1.0947483	-1.5228679	0.11093261	1.5234994	-0.11090746	0.13996817	-1.962936	2024-08-13@16:54	1.9665	1	0.2546	v2.7.1	
NY	9.5	2.9573	-0.006332738	-4.6027093	-4.4520076	-0.013212432	-4.4532983	-0.013110137	-0.0024940675	-4.1883147	a248bdd	2x2_2C_8b_C2v_L	12.23	validity_data_2022.py	-0.060667921	1.0957537	-1.5243023	0.11083771	1.5244928	-0.11079666	0.13997631	-1.9639016	2024-08-13@16:55	1.9665	1	0.2546	v2.7.1	
NY	9.5	2.9573	-0.0063953153	-4.6146229	-4.4613749	-0.013852087	-4.461646	-0.013988494	-0.0032322279	-4.1991712	a248bdd	2x2_2C_8b_C2v_L	12.24	validity_data_2022.py	-0.060660986	1.0965822	-1.5253415	0.11068485	1.5254266	-0.11076417	0.14000108	-1.965484	2024-08-13@16:55	1.9665	1	0.2546	v2.7.1	
NY	9.5	2.9573	-0.0062284562	-4.6264338	-4.469091	-0.014613606	-4.4727438	-0.014618751	-0.0040764629	-4.2092777	a248bdd	2x2_2C_8b_C2v_L	12.25	validity_data_2022.py	-0.060631615	1.0974977	-1.526132	0.11061018	1.5267489	-0.11060233	0.1400554	-1.9668763	2024-08-13@16:56	1.9665	1	0.2546	v2.7.1	
NY	9.5	2.9573	-0.0065993875	-4.6342846	-4.4854412	-0.015408418	-4.4838955	-0.015316084	-0.0049642105	-4.2162496	a248bdd	2x2_2C_8b_C2v_L	12.26	validity_data_2022.py	-0.060605809	1.0976723	-1.5283434	0.11062952	1.5280965	-0.11061039	0.14002373	-1.9675335	2024-08-13@16:56	1.9665	1	0.2546	v2.7.1	
NY	9.5	2.9573	-0.006822481	-4.6498492	-4.4955794	-0.016084261	-4.4939484	-0.016128715	-0.0058772862	-4.2254951	a248bdd	2x2_2C_8b_C2v_L	12.27	validity_data_2022.py	-0.060639326	1.0989292	-1.5295069	0.11059004	1.5292555	-0.11065004	0.14002358	-1.9686809	2024-08-13@16:57	1.9665	1	0.2546	v2.7.1	
NY	9.5	2.9573	-0.0070866304	-4.6687586	-4.5045418	-0.016904736	-4.5049359	-0.016758365	-0.0068606248	-4.2354174	a248bdd	2x2_2C_8b_C2v_L	12.28	validity_data_2022.py	-0.06068141	1.1005054	-1.5304305	0.11067599	1.5306044	-0.11059393	0.14000787	-1.9699664	2024-08-13@16:57	1.9665	1	0.2546	v2.7.1	
NY	9.5	2.9573	-0.0073688183	-4.6765925	-4.5168555	-0.017899579	-4.5163445	-0.017844865	-0.007675931	-4.2439767	a248bdd	2x2_2C_8b_C2v_L	12.29	validity_data_2022.py	-0.060656021	1.1007698	-1.5319495	0.11068276	1.531804	-0.11063666	0.13992117	-1.9710129	2024-08-13@16:58	1.9665	1	0.2546	v2.7.1	
NY	9.5	2.9573	-0.0076557982	-4.6849587	-4.5307846	-0.018861991	-4.5300479	-0.018966401	-0.0084745709	-4.2533685	a248bdd	2x2_2C_8b_C2v_L	12.3	validity_data_2022.py	-0.060624459	1.1010994	-1.5336201	0.11066962	1.5335336	-0.11073504	0.13985112	-1.9722564	2024-08-13@16:58	1.9665	1	0.2546	v2.7.1	
NY	9.5	2.9573	-0.0080336745	-4.6983569	-4.5428516	-0.01999396	-4.5418996	-0.019912932	-0.0092121419	-4.2618746	a248bdd	2x2_2C_8b_C2v_L	12.31	validity_data_2022.py	-0.060645775	1.102017	-1.5350572	0.11074521	1.5348938	-0.11069871	0.13979425	-1.9733143	2024-08-13@16:59	1.9665	1	0.2546	v2.7.1	
NY	9.5	2.9573	-0.0086238752	-4.7168849	-4.5531185	-0.021015053	-4.5514	-0.020964325	-0.0099472226	-4.269978	a248bdd	2x2_2C_8b_C2v_L	12.32	validity_data_2022.py	-0.06069376	1.1034324	-1.5360929	0.11072973	1.535867	-0.11069019	0.13977185	-1.9742636	2024-08-13@17:00	1.9665	1	0.2546	v2.7.1	
NY	9.5	2.9573	-0.0089360675	-4.726361	-4.5653662	-0.021865891	-4.5654084	-0.021979073	-0.010811186	-4.2821664	a248bdd	2x2_2C_8b_C2v_L	12.33	validity_data_2022.py	-0.06074728	1.1039656	-1.5375671	0.11070482	1.5375922	-0.11075349	0.13983446	-1.97607	2024-08-13@17:00	1.9665	1	0.2546	v2.7.1	
NY	9.5	2.9573	-0.0095244865	-4.740153	-4.5784003	-0.022791284	-4.5790165	-0.022740118	-0.011726156	-4.2927456	a248bdd	2x2_2C_8b_C2v_L	12.34	validity_data_2022.py	-0.060856448	1.1048591	-1.5391696	0.11072277	1.539254	-0.11071382	0.13990214	-1.9775255	2024-08-13@17:01	1.9665	1	0.2546	v2.7.1	
NY	9.5	2.9573	-0.010182979	-4.7573385	-4.5919837	-0.023641452	-4.5914804	-0.023506681	-0.012762579	-4.3015566	a248bdd	2x2_2C_8b_C2v_L	12.35	validity_data_2022.py	-0.060977725	1.1061617	-1.5408759	0.110753	1.5407648	-0.11069955	0.14002398	-1.9785226	2024-08-13@17:01	1.9665	1	0.2546	v2.7.1	
NY	9.5	2.9573	-0.011109602	-4.7693128	-4.6072762	-0.024535173	-4.6073919	-0.024669206	-0.013878831	-4.3139005	a248bdd	2x2_2C_8b_C2v_L	12.36	validity_data_2022.py	-0.061096966	1.1068136	-1.5427108	0.11080463	1.5427599	-0.11088478	0.14010313	-1.9803084	2024-08-13@17:02	1.9665	1	0.2546	v2.7.1	
NY	9.5	2.9573	-0.01201314	-4.7826451	-4.619668	-0.025635779	-4.6213943	-0.025508472	-0.015017484	-4.3262385	a248bdd	2x2_2C_8b_C2v_L	12.37	validity_data_2022.py	-0.061292351	1.1075978	-1.5441731	0.1110084	1.5443961	-0.11094211	0.14019195	-1.9820836	2024-08-13@17:02	1.9665	1	0.2546	v2.7.1	
NY	9.5	2.9573	-0.013354759	-4.7958576	-4.6359453	-0.026752758	-4.6366801	-0.026672905	-0.016275647	-4.3374753	a248bdd	2x2_2C_8b_C2v_L	12.38	validity_data_2022.py	-0.061478007	1.1083895	-1.5462005	0.11117732	1.5462386	-0.11113654	0.14026177	-1.983539	2024-08-13@17:03	1.9665	1	0.2546	v2.7.1	
NY	9.5	2.9573	-0.014168564	-4.8191417	-4.6544441	-0.028240402	-4.650949	-0.028121109	-0.017303082	-4.3473139	a248bdd	2x2_2C_8b_C2v_L	12.39	validity_data_2022.py	-0.061679443	1.1102126	-1.5483143	0.11148893	1.547924	-0.11143812	0.14026028	-1.9849072	2024-08-13@17:03	1.9665	1	0.2546	v2.7.1	
NY	9.5	2.9573	-0.015382894	-4.8323619	-4.6677916	-0.029485788	-4.6668916	-0.029481934	-0.018333527	-4.3590092	a248bdd	2x2_2C_8b_C2v_L	12.4	validity_data_2022.py	-0.061760068	1.1110123	-1.5498674	0.11163452	1.5497799	-0.11163763	0.14036548	-1.9864767	2024-08-13@17:04	1.9665	1	0.2546	v2.7.1	
NY	9.5	2.9573	-0.016809568	-4.844837	-4.6812743	-0.031072769	-4.6838453	-0.030899295	-0.019355859	-4.3719318	a248bdd	2x2_2C_8b_C2v_L	12.41	validity_data_2022.py	-0.062048461	1.1116316	-1.5513491	0.11199576	1.5516994	-0.11191239	0.14043922	-1.9884019	2024-08-13@17:04	1.9665	1	0.2546	v2.7.1	
NY	9.5	2.9573	-0.018080149	-4.8625167	-4.69739	-0.032761618	-4.7019655	-0.032627979	-0.020619511	-4.3864912	a248bdd	2x2_2C_8b_C2v_L	12.42	validity_data_2022.py	-0.062060961	1.1128796	-1.5531789	0.11222546	1.5539395	-0.11215313	0.14065115	-1.9906203	2024-08-13@17:05	1.9665	1	0.2546	v2.7.1	
NY	9.5	2.9573	-0.020170608	-4.8856313	-4.7156187	-0.034151636	-4.7170432	-0.033964711	-0.022009216	-4.39802	a248bdd	2x2_2C_8b_C2v_L	12.43	validity_data_2022.py	-0.062555387	1.1145418	-1.5554248	0.11256925	1.5556065	-0.11249888	0.14090787	-1.9920943	2024-08-13@17:05	1.9665	1	0.2546	v2.7.1	
NY	9.5	2.9573	-0.022438214	-4.9007956	-4.7388083	-0.035817604	-4.7348799	-0.035945334	-0.023548978	-4.4107913	a248bdd	2x2_2C_8b_C2v_L	12.44	validity_data_2022.py	-0.062916643	1.1154077	-1.5582733	0.11295539	1.5577207	-0.11304829	0.14121573	-1.9938134	2024-08-13@17:06	1.9665	1	0.2546	v2.7.1	
NY	9.5	2.9573	-0.025273997	-4.9221798	-4.757536	-0.037888605	-4.7583179	-0.038015004	-0.025328852	-4.4263126	a248bdd	2x2_2C_8b_C2v_L	12.45	validity_data_2022.py	-0.063466341	1.1168159	-1.5604146	0.11361308	1.5605672	-0.1136874	0.14159136	-1.996076	2024-08-13@17:07	1.9665	1	0.2546	v2.7.1	
NY	9.5	2.9573	-0.028128635	-4.9460188	-4.7797256	-0.040700406	-4.780883	-0.040390031	-0.027240873	-4.4428125	a248bdd	2x2_2C_8b_C2v_L	12.46	validity_data_2022.py	-0.063946574	1.1185192	-1.5629944	0.11453915	1.5631401	-0.11438476	0.14198991	-1.9984993	2024-08-13@17:07	1.9665	1	0.2546	v2.7.1	
NY	9.5	2.9573	-0.031381172	-4.9740872	-4.8049281	-0.043543749	-4.8035685	-0.043486857	-0.029267718	-4.4602921	a248bdd	2x2_2C_8b_C2v_L	12.47	validity_data_2022.py	-0.064507604	1.1206423	-1.5658756	0.11546557	1.5657164	-0.11548155	0.14243406	-2.001085	2024-08-13@17:08	1.9665	1	0.2546	v2.7.1	
NY	9.5	2.9573	-0.034843717	-4.9899332	-4.8367321	-0.047469824	-4.8337946	-0.047503648	-0.031240902	-4.4737128	a248bdd	2x2_2C_8b_C2v_L	12.48	validity_data_2022.py	-0.06507351	1.1213859	-1.5696328	0.11678091	1.5692368	-0.1168031	0.14282866	-2.0028576	2024-08-13@17:08	1.9665	1	0.2546	v2.7.1	
NY	9.5	2.9573	-0.038945157	-5.0127836	-4.8668803	-0.051821563	-4.8699497	-0.051996222	-0.03323868	-4.4910431	a248bdd	2x2_2C_8b_C2v_L	12.49	validity_data_2022.py	-0.065777295	1.1227977	-1.573052	0.11832594	1.5735046	-0.11841596	0.14329555	-2.0054686	2024-08-13@17:09	1.9665	1	0.2546	v2.7.1	
NY	9.5	2.9573	-0.044701412	-5.044178	-4.9124059	-0.058650368	-4.9136727	-0.058654902	-0.036141942	-4.5101404	a248bdd	2x2_2C_8b_C2v_L	12.5	validity_data_2022.py	-0.066895225	1.1249692	-1.5783287	0.12090145	1.5785421	-0.12092658	0.14411541	-2.0081746	2024-08-13@17:09	1.9665	1	0.2546	v2.7.1	
NY	9.5	2.9573	-0.053408052	-5.0826379	-4.9816449	-0.070348374	-4.9827214	-0.07045019	-0.040057	-4.5349458	a248bdd	2x2_2C_8b_C2v_L	12.51	validity_data_2022.py	-0.068547329	1.1275	-1.5862849	0.12554054	1.5864099	-0.12558075	0.1452568	-2.0119246	2024-08-13@17:10	1.9665	1	0.2546	v2.7.1	
NY	9.5	2.9573	-0.066972681	-5.1439642	-5.136393	-0.099890367	-5.1369585	-0.10005216	-0.046268884	-4.5703187	a248bdd	2x2_2C_8b_C2v_L	12.52	validity_data_2022.py	-0.070954178	1.1318768	-1.6040027	0.1372743	1.6040771	-0.13733448	0.14708357	-2.0174628	2024-08-13@17:10	1.9665	1	0.2546	v2.7.1	
YY	9.5	2.9573	0.0012625886	-2.2896657	-3.1255122	0.21453374	-3.1252278	0.21454833	0.26226587	-2.799109	a248bdd	2x2_2C_8b_C2v_L	9	validity_data_2022.py	-0.13578619	0.96184141	-1.5691181	0.23664915	1.5690523	-0.23663131	0.31973719	-2.1098667	2024-08-13@17:11	1.9665	1	0.2546	v2.7.1	
NY	9.5	2.9573	0.00055675304	-2.2923985	-3.1276111	0.21667299	-3.1265607	0.21637598	0.26535117	-2.8044884	a248bdd	2x2_2C_8b_C2v_L	9.01	validity_data_2022.py	-0.1356605	0.96169824	-1.5687282	0.23599962	1.5684606	-0.23584036	0.31892057	-2.109699	2024-08-13@17:12	1.9665	1	0.2546	v2.7.1	
NY	9.5	2.9573	-0.00060277409	-2.295296	-3.1286533	0.21761665	-3.128303	0.21771893	0.26697339	-2.8098151	a248bdd	2x2_2C_8b_C2v_L	9.02	validity_data_2022.py	-0.13540738	0.96163607	-1.5682995	0.23467939	1.5682405	-0.23469466	0.31724412	-2.1097676	2024-08-13@17:13	1.9665	1	0.2546	v2.7.1	
NY	9.5	2.9573	-0.0016115551	-2.304328	-3.1325077	0.21702557	-3.1321799	0.21714415	0.26658138	-2.8156669	a248bdd	2x2_2C_8b_C2v_L	9.03	validity_data_2022.py	-0.13526827	0.96271658	-1.5682787	0.23373337	1.5682364	-0.23371398	0.31606303	-2.1096922	2024-08-13@17:14	1.9665	1	0.2546	v2.7.1	
NY	9.5	2.9573	-0.0024896227	-2.3084652	-3.1355288	0.21567407	-3.1341841	0.21450854	0.26354353	-2.820592	a248bdd	2x2_2C_8b_C2v_L	9.04	validity_data_2022.py	-0.13496369	0.96297982	-1.5679918	0.23306094	1.567491	-0.23265898	0.31464774	-2.1089606	2024-08-13@17:14	1.9665	1	0.2546	v2.7.1	
NY	9.5	2.9573	-0.0033719024	-2.3146183	-3.1398154	0.21496958	-3.1414166	0.21323074	0.26276771	-2.8277061	a248bdd	2x2_2C_8b_C2v_L	9.05	validity_data_2022.py	-0.13473736	0.96364074	-1.5679897	0.23204588	1.5680885	-0.2319063	0.31367164	-2.1091875	2024-08-13@17:15	1.9665	1	0.2546	v2.7.1	
NY	9.5	2.9573	-0.0044172265	-2.3205852	-3.1409847	0.21499079	-3.1436332	0.21362516	0.2634336	-2.8331893	a248bdd	2x2_2C_8b_C2v_L	9.06	validity_data_2022.py	-0.13461171	0.96408149	-1.5673436	0.23098639	1.5676999	-0.23091902	0.3124666	-2.1090175	2024-08-13@17:16	1.9665	1	0.2546	v2.7.1	
NY	9.5	2.9573	-0.0055766884	-2.3246162	-3.1460979	0.21500153	-3.1480543	0.21526466	0.26437689	-2.8392111	a248bdd	2x2_2C_8b_C2v_L	9.07	validity_data_2022.py	-0.13449863	0.96404225	-1.5675021	0.23004876	1.5679229	-0.23014275	0.31124644	-2.1089931	2024-08-13@17:17	1.9665	1	0.2546	v2.7.1	
NY	9.5	2.9573	-0.0065590061	-2.3317192	-3.1505077	0.2126404	-3.1481338	0.21388473	0.2620193	-2.8444986	a248bdd	2x2_2C_8b_C2v_L	9.08	validity_data_2022.py	-0.1342615	0.96495461	-1.5673758	0.22907856	1.5670753	-0.2291129	0.30992536	-2.1085196	2024-08-13@17:18	1.9665	1	0.2546	v2.7.1	
NY	9.5	2.9573	-0.0076663601	-2.3378479	-3.1542394	0.21209635	-3.1519744	0.21338622	0.26126879	-2.8502517	a248bdd	2x2_2C_8b_C2v_L	9.09	validity_data_2022.py	-0.13409541	0.96549169	-1.5672521	0.22817783	1.5669938	-0.22821654	0.30870458	-2.1083034	2024-08-13@17:19	1.9665	1	0.2546	v2.7.1	
NY	9.5	2.9573	-0.0089798959	-2.344318	-3.1570924	0.21283795	-3.156428	0.2125319	0.26156891	-2.8560224	a248bdd	2x2_2C_8b_C2v_L	9.1	validity_data_2022.py	-0.13395442	0.96605344	-1.5671942	0.22709638	1.5669617	-0.22709787	0.30740948	-2.1082301	2024-08-13@17:20	1.9665	1	0.2546	v2.7.1	
NY	9.5	2.9573	-0.01003542	-2.3506548	-3.1579684	0.21207764	-3.1607908	0.21074885	0.25970331	-2.8616446	a248bdd	2x2_2C_8b_C2v_L	9.11	validity_data_2022.py	-0.133838	0.9666179	-1.5664301	0.22623497	1.5668108	-0.22620978	0.30617111	-2.107832	2024-08-13@17:21	1.9665	1	0.2546	v2.7.1	
NY	9.5	2.9573	-0.011328919	-2.3579999	-3.1611552	0.21153825	-3.1636007	0.20999738	0.25883685	-2.8672529	a248bdd	2x2_2C_8b_C2v_L	9.12	validity_data_2022.py	-0.13376868	0.96731201	-1.5662055	0.2252851	1.5664657	-0.2252086	0.30490672	-2.1075593	2024-08-13@17:22	1.9665	1	0.2546	v2.7.1	
NY	9.5	2.9573	-0.012641271	-2.363341	-3.1659931	0.21018553	-3.1658226	0.21069839	0.25870447	-2.8734306	a248bdd	2x2_2C_8b_C2v_L	9.13	validity_data_2022.py	-0.13366004	0.96765931	-1.5662276	0.22424586	1.5662877	-0.22420057	0.30370518	-2.107571	2024-08-13@17:23	1.9665	1	0.2546	v2.7.1	
