model	E_kin	U	e	eb1_1	eb2_1	eb3_1	eb4_1	eb5_1	eb6_1	eb7_1	eb8_1	mu	tb1_1	tb2_1	tb3_1	tb4_1	tb5_1	tb6_1	tb7_1	tb8_1	tpd	tpp	tppp	ave_e	ave_mu	ave_tpd	ave_tpp	ave_tppp	ave_U_1	ave_eb1_1	ave_eb2_1	ave_eb3_1	ave_eb4_1	ave_eb5_1	ave_eb6_1	ave_eb7_1	ave_eb8_1	ave_mu_1	ave_tb1_1	ave_tb2_1	ave_tb3_1	ave_tb4_1	ave_tb5_1	ave_tb6_1	ave_tb7_1	ave_tb8_1	ave_e_2	ave_mu_2	ave_tpp_2	ave_tppp_2	E0_1	sector_1	n_1	E0_2	sector_2	n_2	githash	version	GS_consistency	iterations	dist_function	convergence	script	time	
2x2_2C_8b_C2v_L	9.6895528	11.5	3.3038	0.0033788173	-4.9859299	-5.0945465	0.012126131	-5.0950232	0.012113883	0.010935138	-4.824408	12.8	0.06101004	1.0733875	-1.5264382	0.10169133	1.526494	-0.10167933	-0.12728769	-1.9760957	1.9469	1	0.292	1.2787561	1.7628663	-0.44123791	-0.15441082	0.063539432	0.27511962	0.0016193298	1.9520389	1.7532727	0.0027013018	1.7533304	0.0027015722	0.00085512113	1.4514983	1.2704956	-0.17644705	-0.55426227	1.7181558	-0.18409624	-1.7178808	0.18410949	0.10502587	2.9576316	2	2	0	0	-98.740598	R0:N12:S0:1	1.4661794	-151.9392	uncorrelated	2	8eae08f	v2.2.3	NY	3	sharp_wc_2.0_b_50	parameters	new_boucle_param.py	2023-09-19@09:26
model	E_kin	U	e	eb1_1	eb2_1	eb3_1	eb4_1	eb5_1	eb6_1	eb7_1	eb8_1	mu	tb1_1	tb2_1	tb3_1	tb4_1	tb5_1	tb6_1	tb7_1	tb8_1	tpd	tpp	tppp	ave_e	ave_mu	ave_tpd	ave_tpp	ave_tppp	ave_U_1	ave_eb1_1	ave_eb2_1	ave_eb3_1	ave_eb4_1	ave_eb5_1	ave_eb6_1	ave_eb7_1	ave_eb8_1	ave_mu_1	ave_tb1_1	ave_tb2_1	ave_tb3_1	ave_tb4_1	ave_tb5_1	ave_tb6_1	ave_tb7_1	ave_tb8_1	ave_e_2	ave_mu_2	ave_tpp_2	ave_tppp_2	E0_1	sector_1	n_1	E0_2	sector_2	n_2	githash	version	GS_consistency	iterations	dist_function	convergence	script	time	
2x2_2C_8b_C2v_L	9.6895527	11.5	3.3038	0.0033788173	-4.9859299	-5.0945465	0.012126131	-5.0950232	0.012113883	0.010935138	-4.824408	12.8	0.06101004	1.0733875	-1.5264382	0.10169133	1.526494	-0.10167933	-0.12728769	-1.9760957	1.9469	1	0.292	1.2787561	1.7628663	-0.44123792	-0.15441082	0.063539433	0.27511962	0.0016193298	1.9520389	1.7532727	0.0027013018	1.7533304	0.0027015722	0.00085512113	1.4514983	1.2704956	-0.17644705	-0.55426227	1.7181558	-0.18409624	-1.7178808	0.18410949	0.10502587	2.9576316	2	2	0	0	-98.740598	R0:N12:S0:1	1.4661794	-151.9392	uncorrelated	2	8eae08f	v2.2.3	NY	3	sharp_wc_2.0_b_50	parameters	new_boucle_param.py	2023-09-19@09:27
model	E_kin	U	e	eb1_1	eb2_1	eb3_1	eb4_1	eb5_1	eb6_1	eb7_1	eb8_1	mu	tb1_1	tb2_1	tb3_1	tb4_1	tb5_1	tb6_1	tb7_1	tb8_1	tpd	tpp	tppp	ave_e	ave_mu	ave_tpd	ave_tpp	ave_tppp	ave_U_1	ave_eb1_1	ave_eb2_1	ave_eb3_1	ave_eb4_1	ave_eb5_1	ave_eb6_1	ave_eb7_1	ave_eb8_1	ave_mu_1	ave_tb1_1	ave_tb2_1	ave_tb3_1	ave_tb4_1	ave_tb5_1	ave_tb6_1	ave_tb7_1	ave_tb8_1	ave_e_2	ave_mu_2	ave_tpp_2	ave_tppp_2	E0_1	sector_1	n_1	E0_2	sector_2	n_2	githash	version	GS_consistency	iterations	dist_function	convergence	script	time	
2x2_2C_8b_C2v_L	9.6895527	11.5	3.3038	0.0033788173	-4.9859299	-5.0945465	0.012126131	-5.0950232	0.012113883	0.010935138	-4.824408	12.8	0.06101004	1.0733875	-1.5264382	0.10169133	1.526494	-0.10167933	-0.12728769	-1.9760957	1.9469	1	0.292	1.2787561	1.7628663	-0.44123792	-0.15441082	0.063539433	0.27511962	0.0016193298	1.9520389	1.7532727	0.0027013018	1.7533304	0.0027015722	0.00085512113	1.4514983	1.2704956	-0.17644705	-0.55426227	1.7181558	-0.18409624	-1.7178808	0.18410949	0.10502587	2.9576316	2	2	0	0	-98.740598	R0:N12:S0:1	1.4661794	-151.9392	uncorrelated	2	8eae08f	v2.2.3	NY	3	sharp_wc_2.0_b_50	parameters	new_boucle_param.py	2023-09-19@09:30
2x2_2C_8b_C2v_L	9.6386111	11.5	3.3038	0.0046278025	-4.971522	-5.0931064	0.012951838	-5.0932632	0.012903432	0.01121563	-4.8252338	12.8	0.061491655	1.0775531	-1.5333953	0.10243532	1.5333797	-0.10245133	-0.12821637	-1.9852431	1.9569	1	0.292	1.2780436	1.7607688	-0.44572701	-0.1560254	0.064173155	0.27617166	0.0016600428	1.9519517	1.7522095	0.0027724362	1.7522887	0.0027745714	0.00086910162	1.4494798	1.2714985	-0.17867383	-0.55332087	1.7207138	-0.18633168	-1.7202987	0.18641324	0.10580567	2.963004	2	2	0	0	-98.761706	R0:N12:S0:1	1.4623465	-151.9392	uncorrelated	2	8eae08f	v2.2.3	NY	5	sharp_wc_2.0_b_50	parameters	new_boucle_param.py	2023-09-19@09:32
model	E_kin	U	e	eb1_1	eb2_1	eb3_1	eb4_1	eb5_1	eb6_1	eb7_1	eb8_1	mu	tb1_1	tb2_1	tb3_1	tb4_1	tb5_1	tb6_1	tb7_1	tb8_1	tpd	tpp	tppp	ave_e	ave_mu	ave_tpd	ave_tpp	ave_tppp	ave_U_1	ave_eb1_1	ave_eb2_1	ave_eb3_1	ave_eb4_1	ave_eb5_1	ave_eb6_1	ave_eb7_1	ave_eb8_1	ave_mu_1	ave_tb1_1	ave_tb2_1	ave_tb3_1	ave_tb4_1	ave_tb5_1	ave_tb6_1	ave_tb7_1	ave_tb8_1	ave_e_2	ave_mu_2	ave_tpp_2	ave_tppp_2	E0_1	sector_1	n_1	E0_2	sector_2	n_2	githash	version	GS_consistency	iterations	dist_function	convergence	script	time	
2x2_2C_8b_C2v_L	9.6895527	11.5	3.3038	0.0033788173	-4.9859299	-5.0945465	0.012126131	-5.0950232	0.012113883	0.010935138	-4.824408	12.8	0.06101004	1.0733875	-1.5264382	0.10169133	1.526494	-0.10167933	-0.12728769	-1.9760957	1.9469	1	0.292	1.2787561	1.7628663	-0.44123792	-0.15441082	0.063539433	0.27511962	0.0016193298	1.9520389	1.7532727	0.0027013018	1.7533304	0.0027015722	0.00085512113	1.4514983	1.2704956	-0.17644705	-0.55426227	1.7181558	-0.18409624	-1.7178808	0.18410949	0.10502587	2.9576316	2	2	0	0	-98.740598	R0:N12:S0:1	1.4661794	-151.9392	uncorrelated	2	8eae08f	v2.2.3	NY	3	sharp_wc_2.0_b_50	parameters	new_boucle_param.py	2023-09-19@09:33
2x2_2C_8b_C2v_L	9.5875588	11.5	3.3038	0.0060134586	-4.9584039	-5.0911686	0.013665335	-5.0904442	0.013701648	0.011466127	-4.8263058	12.8	0.061951788	1.081868	-1.540215	0.10318523	1.540113	-0.10320273	-0.12915968	-1.9944298	1.9669	1	0.292	1.2773316	1.758672	-0.45019734	-0.15762476	0.064803412	0.2772224	0.0017003327	1.9518709	1.751208	0.0028473307	1.7511469	0.0028472058	0.00088334603	1.4474951	1.2725002	-0.18085049	-0.5523516	1.7228895	-0.18866285	-1.7231617	0.18865675	0.10659259	2.9683011	2	2	0	0	-98.782743	R0:N12:S0:1	1.4585286	-151.9392	uncorrelated	2	8eae08f	v2.2.3	NY	4	sharp_wc_2.0_b_50	parameters	new_boucle_param.py	2023-09-19@09:34
2x2_2C_8b_C2v_L	9.7404299	11.5	3.3038	0.0020340548	-4.9985825	-5.0963259	0.011256698	-5.0998744	0.011245938	0.010615921	-4.8239636	12.8	0.06050721	1.0690177	-1.5195354	0.10093813	1.5200456	-0.10093566	-0.12638206	-1.9669796	1.9369	1	0.292	1.2794698	1.7649616	-0.43672441	-0.1527779	0.062900677	0.27402425	0.0015779428	1.952112	1.7542756	0.0026284123	1.7545622	0.0026327192	0.00084170775	1.4535733	1.269449	-0.17414927	-0.55531252	1.7160065	-0.18175747	-1.7147311	0.18191563	0.10426679	2.9520884	2	2	0	0	-98.72355	R0:N12:S0:1	1.4700033	-151.9392	uncorrelated	2	8eae08f	v2.2.3	NY	4	sharp_wc_2.0_b_50	parameters	new_boucle_param.py	2023-09-19@09:35
2x2_2C_8b_C2v_L	9.5363714	11.5	3.3038	0.0072008114	-4.9468261	-5.0892973	0.014383831	-5.0888524	0.014407213	0.011700344	-4.8279144	12.8	0.062406218	1.0862959	-1.5470476	0.10393389	1.5470006	-0.10396393	-0.13011685	-2.0037135	1.9769	1	0.292	1.2766198	1.7565717	-0.45465217	-0.1592098	0.065430881	0.27824396	0.0017409665	1.9518026	1.7501634	0.002922184	1.7501036	0.0029228385	0.0008976656	1.4455581	1.2734722	-0.1830195	-0.55132861	1.7253262	-0.19094953	-1.7256136	0.19096617	0.10737724	2.9735015	2	2	0	0	-98.810556	R0:N12:S0:1	1.4547287	-151.9392	uncorrelated	2	8eae08f	v2.2.3	NY	4	sharp_wc_2.0_b_50	parameters	new_boucle_param.py	2023-09-19@09:36
2x2_2C_8b_C2v_L	9.7913033	11.5	3.3038	0.0006525316	-5.0135616	-5.0995873	0.01037115	-5.1003006	0.01039737	0.010269126	-4.8234764	12.8	0.059981202	1.0648808	-1.5128429	0.10016297	1.5129465	-0.10017948	-0.1254655	-1.957862	1.9269	1	0.292	1.2801859	1.7670674	-0.43217758	-0.15112667	0.062257749	0.27294608	0.001536568	1.9522037	1.7554606	0.0025604845	1.7555189	0.0025621523	0.00082811863	1.4556506	1.2684197	-0.17182309	-0.55624942	1.7129436	-0.17955556	-1.7126829	0.17961631	0.10349212	2.9465566	2	2	0	0	-98.705268	R0:N12:S0:1	1.4738809	-151.9392	uncorrelated	2	8eae08f	v2.2.3	NY	5	sharp_wc_2.0_b_50	parameters	new_boucle_param.py	2023-09-19@09:37
2x2_2C_8b_C2v_L	9.4853384	11.5	3.3038	0.0084195491	-4.9313765	-5.0900926	0.015106986	-5.0868908	0.015108646	0.011931388	-4.8308211	12.8	0.062809699	1.0903266	-1.5542847	0.10472053	1.5538018	-0.10471646	-0.13114281	-2.0132359	1.9869	1	0.292	1.2759125	1.7544864	-0.45905481	-0.16077111	0.066051127	0.27922185	0.0017787918	1.9517034	1.7492532	0.0030012635	1.7490153	0.0029968385	0.00091344045	1.443739	1.2743997	-0.18500814	-0.55051326	1.7272905	-0.19333959	-1.7283124	0.19319082	0.10821994	2.9784223	2	2	0	0	-98.837833	R0:N12:S0:1	1.4509712	-151.9392	uncorrelated	2	8eae08f	v2.2.3	NY	4	sharp_wc_2.0_b_50	parameters	new_boucle_param.py	2023-09-19@09:37
2x2_2C_8b_C2v_L	9.8419867	11.5	3.3038	-0.00066761915	-5.0252035	-5.1006268	0.0094360096	-5.1045686	0.0094833658	0.0098383281	-4.8242605	12.8	0.059416961	1.0603945	-1.5057625	0.099418712	1.5064092	-0.099380705	-0.12456297	-1.948941	1.9169	1	0.292	1.2809011	1.7691637	-0.4276211	-0.14946226	0.061611243	0.27182591	0.0014934926	1.9522683	1.7565098	0.0024921276	1.7566839	0.0024928991	0.00081512143	1.4578526	1.2673479	-0.16936225	-0.55737944	1.7104806	-0.17730778	-1.7098385	0.17732508	0.10272982	2.9407256	2	2	0	0	-98.685936	R0:N12:S0:1	1.4777173	-151.9392	uncorrelated	2	8eae08f	v2.2.3	NY	4	sharp_wc_2.0_b_50	parameters	new_boucle_param.py	2023-09-19@09:39
2x2_2C_8b_C2v_L	9.4339248	11.5	3.3038	0.0094783813	-4.9195676	-5.0896661	0.015807706	-5.0850619	0.015798596	0.012167688	-4.8327465	12.8	0.06319221	1.0946915	-1.5613294	0.10551407	1.5606427	-0.10549712	-0.13217159	-2.022568	1.9969	1	0.292	1.2752014	1.7523847	-0.46347337	-0.16232696	0.066671632	0.28021504	0.001816767	1.9516362	1.7483	0.0030830607	1.7479385	0.0030756083	0.00092905154	1.4418505	1.2753426	-0.18698705	-0.54949937	1.7293753	-0.1957724	-1.7309441	0.19552324	0.109059	2.9834885	2	2	0	0	-98.86833	R0:N12:S0:1	1.4472553	-151.9392	uncorrelated	2	8eae08f	v2.2.3	NY	4	sharp_wc_2.0_b_50	parameters	new_boucle_param.py	2023-09-19@09:39
2x2_2C_8b_C2v_L	9.8926789	11.5	3.3038	-0.0019002783	-5.0329057	-5.1057272	0.0085089678	-5.1066171	0.0084874109	0.0094183522	-4.824863	12.8	0.058840862	1.0554817	-1.4993291	0.098627989	1.4994535	-0.0986189	-0.12367772	-1.9399842	1.9069	1	0.292	1.2816186	1.7712675	-0.42302934	-0.14777765	0.060959717	0.27069156	0.0014506154	1.9523119	1.7577053	0.0024244779	1.7577787	0.0024251145	0.00080280255	1.4600549	1.2662615	-0.16687241	-0.5586293	1.7075677	-0.17503357	-1.7072361	0.17505874	0.10199434	2.9348431	2	2	0	0	-98.662026	R0:N12:S0:1	1.4815745	-151.9392	uncorrelated	2	8eae08f	v2.2.3	NY	4	sharp_wc_2.0_b_50	parameters	new_boucle_param.py	2023-09-19@09:41
2x2_2C_8b_C2v_L	9.3826308	11.5	3.3038	0.010417424	-4.9079674	-5.0859027	0.016495512	-5.086757	0.016492001	0.01242573	-4.8365576	12.8	0.063568831	1.0991059	-1.5678778	0.10630053	1.5680089	-0.10629403	-0.13325587	-2.0322842	2.0069	1	0.292	1.2744944	1.7502965	-0.4678446	-0.16386109	0.06728548	0.28116996	0.0018545472	1.951563	1.7470805	0.0031605351	1.7471401	0.0031612703	0.0009454929	1.4401097	1.2762462	-0.18893135	-0.54855838	1.732618	-0.198024	-1.7323675	0.19804813	0.10992416	2.988269	2	2	0	0	-98.903589	R0:N12:S0:1	1.4435865	-151.9392	uncorrelated	2	8eae08f	v2.2.3	NY	4	sharp_wc_2.0_b_50	parameters	new_boucle_param.py	2023-09-19@09:41
2x2_2C_8b_C2v_L	9.9432165	11.5	3.3038	-0.0030420023	-5.0456304	-5.1087636	0.007531402	-5.1099298	0.0075308431	0.0089227626	-4.8261663	12.8	0.058250457	1.0510881	-1.4925529	0.097844866	1.4927297	-0.097838814	-0.12277679	-1.9311186	1.8969	1	0.292	1.2823362	1.7733666	-0.4184235	-0.14607816	0.06030445	0.26953523	0.0014077396	1.9523823	1.7588411	0.0023580209	1.7589149	0.002358784	0.00078994264	1.4623336	1.2651534	-0.1643498	-0.55975871	1.7048085	-0.17276999	-1.7044947	0.17279794	0.10122489	2.9288058	2	2	0	0	-98.648002	R0:N12:S0:1	1.4854003	-151.9392	uncorrelated	2	8eae08f	v2.2.3	NY	4	sharp_wc_2.0_b_50	parameters	new_boucle_param.py	2023-09-19@09:42
2x2_2C_8b_C2v_L	9.331123	11.5	3.3038	0.011254767	-4.8951831	-5.0882973	0.017142821	-5.0854154	0.017165015	0.012733087	-4.8407173	12.8	0.063911666	1.1033199	-1.5753268	0.10710269	1.5748848	-0.10711414	-0.13439117	-2.0420644	2.0169	1	0.292	1.2737859	1.7482004	-0.47220958	-0.16538571	0.06789576	0.2820868	0.0018906117	1.9514875	1.7462655	0.0032460089	1.7460594	0.0032427134	0.00096281996	1.4384016	1.277111	-0.19076607	-0.54764126	1.7342454	-0.20049843	-1.7351145	0.20039213	0.1108261	2.992964	2	2	0	0	-98.943366	R0:N12:S0:1	1.4399899	-151.9392	uncorrelated	2	8eae08f	v2.2.3	NY	4	sharp_wc_2.0_b_50	parameters	new_boucle_param.py	2023-09-19@09:43
2x2_2C_8b_C2v_L	9.9936517	11.5	3.3038	-0.0041643404	-5.0574518	-5.115199	0.0065447903	-5.1117242	0.0065457816	0.0084343044	-4.8265876	12.8	0.057634602	1.0466175	-1.4862526	0.097041001	1.4857476	-0.097049686	-0.12187212	-1.9220746	1.8869	1	0.292	1.2830545	1.7754667	-0.41379623	-0.14436216	0.059644375	0.26836919	0.0013647595	1.9524469	1.7601817	0.0022942885	1.7599291	0.0022912409	0.00077728253	1.4645709	1.2640359	-0.16177955	-0.56092026	1.7012298	-0.17056596	-1.7023472	0.17044813	0.10046336	2.9227899	2	2	0	0	-98.634131	R0:N12:S0:1	1.4892345	-151.9392	uncorrelated	2	8eae08f	v2.2.3	NY	4	sharp_wc_2.0_b_50	parameters	new_boucle_param.py	2023-09-19@09:44
2x2_2C_8b_C2v_L	9.2792818	11.5	3.3038	0.011756955	-4.8780414	-5.0887422	0.017874443	-5.0866944	0.01790008	0.013124321	-4.8439918	12.8	0.064172148	1.1070268	-1.5825313	0.10796496	1.5822069	-0.10798261	-0.13557597	-2.0516941	2.0269	1	0.292	1.2730742	1.7460907	-0.47658419	-0.1669038	0.068505494	0.28301864	0.0019232267	1.9513942	1.7452862	0.0033342295	1.7451577	0.0033326894	0.00098159907	1.4366304	1.2779899	-0.19239968	-0.54679173	1.7365846	-0.20300771	-1.737105	0.20296059	0.11179059	2.9977466	2	2	0	0	-98.974243	R0:N12:S0:1	1.4365002	-151.9392	uncorrelated	2	8eae08f	v2.2.3	NY	4	sharp_wc_2.0_b_50	parameters	new_boucle_param.py	2023-09-19@09:45
2x2_2C_8b_C2v_L	10.04396	11.5	3.3038	-0.0051929189	-5.0669388	-5.1188517	0.0055328332	-5.1162871	0.0055543489	0.007871747	-4.8280825	12.8	0.056985454	1.0418975	-1.4795378	0.096251974	1.4791631	-0.09624329	-0.12096734	-1.9131977	1.8769	1	0.292	1.2837729	1.7775633	-0.40915002	-0.14263094	0.058979979	0.2671797	0.0013208388	1.9524946	1.7613285	0.002229782	1.7611453	0.002226903	0.00076491414	1.466911	1.2628946	-0.15910884	-0.56220744	1.6984938	-0.16829367	-1.6993041	0.16818244	0.099700511	2.9165349	2	2	0	0	-98.61767	R0:N12:S0:1	1.4930558	-151.9392	uncorrelated	2	8eae08f	v2.2.3	NY	4	sharp_wc_2.0_b_50	parameters	new_boucle_param.py	2023-09-19@09:46
2x2_2C_8b_C2v_L	9.2275388	11.5	3.3038	0.012161735	-4.8643386	-5.0880005	0.018652236	-5.0873722	0.018611438	0.013608916	-4.8486006	12.8	0.064410475	1.1110876	-1.5895385	0.1088468	1.5894062	-0.1088228	-0.13681123	-2.0616439	2.0369	1	0.292	1.272366	1.7439993	-0.48091235	-0.16840545	0.069106817	0.28393615	0.0019548667	1.9513249	1.7442511	0.0034250275	1.7442604	0.0034236862	0.0010007839	1.4349448	1.2788536	-0.19397445	-0.54582148	1.7391066	-0.20555281	-1.7390054	0.2055199	0.11276584	3.0024156	2	2	0	0	-99.011299	R0:N12:S0:1	1.433102	-151.9392	uncorrelated	2	8eae08f	v2.2.3	NY	4	sharp_wc_2.0_b_50	parameters	new_boucle_param.py	2023-09-19@09:47
2x2_2C_8b_C2v_L	10.094232	11.5	3.3038	-0.0061422292	-5.0819676	-5.1208933	0.0045551684	-5.1209101	0.0045536707	0.0072811185	-4.8299106	12.8	0.056366833	1.0377133	-1.4725897	0.095423967	1.4725837	-0.095417207	-0.12005824	-1.9043639	1.8669	1	0.292	1.2844932	1.7796666	-0.40447275	-0.14088133	0.058310325	0.26598204	0.0012793226	1.9525786	1.7623902	0.0021644778	1.7624035	0.0021643312	0.00075213074	1.4692869	1.2617451	-0.15654626	-0.5632975	1.6960807	-0.16594752	-1.6960085	0.16594357	0.09891328	2.9102239	2	2	0	0	-98.609928	R0:N12:S0:1	1.4968822	-151.9392	uncorrelated	2	8eae08f	v2.2.3	NY	5	sharp_wc_2.0_b_50	parameters	new_boucle_param.py	2023-09-19@09:48
2x2_2C_8b_C2v_L	9.1751453	11.5	3.3038	0.012291299	-4.8489562	-5.0897239	0.019458833	-5.089449	0.019418584	0.014181116	-4.853454	12.8	0.064660595	1.1149036	-1.5969336	0.10974849	1.5968846	-0.1097459	-0.13811576	-2.0716451	2.0469	1	0.292	1.2716492	1.741869	-0.48528812	-0.16991103	0.069706508	0.28481616	0.0019875691	1.9512491	1.7433587	0.0035193724	1.7433494	0.0035190996	0.0010212601	1.4332814	1.2796785	-0.19558229	-0.54489724	1.7411056	-0.20816923	-1.7411324	0.20816174	0.11379543	3.0070117	2	2	0	0	-99.053452	R0:N12:S0:1	1.4298201	-151.9392	uncorrelated	2	8eae08f	v2.2.3	NY	4	sharp_wc_2.0_b_50	parameters	new_boucle_param.py	2023-09-19@09:50
2x2_2C_8b_C2v_L	10.144341	11.5	3.3038	-0.0068156021	-5.0895891	-5.1253243	0.0035566839	-5.1256867	0.0035389664	0.0066860203	-4.832464	12.8	0.055674184	1.0328488	-1.4659529	0.094588678	1.4659938	-0.094584885	-0.1191485	-1.895657	1.8569	1	0.292	1.2852131	1.7817638	-0.39978054	-0.13911722	0.057635939	0.264751	0.0012349615	1.952607	1.7635871	0.0021007715	1.7636304	0.0021011539	0.00074006663	1.4717505	1.260562	-0.1537564	-0.56474117	1.6931538	-0.16362521	-1.6929421	0.16364263	0.098144357	2.9036359	2	2	0	0	-98.593864	R0:N12:S0:1	1.5007025	-151.9392	uncorrelated	2	8eae08f	v2.2.3	NY	4	sharp_wc_2.0_b_50	parameters	new_boucle_param.py	2023-09-19@09:50
2x2_2C_8b_C2v_L	10.19428	11.5	3.3038	-0.0073395544	-5.0968493	-5.1298158	0.0025895816	-5.1315314	0.0025989485	0.0060603982	-4.8339883	12.8	0.054935144	1.0279528	-1.4593178	0.093752777	1.4595556	-0.093742474	-0.11822846	-1.8867199	1.8469	1	0.292	1.2859326	1.783859	-0.39507435	-0.13733988	0.056957768	0.26351841	0.0011898243	1.9526339	1.7647787	0.0020383296	1.7649128	0.0020395025	0.0007280818	1.4741675	1.2593778	-0.15086689	-0.5661918	1.6902804	-0.16130661	-1.6896675	0.16135645	0.097378009	2.8970825	2	2	0	0	-98.577247	R0:N12:S0:1	1.5045305	-151.9392	uncorrelated	2	8eae08f	v2.2.3	NY	4	sharp_wc_2.0_b_50	parameters	new_boucle_param.py	2023-09-19@09:51
2x2_2C_8b_C2v_L	9.1216172	11.5	3.3038	0.012063563	-4.8368465	-5.0907188	0.020328061	-5.0918276	0.020318712	0.014906438	-4.8587285	12.8	0.064854781	1.1190541	-1.6042207	0.11068585	1.6044046	-0.11069142	-0.13947293	-2.0817947	2.0569	1	0.292	1.2709159	1.7396704	-0.4897677	-0.1714384	0.070303262	0.28568692	0.0020177586	1.9511989	1.7424167	0.0036172444	1.742478	0.0036189804	0.0010421953	1.4316367	1.2804934	-0.1970561	-0.54383069	1.7433038	-0.21084201	-1.7430685	0.2108915	0.11484438	3.0116044	2	2	0	0	-99.102438	R0:N12:S0:1	1.4266653	-151.9392	uncorrelated	2	8eae08f	v2.2.3	NY	4	sharp_wc_2.0_b_50	parameters	new_boucle_param.py	2023-09-19@09:52
2x2_2C_8b_C2v_L	10.244091	11.5	3.3038	-0.0077079234	-5.1099024	-5.1355991	0.0017070936	-5.1333838	0.0017161164	0.0054387733	-4.8361302	12.8	0.054270562	1.0235794	-1.4528736	0.092865686	1.4525744	-0.092869132	-0.11730745	-1.8778922	1.8369	1	0.292	1.2866524	1.7859572	-0.39034672	-0.13554938	0.056274742	0.26228553	0.0011489727	1.952704	1.7661306	0.0019780613	1.7659459	0.0019760237	0.00071568824	1.4766284	1.2581931	-0.14820646	-0.56739749	1.6865609	-0.15903684	-1.6874187	0.15894928	0.096585418	2.890483	2	2	0	0	-98.568218	R0:N12:S0:1	1.508398	-151.9392	uncorrelated	2	8eae08f	v2.2.3	NY	5	sharp_wc_2.0_b_50	parameters	new_boucle_param.py	2023-09-19@09:53
2x2_2C_8b_C2v_L	9.0642544	11.5	3.3038	0.011551698	-4.8254262	-5.0923789	0.021313949	-5.0927988	0.021286326	0.015769322	-4.8642447	12.8	0.065042747	1.1232306	-1.6116779	0.11166913	1.6117323	-0.11168364	-0.14090271	-2.092031	2.0669	1	0.292	1.2701218	1.7372125	-0.49467209	-0.17307479	0.070897644	0.28655991	0.0020484718	1.9511611	1.7414966	0.003721625	1.7415494	0.0037237543	0.0010642556	1.4299981	1.2813092	-0.19854273	-0.54268618	1.745408	-0.21365196	-1.7451632	0.21371734	0.11594084	3.0162094	2	2	0	0	-99.152154	R0:N12:S0:1	1.4236579	-151.9392	uncorrelated	2	8eae08f	v2.2.3	NY	4	sharp_wc_2.0_b_50	parameters	new_boucle_param.py	2023-09-19@09:54
2x2_2C_8b_C2v_L	10.293723	11.5	3.3038	-0.0077370734	-5.1200421	-5.1390517	0.00090270029	-5.1392072	0.00090306099	0.0048068881	-4.8391144	12.8	0.053524297	1.0189861	-1.4461064	0.091985649	1.4461379	-0.091988743	-0.11637502	-1.8691757	1.8269	1	0.292	1.2873715	1.7880488	-0.38560581	-0.13374517	0.055586844	0.26101695	0.0011052635	1.9527429	1.7672659	0.0019160318	1.7672631	0.0019161431	0.0007035119	1.4791958	1.2569728	-0.14530699	-0.56882968	1.6838922	-0.15664926	-1.6839192	0.15665217	0.095788483	2.8835791	2	2	0	0	-98.558314	R0:N12:S0:1	1.5122561	-151.9392	uncorrelated	2	8eae08f	v2.2.3	NY	4	sharp_wc_2.0_b_50	parameters	new_boucle_param.py	2023-09-19@09:55
2x2_2C_8b_C2v_L	9.0107373	11.5	3.3038	0.01079843	-4.8137528	-5.0955278	0.022388123	-5.0945843	0.022383256	0.016792246	-4.8709601	12.8	0.06523743	1.1273439	-1.6193716	0.11269164	1.6192133	-0.11269031	-0.14238469	-2.1025841	2.0769	1	0.292	1.2693929	1.7350371	-0.49908402	-0.17456798	0.071488192	0.28739522	0.0020797565	1.9511264	1.7406627	0.0038305753	1.7406131	0.0038293408	0.0010871247	1.4284291	1.2820854	-0.20004267	-0.5415365	1.7471999	-0.21655185	-1.7473849	0.21651802	0.11705847	3.0207007	2	2	0	0	-99.20879	R0:N12:S0:1	1.4207943	-151.9392	uncorrelated	2	8eae08f	v2.2.3	NY	5	sharp_wc_2.0_b_50	parameters	new_boucle_param.py	2023-09-19@09:56
2x2_2C_8b_C2v_L	10.343502	11.5	3.3038	-0.0074576882	-5.1269128	-5.1439199	0.00021039715	-5.1425325	0.00021296316	0.0041836406	-4.8427752	12.8	0.052774808	1.0140745	-1.4395514	0.091068892	1.4393407	-0.091077001	-0.11544242	-1.8606032	1.8169	1	0.292	1.2880953	1.790162	-0.38080633	-0.13191652	0.0548914	0.25974686	0.0010624025	1.9527631	1.7685131	0.0018555587	1.7684374	0.0018550101	0.00069167016	1.4818199	1.2557504	-0.14240651	-0.57037751	1.6806811	-0.15428287	-1.681	0.15426171	0.094995041	2.8765325	2	2	0	0	-98.541206	R0:N12:S0:1	1.5161685	-151.9392	uncorrelated	2	8eae08f	v2.2.3	NY	4	sharp_wc_2.0_b_50	parameters	new_boucle_param.py	2023-09-19@09:57
2x2_2C_8b_C2v_L	8.9598626	11.5	3.3038	0.0097726138	-4.8019765	-5.0978879	0.023545143	-5.0977996	0.023533026	0.017936004	-4.8768159	12.8	0.065410359	1.1314101	-1.6269888	0.11373788	1.6269569	-0.11374541	-0.14389178	-2.1129943	2.0869	1	0.292	1.2687094	1.7330593	-0.50315197	-0.17595972	0.072076674	0.28823802	0.0021109065	1.9510993	1.7397478	0.0039421546	1.7397747	0.0039432326	0.0011106102	1.4267968	1.2828686	-0.20152077	-0.54032607	1.7493514	-0.21946607	-1.7492027	0.21950157	0.1181993	3.0253002	2	2	0	0	-99.265062	R0:N12:S0:1	1.4180574	-151.9392	uncorrelated	2	8eae08f	v2.2.3	NY	4	sharp_wc_2.0_b_50	parameters	new_boucle_param.py	2023-09-19@09:58
2x2_2C_8b_C2v_L	10.393055	11.5	3.3038	-0.0069495223	-5.1358149	-5.1457182	-0.00034718668	-5.1495749	-0.00037964521	0.0035842748	-4.8457593	12.8	0.052026224	1.0093901	-1.4325738	0.090158443	1.4330758	-0.090153754	-0.11450089	-1.851867	1.8069	1	0.292	1.2888178	1.7922692	-0.37599873	-0.1300767	0.054191637	0.25847027	0.0010207918	1.9527936	1.7695325	0.0017942173	1.7698696	0.0017976815	0.00067973159	1.4844237	1.2545221	-0.13953475	-0.57187529	1.6785201	-0.15182814	-1.6769224	0.15198581	0.094195138	2.8694759	2	2	0	0	-98.52817	R0:N12:S0:1	1.5201092	-151.9392	uncorrelated	2	8eae08f	v2.2.3	NY	4	sharp_wc_2.0_b_50	parameters	new_boucle_param.py	2023-09-19@09:59
2x2_2C_8b_C2v_L	8.9107319	11.5	3.3038	0.0083158222	-4.7888092	-5.100675	0.024848408	-5.1002282	0.024794396	0.019215977	-4.8835872	12.8	0.065610603	1.135232	-1.6346897	0.11484793	1.6345978	-0.11481744	-0.14545934	-2.1236603	2.0969	1	0.292	1.2680559	1.7312192	-0.50698137	-0.17728696	0.072660684	0.28907399	0.0021447283	1.9510771	1.738876	0.0040615931	1.7388741	0.0040594885	0.0011352627	1.4252012	1.2836426	-0.20310926	-0.53907493	1.7512887	-0.22255173	-1.7512615	0.22249759	0.11937417	3.0298773	2	2	0	0	-99.320007	R0:N12:S0:1	1.4155158	-151.9392	uncorrelated	2	8eae08f	v2.2.3	NY	5	sharp_wc_2.0_b_50	parameters	new_boucle_param.py	2023-09-19@10:00
2x2_2C_8b_C2v_L	10.442405	11.5	3.3038	-0.0057035135	-5.1444081	-5.1460466	-0.0006835217	-5.1543989	-0.00073733763	0.0030008264	-4.850243	12.8	0.051286545	1.0047193	-1.4254632	0.089235374	1.4265543	-0.089181405	-0.11356506	-1.8433977	1.7969	1	0.292	1.2895393	1.7943751	-0.37117763	-0.12822765	0.053487906	0.25719747	0.00098020499	1.9528164	1.7705052	0.0017344745	1.7712134	0.0017398134	0.00066800196	1.4871541	1.2532971	-0.13667837	-0.5734445	1.6764287	-0.14939664	-1.6730773	0.14964765	0.093391307	2.8621473	2	2	0	0	-98.510462	R0:N12:S0:1	1.5240988	-151.9392	uncorrelated	2	8eae08f	v2.2.3	NY	4	sharp_wc_2.0_b_50	parameters	new_boucle_param.py	2023-09-19@10:01
2x2_2C_8b_C2v_L	8.8626962	11.5	3.3038	0.006652639	-4.7772352	-5.1033976	0.026226314	-5.1017451	0.026176056	0.020634104	-4.890984	12.8	0.065845739	1.1391955	-1.6424406	0.11595846	1.6421406	-0.11593324	-0.14706804	-2.1345337	2.1069	1	0.292	1.2674222	1.7294692	-0.51065299	-0.17856927	0.073241889	0.28990961	0.0021816969	1.9510733	1.7379946	0.0041847172	1.7379384	0.0041815139	0.0011604312	1.4236271	1.2844146	-0.20483392	-0.53771629	1.753235	-0.22567834	-1.7533945	0.22559855	0.12055985	3.0344608	2	2	0	0	-99.377965	R0:N12:S0:1	1.4131114	-151.9392	uncorrelated	2	8eae08f	v2.2.3	NY	4	sharp_wc_2.0_b_50	parameters	new_boucle_param.py	2023-09-19@10:01
2x2_2C_8b_C2v_L	10.491699	11.5	3.3038	-0.0044553944	-5.1560746	-5.1528372	-0.00086411681	-5.1552036	-0.00089596188	0.0024371143	-4.853151	12.8	0.050560393	1.0003542	-1.4191929	0.088268862	1.419499	-0.088250862	-0.11261149	-1.8346212	1.7869	1	0.292	1.2902623	1.7964884	-0.36632477	-0.12636087	0.052777802	0.25591612	0.00094154562	1.9528612	1.7719665	0.0016789802	1.7721686	0.0016803701	0.00065600361	1.4897903	1.2520642	-0.13390207	-0.57487612	1.6721241	-0.14711055	-1.6711627	0.14717738	0.092576094	2.8549605	2	2	0	0	-98.500669	R0:N12:S0:1	1.5281458	-151.9392	uncorrelated	2	8eae08f	v2.2.3	NY	4	sharp_wc_2.0_b_50	parameters	new_boucle_param.py	2023-09-19@10:02
2x2_2C_8b_C2v_L	8.8154254	11.5	3.3038	0.0048375547	-4.7691156	-5.1063207	0.027669785	-5.1064174	0.027673236	0.022125872	-4.8974826	12.8	0.066190165	1.143534	-1.6502214	0.11709391	1.6502541	-0.11710566	-0.14869384	-2.1452304	2.1169	1	0.292	1.266803	1.7277812	-0.51420926	-0.17981455	0.073820645	0.29072081	0.0022267744	1.9510908	1.7371252	0.0043105164	1.737105	0.0043109443	0.0011855127	1.4219982	1.2851618	-0.20692394	-0.53625449	1.7551723	-0.22882364	-1.755287	0.22883016	0.12174732	3.0391126	2	2	0	0	-99.448045	R0:N12:S0:1	1.4108403	-151.9392	uncorrelated	2	8eae08f	v2.2.3	NY	4	sharp_wc_2.0_b_50	parameters	new_boucle_param.py	2023-09-19@10:03
2x2_2C_8b_C2v_L	10.540989	11.5	3.3038	-0.0027253327	-5.1621509	-5.1578911	-0.00076097508	-5.1602356	-0.00073533534	0.0019531509	-4.8565916	12.8	0.0498938	0.99546546	-1.412745	0.087332787	1.4130805	-0.087302735	-0.11163735	-1.8259535	1.7769	1	0.292	1.2909874	1.7986088	-0.36143226	-0.12447384	0.052059915	0.25461164	0.00090571404	1.9528691	1.7732387	0.0016231723	1.773386	0.0016235086	0.00064420498	1.4924806	1.2508072	-0.13127286	-0.57654482	1.6687509	-0.14476408	-1.6680921	0.14477906	0.091753962	2.8475893	2	2	0	0	-98.486074	R0:N12:S0:1	1.5322654	-151.9392	uncorrelated	2	8eae08f	v2.2.3	NY	5	sharp_wc_2.0_b_50	parameters	new_boucle_param.py	2023-09-19@10:04
2x2_2C_8b_C2v_L	8.7687579	11.5	3.3038	0.0029276674	-4.7604058	-5.1083374	0.029239691	-5.1101374	0.029267775	0.023691528	-4.905188	12.8	0.066589394	1.1477988	-1.6579236	0.11827525	1.6582236	-0.11827253	-0.15034177	-2.1562661	2.1269	1	0.292	1.2661949	1.7261514	-0.51766553	-0.18103586	0.074394548	0.29153327	0.0022765258	1.9511111	1.7361758	0.0044419383	1.7362782	0.0044443666	0.00121117	1.420429	1.285908	-0.20920424	-0.53477223	1.7574105	-0.23205403	-1.757021	0.23211775	0.12293439	3.0437032	2	2	0	0	-99.51615	R0:N12:S0:1	1.4087205	-151.9392	uncorrelated	2	8eae08f	v2.2.3	NY	4	sharp_wc_2.0_b_50	parameters	new_boucle_param.py	2023-09-19@10:04
2x2_2C_8b_C2v_L	10.590254	11.5	3.3038	-0.00055026223	-5.1737457	-5.1605832	-0.00034483882	-5.164182	-0.00035948866	0.0015116892	-4.8610844	12.8	0.049255114	0.9911313	-1.4060491	0.086403102	1.406507	-0.086370251	-0.11067585	-1.8174575	1.7669	1	0.292	1.2917147	1.8007374	-0.35650237	-0.12256814	0.051335006	0.25330533	0.00087167598	1.9529087	1.7743425	0.001568195	1.7746522	0.0015699481	0.00063228612	1.4952611	1.2495483	-0.12872922	-0.57804899	1.6660772	-0.14240234	-1.6645912	0.14249128	0.090919432	2.8400424	2	2	0	0	-98.477982	R0:N12:S0:1	1.5364438	-151.9392	uncorrelated	2	8eae08f	v2.2.3	NY	4	sharp_wc_2.0_b_50	parameters	new_boucle_param.py	2023-09-19@10:05
2x2_2C_8b_C2v_L	8.7223487	11.5	3.3038	0.0009585692	-4.7488421	-5.1144027	0.030894233	-5.1144946	0.03091284	0.025354994	-4.9108886	12.8	0.067055761	1.1516967	-1.6662875	0.11947922	1.6663077	-0.11949455	-0.15202823	-2.1668935	2.1369	1	0.292	1.2655927	1.7245515	-0.52106539	-0.18224087	0.074965058	0.29233627	0.0023324082	1.9511208	1.7354204	0.0045803371	1.7354212	0.0045814747	0.0012381282	1.4187282	1.2866443	-0.21172791	-0.53332848	1.7590256	-0.2354046	-1.7590297	0.23543328	0.12417801	3.0484594	2	2	0	0	-99.584005	R0:N12:S0:1	1.4067523	-151.9392	uncorrelated	2	8eae08f	v2.2.3	NY	4	sharp_wc_2.0_b_50	parameters	new_boucle_param.py	2023-09-19@10:06
2x2_2C_8b_C2v_L	8.6764426	11.5	3.3038	-0.0011179654	-4.748877	-5.1180753	0.0326905	-5.1182415	0.032701183	0.027087281	-4.9174186	12.8	0.067680864	1.1568777	-1.6743408	0.12074081	1.6743608	-0.12072824	-0.15375256	-2.1777359	2.1469	1	0.292	1.2650006	1.7229993	-0.52438161	-0.18342198	0.075532377	0.29313519	0.0024006019	1.951204	1.7345462	0.0047259868	1.7345659	0.0047254797	0.0012638166	1.4170665	1.2873754	-0.21479945	-0.53151479	1.7610039	-0.23887041	-1.760914	0.2388599	0.12538322	3.053233	2	2	0	0	-99.671315	R0:N12:S0:1	1.4049339	-151.9392	uncorrelated	2	8eae08f	v2.2.3	NY	4	sharp_wc_2.0_b_50	parameters	new_boucle_param.py	2023-09-19@10:07
2x2_2C_8b_C2v_L	10.637226	11.5	3.3038	0.0018663856	-5.1776587	-5.1664026	0.00038767092	-5.1692951	0.00042737888	0.0011360654	-4.8643956	12.8	0.048679863	0.98606917	-1.3997751	0.085491701	1.4001655	-0.08547015	-0.1096934	-1.8087331	1.7569	1	0.292	1.2924058	1.8027316	-0.35183997	-0.12074946	0.050646107	0.25198905	0.00084071121	1.9529013	1.775647	0.001516001	1.7758597	0.0015171727	0.00062076865	1.4979808	1.2482791	-0.12636402	-0.57982871	1.6625434	-0.14012818	-1.6615488	0.14018597	0.090097551	2.8325089	2	2	0	0	-98.460899	R0:N12:S0:1	1.5407268	-151.9392	uncorrelated	2	8eae08f	v2.2.3	NY	5	sharp_wc_2.0_b_50	parameters	new_boucle_param.py	2023-09-19@10:08
2x2_2C_8b_C2v_L	8.6311458	11.5	3.3038	-0.0029793667	-4.7373588	-5.120114	0.034494183	-5.1221736	0.034509677	0.028908758	-4.9267083	12.8	0.068349918	1.1607781	-1.6821342	0.12198856	1.6824742	-0.12198745	-0.15555255	-2.1892534	2.1569	1	0.292	1.264419	1.7215046	-0.52759787	-0.18458287	0.076094867	0.29392531	0.0024727794	1.9512193	1.7335973	0.0048720692	1.7337245	0.0048755819	0.0012928946	1.4155711	1.2880936	-0.21797325	-0.53005834	1.7631914	-0.24229512	-1.762697	0.24238492	0.12666445	3.0577223	2	2	0	0	-99.7386	R0:N12:S0:1	1.4032463	-151.9392	uncorrelated	2	8eae08f	v2.2.3	NY	5	sharp_wc_2.0_b_50	parameters	new_boucle_param.py	2023-09-19@10:09
2x2_2C_8b_C2v_L	10.682633	11.5	3.3038	0.0046483287	-5.1854286	-5.1724584	0.0015040724	-5.1735399	0.001507039	0.0008639184	-4.869064	12.8	0.048232984	0.98138923	-1.3936097	0.084660184	1.3937243	-0.084641338	-0.10869757	-1.8002668	1.7469	1	0.292	1.293073	1.8046335	-0.34735051	-0.11898473	0.04998085	0.25064843	0.00081458851	1.9529167	1.7769312	0.0014675785	1.7770542	0.0014679988	0.000608864	1.5008005	1.2469846	-0.12432986	-0.58150159	1.659091	-0.13798455	-1.658471	0.13801058	0.089241023	2.8247667	2	2	0	0	-98.453391	R0:N12:S0:1	1.5447529	-151.9392	uncorrelated	2	8eae08f	v2.2.3	NY	4	sharp_wc_2.0_b_50	parameters	new_boucle_param.py	2023-09-19@10:09
2x2_2C_8b_C2v_L	8.5862144	11.5	3.3038	-0.004711449	-4.7333957	-5.1236875	0.036427222	-5.1241488	0.036412941	0.030835975	-4.9347996	12.8	0.069143306	1.1655653	-1.6902359	0.12328117	1.6902954	-0.12327053	-0.15740522	-2.2005497	2.1669	1	0.292	1.2638453	1.7200476	-0.53074874	-0.1857243	0.076654127	0.29472237	0.0025561182	1.9512789	1.7327291	0.0050291078	1.7327845	0.0050298308	0.0013218155	1.4139952	1.2888189	-0.22160117	-0.52837211	1.7650717	-0.24591486	-1.7648206	0.24593824	0.12796137	3.0623567	2	2	0	0	-99.818141	R0:N12:S0:1	1.4016938	-151.9392	uncorrelated	2	8eae08f	v2.2.3	NY	4	sharp_wc_2.0_b_50	parameters	new_boucle_param.py	2023-09-19@10:10
2x2_2C_8b_C2v_L	10.728487	11.5	3.3038	0.0074246316	-5.202627	-5.1760879	0.0028782657	-5.1786551	0.0029819431	0.00069884458	-4.8737738	12.8	0.047899012	0.97754534	-1.3871055	0.083933313	1.3874726	-0.083912602	-0.10770811	-1.7918218	1.7369	1	0.292	1.2937503	1.8065699	-0.3427636	-0.11717917	0.049299478	0.24930539	0.00079298812	1.953003	1.778126	0.0014235172	1.7782787	0.0014240835	0.00059649487	1.5036079	1.2456868	-0.12261998	-0.5827401	1.6559171	-0.13601146	-1.655232	0.13603813	0.088359197	2.8171016	2	2	0	0	-98.462065	R0:N12:S0:1	1.5491258	-151.9392	uncorrelated	2	8eae08f	v2.2.3	NY	4	sharp_wc_2.0_b_50	parameters	new_boucle_param.py	2023-09-19@10:11
2x2_2C_8b_C2v_L	8.5416746	11.5	3.3038	-0.0062369964	-4.7269221	-5.1274562	0.038424625	-5.1304212	0.038416629	0.032840368	-4.9417974	12.8	0.069999647	1.1700999	-1.6983739	0.12459154	1.6988664	-0.12459775	-0.15927955	-2.2116594	2.1769	1	0.292	1.2632795	1.7186278	-0.533831	-0.18684649	0.077209635	0.29549864	0.0026460969	1.9513218	1.7318371	0.0051869651	1.7320212	0.0051931438	0.0013518022	1.4123519	1.2895225	-0.22544335	-0.52677531	1.7671449	-0.24948774	-1.7664317	0.24963995	0.12929212	3.0670414	2	2	0	0	-99.899806	R0:N12:S0:1	1.4002506	-151.9392	uncorrelated	2	8eae08f	v2.2.3	NY	4	sharp_wc_2.0_b_50	parameters	new_boucle_param.py	2023-09-19@10:12
2x2_2C_8b_C2v_L	10.775064	11.5	3.3038	0.010351449	-5.2145707	-5.1841696	0.0045943228	-5.1855475	0.004627972	0.00073813566	-4.8767159	12.8	0.04764558	0.97320478	-1.381266	0.083315241	1.3814479	-0.083294956	-0.10667229	-1.7830885	1.7269	1	0.292	1.2944422	1.8085555	-0.33804084	-0.11531737	0.048596086	0.24794599	0.00077449182	1.9530617	1.779463	0.001383938	1.7795641	0.0013840981	0.00058405256	1.5062962	1.2443721	-0.12112814	-0.58412319	1.6523215	-0.13421153	-1.6518425	0.13422109	0.087462774	2.8095899	2	2	0	0	-98.469436	R0:N12:S0:1	1.5535853	-151.9392	uncorrelated	2	8eae08f	v2.2.3	NY	5	sharp_wc_2.0_b_50	parameters	new_boucle_param.py	2023-09-19@10:13
2x2_2C_8b_C2v_L	8.4976495	11.5	3.3038	-0.0075591089	-4.7228779	-5.1334873	0.040587089	-5.1329651	0.040568869	0.035016325	-4.9500047	12.8	0.070941802	1.1749089	-1.7069432	0.12598457	1.7068494	-0.12597554	-0.16124981	-2.2230875	2.1869	1	0.292	1.2627231	1.7172595	-0.53682775	-0.18795196	0.077759496	0.29626629	0.0027443095	1.951381	1.7310807	0.0053607234	1.7310583	0.0053592904	0.0013830577	1.4107724	1.2902151	-0.22957196	-0.52510178	1.7686577	-0.25337339	-1.7687304	0.25334053	0.13066491	3.0716554	2	2	0	0	-99.986358	R0:N12:S0:1	1.3989832	-151.9392	uncorrelated	2	8eae08f	v2.2.3	NY	4	sharp_wc_2.0_b_50	parameters	new_boucle_param.py	2023-09-19@10:13
2x2_2C_8b_C2v_L	8.4537872	11.5	3.3038	-0.0086452838	-4.7177716	-5.1360204	0.04274839	-5.1366313	0.042769765	0.037300936	-4.9593812	12.8	0.071937149	1.1796553	-1.7149673	0.12735681	1.7150824	-0.12735842	-0.16329998	-2.2348279	2.1969	1	0.292	1.2621709	1.7159145	-0.53978446	-0.18904504	0.078308995	0.2970384	0.0028490291	1.9514308	1.7301574	0.0055342641	1.7301718	0.0055348859	0.0014162186	1.4092645	1.2909103	-0.23388842	-0.52348457	1.7706989	-0.2571789	-1.7706749	0.25718975	0.13208859	3.0761603	2	2	0	0	-100.06887	R0:N12:S0:1	1.3977965	-151.9392	uncorrelated	2	8eae08f	v2.2.3	NY	4	sharp_wc_2.0_b_50	parameters	new_boucle_param.py	2023-09-19@10:14
2x2_2C_8b_C2v_L	10.822476	11.5	3.3038	0.013452126	-5.224359	-5.1940773	0.0063968307	-5.1918115	0.0063517084	0.00093751871	-4.8821949	12.8	0.047438933	0.96868788	-1.3756245	0.082847833	1.3753072	-0.082852821	-0.10565376	-1.774823	1.7169	1	0.292	1.2951506	1.8105876	-0.33316641	-0.11339017	0.0478665	0.24653059	0.00075732886	1.9530985	1.7809182	0.001350309	1.7807771	0.0013493185	0.0005719073	1.5091785	1.2429997	-0.11972288	-0.58569339	1.6481814	-0.1326806	-1.648828	0.1326319	0.086564777	2.8016162	2	2	0	0	-98.480085	R0:N12:S0:1	1.5580935	-151.9392	uncorrelated	2	8eae08f	v2.2.3	NY	5	sharp_wc_2.0_b_50	parameters	new_boucle_param.py	2023-09-19@10:15
2x2_2C_8b_C2v_L	8.4103865	11.5	3.3038	-0.009440947	-4.7126551	-5.142071	0.045156606	-5.1410761	0.045083232	0.039719709	-4.9687091	12.8	0.072966754	1.1844043	-1.7236194	0.12884463	1.7234452	-0.12880915	-0.16540659	-2.2466062	2.2069	1	0.292	1.261627	1.7146127	-0.54266307	-0.19012284	0.078852116	0.29777288	0.0029581752	1.9514795	1.7293579	0.005721029	1.7293007	0.0057163219	0.0014504827	1.4077517	1.2915661	-0.23830387	-0.52188755	1.7724323	-0.26121632	-1.7726445	0.2611067	0.13354639	3.0806389	2	2	0	0	-100.16032	R0:N12:S0:1	1.3967609	-151.9392	uncorrelated	2	8eae08f	v2.2.3	NY	5	sharp_wc_2.0_b_50	parameters	new_boucle_param.py	2023-09-19@10:16
2x2_2C_8b_C2v_L	10.87108	11.5	3.3038	0.01617764	-5.2370393	-5.2030716	0.0080120389	-5.2050893	0.0080536451	0.0013916152	-4.8874437	12.8	0.047300446	0.96435197	-1.3698095	0.082545285	1.370063	-0.082552408	-0.10465812	-1.766541	1.7069	1	0.292	1.2958819	1.8126923	-0.32808951	-0.11137931	0.047102851	0.24505929	0.00074262484	1.9531655	1.7822048	0.0013199033	1.7823706	0.0013214413	0.00055978883	1.5120345	1.2415702	-0.11850001	-0.58708293	1.6450241	-0.13127916	-1.6442146	0.13136016	0.08566971	2.7936716	2	2	0	0	-98.508348	R0:N12:S0:1	1.5627029	-151.9392	uncorrelated	2	8eae08f	v2.2.3	NY	4	sharp_wc_2.0_b_50	parameters	new_boucle_param.py	2023-09-19@10:17
2x2_2C_8b_C2v_L	8.367329	11.5	3.3038	-0.0099335079	-4.704917	-5.1469854	0.047580047	-5.144433	0.047517447	0.042315475	-4.9779874	12.8	0.074023962	1.188912	-1.7321096	0.13032613	1.7316785	-0.13029324	-0.16760975	-2.2584306	2.2169	1	0.292	1.26109	1.7133505	-0.54547939	-0.19118822	0.079390807	0.29852975	0.0030728438	1.9515112	1.7285323	0.0059144341	1.728372	0.0059062516	0.0014874568	1.4062323	1.2922428	-0.24284482	-0.52036684	1.7741648	-0.26532324	-1.7747807	0.26513352	0.13508944	3.0851188	2	2	0	0	-100.24234	R0:N12:S0:1	1.3958401	-151.9392	uncorrelated	2	8eae08f	v2.2.3	NY	4	sharp_wc_2.0_b_50	parameters	new_boucle_param.py	2023-09-19@10:17
2x2_2C_8b_C2v_L	8.3243274	11.5	3.3038	-0.010187153	-4.703841	-5.150863	0.050112828	-5.1520932	0.050123381	0.045085881	-4.9874113	12.8	0.0751404	1.1942588	-1.740457	0.1318634	1.7406774	-0.13185596	-0.16991521	-2.270357	2.2269	1	0.292	1.2605555	1.712099	-0.548271	-0.19224204	0.079929087	0.299245	0.003194286	1.9515731	1.7276034	0.0061101361	1.7276516	0.0061112744	0.0015250364	1.4047235	1.2928769	-0.2475826	-0.51872349	1.7763761	-0.26939781	-1.7762289	0.2694192	0.13666989	3.0895624	2	2	0	0	-100.34519	R0:N12:S0:1	1.3950191	-151.9392	uncorrelated	2	8eae08f	v2.2.3	NY	4	sharp_wc_2.0_b_50	parameters	new_boucle_param.py	2023-09-19@10:18
2x2_2C_8b_C2v_L	10.921147	11.5	3.3038	0.018800022	-5.2545822	-5.2155396	0.009341159	-5.2163971	0.0093664008	0.0021586094	-4.8921439	12.8	0.04722572	0.96041276	-1.3643156	0.082358007	1.3644353	-0.08235906	-0.10370228	-1.7581982	1.6969	1	0.292	1.2966404	1.8148942	-0.32276791	-0.10927269	0.046298579	0.24356822	0.00073027072	1.953275	1.7837431	0.0012955131	1.783795	0.0012959497	0.00054786159	1.5148365	1.2401202	-0.11745683	-0.58819517	1.6407123	-0.13015898	-1.6404732	0.13018087	0.084791441	2.7858473	2	2	0	0	-98.548116	R0:N12:S0:1	1.5674767	-151.9392	uncorrelated	2	8eae08f	v2.2.3	NY	5	sharp_wc_2.0_b_50	parameters	new_boucle_param.py	2023-09-19@10:19
2x2_2C_8b_C2v_L	8.2818003	11.5	3.3038	-0.010169206	-4.6979552	-5.1563614	0.052864802	-5.1550643	0.052833869	0.048101566	-4.9985489	12.8	0.076253465	1.1990547	-1.7491418	0.13346737	1.7489181	-0.1334652	-0.17235239	-2.2827333	2.2369	1	0.292	1.2600292	1.7108993	-0.5509827	-0.19328589	0.080461338	0.29997121	0.0033182883	1.9516112	1.726776	0.0063232346	1.7267058	0.0063205481	0.0015662937	1.4033049	1.2935185	-0.25231274	-0.51719077	1.7781279	-0.27377641	-1.778382	0.27371726	0.13834664	3.0938887	2	2	0	0	-100.43625	R0:N12:S0:1	1.3943598	-151.9392	uncorrelated	2	8eae08f	v2.2.3	NY	4	sharp_wc_2.0_b_50	parameters	new_boucle_param.py	2023-09-19@10:19
2x2_2C_8b_C2v_L	8.2395457	11.5	3.3038	-0.0098563253	-4.6916412	-5.1635182	0.055759659	-5.1637284	0.055776327	0.051235715	-5.0089108	12.8	0.077353211	1.203851	-1.7581108	0.13517241	1.7581678	-0.13517211	-0.17482371	-2.2949587	2.2469	1	0.292	1.2595086	1.7097254	-0.5536438	-0.19431589	0.080989458	0.3006423	0.0034429248	1.9516375	1.7259897	0.0065435684	1.7259635	0.0065426728	0.001608626	1.4018559	1.2941039	-0.25697267	-0.51574924	1.7798915	-0.27823271	-1.7800441	0.27820546	0.14005248	3.0981712	2	2	0	0	-100.54004	R0:N12:S0:1	1.3937981	-151.9392	uncorrelated	2	8eae08f	v2.2.3	NY	4	sharp_wc_2.0_b_50	parameters	new_boucle_param.py	2023-09-19@10:20
2x2_2C_8b_C2v_L	10.973473	11.5	3.3038	0.021226488	-5.2689901	-5.2330957	0.010079811	-5.2293595	0.010081185	0.0031614563	-4.8960962	12.8	0.047125981	0.95615842	-1.3593336	0.082237715	1.3588697	-0.082234082	-0.10283199	-1.7497472	1.6869	1	0.292	1.2974397	1.8172435	-0.31708751	-0.10702947	0.045436332	0.24202523	0.00071728886	1.9533683	1.7855334	0.0012742644	1.7852319	0.001271777	0.00053704376	1.5175953	1.2386177	-0.11635167	-0.58940654	1.6354329	-0.12917873	-1.6369163	0.12904518	0.083990558	2.7780253	2	2	0	0	-98.593297	R0:N12:S0:1	1.5724048	-151.9392	uncorrelated	2	8eae08f	v2.2.3	NY	4	sharp_wc_2.0_b_50	parameters	new_boucle_param.py	2023-09-19@10:21
2x2_2C_8b_C2v_L	8.1972967	11.5	3.3038	-0.0093740516	-4.6866964	-5.168062	0.058748617	-5.1681368	0.058748426	0.054688741	-5.0210494	12.8	0.078500055	1.2088276	-1.7667129	0.13687145	1.7667344	-0.13689248	-0.17749361	-2.3077021	2.2569	1	0.292	1.2589891	1.7085678	-0.55628386	-0.19534264	0.081519155	0.30134899	0.0035752978	1.9516779	1.7250888	0.0067732091	1.7250845	0.0067751565	0.0016546338	1.4004833	1.2947218	-0.26183691	-0.51421284	1.7819136	-0.28278395	-1.7819429	0.2828225	0.14187303	3.102423	2	2	0	0	-100.63708	R0:N12:S0:1	1.3933556	-151.9392	uncorrelated	2	8eae08f	v2.2.3	NY	4	sharp_wc_2.0_b_50	parameters	new_boucle_param.py	2023-09-19@10:22
2x2_2C_8b_C2v_L	8.1555304	11.5	3.3038	-0.008599164	-4.6810454	-5.1756397	0.061991509	-5.1757811	0.061951491	0.058293541	-5.0320513	12.8	0.079644853	1.2137907	-1.7758691	0.13872203	1.7758872	-0.13870548	-0.18021765	-2.3202069	2.2669	1	0.292	1.2584784	1.7074549	-0.55884668	-0.19635647	0.082038607	0.30201503	0.003709892	1.9517036	1.7242906	0.0070194896	1.7243048	0.007018624	0.0017023589	1.3990584	1.2952981	-0.26668298	-0.51277723	1.783727	-0.28759181	-1.7836654	0.28757476	0.14374527	3.1066614	2	2	0	0	-100.74339	R0:N12:S0:1	1.3930402	-151.9392	uncorrelated	2	8eae08f	v2.2.3	NY	4	sharp_wc_2.0_b_50	parameters	new_boucle_param.py	2023-09-19@10:23
2x2_2C_8b_C2v_L	11.029454	11.5	3.3038	0.02389826	-5.2904416	-5.2485053	0.010271651	-5.244591	0.01015406	0.0043794041	-4.9050856	12.8	0.047149397	0.95252237	-1.3539651	0.082145431	1.3534668	-0.08212682	-0.10214224	-1.7421663	1.6769	1	0.292	1.2983033	1.819824	-0.3108475	-0.10457947	0.044485586	0.24037386	0.00070731879	1.953495	1.7871584	0.0012522236	1.786865	0.0012494551	0.00052754241	1.5207238	1.2370053	-0.11548513	-0.59051698	1.6309568	-0.12814724	-1.6323903	0.12799917	0.083278331	2.7694084	2	2	0	0	-98.662733	R0:N12:S0:1	1.577493	-151.9392	uncorrelated	2	8eae08f	v2.2.3	NY	5	sharp_wc_2.0_b_50	parameters	new_boucle_param.py	2023-09-19@10:23
2x2_2C_8b_C2v_L	8.1136985	11.5	3.3038	-0.0076930915	-4.6727127	-5.1797881	0.065142819	-5.1816164	0.065313727	0.062156643	-5.0443321	12.8	0.080743422	1.218427	-1.7844268	0.14050311	1.7847782	-0.1405954	-0.18308545	-2.3330741	2.2769	1	0.292	1.2579676	1.7063525	-0.56139731	-0.1973692	0.082560437	0.30271174	0.003844103	1.9517216	1.7233822	0.0072679805	1.7234496	0.0072794748	0.0017539809	1.3976921	1.2959022	-0.27141621	-0.51135423	1.78574	-0.29234648	-1.7855518	0.29257485	0.14571506	3.1108606	2	2	0	0	-100.83675	R0:N12:S0:1	1.3928182	-151.9392	uncorrelated	2	8eae08f	v2.2.3	NY	4	sharp_wc_2.0_b_50	parameters	new_boucle_param.py	2023-09-19@10:24
2x2_2C_8b_C2v_L	8.0723034	11.5	3.3038	-0.0066424621	-4.666285	-5.1892788	0.068710374	-5.1910885	0.068841411	0.066285653	-5.0581225	12.8	0.081870248	1.223299	-1.7939841	0.14250914	1.7943117	-0.14256489	-0.18608531	-2.3463513	2.2869	1	0.292	1.2574642	1.7052886	-0.56387677	-0.1983703	0.083073639	0.30331083	0.0039808308	1.9517429	1.7226283	0.0075367752	1.7227208	0.0075459046	0.001807658	1.3964165	1.2964051	-0.27616005	-0.50996499	1.7874859	-0.29742206	-1.7871663	0.29760526	0.14773833	3.1148684	2	2	0	0	-100.95592	R0:N12:S0:1	1.392713	-151.9392	uncorrelated	2	8eae08f	v2.2.3	NY	4	sharp_wc_2.0_b_50	parameters	new_boucle_param.py	2023-09-19@10:25
2x2_2C_8b_C2v_L	11.094851	11.5	3.3038	0.026135262	-5.3046461	-5.2632986	0.0097143758	-5.2660382	0.0097496182	0.0055691441	-4.9105722	12.8	0.047129728	0.94817797	-1.3483735	0.082006893	1.3487122	-0.082006356	-0.10159149	-1.7339407	1.6669	1	0.292	1.2993283	1.8230428	-0.30322142	-0.10165056	0.043332858	0.23873011	0.0006966891	1.9535868	1.7886475	0.0012276912	1.7888602	0.0012292836	0.00052005366	1.5236273	1.2354012	-0.11455326	-0.59179132	1.6273478	-0.12695763	-1.626295	0.12704497	0.082722218	2.7611517	2	2	0	0	-98.721375	R0:N12:S0:1	1.5827333	-151.9392	uncorrelated	2	8eae08f	v2.2.3	NY	4	sharp_wc_2.0_b_50	parameters	new_boucle_param.py	2023-09-19@10:25
2x2_2C_8b_C2v_L	8.0307714	11.5	3.3038	-0.0053333354	-4.6604948	-5.1978867	0.0724665	-5.1957564	0.072460164	0.070744977	-5.0719782	12.8	0.082995281	1.2283488	-1.8034352	0.14453789	1.8030596	-0.14453676	-0.18921362	-2.359708	2.2969	1	0.292	1.2569601	1.7042274	-0.56635483	-0.19936869	0.083589095	0.30395359	0.0041218322	1.9517631	1.7218862	0.0078240195	1.721779	0.0078189163	0.0018645943	1.3951407	1.2969504	-0.28096423	-0.50856719	1.7890218	-0.30274625	-1.7893917	0.30264766	0.14984984	3.1188929	2	2	0	0	-101.06548	R0:N12:S0:1	1.392715	-151.9392	uncorrelated	2	8eae08f	v2.2.3	NY	4	sharp_wc_2.0_b_50	parameters	new_boucle_param.py	2023-09-19@10:26
2x2_2C_8b_C2v_L	7.9881172	11.5	3.3038	-0.0040410536	-4.6518122	-5.2066339	0.076229437	-5.2055107	0.076255497	0.075327132	-5.0858669	12.8	0.08410447	1.232969	-1.8129181	0.1466232	1.8127256	-0.14662939	-0.19243406	-2.3731222	2.3069	1	0.292	1.2564404	1.7030815	-0.5689555	-0.20036613	0.084135833	0.30455724	0.0042636863	1.9517745	1.7211038	0.0081155475	1.7210387	0.0081129527	0.0019244391	1.3938525	1.2974535	-0.28570212	-0.50721123	1.7908169	-0.30804599	-1.7910554	0.3079953	0.15202582	3.1229166	2	2	0	0	-101.18025	R0:N12:S0:1	1.3927909	-151.9392	uncorrelated	2	8eae08f	v2.2.3	NY	4	sharp_wc_2.0_b_50	parameters	new_boucle_param.py	2023-09-19@10:27
2x2_2C_8b_C2v_L	11.155127	11.5	3.3038	0.028389141	-5.321063	-5.2797116	0.0086557925	-5.2829624	0.0087172873	0.0064767902	-4.9214439	12.8	0.047159722	0.94398735	-1.3428572	0.081799575	1.3432486	-0.081812093	-0.10120879	-1.7265215	1.6569	1	0.292	1.3002705	1.8259093	-0.2962621	-0.098919049	0.042252319	0.23699496	0.00068685425	1.9536767	1.7903339	0.0012029534	1.7905961	0.0012052574	0.00051406631	1.5269642	1.233705	-0.11367816	-0.59320119	1.6226658	-0.12575397	-1.6213512	0.12588165	0.082263635	2.751904	2	2	0	0	-98.788842	R0:N12:S0:1	1.5879849	-151.9392	uncorrelated	2	8eae08f	v2.2.3	NY	5	sharp_wc_2.0_b_50	parameters	new_boucle_param.py	2023-09-19@10:28
2x2_2C_8b_C2v_L	7.9450102	11.5	3.3038	-0.002543298	-4.6445535	-5.2138704	0.08035794	-5.212584	0.080068489	0.080277867	-5.1012782	12.8	0.085226629	1.2378311	-1.8222032	0.14881622	1.8219321	-0.14868673	-0.19578126	-2.3869631	2.3169	1	0.292	1.255914	1.7019183	-0.57158369	-0.201376	0.084679005	0.30517252	0.0044099281	1.9517905	1.7202479	0.0084268783	1.7202178	0.0084127743	0.0019871444	1.3926452	1.2979655	-0.29050701	-0.50583261	1.792799	-0.31360376	-1.7928371	0.31334284	0.15425797	3.126851	2	2	0	0	-101.2931	R0:N12:S0:1	1.3752866	-151.9392	uncorrelated	2	8eae08f	v2.2.3	NY	4	sharp_wc_2.0_b_50	parameters	new_boucle_param.py	2023-09-19@10:28
2x2_2C_8b_C2v_L	7.9015714	11.5	3.3038	-0.00094913171	-4.6373845	-5.2210829	0.0841695	-5.2238193	0.084460052	0.085469905	-5.1162752	12.8	0.086342054	1.242768	-1.8314445	0.15088105	1.8319575	-0.15102448	-0.19923874	-2.4007541	2.3269	1	0.292	1.2553835	1.7007383	-0.57422996	-0.20238814	0.085222484	0.30575572	0.0045582501	1.951798	1.7193909	0.0087277879	1.7195273	0.0087489923	0.0020528214	1.3914207	1.2984438	-0.29529145	-0.50451672	1.7948114	-0.31885573	-1.7943541	0.31925042	0.15656625	3.1307506	2	2	0	0	-101.41408	R0:N12:S0:1	1.3753215	-151.9392	uncorrelated	2	8eae08f	v2.2.3	NY	4	sharp_wc_2.0_b_50	parameters	new_boucle_param.py	2023-09-19@10:29
2x2_2C_8b_C2v_L	11.211923	11.5	3.3038	0.030410213	-5.3402443	-5.2994505	0.0072780134	-5.2960278	0.0072214493	0.0069181889	-4.9311152	12.8	0.047216271	0.9400173	-1.3376505	0.081555555	1.3372405	-0.081536803	-0.1008903	-1.7187612	1.6469	1	0.292	1.3011574	1.828549	-0.28974154	-0.096315883	0.041216437	0.23526119	0.00067816549	1.9537849	1.7923174	0.0011802189	1.7920441	0.0011776858	0.00050879117	1.5302632	1.2320114	-0.1128897	-0.59449992	1.6164525	-0.12464265	-1.6178286	0.12450138	0.081866641	2.7426655	2	2	0	0	-98.85794	R0:N12:S0:1	1.5931658	-151.9392	uncorrelated	2	8eae08f	v2.2.3	NY	5	sharp_wc_2.0_b_50	parameters	new_boucle_param.py	2023-09-19@10:30
2x2_2C_8b_C2v_L	7.8570233	11.5	3.3038	0.00076536086	-4.6278564	-5.2327436	0.088657937	-5.2317723	0.088463593	0.090906838	-5.1310689	12.8	0.087457352	1.2473463	-1.8415597	0.15324885	1.8413869	-0.153162	-0.20274099	-2.4145348	2.3369	1	0.292	1.2548359	1.6994923	-0.57697534	-0.20342878	0.085764618	0.3063354	0.0047097338	1.9518011	1.7187367	0.0090763168	1.718658	0.0090638183	0.002120688	1.3901696	1.298916	-0.30008743	-0.50320617	1.7961737	-0.32487187	-1.7964884	0.32463445	0.15890107	3.134697	2	2	0	0	-101.53258	R0:N12:S0:1	1.3754193	-151.9392	uncorrelated	2	8eae08f	v2.2.3	NY	4	sharp_wc_2.0_b_50	parameters	new_boucle_param.py	2023-09-19@10:31
2x2_2C_8b_C2v_L	7.8117915	11.5	3.3038	0.0025711437	-4.6198306	-5.2389566	0.0928957	-5.2403131	0.09259529	0.096590342	-5.1473374	12.8	0.088555016	1.2521761	-1.8507493	0.15546193	1.8509228	-0.1553356	-0.20632188	-2.4287254	2.3469	1	0.292	1.2542784	1.6982097	-0.57977405	-0.20448395	0.086304926	0.30693109	0.0048630851	1.9518096	1.7177818	0.0094097209	1.7179276	0.0094045811	0.0021907157	1.3890024	1.2994026	-0.30486407	-0.50186946	1.7985502	-0.3304598	-1.7979153	0.33038347	0.16125436	3.1385525	2	2	0	0	-101.64771	R0:N12:S0:1	1.3754931	-151.9392	uncorrelated	2	8eae08f	v2.2.3	NY	4	sharp_wc_2.0_b_50	parameters	new_boucle_param.py	2023-09-19@10:32
2x2_2C_8b_C2v_L	11.267171	11.5	3.3038	0.032548357	-5.3564745	-5.3164533	0.0055403613	-5.3152946	0.0055263505	0.0068500926	-4.9451478	12.8	0.047316346	0.93576147	-1.3320507	0.08122307	1.3319138	-0.081223352	-0.10063591	-1.711601	1.6369	1	0.292	1.3020213	1.8310733	-0.28339028	-0.093747225	0.04018731	0.23341066	0.00066988701	1.9538546	1.7940082	0.0011518652	1.7939161	0.0011512105	0.00050421262	1.5339407	1.2302008	-0.1121266	-0.5961704	1.6118072	-0.12321418	-1.6122738	0.12317668	0.081504583	2.7324513	2	2	0	0	-98.93632	R0:N12:S0:1	1.5981964	-151.9392	uncorrelated	2	8eae08f	v2.2.3	NY	5	sharp_wc_2.0_b_50	parameters	new_boucle_param.py	2023-09-19@10:32
2x2_2C_8b_C2v_L	7.7651042	11.5	3.3038	0.0045249934	-4.6133177	-5.2477772	0.096895528	-5.2479278	0.096994519	0.10254013	-5.1638015	12.8	0.089705396	1.2572074	-1.8603046	0.15755468	1.8603295	-0.15760205	-0.20995144	-2.4430083	2.3569	1	0.292	1.2536988	1.6968322	-0.58271113	-0.20556949	0.086847072	0.30750311	0.005024616	1.9518234	1.7170302	0.0097459023	1.7170587	0.009752228	0.0022619278	1.3878466	1.2998641	-0.30982009	-0.50052246	1.8001375	-0.33599977	-1.8000074	0.33611756	0.16361237	3.142377	2	2	0	0	-101.76987	R0:N12:S0:1	1.3755682	-151.9392	uncorrelated	2	8eae08f	v2.2.3	NY	4	sharp_wc_2.0_b_50	parameters	new_boucle_param.py	2023-09-19@10:34
2x2_2C_8b_C2v_L	11.321003	11.5	3.3038	0.034343235	-5.3759705	-5.3377648	0.0036096865	-5.3356474	0.0035602994	0.0062965655	-4.9568103	12.8	0.047438358	0.93171369	-1.3268987	0.080863694	1.3266456	-0.080854952	-0.10034023	-1.7039077	1.6269	1	0.292	1.3028642	1.8335106	-0.27718819	-0.091213904	0.039164813	0.23153445	0.00066256364	1.9539542	1.7959221	0.0011241844	1.795761	0.0011228173	0.00049918939	1.5374911	1.2283657	-0.11143768	-0.59764118	1.6062046	-0.1217958	-1.6070209	0.1217177	0.081120285	2.7224265	2	2	0	0	-99.026843	R0:N12:S0:1	1.6030873	-151.9392	uncorrelated	2	8eae08f	v2.2.3	NY	5	sharp_wc_2.0_b_50	parameters	new_boucle_param.py	2023-09-19@10:35
2x2_2C_8b_C2v_L	7.7159545	11.5	3.3038	0.0065575907	-4.6017964	-5.2564956	0.10125595	-5.2572671	0.10126491	0.10848758	-5.1791118	12.8	0.090813336	1.2616057	-1.86994	0.15981232	1.8700429	-0.15980517	-0.21347448	-2.457029	2.3669	1	0.292	1.2530808	1.6952908	-0.58589317	-0.20671152	0.087392806	0.30808187	0.0051862321	1.9518138	1.7162041	0.010103678	1.7163028	0.010107963	0.0023336387	1.3866246	1.3003308	-0.31466643	-0.49927329	1.8021036	-0.34178503	-1.8016665	0.34187577	0.16591914	3.1462684	2	2	0	0	-101.88308	R0:N12:S0:1	1.3756948	-151.9392	uncorrelated	2	8eae08f	v2.2.3	NY	4	sharp_wc_2.0_b_50	parameters	new_boucle_param.py	2023-09-19@10:35
2x2_2C_8b_C2v_L	11.37369	11.5	3.3038	0.035448478	-5.3946698	-5.3502343	0.00157686	-5.3544921	0.0016145856	0.0053283486	-4.9700722	12.8	0.047459981	0.92754179	-1.3206632	0.080436103	1.3211617	-0.080428344	-0.1000074	-1.6963832	1.6169	1	0.292	1.3036906	1.8358831	-0.27109549	-0.088707149	0.038145545	0.22970744	0.00065288785	1.9540526	1.7973907	0.0010942281	1.7977183	0.001096295	0.0004940035	1.5411811	1.22658	-0.11054188	-0.59913004	1.6024514	-0.120228	-1.6007785	0.1203497	0.080707259	2.7120746	2	2	0	0	-99.098192	R0:N12:S0:1	1.6078399	-151.9392	uncorrelated	2	8eae08f	v2.2.3	NY	5	sharp_wc_2.0_b_50	parameters	new_boucle_param.py	2023-09-19@10:37
2x2_2C_8b_C2v_L	7.661758	11.5	3.3038	0.0086280588	-4.5940153	-5.2644692	0.10546868	-5.2649586	0.10551256	0.11466523	-5.1953932	12.8	0.091944222	1.2665058	-1.8794106	0.16196315	1.8794883	-0.1619966	-0.21704542	-2.4713487	2.3769	1	0.292	1.2523836	1.6933985	-0.58960109	-0.20796463	0.087952049	0.30865895	0.0053538594	1.9518226	1.7153981	0.010462962	1.7154537	0.010469888	0.0024058584	1.3854548	1.3007945	-0.31962817	-0.49794308	1.8038844	-0.34747864	-1.8036457	0.34760425	0.16820863	3.1501107	2	2	0	0	-102.0013	R0:N12:S0:1	1.3757858	-151.9392	uncorrelated	2	8eae08f	v2.2.3	NY	4	sharp_wc_2.0_b_50	parameters	new_boucle_param.py	2023-09-19@10:37
2x2_2C_8b_C2v_L	11.425372	11.5	3.3038	0.036488246	-5.413838	-5.3713985	-0.00051774114	-5.3713839	-0.00048159162	0.0040519707	-4.9834677	12.8	0.047533305	0.92337764	-1.3153788	0.079992432	1.3153986	-0.08000803	-0.099646551	-1.6887746	1.6069	1	0.292	1.3045029	1.8381852	-0.2650973	-0.086214267	0.037122574	0.22780753	0.00064447141	1.9541507	1.7993984	0.0010667596	1.7993712	0.0010669736	0.0004885192	1.544926	1.2247218	-0.10974514	-0.60066366	1.5961481	-0.1187832	-1.5963098	0.11879257	0.080271114	2.7014705	2	2	0	0	-99.183885	R0:N12:S0:1	1.6124529	-151.9392	uncorrelated	2	8eae08f	v2.2.3	NY	5	sharp_wc_2.0_b_50	parameters	new_boucle_param.py	2023-09-19@10:39
2x2_2C_8b_C2v_L	7.6124615	11.5	3.3038	0.010978635	-4.585452	-5.2705428	0.10972642	-5.2704429	0.10962239	0.12117689	-5.2122699	12.8	0.093096402	1.2713421	-1.8885502	0.16410575	1.8885437	-0.16405738	-0.22059413	-2.4858263	2.3869	1	0.292	1.251765	1.6918783	-0.59274255	-0.2091121	0.088476977	0.30925781	0.005527934	1.9518268	1.7145547	0.010835415	1.7145102	0.010827784	0.0024787812	1.3843223	1.301279	-0.32469166	-0.49663181	1.8056596	-0.35327344	-1.8058741	0.35313404	0.17045993	3.1539163	2	2	0	0	-102.11099	R0:N12:S0:1	1.3758664	-151.9392	uncorrelated	2	8eae08f	v2.2.3	NY	4	sharp_wc_2.0_b_50	parameters	new_boucle_param.py	2023-09-19@10:39
2x2_2C_8b_C2v_L	11.476463	11.5	3.3038	0.036892399	-5.4341019	-5.390751	-0.0026072772	-5.3902904	-0.0026024961	0.0025663672	-4.9989631	12.8	0.047550367	0.91925616	-1.3098973	0.079541855	1.309827	-0.079537507	-0.099241788	-1.6814642	1.5969	1	0.292	1.3053079	1.8404575	-0.25913021	-0.083722986	0.036094781	0.22586452	0.00063455497	1.9542562	1.8012237	0.0010382376	1.8012101	0.0010380247	0.00048252119	1.5488359	1.2228202	-0.10881266	-0.60219212	1.5907598	-0.11725232	-1.5908118	0.11724173	0.079784904	2.6904307	2	2	0	0	-99.276397	R0:N12:S0:1	1.6169254	-151.9392	uncorrelated	2	8eae08f	v2.2.3	NY	5	sharp_wc_2.0_b_50	parameters	new_boucle_param.py	2023-09-19@10:41
2x2_2C_8b_C2v_L	7.565249	11.5	3.3038	0.013220801	-4.574385	-5.2776942	0.11355746	-5.2789415	0.11361593	0.12724054	-5.2245327	12.8	0.094216178	1.2757835	-1.8978881	0.16608718	1.8981065	-0.16611342	-0.22388543	-2.4992252	2.3969	1	0.292	1.2511812	1.6905191	-0.59563443	-0.21021033	0.088984872	0.30987941	0.0057058903	1.9518277	1.713675	0.011196302	1.7137571	0.011204351	0.002548219	1.3829298	1.3017889	-0.32976384	-0.49530278	1.8077822	-0.35871643	-1.8074742	0.35885427	0.17258558	3.1580527	2	2	0	0	-102.21407	R0:N12:S0:1	1.3758887	-151.9392	uncorrelated	2	8eae08f	v2.2.3	NY	4	sharp_wc_2.0_b_50	parameters	new_boucle_param.py	2023-09-19@10:41
2x2_2C_8b_C2v_L	11.526717	11.5	3.3038	0.036513348	-5.4512304	-5.4075129	-0.0047839884	-5.4092727	-0.00475493	0.00089743969	-5.0114963	12.8	0.047451315	0.91479799	-1.3040495	0.079065786	1.3042494	-0.079054134	-0.098805983	-1.6735922	1.5869	1	0.292	1.3061013	1.8426908	-0.25323067	-0.081245304	0.035063706	0.22398751	0.00062248043	1.9543588	1.8029461	0.0010100557	1.8030785	0.0010106154	0.0004765962	1.5525558	1.2209853	-0.10768358	-0.60367324	1.5857451	-0.11571092	-1.5850578	0.11574632	0.07930481	2.6797587	2	2	0	0	-99.3516	R0:N12:S0:1	1.6212996	-151.9392	uncorrelated	2	8eae08f	v2.2.3	NY	5	sharp_wc_2.0_b_50	parameters	new_boucle_param.py	2023-09-19@10:43
2x2_2C_8b_C2v_L	7.5188038	11.5	3.3038	0.015708658	-4.5655649	-5.2811031	0.11720184	-5.2828201	0.11741126	0.13357754	-5.2388461	12.8	0.09537479	1.2806033	-1.9065136	0.16791689	1.9068461	-0.16801459	-0.22712841	-2.5131356	2.4069	1	0.292	1.250611	1.6892259	-0.59842216	-0.21128777	0.089484254	0.31053204	0.0058928952	1.9518358	1.7127298	0.011558058	1.7128104	0.011574552	0.0026167462	1.3816647	1.3023293	-0.33501656	-0.49394885	1.809848	-0.36406562	-1.8095933	0.36433174	0.17462195	3.1620528	2	2	0	0	-102.30906	R0:N12:S0:1	1.3758543	-151.9392	uncorrelated	2	8eae08f	v2.2.3	NY	4	sharp_wc_2.0_b_50	parameters	new_boucle_param.py	2023-09-19@10:43
2x2_2C_8b_C2v_L	11.576115	11.5	3.3038	0.035782065	-5.4705169	-5.4270183	-0.006972848	-5.4265164	-0.0069978265	-0.00097590424	-5.0269005	12.8	0.047348854	0.91046283	-1.2984737	0.078585402	1.298401	-0.078591611	-0.098352213	-1.6661182	1.5769	1	0.292	1.3068829	1.844866	-0.24740437	-0.078779438	0.034029175	0.22204165	0.00061018728	1.9544728	1.8048369	0.00098291671	1.8048198	0.00098297048	0.00047032807	1.5564998	1.2190811	-0.10652434	-0.60514543	1.5798672	-0.11421151	-1.5799394	0.11421569	0.078787808	2.6685002	2	2	0	0	-99.438696	R0:N12:S0:1	1.6255	-151.9392	uncorrelated	2	8eae08f	v2.2.3	NY	4	sharp_wc_2.0_b_50	parameters	new_boucle_param.py	2023-09-19@10:45
2x2_2C_8b_C2v_L	7.4735237	11.5	3.3038	0.018178882	-4.5547417	-5.2883452	0.1210634	-5.28782	0.12098413	0.1399396	-5.2510048	12.8	0.096524608	1.2851428	-1.9158737	0.16987588	1.9157742	-0.16985419	-0.23033323	-2.5265741	2.4169	1	0.292	1.2500602	1.6880275	-0.60106138	-0.21234033	0.089970593	0.31117143	0.0060842354	1.9518353	1.7119161	0.011946304	1.7118909	0.011942428	0.0026858281	1.3802758	1.3028558	-0.34028545	-0.49262934	1.8116333	-0.36972202	-1.811714	0.36965914	0.17665657	3.1661822	2	2	0	0	-102.40579	R0:N12:S0:1	1.3758352	-151.9392	uncorrelated	2	8eae08f	v2.2.3	NY	4	sharp_wc_2.0_b_50	parameters	new_boucle_param.py	2023-09-19@10:45
2x2_2C_8b_C2v_L	11.62482	11.5	3.3038	0.033917017	-5.4780172	-5.4488674	-0.009172638	-5.447953	-0.0092225454	-0.0029045409	-5.0412303	12.8	0.047036331	0.90514113	-1.2931415	0.078112516	1.2930246	-0.078110949	-0.09787403	-1.6584344	1.5669	1	0.292	1.3076553	1.8470065	-0.24162564	-0.076321019	0.032989392	0.22007402	0.00059306915	1.9545105	1.8067711	0.00095589538	1.806721	0.00095556301	0.00046441257	1.5604067	1.2171555	-0.10492232	-0.60711398	1.5739198	-0.11269207	-1.5741679	0.11267239	0.078286783	2.6571391	2	2	0	0	-99.513106	R0:N12:S0:1	1.6295679	-151.9392	uncorrelated	2	8eae08f	v2.2.3	NY	4	sharp_wc_2.0_b_50	parameters	new_boucle_param.py	2023-09-19@10:47
2x2_2C_8b_C2v_L	7.4283608	11.5	3.3038	0.020873362	-4.5439936	-5.2894462	0.12449146	-5.2914793	0.12452616	0.14629074	-5.2641835	12.8	0.097694139	1.2897176	-1.9241125	0.17161573	1.9244799	-0.17162989	-0.23339479	-2.5402834	2.4269	1	0.292	1.2495125	1.6868474	-0.60366906	-0.21338702	0.090452888	0.31185323	0.0062837414	1.9518398	1.7108654	0.012318382	1.7109714	0.012327553	0.0027526578	1.3789444	1.3034242	-0.34568898	-0.49127067	1.8140171	-0.37499073	-1.8136586	0.37513536	0.17855868	3.1702896	2	2	0	0	-102.48967	R0:N12:S0:1	1.375767	-151.9392	uncorrelated	2	8eae08f	v2.2.3	NY	4	sharp_wc_2.0_b_50	parameters	new_boucle_param.py	2023-09-19@10:47
2x2_2C_8b_C2v_L	11.672906	11.5	3.3038	0.032139813	-5.5032488	-5.4713032	-0.011474591	-5.4694941	-0.011459901	-0.0049276229	-5.0556555	12.8	0.046854116	0.90117611	-1.2878044	0.077700931	1.2875981	-0.07767664	-0.097409418	-1.6506744	1.5569	1	0.292	1.3084199	1.8491125	-0.23588663	-0.073864032	0.031941716	0.21806492	0.00057956037	1.9546791	1.8087416	0.00093109546	1.8086137	0.00092971293	0.00045781514	1.5643144	1.2151882	-0.10362748	-0.60823131	1.567746	-0.11127825	-1.5684183	0.11119302	0.077751182	2.6458209	2	2	0	0	-99.62442	R0:N12:S0:1	1.6382993	-151.9392	uncorrelated	2	8eae08f	v2.2.3	NY	5	sharp_wc_2.0_b_50	parameters	new_boucle_param.py	2023-09-19@10:49
2x2_2C_8b_C2v_L	7.3841386	11.5	3.3038	0.023513116	-4.5349635	-5.295003	0.12793426	-5.2939729	0.12779039	0.1521403	-5.2728819	12.8	0.098869349	1.2945314	-1.9331544	0.17337288	1.9329422	-0.17331108	-0.23614476	-2.5528889	2.4369	1	0.292	1.2489817	1.6857426	-0.60615826	-0.21440906	0.090924587	0.31254933	0.0064922421	1.9518494	1.7100113	0.012714942	1.7099824	0.012705351	0.0028130467	1.3773889	1.3040106	-0.35124216	-0.48989415	1.8158653	-0.3805087	-1.8159178	0.38036648	0.18028555	3.1746343	2	2	0	0	-102.57401	R0:N12:S0:1	1.3756879	-151.9392	uncorrelated	2	8eae08f	v2.2.3	NY	4	sharp_wc_2.0_b_50	parameters	new_boucle_param.py	2023-09-19@10:49
2x2_2C_8b_C2v_L	11.720322	11.5	3.3038	0.029534533	-5.5097262	-5.490061	-0.013826572	-5.4868606	-0.013823389	-0.0071862992	-5.0745698	12.8	0.04649245	0.8956398	-1.2820151	0.077230418	1.2816807	-0.077215809	-0.096976904	-1.6435885	1.5469	1	0.292	1.3091756	1.8511789	-0.23019359	-0.071412969	0.030887511	0.21606615	0.00056178397	1.9547165	1.8106129	0.00090584424	1.8103584	0.00090395951	0.00045238353	1.5685663	1.2132305	-0.10192612	-0.61027516	1.5617577	-0.10982669	-1.5631289	0.10970472	0.077266974	2.6335237	2	2	0	0	-99.691511	R0:N12:S0:1	1.641594	-151.9392	uncorrelated	2	8eae08f	v2.2.3	NY	4	sharp_wc_2.0_b_50	parameters	new_boucle_param.py	2023-09-19@10:50
2x2_2C_8b_C2v_L	7.3401435	11.5	3.3038	0.026267946	-4.5221991	-5.2970564	0.13102657	-5.2963536	0.13108592	0.15809557	-5.282749	12.8	0.10004693	1.29882	-1.9415219	0.17497931	1.9414105	-0.17500303	-0.23888439	-2.5658233	2.4469	1	0.292	1.2484551	1.6846666	-0.6086029	-0.21542764	0.091392196	0.31326362	0.0067068009	1.9518498	1.7090426	0.013103012	1.7089877	0.01310183	0.0028751519	1.375883	1.3046125	-0.35683839	-0.48853462	1.8179427	-0.38578736	-1.8181591	0.38576434	0.18199458	3.1789609	2	2	0	0	-102.6461	R0:N12:S0:1	1.3755955	-151.9392	uncorrelated	2	8eae08f	v2.2.3	NY	4	sharp_wc_2.0_b_50	parameters	new_boucle_param.py	2023-09-19@10:51
2x2_2C_8b_C2v_L	11.766918	11.5	3.3038	0.027023791	-5.5390504	-5.5122181	-0.016343124	-5.5143391	-0.01634118	-0.0094692046	-5.0886184	12.8	0.046249331	0.89196313	-1.2765439	0.076841027	1.2767641	-0.076837885	-0.096518397	-1.635668	1.5369	1	0.292	1.3099199	1.8532089	-0.22456822	-0.068979504	0.029832137	0.21399924	0.00054755824	1.9549185	1.812429	0.00088096134	1.8125935	0.00088186693	0.00044575624	1.5724803	1.2112056	-0.1005318	-0.61117963	1.5565133	-0.10835102	-1.555623	0.10841151	0.076731457	2.6220191	2	2	0	0	-99.82142	R0:N12:S0:1	1.6447453	-151.9392	uncorrelated	2	8eae08f	v2.2.3	NY	5	sharp_wc_2.0_b_50	parameters	new_boucle_param.py	2023-09-19@10:52
2x2_2C_8b_C2v_L	7.2963717	11.5	3.3038	0.029130929	-4.5100497	-5.2973899	0.13401512	-5.2982306	0.13414659	0.16393447	-5.2903396	12.8	0.10124616	1.303236	-1.949586	0.17652275	1.9497812	-0.17657605	-0.24145098	-2.5782164	2.4569	1	0.292	1.2479338	1.6836137	-0.61100768	-0.21643657	0.091854052	0.31401404	0.0069328248	1.9518507	1.7080103	0.013497882	1.7079954	0.013503778	0.0029341314	1.3742645	1.3052526	-0.36263149	-0.48716657	1.8201903	-0.39103793	-1.8203419	0.39111002	0.18360408	3.1834216	2	2	0	0	-102.71007	R0:N12:S0:1	1.3754851	-151.9392	uncorrelated	2	8eae08f	v2.2.3	NY	4	sharp_wc_2.0_b_50	parameters	new_boucle_param.py	2023-09-19@10:52
2x2_2C_8b_C2v_L	11.813387	11.5	3.3038	0.024107802	-5.545412	-5.5362892	-0.018963589	-5.5341783	-0.019097206	-0.011961312	-5.1071936	12.8	0.045857105	0.88643468	-1.2712329	0.076438383	1.2709495	-0.076493764	-0.096093589	-1.6283795	1.5269	1	0.292	1.3106639	1.8558154	-0.21889834	-0.066538372	0.028761949	0.21192698	0.00052978199	1.9549526	1.8144884	0.00085835083	1.8144078	0.00085917411	0.0004404666	1.5767644	1.2091748	-0.09878418	-0.61328352	1.5497178	-0.10701078	-1.5500935	0.10706483	0.076259616	2.6093908	2	2	0	0	-99.902864	R0:N12:S0:1	1.6476326	-151.9392	uncorrelated	2	8eae08f	v2.2.3	NY	4	sharp_wc_2.0_b_50	parameters	new_boucle_param.py	2023-09-19@10:54
2x2_2C_8b_C2v_L	7.2533573	11.5	3.3038	0.032083338	-4.4980141	-5.2993744	0.13711545	-5.3002011	0.13709277	0.16957163	-5.2993801	12.8	0.10250147	1.3076596	-1.958018	0.17815076	1.9581662	-0.17812238	-0.24396014	-2.5909741	2.4669	1	0.292	1.247425	1.682624	-0.61331247	-0.21743077	0.092309124	0.31472927	0.0071695977	1.9518512	1.7069955	0.013910778	1.7070272	0.013909437	0.0029921208	1.3727273	1.3058542	-0.36859789	-0.48582197	1.82249	-0.39644245	-1.8224008	0.39642111	0.18514106	3.1877663	2	2	0	0	-102.78122	R0:N12:S0:1	1.3753745	-151.9392	uncorrelated	2	8eae08f	v2.2.3	NY	4	sharp_wc_2.0_b_50	parameters	new_boucle_param.py	2023-09-19@10:54
2x2_2C_8b_C2v_L	11.862785	11.5	3.3038	0.020523567	-5.5761086	-5.5582407	-0.021903189	-5.5568992	-0.021938503	-0.014585932	-5.1254458	12.8	0.045457681	0.8827383	-1.2655585	0.076181841	1.2654094	-0.07618478	-0.09571635	-1.6209866	1.5169	1	0.292	1.3114573	1.8591365	-0.21267702	-0.063987948	0.027625871	0.20981441	0.00051260913	1.9551683	1.8164451	0.00083886894	1.816358	0.00083844658	0.00043456351	1.5809907	1.2071034	-0.097071553	-0.61415478	1.5433932	-0.10584374	-1.5438591	0.10581544	0.075767436	2.5969909	2	2	0	0	-100.03382	R0:N12:S0:1	1.6637395	-151.9392	uncorrelated	2	8eae08f	v2.2.3	NY	5	sharp_wc_2.0_b_50	parameters	new_boucle_param.py	2023-09-19@10:55
2x2_2C_8b_C2v_L	7.2105155	11.5	3.3038	0.035083156	-4.4843515	-5.2995363	0.13992899	-5.2994337	0.13977701	0.17542044	-5.3075125	12.8	0.10371884	1.3118654	-1.9660629	0.17962164	1.9660408	-0.17957968	-0.24647857	-2.6035578	2.4769	1	0.292	1.2469204	1.6816573	-0.61558272	-0.21841964	0.092760836	0.31548864	0.0074106845	1.9518486	1.7059602	0.014325866	1.7059443	0.014320277	0.0030517318	1.3711364	1.3065005	-0.37454909	-0.48446196	1.8247076	-0.40175601	-1.8247761	0.40166805	0.18669814	3.1922076	2	2	0	0	-102.83786	R0:N12:S0:1	1.3065005	-151.9392	uncorrelated	2	8eae08f	v2.2.3	YY	4	sharp_wc_2.0_b_50	parameters	new_boucle_param.py	2023-09-19@10:56
2x2_2C_8b_C2v_L	11.898948	11.5	3.3038	0.01728474	-5.5796132	-5.5911332	-0.025233577	-5.5798242	-0.025448408	-0.01753891	-5.143918	12.8	0.04499525	0.87691095	-1.2609816	0.075944182	1.2597574	-0.076023006	-0.095351833	-1.6135162	1.5069	1	0.292	1.3120273	1.860878	-0.20841253	-0.06212913	0.026802313	0.2076374	0.00049397091	1.9551883	1.818901	0.00082139349	1.8181565	0.00081895452	0.00042993635	1.5853196	1.2049676	-0.095187334	-0.61639584	1.534704	-0.10479285	-1.5387289	0.10462192	0.075351745	2.583971	2	2	0	0	-100.13256	R0:N12:S0:1	1.6674622	-151.9392	uncorrelated	2	8eae08f	v2.2.3	NY	4	sharp_wc_2.0_b_50	parameters	new_boucle_param.py	2023-09-19@10:56
2x2_2C_8b_C2v_L	7.1679531	11.5	3.3038	0.038197269	-4.4726174	-5.3018954	0.14285346	-5.2997533	0.14270194	0.18060686	-5.3111886	12.8	0.10499654	1.3163564	-1.9745379	0.1811513	1.974137	-0.18107903	-0.24859477	-2.615007	2.4869	1	0.292	1.2464218	1.6807165	-0.61780867	-0.21939849	0.093206782	0.31626069	0.0076693671	1.9518499	1.7050069	0.014766134	1.7048847	0.014746596	0.0031022661	1.3693257	1.3071621	-0.38083364	-0.48309927	1.8267499	-0.40729966	-1.8271677	0.40701514	0.18802378	3.196869	2	2	0	0	-102.89555	R0:N12:S0:1	1.3071621	-151.9392	uncorrelated	2	8eae08f	v2.2.3	YY	4	sharp_wc_2.0_b_50	parameters	new_boucle_param.py	2023-09-19@10:57
2x2_2C_8b_C2v_L	11.942781	11.5	3.3038	0.013402567	-5.6009824	-5.6122591	-0.029337684	-5.6205286	-0.029189009	-0.020606672	-5.1649299	12.8	0.044512266	0.87243889	-1.2550104	0.075960899	1.2558929	-0.075940762	-0.095077705	-1.6063455	1.4969	1	0.292	1.3127264	1.8638091	-0.20286079	-0.05994041	0.025836779	0.20534012	0.00047522323	1.9553269	1.8204781	0.00080375938	1.8210211	0.00080632761	0.0004252351	1.5898191	1.202711	-0.093262076	-0.61790584	1.5309008	-0.10369739	-1.5279387	0.10387453	0.074948896	2.5705021	2	2	0	0	-100.28383	R0:N12:S0:1	1.6708409	-151.9392	uncorrelated	2	8eae08f	v2.2.3	NY	5	sharp_wc_2.0_b_50	parameters	new_boucle_param.py	2023-09-19@10:57
2x2_2C_8b_C2v_L	7.1256102	11.5	3.3038	0.041313789	-4.4593706	-5.2992986	0.14546329	-5.3002865	0.14544249	0.18584478	-5.3157897	12.8	0.10628073	1.3206127	-1.9821022	0.18255235	1.9822901	-0.18255594	-0.25075642	-2.6267194	2.4969	1	0.292	1.2459275	1.6798029	-0.61999434	-0.22037383	0.093650503	0.31705865	0.0079375905	1.9518505	1.7038385	0.015197119	1.7038772	0.01520159	0.0031550032	1.3675529	1.3078474	-0.38722203	-0.48171648	1.8293724	-0.41257856	-1.8292664	0.4126367	0.18936932	3.2015271	2	2	0	0	-102.94269	R0:N12:S0:1	1.3078474	-151.9392	uncorrelated	2	8eae08f	v2.2.3	YY	4	sharp_wc_2.0_b_50	parameters	new_boucle_param.py	2023-09-19@10:59
2x2_2C_8b_C2v_L	12.000291	11.5	3.3038	0.0098497057	-5.6130039	-5.6463665	-0.034133128	-5.6522481	-0.034040876	-0.024098855	-5.1859735	12.8	0.043949444	0.86727909	-1.2502474	0.076091056	1.2508895	-0.076073987	-0.094852641	-1.5990875	1.4869	1	0.292	1.3136648	1.867765	-0.19519883	-0.056908463	0.024524382	0.20301341	0.00045517219	1.955395	1.82286	0.00079283409	1.8232168	0.00079444174	0.00042143262	1.5943642	1.200425	-0.091170876	-0.61991849	1.5227797	-0.10303764	-1.520839	0.10314782	0.074613	2.5566989	2	2	0	0	-100.42404	R0:N12:S0:1	1.6741326	-151.9392	uncorrelated	2	8eae08f	v2.2.3	NY	5	sharp_wc_2.0_b_50	parameters	new_boucle_param.py	2023-09-19@10:59
2x2_2C_8b_C2v_L	7.0835686	11.5	3.3038	0.044706968	-4.4475882	-5.2955748	0.14785656	-5.297374	0.14809121	0.19115862	-5.320948	12.8	0.10762128	1.3251345	-1.9894274	0.18382625	1.9897958	-0.18393283	-0.25289791	-2.6385871	2.5069	1	0.292	1.2454392	1.6789192	-0.62213284	-0.22134158	0.094089059	0.31787602	0.0082214316	1.9518525	1.7026663	0.015633979	1.7027342	0.015654522	0.0032073395	1.3658217	1.308552	-0.39387193	-0.48033824	1.8318802	-0.41781812	-1.8317088	0.41809726	0.19068084	3.2061346	2	2	0	0	-102.98469	R0:N12:S0:1	1.308552	-151.9392	uncorrelated	2	8eae08f	v2.2.3	YY	4	sharp_wc_2.0_b_50	parameters	new_boucle_param.py	2023-09-19@11:00
2x2_2C_8b_C2v_L	12.051305	11.5	3.3038	0.0065902622	-5.6236053	-5.6853449	-0.040322642	-5.6919795	-0.040200258	-0.027998142	-5.2086655	12.8	0.043386024	0.86208079	-1.2457993	0.076509423	1.2465102	-0.076456653	-0.094683362	-1.5919499	1.4769	1	0.292	1.314495	1.8709836	-0.18846507	-0.054202709	0.02335583	0.20055269	0.00043524005	1.9554339	1.8253233	0.00078673038	1.8257213	0.00078783419	0.00041809882	1.599074	1.1980049	-0.089049555	-0.62222239	1.5145377	-0.10267966	-1.5123529	0.10275848	0.074318067	2.5422385	2	2	0	0	-100.5898	R0:N12:S0:1	1.6772225	-151.9392	uncorrelated	2	8eae08f	v2.2.3	NY	5	sharp_wc_2.0_b_50	parameters	new_boucle_param.py	2023-09-19@11:01
2x2_2C_8b_C2v_L	7.0418903	11.5	3.3038	0.047985464	-4.431968	-5.2971455	0.15079809	-5.296239	0.15062029	0.19612467	-5.3232017	12.8	0.10896019	1.3290611	-1.9978128	0.18535754	1.9976301	-0.18531466	-0.25485682	-2.649732	2.5169	1	0.292	1.2449572	1.6780714	-0.62421624	-0.22230385	0.09452369	0.31867274	0.0085145947	1.95184	1.7016624	0.016119655	1.7016294	0.016111996	0.003257457	1.3639274	1.3092343	-0.40057901	-0.47901764	1.8340661	-0.42361532	-1.8341474	0.42350964	0.19192247	3.2109035	2	2	0	0	-103.0274	R0:N12:S0:1	1.3092343	-151.9392	uncorrelated	2	8eae08f	v2.2.3	YY	4	sharp_wc_2.0_b_50	parameters	new_boucle_param.py	2023-09-19@11:02
2x2_2C_8b_C2v_L	12.100778	11.5	3.3038	0.0034627457	-5.6360516	-5.7336923	-0.048609433	-5.7380559	-0.048588892	-0.032562095	-5.2333728	12.8	0.042710279	0.85697719	-1.2419768	0.077388929	1.2424296	-0.077368229	-0.094683586	-1.5849464	1.4669	1	0.292	1.3153023	1.8739652	-0.18191493	-0.05153974	0.022217312	0.19792126	0.00041325726	1.9554759	1.8281166	0.00078982946	1.8283831	0.00079092186	0.0004160349	1.6039623	1.195413	-0.086670084	-0.62460275	1.5048746	-0.10291502	-1.503389	0.10299141	0.074140807	2.527099	2	2	0	0	-100.79349	R0:N12:S0:1	1.6799478	-151.9392	uncorrelated	2	8eae08f	v2.2.3	NY	5	sharp_wc_2.0_b_50	parameters	new_boucle_param.py	2023-09-19@11:02
2x2_2C_8b_C2v_L	12.143543	11.5	3.3038	0.00036657797	-5.651991	-5.8089312	-0.063390085	-5.8105056	-0.063668146	-0.038812644	-5.2645158	12.8	0.041830038	0.85217786	-1.240113	0.079781514	1.2402348	-0.079817339	-0.094964133	-1.5785344	1.4569	1	0.292	1.3160045	1.8760298	-0.17645997	-0.049038179	0.021078557	0.19474645	0.00038667062	1.9554838	1.8317088	0.00082124153	1.8318446	0.00082291308	0.00041576276	1.6094161	1.192275	-0.083733571	-0.6275442	1.4922883	-0.10495377	-1.4914844	0.10506561	0.074136943	2.5099757	2	2	0	0	-101.12021	R0:N12:S0:1	1.6815958	-151.9392	uncorrelated	2	8eae08f	v2.2.3	NY	5	sharp_wc_2.0_b_50	parameters	new_boucle_param.py	2023-09-19@11:03
2x2_2C_8b_C2v_L	7.0003866	11.5	3.3038	0.051410176	-4.4184811	-5.2926423	0.15308938	-5.2929464	0.15326368	0.20098458	-5.3266372	12.8	0.11033359	1.3333418	-2.0050395	0.18663147	2.0050974	-0.18670274	-0.25682622	-2.6611907	2.5269	1	0.292	1.2444793	1.6772455	-0.62626718	-0.22326127	0.094956574	0.31951064	0.0088230698	1.9518344	1.7004336	0.016588776	1.7004792	0.016602063	0.0033079443	1.3621025	1.3099571	-0.40752119	-0.47766424	1.836748	-0.4290304	-1.8365533	0.42922102	0.19314511	3.2156182	2	2	0	0	-103.06027	R0:N12:S0:1	1.3099571	-151.9392	uncorrelated	2	8eae08f	v2.2.3	YY	4	sharp_wc_2.0_b_50	parameters	new_boucle_param.py	2023-09-19@11:04
2x2_2C_8b_C2v_L	6.9591364	11.5	3.3038	0.055038847	-4.4041591	-5.2894894	0.1556601	-5.2908231	0.15591265	0.20576265	-5.3285296	12.8	0.1117655	1.3374702	-2.0124898	0.18797913	2.0127913	-0.1880822	-0.25867649	-2.6722653	2.5369	1	0.292	1.2440061	1.6764464	-0.62827619	-0.22421423	0.095386571	0.32034069	0.0091487776	1.9518256	1.6992992	0.017082964	1.6993106	0.017098902	0.0033561343	1.3601938	1.310671	-0.41471247	-0.47632847	1.8390991	-0.43468529	-1.8391696	0.43488075	0.1943023	3.2204156	2	2	0	0	-103.09335	R0:N12:S0:1	1.310671	-151.9392	uncorrelated	2	8eae08f	v2.2.3	YY	4	sharp_wc_2.0_b_50	parameters	new_boucle_param.py	2023-09-19@11:05
2x2_2C_8b_C2v_L	12.169872	11.5	3.3038	0.0067106263	-5.6320719	-6.0394487	-0.12603664	-6.0303844	-0.12484549	-0.058665636	-5.3156116	12.8	0.039903865	0.84550045	-1.249345	0.090712908	1.2485984	-0.090421529	-0.095963417	-1.572876	1.4469	1	0.292	1.316459	1.8755998	-0.17401607	-0.046694833	0.019813648	0.18887368	0.00033455957	1.9548484	1.8400282	0.0010320992	1.8393749	0.0010196945	0.00042181552	1.6172308	1.1864274	-0.077777861	-0.63660256	1.4615441	-0.11748977	-1.4654835	0.11675506	0.074718877	2.4837463	2	2	0	0	-102.00062	R0:N12:S0:1	1.6986222	-151.9392	uncorrelated	2	8eae08f	v2.2.3	NY	10	sharp_wc_2.0_b_50	parameters	new_boucle_param.py	2023-09-19@11:05
2x2_2C_8b_C2v_L	6.9179359	11.5	3.3038	0.05877847	-4.390899	-5.2884183	0.15854945	-5.2856843	0.15829779	0.21046605	-5.3297141	12.8	0.1132416	1.3417928	-2.0204467	0.18947824	2.0198976	-0.18936275	-0.26050268	-2.6831754	2.5469	1	0.292	1.2435347	1.675657	-0.63026619	-0.22516413	0.095814259	0.32117864	0.0094918662	1.951815	1.6981838	0.017623858	1.6980695	0.017595537	0.0034039707	1.3582509	1.3113914	-0.42214891	-0.47501186	1.8415208	-0.4407849	-1.8418317	0.44042131	0.19544874	3.2252328	2	2	0	0	-103.12552	R0:N12:S0:1	1.3113914	-151.9392	uncorrelated	2	8eae08f	v2.2.3	YY	4	sharp_wc_2.0_b_50	parameters	new_boucle_param.py	2023-09-19@11:07
2x2_2C_8b_C2v_L	6.877111	11.5	3.3038	0.06248047	-4.3760921	-5.2828098	0.16091576	-5.281478	0.16078128	0.21497199	-5.3304927	12.8	0.11469418	1.3458684	-2.0274738	0.19073945	2.0272255	-0.19068493	-0.26224962	-2.6939871	2.5569	1	0.292	1.2430703	1.6749074	-0.63220209	-0.22610957	0.096239014	0.32204558	0.0098444508	1.9518019	1.6969365	0.018145854	1.6968434	0.018129092	0.0034513717	1.3562855	1.3121405	-0.42962403	-0.47368671	1.8441483	-0.44650278	-1.8444838	0.44627657	0.19655308	3.2300998	2	2	0	0	-103.14627	R0:N12:S0:1	1.3121405	-151.9392	uncorrelated	2	8eae08f	v2.2.3	YY	4	sharp_wc_2.0_b_50	parameters	new_boucle_param.py	2023-09-19@11:08
2x2_2C_8b_C2v_L	6.8362818	11.5	3.3038	0.066367108	-4.3596875	-5.277682	0.16343751	-5.2785694	0.1636085	0.21944937	-5.3299887	12.8	0.11617306	1.3497029	-2.0346393	0.19205365	2.034808	-0.19213695	-0.26396848	-2.7044918	2.5669	1	0.292	1.2426064	1.6741659	-0.63412395	-0.22705546	0.096663245	0.32291066	0.010211661	1.9517806	1.6956272	0.018683761	1.6957093	0.018704262	0.0034992749	1.3542432	1.3128852	-0.43724588	-0.47239306	1.8471056	-0.45227343	-1.8467884	0.45254603	0.19766328	3.2350417	2	2	0	0	-103.165	R0:N12:S0:1	1.3128852	-151.9392	uncorrelated	2	8eae08f	v2.2.3	YY	4	sharp_wc_2.0_b_50	parameters	new_boucle_param.py	2023-09-19@11:09
2x2_2C_8b_C2v_L	6.7957187	11.5	3.3038	0.070511455	-4.3457701	-5.2727099	0.16610423	-5.2728654	0.16615352	0.22389378	-5.3294599	12.8	0.11775578	1.3539427	-2.0418185	0.19341868	2.0418571	-0.19344577	-0.26565418	-2.7149923	2.5769	1	0.292	1.2421477	1.6734527	-0.63600437	-0.22799703	0.097084629	0.3237837	0.010606726	1.9517616	1.6943983	0.019262416	1.6944022	0.019267164	0.0035457509	1.352208	1.313637	-0.44531618	-0.4711124	1.8496589	-0.45842773	-1.8496564	0.45848511	0.19873574	3.2399588	2	2	0	0	-103.18341	R0:N12:S0:1	1.313637	-151.9392	uncorrelated	2	8eae08f	v2.2.3	YY	4	sharp_wc_2.0_b_50	parameters	new_boucle_param.py	2023-09-19@11:11
2x2_2C_8b_C2v_L	6.7552233	11.5	3.3038	0.074679501	-4.329965	-5.2678243	0.16881748	-5.2687759	0.16899133	0.22807891	-5.3274946	12.8	0.11930894	1.3578912	-2.049053	0.19479921	2.049241	-0.19484919	-0.26720852	-2.7251128	2.5869	1	0.292	1.2416909	1.6727508	-0.63786478	-0.2289364	0.097505329	0.32465631	0.011009788	1.9517339	1.6931217	0.019855446	1.6931752	0.019867604	0.0035905542	1.3500978	1.314387	-0.45335893	-0.46986572	1.8524425	-0.46460127	-1.8522702	0.46475736	0.19975004	3.2449401	2	2	0	0	-103.19856	R0:N12:S0:1	1.314387	-151.9392	uncorrelated	2	8eae08f	v2.2.3	YY	4	sharp_wc_2.0_b_50	parameters	new_boucle_param.py	2023-09-19@11:12
2x2_2C_8b_C2v_L	6.7148815	11.5	3.3038	0.078998426	-4.3133286	-5.2629141	0.17166234	-5.261847	0.17167525	0.23235623	-5.3258228	12.8	0.12088157	1.3616928	-2.0562897	0.19621247	2.0560797	-0.19620706	-0.26881933	-2.7353208	2.5969	1	0.292	1.241237	1.6720734	-0.63969423	-0.22987733	0.097925467	0.32554389	0.01142852	1.951704	1.6918586	0.020484411	1.691819	0.020478116	0.0036375759	1.3479932	1.3151491	-0.46154373	-0.46861633	1.8551132	-0.47105661	-1.8552082	0.47098669	0.2007997	3.2499336	2	2	0	0	-103.20699	R0:N12:S0:1	1.3151491	-151.9392	uncorrelated	2	8eae08f	v2.2.3	YY	4	sharp_wc_2.0_b_50	parameters	new_boucle_param.py	2023-09-19@11:13
2x2_2C_8b_C2v_L	6.6746276	11.5	3.3038	0.083323477	-4.2973126	-5.25423	0.17436379	-5.2546207	0.17433326	0.2367108	-5.3246165	12.8	0.12243741	1.3656078	-2.0627926	0.19751165	2.062864	-0.19750341	-0.27045713	-2.7456743	2.6069	1	0.292	1.2407858	1.6714089	-0.64150301	-0.23081479	0.098345466	0.32645126	0.011858844	1.9516745	1.690449	0.021111746	1.6904694	0.021113171	0.0036855744	1.3459164	1.3159303	-0.46978571	-0.46736217	1.8581109	-0.47732693	-1.8580469	0.47734345	0.20185534	3.2549031	2	2	0	0	-103.20948	R0:N12:S0:1	1.3159303	-151.9392	uncorrelated	2	8eae08f	v2.2.3	YY	4	sharp_wc_2.0_b_50	parameters	new_boucle_param.py	2023-09-19@11:15
2x2_2C_8b_C2v_L	6.6343587	11.5	3.3038	0.087830529	-4.278946	-5.2495433	0.17748279	-5.2465071	0.177147	0.24091645	-5.321048	12.8	0.12400534	1.3691684	-2.0701109	0.19898981	2.0694708	-0.19884662	-0.27197636	-2.7554132	2.6169	1	0.292	1.2403348	1.6707526	-0.64329908	-0.231755	0.098764214	0.32735697	0.012305274	1.9516314	1.6891658	0.021798559	1.6890634	0.021762399	0.0037324341	1.3437091	1.3167079	-0.47814048	-0.46616432	1.8608609	-0.48413294	-1.8610668	0.48372443	0.20287997	3.2599874	2	2	0	0	-103.2087	R0:N12:S0:1	1.3167079	-151.9392	uncorrelated	2	8eae08f	v2.2.3	YY	4	sharp_wc_2.0_b_50	parameters	new_boucle_param.py	2023-09-19@11:16
2x2_2C_8b_C2v_L	6.5935447	11.5	3.3038	0.09230309	-4.2612436	-5.2432584	0.18043438	-5.2405405	0.18021548	0.2452237	-5.3188352	12.8	0.12554978	1.3727836	-2.0770796	0.20039955	2.076545	-0.20031707	-0.27360005	-2.7655073	2.6269	1	0.292	1.2398827	1.6700472	-0.64514974	-0.23269445	0.099184941	0.32823686	0.012756836	1.9515906	1.6878403	0.02248539	1.6876945	0.022454544	0.0037816078	1.3415724	1.317456	-0.48642441	-0.46496498	1.8636371	-0.49080104	-1.8640865	0.49043793	0.2039448	3.2649792	2	2	0	0	-103.21353	R0:N12:S0:1	1.317456	-151.9392	uncorrelated	2	8eae08f	v2.2.3	YY	4	sharp_wc_2.0_b_50	parameters	new_boucle_param.py	2023-09-19@11:17
2x2_2C_8b_C2v_L	6.5537938	11.5	3.3038	0.096855659	-4.2419571	-5.236188	0.1835932	-5.2324647	0.18316753	0.24922696	-5.3143121	12.8	0.12706151	1.3761653	-2.0839548	0.20183436	2.0831795	-0.20166563	-0.27501155	-2.774962	2.6369	1	0.292	1.2394349	1.6694573	-0.64685689	-0.23363338	0.099600612	0.32915832	0.013221685	1.9515412	1.6864411	0.023207711	1.6862903	0.023160563	0.0038274955	1.3393224	1.3182469	-0.49475807	-0.46378868	1.8666766	-0.49766303	-1.8670457	0.49713559	0.2049149	3.2700894	2	2	0	0	-103.20413	R0:N12:S0:1	1.3182469	-151.9392	uncorrelated	2	8eae08f	v2.2.3	YY	4	sharp_wc_2.0_b_50	parameters	new_boucle_param.py	2023-09-19@11:18
2x2_2C_8b_C2v_L	12.169872	11.5	3.3038	0.0067106263	-5.6320719	-6.0394487	-0.12603664	-6.0303844	-0.12484549	-0.058665636	-5.3156116	12.8	0.039903865	0.84550045	-1.249345	0.090712908	1.2485984	-0.090421529	-0.095963417	-1.572876	1.4469	1	0.292	1.316459	1.8755998	-0.17401607	-0.046694833	0.019813648	0.18887368	0.00033455957	1.9548484	1.8400282	0.0010320992	1.8393749	0.0010196945	0.00042181552	1.6172308	1.1864274	-0.077777861	-0.63660256	1.4615441	-0.11748977	-1.4654835	0.11675506	0.074718877	2.4837463	2	2	0	0	-102.00062	R0:N12:S0:1	1.6986222	-151.9392	uncorrelated	2	8eae08f	v2.2.3	NY	10	sharp_wc_2.0_b_50	parameters	new_boucle_param.py	2023-09-19@11:05
2x2_2C_8b_C2v_L	6.1132484	11.5	3.3038	0.14944826	-3.9762219	-5.1123159	0.22613407	-5.1146834	0.22657216	0.29970266	-5.2479129	12.8	0.14083572	1.4036232	-2.1502473	0.2175642	2.1507945	-0.21770763	-0.29141243	-2.8747467	2.7469	1	0.292	1.2345865	1.6631726	-0.6652833	-0.24404477	0.10422598	0.33973634	0.018723302	1.9507202	1.6688195	0.032909933	1.6688637	0.032943991	0.0044205485	1.3135466	1.327263	-0.58137563	-0.45131514	1.9040858	-0.57950879	-1.9041274	0.5798137	0.21659825	3.3270001	2	2	0	0	-102.81079	R0:N12:S0:1	1.327263	-151.9392	uncorrelated	2	8eae08f	v2.2.3	YY	5	sharp_wc_2.0_b_50	parameters	new_boucle_param.py	2023-09-19@11:31