CDMFT_iterations	CDMFT_method	E0_1	E0_2	E_kin	GS_consistency	U	U_1_ave	convergence	dist_function	e	e_2_ave	e_ave	eb1_1	eb1_1_ave	eb2_1	eb2_1_ave	eb3_1	eb3_1_ave	eb4_1	eb4_1_ave	eb5_1	eb5_1_ave	eb6_1	eb6_1_ave	eb7_1	eb7_1_ave	eb8_1	eb8_1_ave	githash	model	mu	mu_1_ave	mu_2_ave	mu_ave	n_1	n_2	script	sector_1	sector_2	tb1_1	tb1_1_ave	tb2_1	tb2_1_ave	tb3_1	tb3_1_ave	tb4_1	tb4_1_ave	tb5_1	tb5_1_ave	tb6_1	tb6_1_ave	tb7_1	tb7_1_ave	tb8_1	tb8_1_ave	time	tpd	tpd_ave	tpp	tpp_2_ave	tpp_ave	tppp	tppp_2_ave	tppp_ave	version	
1	Broyden	-79.35102948	-116.3824	6.924004775	YY	9.005	0.4733874372	self-energy	sharp_wc_2_b_50	3.0461	2	1.233435485	-0.01364747841	0.0998764123	-3.023425944	1.95763469	-3.796541444	1.80115211	0.1579120521	0.6244204324	-3.794550019	1.800988129	0.1575717251	0.6248253042	0.1882509326	0.006968798405	-3.541713189	1.232428988	a248bdd	2x2_2C_8b_C2v_L	10.32	1.462926284	2	1.708272562	1.4629262836040482	1.0000000000000002	new_boucle_param.py	R0:N14:S0:1	uncorrelated	-0.1145551124	1.211867819	0.9672546134	-0.3502554522	-1.503241687	1.204272212	0.2130184862	-2.558081018	1.502860089	-1.204865418	-0.2128796584	2.558276817	0.2820347941	-0.2864683296	-1.996649156	3.498415094	2024-08-16@12:13	1.9019	-0.629528164	1	-1.902540193e-16	-0.2760012461	0.2229	5.779763615e-16	0.108275559	v2.7.1	
1	Broyden	-79.26359975	-116.2224	6.911613715	YY	9.005	0.4718386425	self-energy	sharp_wc_2_b_50	3.0461	2	1.233151177	-0.01398901231	0.1010299672	-3.020073021	1.95726387	-3.791869193	1.79996956	0.1582018414	0.6282259142	-3.789598799	1.799719768	0.157722012	0.6289514532	0.1887273094	0.007011706184	-3.536290868	1.232626801	a248bdd	2x2_2C_8b_C2v_L	10.31	1.46130024	2	1.707344843	1.4613002397052772	1.0	new_boucle_param.py	R0:N14:S0:1	uncorrelated	-0.1148101062	1.216652882	0.9671831308	-0.3531392587	-1.503216063	1.211129242	0.2131826811	-2.5584194	1.502792503	-1.212127433	-0.213036681	2.558939802	0.2824310642	-0.2871765049	-1.996867908	3.497058746	2024-08-16@12:15	1.9019	-0.631026304	1	-4.015019077e-16	-0.2764546922	0.2229	-2.335930297e-16	0.1084479992	v2.7.1	
2	Broyden	-79.19339711	-116.0624	6.899865191	YY	9.005	0.4701774457	self-energy	sharp_wc_2_b_50	3.0461	2	1.232877984	-0.01384998577	0.1019763503	-3.014572424	1.956887851	-3.79215787	1.798950008	0.1585105095	0.6319475248	-3.785639703	1.798401483	0.1575107752	0.6333558923	0.1897127128	0.00705814589	-3.534876211	1.233201179	a248bdd	2x2_2C_8b_C2v_L	10.3	1.459555391	2	1.706455439	1.459555391250185	1.0000000000000004	new_boucle_param.py	R0:N14:S0:1	uncorrelated	-0.1150030254	1.220078591	0.9670203586	-0.3560141006	-1.504201095	1.217660579	0.213478771	-2.558814061	1.502964649	-1.219691723	-0.2131258657	2.559582959	0.2830612597	-0.2878940932	-1.998200552	3.495327214	2024-08-16@12:17	1.9019	-0.6324390256	1	3.169930452e-17	-0.276888604	0.2229	-1.388528028e-16	0.1086129312	v2.7.1	
1	Broyden	-79.11535809	-115.9024	6.887327032	YY	9.005	0.4686705164	self-energy	sharp_wc_2_b_50	3.0461	2	1.232589876	-0.01431667584	0.1031763454	-3.015370395	1.956561298	-3.786233079	1.797536653	0.1585794965	0.6365930206	-3.781873601	1.797489781	0.1584276812	0.6362466687	0.1903776346	0.00710287569	-3.529803343	1.23341282	a248bdd	2x2_2C_8b_C2v_L	10.29	1.457970134	2	1.705522016	1.4579701342746536	0.9999999999999997	new_boucle_param.py	R0:N14:S0:1	uncorrelated	-0.115287606	1.225242407	0.9674558456	-0.3587291034	-1.5040201	1.225531164	0.2136430492	-2.560042221	1.503105955	-1.225276602	-0.213424397	2.559160022	0.2835318331	-0.2886317571	-1.998555147	3.494023148	2024-08-16@12:19	1.9019	-0.6339531053	1	3.613300634e-16	-0.2773493986	0.2229	-3.262932005e-16	0.1087862906	v2.7.1	
1	Broyden	-79.09756702	-115.7424	6.875248457	YY	9.005	0.4671112131	self-energy	sharp_wc_2_b_50	3.0461	2	1.232308104	-0.01414891406	0.1042248455	-3.014887571	1.956264023	-3.78986766	1.796976434	0.160164536	0.6393250284	-3.789495854	1.796928615	0.1601204859	0.6395059069	0.1924220335	0.007160158425	-3.532886414	1.234338987	a248bdd	2x2_2C_8b_C2v_L	10.28	1.456319	2	1.704637114	1.4563189999537296	1.0	new_boucle_param.py	R0:N14:S0:1	uncorrelated	-0.1155400884	1.229668887	0.9679279529	-0.3611953345	-1.505672874	1.230077574	0.2143541538	-2.560965847	1.505601141	-1.230300175	-0.2143891237	2.561160267	0.284770363	-0.2895812852	-2.001219141	3.492219425	2024-08-16@12:20	1.9019	-0.6353960309	1	1.963646155e-16	-0.2778108735	0.2229	-6.837644716e-17	0.1089562734	v2.7.1	
1	Broyden	-79.04610126	-115.5824	6.862558646	YY	9.005	0.4656667932	self-energy	sharp_wc_2_b_50	3.0461	2	1.232015553	-0.01423673889	0.1054548691	-3.011496558	1.955916116	-3.794596078	1.796465707	0.1620045034	0.6420352523	-3.7913702	1.796085996	0.161213522	0.6431378912	0.1926812542	0.007187165033	-3.528038525	1.234548257	a248bdd	2x2_2C_8b_C2v_L	10.27	1.454792187	2	1.703708479	1.4547921866845095	0.9999999999999994	new_boucle_param.py	R0:N14:S0:1	uncorrelated	-0.115813019	1.234977723	0.9679113979	-0.3638782799	-1.507498644	1.234606981	0.2152454274	-2.562120192	1.506894572	-1.236116367	-0.2149507353	2.562816892	0.2850419741	-0.2900563388	-2.001622268	3.491039072	2024-08-16@12:22	1.9019	-0.6369221365	1	-4.357662348e-16	-0.2782864298	0.2229	-2.004931168e-16	0.1091324054	v2.7.1	
1	Broyden	-79.0205093	-115.4224	6.850298392	YY	9.005	0.4641326301	self-energy	sharp_wc_2_b_50	3.0461	2	1.231729526	-0.01408450015	0.106470038	-3.01286815	1.955639873	-3.797468652	1.795658655	0.1631037326	0.645675398	-3.796804413	1.795582044	0.1628494951	0.6458461802	0.1949189404	0.007243099031	-3.52853568	1.235216707	a248bdd	2x2_2C_8b_C2v_L	10.26	1.453167002	2	1.702808957	1.453167001474886	1.0	new_boucle_param.py	R0:N14:S0:1	uncorrelated	-0.1160658354	1.23925355	0.9686279227	-0.3662705288	-1.509037659	1.240355063	0.2159743279	-2.563834283	1.508909896	-1.24061594	-0.2158063816	2.563832556	0.2862174879	-0.2910592933	-2.003561758	3.489443342	2024-08-16@12:24	1.9019	-0.6383882242	1	1.39580966e-16	-0.2787521495	0.2229	-7.3321931e-17	0.1093055223	v2.7.1	
1	Broyden	-78.93631418	-115.2624	6.837987097	YY	9.005	0.4626431099	self-energy	sharp_wc_2_b_50	3.0461	2	1.231444427	-0.01393967934	0.1075896442	-3.008716888	1.955274426	-3.791455025	1.794405891	0.1631176786	0.6496849336	-3.794042627	1.794599099	0.1635650023	0.6492647072	0.1957116441	0.007286066203	-3.524307442	1.235506109	a248bdd	2x2_2C_8b_C2v_L	10.25	1.451597281	2	1.701888403	1.4515972807213917	1.0	new_boucle_param.py	R0:N14:S0:1	uncorrelated	-0.1163284015	1.243641247	0.9685431588	-0.3690776836	-1.508751877	1.247342669	0.215969348	-2.563997608	1.509259195	-1.246700886	-0.2162118432	2.563947844	0.2866534332	-0.2917299358	-2.004123425	3.488095298	2024-08-16@12:26	1.9019	-0.6398723393	1	-3.607607585e-16	-0.2792034207	0.2229	-5.98214301e-18	0.1094786238	v2.7.1	
1	Broyden	-78.88075726	-115.1024	6.825635415	YY	9.005	0.4611533653	self-energy	sharp_wc_2_b_50	3.0461	2	1.231157587	-0.0141083514	0.1087025561	-3.009225113	1.954971266	-3.790156565	1.793528092	0.1642538354	0.65287811	-3.792157455	1.793619911	0.1644657349	0.6527814346	0.1967276278	0.00734162588	-3.5233028	1.236083256	a248bdd	2x2_2C_8b_C2v_L	10.24	1.450023437	2	1.700970701	1.450023437288297	0.9999999999999998	new_boucle_param.py	R0:N14:S0:1	uncorrelated	-0.1165353186	1.248050622	0.9690453605	-0.3716137842	-1.509512598	1.252969382	0.2163939141	-2.564196533	1.509911565	-1.252753588	-0.2165468407	2.564370344	0.2874523491	-0.2925684735	-2.005660251	3.486537346	2024-08-16@12:28	1.9019	-0.641358529	1	-2.809679843e-16	-0.2796586543	0.2229	2.975052348e-16	0.1096506068	v2.7.1	
1	Broyden	-78.82569613	-114.9424	6.81354053	YY	9.005	0.459668102	self-energy	sharp_wc_2_b_50	3.0461	2	1.230874842	-0.01375944012	0.1096281127	-3.004663216	1.954646081	-3.791897649	1.792691323	0.1650465506	0.6564681272	-3.79396823	1.792856737	0.1653701119	0.6560695675	0.1980980461	0.00738485215	-3.520525824	1.236451488	a248bdd	2x2_2C_8b_C2v_L	10.23	1.448450928	2	1.700076182	1.4484509277337576	1.0	new_boucle_param.py	R0:N14:S0:1	uncorrelated	-0.1167035201	1.251467336	0.9689960322	-0.3741272275	-1.510744272	1.25876097	0.2169834281	-2.565318656	1.511142405	-1.258176037	-0.2171313942	2.565188439	0.2881644247	-0.2933408812	-2.00667727	3.485212744	2024-08-16@12:30	1.9019	-0.6428068254	1	-1.155836882e-16	-0.2801129883	0.2229	-9.81965585e-18	0.1098232842	v2.7.1	
1	Broyden	-78.74520616	-114.7824	6.801882071	YY	9.005	0.4581009477	self-energy	sharp_wc_2_b_50	3.0461	2	1.230600849	-0.0135153894	0.110788123	-3.000072847	1.954253568	-3.789977289	1.791734864	0.1654280355	0.6596504152	-3.786868966	1.791409577	0.1650957664	0.660580527	0.1993429051	0.007443441298	-3.518423965	1.236944209	a248bdd	2x2_2C_8b_C2v_L	10.22	1.446798819	2	1.699190923	1.4467988188656464	1.0	new_boucle_param.py	R0:N14:S0:1	uncorrelated	-0.1170160653	1.255771228	0.9689085827	-0.3771127216	-1.51132331	1.264680867	0.2171435069	-2.564486686	1.510817323	-1.266006036	-0.2171080354	2.56513655	0.2888790977	-0.294213534	-2.007830178	3.483575262	2024-08-16@12:31	1.9019	-0.6442057895	1	-7.087037854e-17	-0.2805407895	0.2229	3.552583463e-16	0.1099890494	v2.7.1	
1	Broyden	-78.70045759	-114.6224	6.788745933	YY	9.005	0.4567976956	self-energy	sharp_wc_2_b_50	3.0461	2	1.230297096	-0.01331846589	0.1117141005	-2.997028736	1.953990669	-3.792898304	1.791149844	0.1674018318	0.6626978397	-3.792001227	1.791023163	0.1672080961	0.66313146	0.19993924	0.007472815245	-3.514548854	1.237180629	a248bdd	2x2_2C_8b_C2v_L	10.21	1.44540987	2	1.698245644	1.4454098696630644	1.0	new_boucle_param.py	R0:N14:S0:1	uncorrelated	-0.1170822168	1.259378269	0.9689678157	-0.3792057494	-1.512866908	1.269360941	0.218087257	-2.566304877	1.512701876	-1.269915296	-0.2180747388	2.566656958	0.2893290086	-0.2947489319	-2.008592883	3.482606741	2024-08-16@12:33	1.9019	-0.6457833538	1	8.677940143e-17	-0.2810350236	0.2229	4.908916898e-16	0.1101736674	v2.7.1	
1	Broyden	-78.62888883	-114.4624	6.776675097	YY	9.005	0.4553496004	self-energy	sharp_wc_2_b_50	3.0461	2	1.230014162	-0.01334286391	0.1129155178	-2.995089791	1.95364962	-3.790424322	1.790135814	0.1681145997	0.6662830102	-3.789483333	1.79004173	0.1678267525	0.6665742741	0.2006000541	0.007513551694	-3.509892706	1.237381608	a248bdd	2x2_2C_8b_C2v_L	10.2	1.443876218	2	1.69734771	1.4438762183495024	1.0	new_boucle_param.py	R0:N14:S0:1	uncorrelated	-0.1173679765	1.264138014	0.9691576452	-0.3819023575	-1.513416975	1.275560381	0.2185036029	-2.566611425	1.513191318	-1.27591436	-0.2183919439	2.566746717	0.2897278102	-0.295386722	-2.009120066	3.481409812	2024-08-16@12:35	1.9019	-0.647230038	1	3.982949357e-16	-0.2814839313	0.2229	4.328865026e-16	0.1103468027	v2.7.1	
2	Broyden	-78.57220536	-114.3024	6.763970787	YY	9.005	0.453980416	self-energy	sharp_wc_2_b_50	3.0461	2	1.229718128	-0.01299846996	0.1138943996	-2.990013998	1.953333128	-3.79156842	1.789429136	0.1693859277	0.6694103363	-3.790520922	1.789385282	0.1694266951	0.6694576036	0.2022281789	0.0075711304	-3.508136279	1.237838497	a248bdd	2x2_2C_8b_C2v_L	10.19	1.442420122	2	1.696418663	1.4424201215472314	1.0000000000000002	new_boucle_param.py	R0:N14:S0:1	uncorrelated	-0.1174820783	1.267665761	0.9689833644	-0.3842910843	-1.514539341	1.280586327	0.2190836993	-2.56746577	1.514365049	-1.280712035	-0.2191114802	2.567446221	0.2906798834	-0.2963531651	-2.010431775	3.480098143	2024-08-16@12:37	1.9019	-0.6487547383	1	-1.045406371e-16	-0.2819570151	0.2229	3.565404211e-16	0.1105257628	v2.7.1	
1	Broyden	-78.51640787	-114.1424	6.752022026	YY	9.005	0.4525079363	self-energy	sharp_wc_2_b_50	3.0461	2	1.229437284	-0.01315781639	0.115151538	-2.991004309	1.95299587	-3.790574476	1.788507274	0.1703050966	0.67281009	-3.789063933	1.788478268	0.170156084	0.6727167313	0.2031835424	0.007621922472	-3.505629243	1.238270544	a248bdd	2x2_2C_8b_C2v_L	10.18	1.44086194	2	1.695522303	1.4408619401916853	0.9999999999999996	new_boucle_param.py	R0:N14:S0:1	uncorrelated	-0.1177264741	1.27253984	0.9697083885	-0.3870380593	-1.515414079	1.286462124	0.2195089414	-2.567529103	1.51508247	-1.28640781	-0.2193568971	2.56721042	0.2913042842	-0.2971105611	-2.011574768	3.47862831	2024-08-16@12:39	1.9019	-0.6501894558	1	-6.230738067e-16	-0.2823940432	0.2229	4.45307456e-17	0.1106974794	v2.7.1	
1	Broyden	-78.45621308	-113.9824	6.739584141	YY	9.005	0.4511490222	self-energy	sharp_wc_2_b_50	3.0461	2	1.229144963	-0.0126644143	0.1162155696	-2.984673243	1.952663014	-3.790411639	1.787806096	0.1714898731	0.6757208339	-3.789190658	1.787804865	0.1714996795	0.6756374048	0.2050079211	0.007681567187	-3.505314511	1.238824346	a248bdd	2x2_2C_8b_C2v_L	10.17	1.439411576	2	1.694616335	1.4394115756563661	1.0000000000000004	new_boucle_param.py	R0:N14:S0:1	uncorrelated	-0.1179556113	1.276531246	0.9692890499	-0.3894983737	-1.516275952	1.291291172	0.2200722573	-2.568071939	1.515994204	-1.291195283	-0.2200976412	2.567925361	0.2923268061	-0.2980658422	-2.013281639	3.477312842	2024-08-16@12:41	1.9019	-0.6516746644	1	-1.07674666e-16	-0.2828648737	0.2229	-3.285826114e-16	0.1108770435	v2.7.1	
1	Broyden	-78.35644742	-113.8224	6.726930591	YY	9.005	0.449817893	self-energy	sharp_wc_2_b_50	3.0461	2	1.228850777	-0.01254050722	0.1173637075	-2.981969986	1.952325802	-3.784713803	1.786709984	0.1721047605	0.6792793222	-3.781878558	1.78661225	0.1719563572	0.6793012811	0.2048635533	0.00771001194	-3.496561415	1.238684182	a248bdd	2x2_2C_8b_C2v_L	10.16	1.438003365	2	1.693673287	1.4380033645933876	0.9999999999999999	new_boucle_param.py	R0:N14:S0:1	uncorrelated	-0.1181596244	1.280802952	0.9693755936	-0.3921253773	-1.516113581	1.29757613	0.2203190101	-2.567817547	1.515552196	-1.297740141	-0.2201826604	2.567512883	0.2922215854	-0.2984783078	-2.012580377	3.476434162	2024-08-16@12:43	1.9019	-0.6532013135	1	5.195170123e-18	-0.2833226179	0.2229	1.066292397e-16	0.1110544726	v2.7.1	
1	Broyden	-78.3211254	-113.6624	6.714984419	YY	9.005	0.4483848944	self-energy	sharp_wc_2_b_50	3.0461	2	1.228567306	-0.01213890378	0.1182622351	-2.978849661	1.952038601	-3.78691571	1.786108952	0.1734542955	0.68207949	-3.786052259	1.785975431	0.1732567906	0.6824353188	0.2070945917	0.007775834369	-3.498287942	1.239423081	a248bdd	2x2_2C_8b_C2v_L	10.15	1.436475264	2	1.692793366	1.4364752639586515	1.0000000000000002	new_boucle_param.py	R0:N14:S0:1	uncorrelated	-0.1182698183	1.283810049	0.9695239302	-0.3943988162	-1.517533399	1.302143583	0.2209624727	-2.568172314	1.517426575	-1.30267992	-0.2208398492	2.568329417	0.293473145	-0.2995261395	-2.014997997	3.474892363	2024-08-16@12:45	1.9019	-0.6546255356	1	-1.458714185e-16	-0.2837715747	0.2229	-1.567510016e-17	0.1112299179	v2.7.1	
1	Broyden	-78.23703238	-113.5024	6.702986087	YY	9.005	0.4469992619	self-energy	sharp_wc_2_b_50	3.0461	2	1.228283861	-0.01182542707	0.1192217431	-2.97073298	1.951675628	-3.787734651	1.785245839	0.1742610103	0.6854680269	-3.780830876	1.784862831	0.1735604914	0.6861670945	0.2076897037	0.007821974538	-3.492898753	1.239525809	a248bdd	2x2_2C_8b_C2v_L	10.14	1.435002764	2	1.691899742	1.4350027637478209	1.0000000000000002	new_boucle_param.py	R0:N14:S0:1	uncorrelated	-0.1183673835	1.286808905	0.9689623609	-0.3969873831	-1.518757075	1.307888465	0.2213978687	-2.568298622	1.517368529	-1.309015631	-0.2210181464	2.56811681	0.2939022041	-0.3002516851	-2.015398378	3.473842233	2024-08-16@12:46	1.9019	-0.6560615757	1	3.394379811e-16	-0.284215372	0.2229	-1.184435708e-16	0.111404703	v2.7.1	
1	Broyden	-78.21193462	-113.3424	6.690296113	YY	9.005	0.445658325	self-energy	sharp_wc_2_b_50	3.0461	2	1.227984935	-0.01183244497	0.1204132915	-2.972682301	1.95141028	-3.787533977	1.784580913	0.1757858973	0.6883605656	-3.788504085	1.784638453	0.175922129	0.6882557939	0.2098131675	0.007876845639	-3.493633395	1.240188637	a248bdd	2x2_2C_8b_C2v_L	10.13	1.433568805	2	1.690976054	1.4335688051843065	1.0000000000000002	new_boucle_param.py	R0:N14:S0:1	uncorrelated	-0.1185475443	1.291484887	0.9697405679	-0.3992541105	-1.519716931	1.31249818	0.2219945443	-2.568981776	1.51991737	-1.312332055	-0.222080012	2.569025742	0.294935111	-0.3011114737	-2.017470629	3.472426228	2024-08-16@12:48	1.9019	-0.6575791098	1	-2.832275364e-16	-0.2846890931	0.2229	-2.666644659e-17	0.1115863471	v2.7.1	
1	Broyden	-78.14707455	-113.1824	6.678260416	YY	9.005	0.4442933398	self-energy	sharp_wc_2_b_50	3.0461	2	1.227700011	-0.01176221854	0.121929547	-2.97555422	1.951068787	-3.785921378	1.78391098	0.1772162119	0.6906678628	-3.785382951	1.783483387	0.1763112463	0.6923513233	0.2101551647	0.007914024269	-3.487061376	1.240204015	a248bdd	2x2_2C_8b_C2v_L	10.12	1.432117518	2	1.690080096	1.4321175182507704	1.0	new_boucle_param.py	R0:N14:S0:1	uncorrelated	-0.1189781357	1.297739916	0.9706928856	-0.4020796469	-1.520486432	1.317029043	0.222522068	-2.568134594	1.520416769	-1.319065062	-0.2222703232	2.569402476	0.2951348211	-0.3016707335	-2.01752827	3.471402433	2024-08-16@12:50	1.9019	-0.659019198	1	-5.486978665e-16	-0.2851330963	0.2229	-2.088943468e-16	0.1117609306	v2.7.1	
2	Broyden	-78.05812275	-113.0224	6.666213561	YY	9.005	0.4429525297	self-energy	sharp_wc_2_b_50	3.0461	2	1.227414281	-0.01119237791	0.1228268872	-2.967125366	1.950720305	-3.782438402	1.782816309	0.1776251034	0.6945635298	-3.780633057	1.782581601	0.1769256528	0.6953180386	0.2115977891	0.007974106722	-3.48336165	1.240448047	a248bdd	2x2_2C_8b_C2v_L	10.11	1.430687794	2	1.689187013	1.430687793614804	0.9999999999999998	new_boucle_param.py	R0:N14:S0:1	uncorrelated	-0.1190892746	1.300420412	0.9700599178	-0.4045575343	-1.520820676	1.323467735	0.222853436	-2.568352741	1.520386904	-1.324380286	-0.2225320566	2.568647972	0.295893741	-0.3026126367	-2.0183248	3.470288471	2024-08-16@12:52	1.9019	-0.6604586534	1	-2.190420296e-16	-0.28558035	0.2229	8.471746484e-17	0.1119390276	v2.7.1	
1	Broyden	-77.99757724	-112.8624	6.652964681	YY	9.005	0.4417538359	self-energy	sharp_wc_2_b_50	3.0461	2	1.227104415	-0.01095324187	0.1238869022	-2.958865763	1.950390722	-3.784021645	1.78206187	0.1787948203	0.6982146111	-3.78498021	1.782424189	0.1797856694	0.6967683976	0.2124496997	0.008013963491	-3.479037518	1.24063192	a248bdd	2x2_2C_8b_C2v_L	10.1	1.429401856	2	1.688229264	1.4294018560783237	1.0	new_boucle_param.py	R0:N14:S0:1	uncorrelated	-0.1190904446	1.303976055	0.9693807389	-0.4068338213	-1.522020753	1.328711018	0.2233348091	-2.569937741	1.522292643	-1.327052032	-0.2236534764	2.568973505	0.2963731615	-0.3032510316	-2.018986371	3.469399214	2024-08-16@12:54	1.9019	-0.6620500133	1	-3.438140898e-16	-0.2860684949	0.2229	-5.322002797e-17	0.1121289882	v2.7.1	
1	Broyden	-77.87549929	-112.7024	6.641818644	YY	9.005	0.440334277	self-energy	sharp_wc_2_b_50	3.0461	2	1.226836211	-0.01045481457	0.1248477835	-2.950454174	1.949991161	-3.77080604	1.780557797	0.1786045523	0.7019774757	-3.772231459	1.780846635	0.178819368	0.7010618149	0.2137872027	0.008094503185	-3.47705156	1.241050739	a248bdd	2x2_2C_8b_C2v_L	10.09	1.427893023	2	1.687379791	1.4278930226516577	0.9999999999999998	new_boucle_param.py	R0:N14:S0:1	uncorrelated	-0.1192630604	1.306545716	0.9688289521	-0.4096561805	-1.520617443	1.33606123	0.2231900594	-2.567783785	1.520730647	-1.334769386	-0.2232098976	2.567153096	0.2972118253	-0.3043174323	-2.020329837	3.468020438	2024-08-16@12:56	1.9019	-0.6633779092	1	1.226321073e-17	-0.2864788589	0.2229	9.239613333e-17	0.1122973038	v2.7.1	
2	Broyden	-77.87397936	-112.5424	6.629585924	YY	9.005	0.438979948	self-energy	sharp_wc_2_b_50	3.0461	2	1.226544055	-0.009983438949	0.1261207278	-2.956624321	1.949756962	-3.777359151	1.780278296	0.1803248848	0.7042522855	-3.782585286	1.780606604	0.180795603	0.7036273131	0.2156105158	0.008136351408	-3.475318225	1.241452963	a248bdd	2x2_2C_8b_C2v_L	10.08	1.426442124	2	1.686486471	1.426442124297898	1.0	new_boucle_param.py	R0:N14:S0:1	uncorrelated	-0.1196309736	1.3119296	0.9702743533	-0.4119030078	-1.522846307	1.339474942	0.2239869359	-2.568524186	1.523832904	-1.338443788	-0.2242687914	2.568620074	0.2980722795	-0.3050832876	-2.021778391	3.466801012	2024-08-16@12:58	1.9019	-0.6648333283	1	-3.657772108e-17	-0.2869386423	0.2229	-4.741921163e-16	0.1124776886	v2.7.1	
2	Broyden	-77.78209919	-112.3824	6.617783739	YY	9.005	0.4376666747	self-energy	sharp_wc_2_b_50	3.0461	2	1.226262406	-0.01005451489	0.1275486197	-2.953071894	1.949370691	-3.772934226	1.779269252	0.180788775	0.7075404424	-3.776709155	1.779506636	0.1812688638	0.7070501189	0.2154928913	0.008173348534	-3.467772724	1.24136923	a248bdd	2x2_2C_8b_C2v_L	10.07	1.425042915	2	1.685604011	1.4250429151777526	1.0	new_boucle_param.py	R0:N14:S0:1	uncorrelated	-0.1199239624	1.317115444	0.9702388018	-0.4147738267	-1.522998118	1.345328095	0.2241520263	-2.567719048	1.523774134	-1.34459657	-0.224421905	2.567800243	0.2980655586	-0.3055589567	-2.021524009	3.465918731	2024-08-16@13:00	1.9019	-0.6662427713	1	1.730529389e-16	-0.2873732807	0.2229	-1.519910155e-16	0.1126532313	v2.7.1	
1	Broyden	-77.74764661	-112.2224	6.605412604	YY	9.005	0.4363940833	self-energy	sharp_wc_2_b_50	3.0461	2	1.225966672	-0.009396909403	0.1284349327	-2.950576773	1.949123077	-3.778870041	1.778980099	0.1827137733	0.7098057093	-3.777546621	1.77891961	0.1827279105	0.7098482749	0.2180247986	0.008237311507	-3.468599382	1.241964626	a248bdd	2x2_2C_8b_C2v_L	10.06	1.42367159	2	1.684709044	1.4236715898607515	0.9999999999999997	new_boucle_param.py	R0:N14:S0:1	uncorrelated	-0.1200312239	1.32012868	0.9704360535	-0.4167622066	-1.525139268	1.348748349	0.2251263235	-2.568600922	1.524923438	-1.348905849	-0.2251087482	2.56851179	0.2993185391	-0.3065978115	-2.023690049	3.464698187	2024-08-16@13:02	1.9019	-0.6677129505	1	-1.588851295e-16	-0.2878412641	0.2229	-1.362799996e-18	0.1128382587	v2.7.1	
1	Broyden	-77.66856227	-112.0624	6.593394616	YY	9.005	0.4350767613	self-energy	sharp_wc_2_b_50	3.0461	2	1.225679453	-0.009158872386	0.1294437212	-2.946435891	1.948797164	-3.775183675	1.778008991	0.1834136815	0.7130859904	-3.774703286	1.777941933	0.1832795403	0.7132919768	0.2185589639	0.008283544847	-3.46360683	1.242087647	a248bdd	2x2_2C_8b_C2v_L	10.05	1.422264758	2	1.683812618	1.4222647577400758	0.9999999999999999	new_boucle_param.py	R0:N14:S0:1	uncorrelated	-0.1201092847	1.323183152	0.9704607794	-0.4192075501	-1.525537968	1.354471504	0.2253811586	-2.567896239	1.525447025	-1.354741166	-0.2253187152	2.567979521	0.2996615306	-0.3072322136	-2.024263023	3.463699014	2024-08-16@13:04	1.9019	-0.6691493727	1	-6.795301684e-17	-0.2882805094	0.2229	6.660297188e-17	0.113018061	v2.7.1	
1	Broyden	-77.62099454	-111.9024	6.581059003	YY	9.005	0.4338239036	self-energy	sharp_wc_2_b_50	3.0461	2	1.225383977	-0.008418096375	0.1305416445	-2.942990047	1.948492425	-3.777531128	1.777451093	0.1849346522	0.7158472371	-3.776894884	1.777452731	0.1847970001	0.7157897262	0.2207606458	0.0083471507	-3.461444496	1.242416989	a248bdd	2x2_2C_8b_C2v_L	10.04	1.420915251	2	1.682915888	1.4209152507462197	0.9999999999999999	new_boucle_param.py	R0:N14:S0:1	uncorrelated	-0.1203178795	1.327104628	0.9705822584	-0.4215133496	-1.527055574	1.358811568	0.2261171738	-2.568510663	1.526860064	-1.35871402	-0.2260185154	2.568353035	0.3007271954	-0.3082889215	-2.025589646	3.462633265	2024-08-16@13:06	1.9019	-0.6706156324	1	-3.886853546e-16	-0.2887446237	0.2229	-6.349136729e-17	0.1132018754	v2.7.1	
1	Broyden	-77.53418929	-111.7424	6.569795752	YY	9.005	0.432448724	self-energy	sharp_wc_2_b_50	3.0461	2	1.225110952	-0.008548771616	0.1315992276	-2.943174852	1.94818756	-3.770045198	1.776272916	0.1849124157	0.7192775052	-3.769958111	1.776139506	0.1845826651	0.7197934611	0.2206511392	0.008390298112	-3.45638854	1.242541366	a248bdd	2x2_2C_8b_C2v_L	10.03	1.41944954	2	1.682062778	1.4194495397611029	1.0000000000000002	new_boucle_param.py	R0:N14:S0:1	uncorrelated	-0.1204522378	1.330360578	0.9711839419	-0.4240136186	-1.526668953	1.365124016	0.2261078674	-2.566840511	1.526653925	-1.365741452	-0.225958139	2.567130528	0.3008506945	-0.3087736088	-2.026132096	3.461578845	2024-08-16@13:08	1.9019	-0.6719538279	1	-4.49433406e-16	-0.2891603685	0.2229	-2.044793473e-16	0.1133728154	v2.7.1	
1	Broyden	-77.47342525	-111.5824	6.556404232	YY	9.005	0.4313519585	self-energy	sharp_wc_2_b_50	3.0461	2	1.224794004	-0.007895271841	0.1326446709	-2.931269495	1.947827162	-3.772980158	1.775897576	0.1871669642	0.7215949964	-3.773717523	1.775918195	0.1871712094	0.72174089	0.2229077032	0.008449127206	-3.454279231	1.242887704	a248bdd	2x2_2C_8b_C2v_L	10.02	1.41825992	2	1.681104385	1.418259919459894	1.0000000000000002	new_boucle_param.py	R0:N14:S0:1	uncorrelated	-0.1203854645	1.333496502	0.9701046783	-0.4262632021	-1.528273588	1.368577155	0.226878175	-2.567845147	1.528367271	-1.368620641	-0.2270294042	2.568144441	0.3017895445	-0.3097042401	-2.027432928	3.460659526	2024-08-16@13:09	1.9019	-0.6735574288	1	1.741077435e-16	-0.2896532491	0.2229	-3.179065521e-16	0.1135719298	v2.7.1	
1	Broyden	-77.32014966	-111.4224	6.545572703	YY	9.005	0.430005671	self-energy	sharp_wc_2_b_50	3.0461	2	1.224530174	-0.007520918301	0.133752035	-2.925467954	1.9474403	-3.755522049	1.774062529	0.1856964542	0.7259771629	-3.756314373	1.774005876	0.1854904128	0.7264529233	0.2223020297	0.008498713721	-3.444017686	1.242501421	a248bdd	2x2_2C_8b_C2v_L	10.01	1.41682726	2	1.680272324	1.416827259722676	0.9999999999999998	new_boucle_param.py	R0:N14:S0:1	uncorrelated	-0.1207511198	1.336894069	0.9697089262	-0.4291264558	-1.525890264	1.377031612	0.22627569	-2.564855786	1.525986013	-1.377448448	-0.2263435687	2.565351416	0.3016113914	-0.3102798635	-2.026480038	3.460031513	2024-08-16@13:11	1.9019	-0.6748413912	1	1.185292654e-16	-0.2900558187	0.2229	-2.825201677e-17	0.1137409852	v2.7.1	
2	Broyden	-77.35467883	-111.2624	6.532672349	YY	9.005	0.4287935781	self-energy	sharp_wc_2_b_50	3.0461	2	1.224220151	-0.006914486713	0.1350708073	-2.930062386	1.947218377	-3.768786066	1.774282315	0.1888289808	0.72763254	-3.771822284	1.774445391	0.1890984748	0.7273459623	0.2255096484	0.00856639266	-3.448319752	1.243406138	a248bdd	2x2_2C_8b_C2v_L	10	1.415508019	2	1.679355647	1.4155080191466323	1.0	new_boucle_param.py	R0:N14:S0:1	uncorrelated	-0.1209487406	1.342160873	0.9710726684	-0.4311196124	-1.529542335	1.378693017	0.2277131199	-2.567175408	1.530158329	-1.378230415	-0.2278708706	2.567305657	0.3032595094	-0.311414104	-2.029685991	3.458578393	2024-08-16@13:14	1.9019	-0.6763728128	1	-3.008579516e-16	-0.2905420418	0.2229	2.929130792e-17	0.1139342435	v2.7.1	
2	Broyden	-77.22096484	-111.1024	6.520591398	YY	9.005	0.4275864799	self-energy	sharp_wc_2_b_50	3.0461	2	1.223930954	-0.006486913287	0.1361058116	-2.92073513	1.946824536	-3.759535024	1.773019464	0.1888175205	0.7312317478	-3.759470006	1.77299704	0.1887810165	0.7312869042	0.224965236	0.008604693044	-3.437965836	1.24305419	a248bdd	2x2_2C_8b_C2v_L	9.99	1.414218904	2	1.6784485	1.4142189035262929	0.9999999999999998	new_boucle_param.py	R0:N14:S0:1	uncorrelated	-0.1210338313	1.34496955	0.9703140418	-0.4337879389	-1.528744415	1.385252833	0.2276343136	-2.565553645	1.52874598	-1.385342138	-0.2275947601	2.565557032	0.3030014853	-0.3118626411	-2.028617119	3.458011745	2024-08-16@13:16	1.9019	-0.6778193736	1	-6.183443547e-16	-0.2909775688	0.2229	9.090680125e-17	0.1141167426	v2.7.1	
2	Broyden	-77.21237321	-110.9424	6.508553066	YY	9.005	0.4263212833	self-energy	sharp_wc_2_b_50	3.0461	2	1.223637588	-0.006176066035	0.1374019196	-2.924018778	1.946572303	-3.762692562	1.772528213	0.1903749315	0.7339091341	-3.767124522	1.772929154	0.1911873631	0.7327997947	0.2276106829	0.008681381846	-3.440776822	1.243791594	a248bdd	2x2_2C_8b_C2v_L	9.98	1.412846627	2	1.677577469	1.4128466263911825	0.9999999999999998	new_boucle_param.py	R0:N14:S0:1	uncorrelated	-0.1212675375	1.349759762	0.9713915356	-0.4359697632	-1.530474542	1.389220981	0.2282896257	-2.566204376	1.531396908	-1.387766914	-0.2286778394	2.566000371	0.3044598902	-0.3130047748	-2.03153437	3.456666907	2024-08-16@13:18	1.9019	-0.6792412098	1	-4.685026503e-16	-0.2914341442	0.2229	-1.653946988e-16	0.1143034198	v2.7.1	
1	Broyden	-77.09762866	-110.7824	6.496549341	YY	9.005	0.4251409102	self-energy	sharp_wc_2_b_50	3.0461	2	1.223347282	-0.006034262475	0.1386411595	-2.915239674	1.946176902	-3.754904946	1.771395517	0.1907206241	0.7372729009	-3.758390263	1.77178402	0.1915594591	0.7360725312	0.2280315602	0.008729061435	-3.433173034	1.243628531	a248bdd	2x2_2C_8b_C2v_L	9.97	1.411574844	2	1.676692206	1.411574844120139	1.0	new_boucle_param.py	R0:N14:S0:1	uncorrelated	-0.1214092902	1.35353087	0.9706059339	-0.4386272181	-1.530027602	1.395233469	0.228407657	-2.565117324	1.530776016	-1.393737047	-0.2287777946	2.564770469	0.3045653967	-0.3135982315	-2.031292485	3.456050793	2024-08-16@13:20	1.9019	-0.6806671219	1	4.800935384e-16	-0.291880779	0.2229	4.244625915e-17	0.1144902148	v2.7.1	
1	Broyden	-77.06389803	-110.6224	6.484602137	YY	9.005	0.4238651995	self-energy	sharp_wc_2_b_50	3.0461	2	1.223056619	-0.005583817317	0.1397917782	-2.916574938	1.945916554	-3.757972102	1.771049674	0.1923579827	0.7390996367	-3.759700103	1.77104835	0.1924399283	0.7393517882	0.2303254067	0.008803021344	-3.433011258	1.244141129	a248bdd	2x2_2C_8b_C2v_L	9.96	1.410199517	2	1.675810394	1.4101995169199606	0.9999999999999998	new_boucle_param.py	R0:N14:S0:1	uncorrelated	-0.1216082471	1.357402248	0.9713401963	-0.4408385193	-1.531702229	1.398504795	0.2289948557	-2.564418048	1.532099666	-1.398744949	-0.2291507019	2.564843845	0.3057459608	-0.3146876881	-2.033284269	3.454790664	2024-08-16@13:22	1.9019	-0.682085442	1	-5.966011619e-17	-0.2923213624	0.2229	-6.435761097e-17	0.1146744852	v2.7.1	
1	Broyden	-76.95603651	-110.4624	6.471750675	YY	9.005	0.4228149342	self-energy	sharp_wc_2_b_50	3.0461	2	1.222747869	-0.00474417787	0.1406902378	-2.904791765	1.945539773	-3.756006844	1.770327668	0.1937710234	0.7420417794	-3.752778963	1.770081898	0.1934964335	0.742479421	0.2301426386	0.008835941808	-3.423638143	1.243780469	a248bdd	2x2_2C_8b_C2v_L	9.95	1.409055703	2	1.674887113	1.409055702876755	1.0	new_boucle_param.py	R0:N14:S0:1	uncorrelated	-0.1215381236	1.359804099	0.9704976774	-0.4431496718	-1.532419277	1.403229353	0.2298292175	-2.564978803	1.531876323	-1.404021275	-0.2295639781	2.564821352	0.3057027651	-0.3151733347	-2.032525775	3.454513774	2024-08-16@13:24	1.9019	-0.6836132729	1	-6.472037528e-16	-0.2928030517	0.2229	-1.030811227e-16	0.1148724896	v2.7.1	
1	Broyden	-76.9044106	-110.3024	6.459711008	YY	9.005	0.4215933069	self-energy	sharp_wc_2_b_50	3.0461	2	1.222454234	-0.004773232111	0.1422832023	-2.903726366	1.94520068	-3.753975944	1.769567319	0.194711559	0.7448184898	-3.754380186	1.769627384	0.1949737496	0.7445242195	0.2318005058	0.008902454085	-3.422081791	1.244140491	a248bdd	2x2_2C_8b_C2v_L	9.94	1.40773394	2	1.674003567	1.4077339398620983	1.0	new_boucle_param.py	R0:N14:S0:1	uncorrelated	-0.1218606711	1.365426281	0.9706816224	-0.4457446971	-1.533092967	1.407926311	0.2300467963	-2.564341367	1.533257587	-1.407666569	-0.2301145134	2.564196876	0.3065273881	-0.3160442045	-2.034160754	3.453465919	2024-08-16@13:25	1.9019	-0.6850394661	1	-6.685528278e-16	-0.2932511038	0.2229	-1.497678605e-16	0.1150597814	v2.7.1	
1	Broyden	-76.82900177	-110.1424	6.447817106	YY	9.005	0.4204314673	self-energy	sharp_wc_2_b_50	3.0461	2	1.222163698	-0.004471794084	0.1438689926	-2.900017481	1.944799965	-3.755864145	1.76903	0.1963433563	0.7471154586	-3.748207695	1.768675908	0.1957134138	0.7475872445	0.2326007097	0.00895978395	-3.415620283	1.244063523	a248bdd	2x2_2C_8b_C2v_L	9.93	1.406474781	2	1.673134261	1.4064747810856324	1.0000000000000004	new_boucle_param.py	R0:N14:S0:1	uncorrelated	-0.122132074	1.370892617	0.9708085477	-0.4485625022	-1.534730281	1.412036761	0.230740209	-2.564070365	1.53313005	-1.412881353	-0.230295661	2.563488903	0.3069540318	-0.3168445203	-2.034332263	3.452744837	2024-08-16@13:27	1.9019	-0.6864462833	1	-4.713445241e-16	-0.2936970308	0.2229	-2.620204057e-16	0.1152478427	v2.7.1	
1	Broyden	-76.77336774	-109.9824	6.436408271	YY	9.005	0.4191506355	self-energy	sharp_wc_2_b_50	3.0461	2	1.221881524	-0.004263729968	0.1450193232	-2.900272267	1.944509555	-3.741837289	1.76738167	0.1954999143	0.7518790869	-3.757412412	1.768652448	0.197652961	0.7486757193	0.2348989746	0.009033644849	-3.414887287	1.244485925	a248bdd	2x2_2C_8b_C2v_L	9.92	1.405090657	2	1.672288523	1.4050906569053276	1.0	new_boucle_param.py	R0:N14:S0:1	uncorrelated	-0.1223046738	1.374436202	0.9714486576	-0.4509042392	-1.533012719	1.419711252	0.2301933632	-2.56279109	1.53612124	-1.415284277	-0.2313163505	2.562628527	0.3079790908	-0.3178503486	-2.036227724	3.451594364	2024-08-16@13:29	1.9019	-0.6877899451	1	-2.763971502e-16	-0.2941255574	0.2229	-2.240824007e-16	0.1154300894	v2.7.1	
1	Broyden	-76.6632904	-109.8224	6.423481983	YY	9.005	0.4181276553	self-energy	sharp_wc_2_b_50	3.0461	2	1.221570269	-0.003732691718	0.1463205584	-2.890624031	1.944122017	-3.74336552	1.767160244	0.1976544815	0.7530514612	-3.743928496	1.767188702	0.1976806643	0.7530038929	0.2346853452	0.009071252214	-3.40593372	1.244176731	a248bdd	2x2_2C_8b_C2v_L	9.91	1.403976286	2	1.671355092	1.4039762854298092	0.9999999999999998	new_boucle_param.py	R0:N14:S0:1	uncorrelated	-0.1224392949	1.378577521	0.9705242044	-0.453399178	-1.534338513	1.422316646	0.2311433005	-2.562328308	1.534448083	-1.422235492	-0.2311533297	2.562347314	0.3078927436	-0.3183062344	-2.035530339	3.451283589	2024-08-16@13:31	1.9019	-0.6893290203	1	-1.135536628e-15	-0.2946038162	0.2229	-2.13185731e-16	0.1156309778	v2.7.1	
1	Broyden	-76.61963655	-109.6624	6.411042111	YY	9.005	0.4169832536	self-energy	sharp_wc_2_b_50	3.0461	2	1.221266094	-0.003407105776	0.1476928936	-2.887802403	1.943792636	-3.74595241	1.766655249	0.1991356738	0.7556807188	-3.747455348	1.766896475	0.1996056749	0.7548487746	0.2363925106	0.009137273516	-3.40301413	1.244384995	a248bdd	2x2_2C_8b_C2v_L	9.9	1.402727746	2	1.670456746	1.402727745919393	1.0000000000000004	new_boucle_param.py	R0:N14:S0:1	uncorrelated	-0.1225899159	1.383136387	0.9707092942	-0.4557804158	-1.535963883	1.426300869	0.2318055686	-2.562817835	1.536271479	-1.425288727	-0.2319845649	2.562506633	0.3087981713	-0.3192857067	-2.036720868	3.45042244	2024-08-16@13:33	1.9019	-0.690800213	1	1.046284365e-16	-0.2950697037	0.2229	-1.095117059e-17	0.1158277963	v2.7.1	
2	Broyden	-76.53445615	-109.5024	6.398932297	YY	9.005	0.4158448169	self-energy	sharp_wc_2_b_50	3.0461	2	1.22096946	-0.003104708342	0.1490297189	-2.88460021	1.943443643	-3.740429583	1.76580837	0.2000089237	0.7582721907	-3.740888692	1.765933219	0.2002568594	0.7578395576	0.2379447636	0.009203975952	-3.399083626	1.2445078	a248bdd	2x2_2C_8b_C2v_L	9.89	1.401490381	2	1.669570293	1.4014903812127866	1.0	new_boucle_param.py	R0:N14:S0:1	uncorrelated	-0.1227610746	1.387335966	0.9708424933	-0.4582910089	-1.535965632	1.43105214	0.2320515267	-2.561656422	1.536045813	-1.430512936	-0.2321809562	2.561505684	0.3094413543	-0.3201399862	-2.03766826	3.449648554	2024-08-16@13:35	1.9019	-0.6922338281	1	-3.368709931e-16	-0.2955192448	0.2229	-1.894561445e-16	0.1160211895	v2.7.1	
1	Broyden	-76.46094433	-109.3424	6.386908309	YY	9.005	0.4147077508	self-energy	sharp_wc_2_b_50	3.0461	2	1.220673773	-0.00269898244	0.1505997397	-2.880601624	1.943046531	-3.735400626	1.764997072	0.2009328366	0.7609143418	-3.740033863	1.76531176	0.2015121584	0.7601941127	0.2395422367	0.009280336858	-3.395251094	1.244647193	a248bdd	2x2_2C_8b_C2v_L	9.88	1.400252228	2	1.668692995	1.4002522280055918	0.9999999999999998	new_boucle_param.py	R0:N14:S0:1	uncorrelated	-0.1230240247	1.39249566	0.9708931347	-0.4610543506	-1.536033338	1.435673047	0.2323279936	-2.560774626	1.537006063	-1.434673125	-0.2326509886	2.56089477	0.3102594397	-0.3211720111	-2.038580057	3.448796877	2024-08-16@13:37	1.9019	-0.6936543948	1	-4.114434657e-17	-0.2959680329	0.2229	1.397774165e-16	0.1162152725	v2.7.1	
2	Broyden	-76.36105705	-109.1824	6.375546743	YY	9.005	0.4135226117	self-energy	sharp_wc_2_b_50	3.0461	2	1.220391265	-0.002541769791	0.1515243481	-2.878744514	1.942767146	-3.727265065	1.763843288	0.201085503	0.7640754134	-3.729978859	1.763956431	0.2012015638	0.7640986735	0.2394550069	0.009326200423	-3.388981741	1.244538576	a248bdd	2x2_2C_8b_C2v_L	9.87	1.398967481	2	1.667853025	1.3989674807914851	1.0000000000000002	new_boucle_param.py	R0:N14:S0:1	uncorrelated	-0.1230561102	1.394842187	0.9712506971	-0.4632135409	-1.535669298	1.441590079	0.2323278926	-2.558923951	1.536174018	-1.441407383	-0.2325593371	2.559334891	0.3102965741	-0.3216270822	-2.038940178	3.448237705	2024-08-16@13:39	1.9019	-0.6949887478	1	-7.813643854e-17	-0.2963981598	0.2229	2.222986058e-17	0.1164005101	v2.7.1	
1	Broyden	-76.29266509	-109.0224	6.363000663	YY	9.005	0.4124405568	self-energy	sharp_wc_2_b_50	3.0461	2	1.220083349	-0.00182625129	0.1530128073	-2.868975095	1.942337663	-3.72256542	1.762732584	0.2015678637	0.7682652757	-3.735384424	1.764078184	0.2040393664	0.7642842078	0.2417750116	0.009414272038	-3.386377324	1.24475518	a248bdd	2x2_2C_8b_C2v_L	9.86	1.397779957	2	1.666949328	1.3977799565172182	1.0000000000000004	new_boucle_param.py	R0:N14:S0:1	uncorrelated	-0.1232432868	1.399428895	0.9704442926	-0.4659007081	-1.535813602	1.447669652	0.2324600834	-2.559357666	1.538452519	-1.44258979	-0.2336198919	2.558680599	0.3114383073	-0.3228706037	-2.040210905	3.447405938	2024-08-16@13:41	1.9019	-0.6964723003	1	3.977049054e-17	-0.2968659422	0.2229	9.147525907e-17	0.1166035969	v2.7.1	
1	Broyden	-76.19161966	-108.8624	6.351768083	YY	9.005	0.4112831802	self-energy	sharp_wc_2_b_50	3.0461	2	1.219802856	-0.002028420986	0.1545973533	-2.868105672	1.941976514	-3.722058313	1.762225515	0.2026008017	0.7698354226	-3.721742103	1.762314464	0.2027807265	0.7693080299	0.2408886823	0.009441804158	-3.375070287	1.244198125	a248bdd	2x2_2C_8b_C2v_L	9.85	1.396525693	2	1.666120607	1.3965256927920273	1.0	new_boucle_param.py	R0:N14:S0:1	uncorrelated	-0.1235565679	1.404680079	0.9707254156	-0.4686290094	-1.536872917	1.451367951	0.2330479259	-2.557629717	1.53682905	-1.450840771	-0.2329754551	2.557214373	0.3109756073	-0.3231317892	-2.039014234	3.447150014	2024-08-16@13:43	1.9019	-0.6977877016	1	5.834918693e-16	-0.2972956651	0.2229	2.488255528e-16	0.1167906823	v2.7.1	
1	Broyden	-76.17478796	-108.7024	6.338012952	YY	9.005	0.4102990094	self-energy	sharp_wc_2_b_50	3.0461	2	1.219468098	-0.001062145005	0.1559455113	-2.865708445	1.941699157	-3.728567521	1.762276577	0.2056985113	0.7711807795	-3.727691346	1.762412648	0.205857485	0.770433954	0.2443740232	0.009523620662	-3.377471709	1.244815468	a248bdd	2x2_2C_8b_C2v_L	9.84	1.395428071	2	1.665155245	1.3954280709669744	1.0000000000000004	new_boucle_param.py	R0:N14:S0:1	uncorrelated	-0.1236725501	1.409332929	0.9710307615	-0.4705986977	-1.539298508	1.453037288	0.2343279222	-2.559358634	1.539067379	-1.45220935	-0.2342200513	2.558756232	0.3125715188	-0.3243494734	-2.041800559	3.446242446	2024-08-16@13:45	1.9019	-0.6994198441	1	-4.475778632e-16	-0.2978056725	0.2229	3.101532697e-16	0.1170098054	v2.7.1	
2	Broyden	-76.07808467	-108.5424	6.325809708	YY	9.005	0.4092235728	self-energy	sharp_wc_2_b_50	3.0461	2	1.219167064	-0.0006474154413	0.1574267441	-2.859599543	1.941294183	-3.724224477	1.761558179	0.2066755832	0.7733692573	-3.721378594	1.761348929	0.2063554167	0.7738291209	0.2447850193	0.009577319485	-3.369672957	1.244580358	a248bdd	2x2_2C_8b_C2v_L	9.83	1.394253977	2	1.664264829	1.3942539769345244	1.0000000000000002	new_boucle_param.py	R0:N14:S0:1	uncorrelated	-0.1238607701	1.413854618	0.97074431	-0.473302677	-1.539530558	1.457237539	0.2345822537	-2.55806087	1.538967741	-1.457915551	-0.234373245	2.557961277	0.3127262447	-0.3249951958	-2.041575393	3.445782897	2024-08-16@13:47	1.9019	-0.7008617678	1	-3.576003989e-16	-0.2982586173	0.2229	3.044941448e-16	0.1172097556	v2.7.1	
2	Broyden	-76.0452585	-108.3824	6.31325533	YY	9.005	0.408138868	self-energy	sharp_wc_2_b_50	3.0461	2	1.218855684	-0.000102986964	0.1589469012	-2.858428857	1.940972972	-3.726629422	1.761195948	0.2085130567	0.775467219	-3.724777988	1.761140007	0.2084914081	0.7753725987	0.2474432913	0.009661302951	-3.369989837	1.245019372	a248bdd	2x2_2C_8b_C2v_L	9.82	1.39305592	2	1.663367978	1.3930559194882712	1.0000000000000002	new_boucle_param.py	R0:N14:S0:1	uncorrelated	-0.1240763476	1.418893964	0.9711925465	-0.4756461688	-1.541148233	1.460422522	0.2353456224	-2.558520328	1.54080217	-1.460451814	-0.2352256591	2.558223029	0.3140350431	-0.3261559083	-2.043795728	3.444857539	2024-08-16@13:49	1.9019	-0.702338847	1	-1.30647155e-16	-0.2987315269	0.2229	-2.869278135e-16	0.1174155473	v2.7.1	
1	Broyden	-75.89430667	-108.2224	6.302075819	YY	9.005	0.4070105359	self-energy	sharp_wc_2_b_50	3.0461	2	1.218575864	0.0002281950157	0.1600573473	-2.849742937	1.940565604	-3.714152503	1.759833506	0.2080876446	0.7786298015	-3.70635607	1.759211808	0.2070712493	0.780102326	0.2467628708	0.009715885873	-3.359432496	1.24454682	a248bdd	2x2_2C_8b_C2v_L	9.81	1.391834225	2	1.662531821	1.391834225196797	0.9999999999999996	new_boucle_param.py	R0:N14:S0:1	uncorrelated	-0.1241907626	1.421445466	0.9704937206	-0.4783194777	-1.539856154	1.466862413	0.2350532858	-2.55544773	1.538285051	-1.468936011	-0.2344107017	2.555225054	0.3137156907	-0.3266446104	-2.042759892	3.444534924	2024-08-16@13:51	1.9019	-0.7036520366	1	-8.193383998e-16	-0.2991502886	0.2229	-1.839887154e-16	0.117604741	v2.7.1	
1	Broyden	-75.89672429	-108.0624	6.287562698	YY	9.005	0.406120607	self-energy	sharp_wc_2_b_50	3.0461	2	1.218222207	0.0009004930023	0.1621252691	-2.846292847	1.940186848	-3.72310539	1.760096002	0.2117132382	0.7797071548	-3.723885839	1.760045213	0.2115139236	0.7800216182	0.2493007788	0.009775046271	-3.357805768	1.244741892	a248bdd	2x2_2C_8b_C2v_L	9.8	1.390825239	2	1.661531025	1.3908252387741258	1.0	new_boucle_param.py	R0:N14:S0:1	uncorrelated	-0.1244625271	1.429053855	0.9705580715	-0.4807851947	-1.542762095	1.467728977	0.236535529	-2.558311216	1.542898818	-1.468042158	-0.2364340362	2.558482515	0.3148964039	-0.3276392481	-2.044444988	3.44406579	2024-08-16@13:53	1.9019	-0.7053725869	1	-2.900838026e-16	-0.2996908554	0.2229	6.422714386e-16	0.1178400495	v2.7.1	
2	Broyden	-75.75159421	-107.9024	6.276439164	YY	9.005	0.404997803	self-energy	sharp_wc_2_b_50	3.0461	2	1.21794259	0.00103052783	0.1633103433	-2.840255358	1.93980042	-3.709453763	1.758590375	0.2109678666	0.783274633	-3.704453236	1.758270473	0.2104347955	0.7840036055	0.2495100932	0.009850407227	-3.349523272	1.244469624	a248bdd	2x2_2C_8b_C2v_L	9.79	1.38960753	2	1.660698838	1.389607529345977	1.0	new_boucle_param.py	R0:N14:S0:1	uncorrelated	-0.1245710084	1.431829629	0.9701983511	-0.4834228282	-1.541185202	1.474678979	0.2360197186	-2.55520622	1.540125403	-1.475674513	-0.2357572835	2.555053759	0.3149962861	-0.3283997192	-2.044077966	3.44357451	2024-08-16@13:55	1.9019	-0.7066778424	1	5.87694982e-16	-0.3001068105	0.2229	1.017748653e-16	0.1180298953	v2.7.1	
