w	up_1	down_1	cumul_up_1	cumul_down_1	
-15	0.000242127	0.000271773	0	0
-14.965	0.000243455	0.000273395	8.52944e-06	9.57841e-06
-14.9299	0.000244788	0.000275041	1.71056e-05	1.92145e-05
-14.8949	0.000246131	0.000276722	2.57288e-05	2.89094e-05
-14.8599	0.000247489	0.000278447	3.43996e-05	3.86648e-05
-14.8248	0.000248865	0.000280225	4.31186e-05	4.84825e-05
-14.7898	0.00025026	0.000282064	5.18865e-05	5.83646e-05
-14.7548	0.000251675	0.000283976	6.07039e-05	6.83138e-05
-14.7197	0.000253111	0.000285971	6.95717e-05	7.83328e-05
-14.6847	0.000254567	0.000288052	7.84904e-05	8.84247e-05
-14.6496	0.000256045	0.000290195	8.7461e-05	9.85917e-05
-14.6146	0.000257547	0.000292336	9.64842e-05	0.000108834
-14.5796	0.000259075	0.000294385	0.000105561	0.000119147
-14.5445	0.000260633	0.000296299	0.000114692	0.000129528
-14.5095	0.000262225	0.000298103	0.000123879	0.000139972
-14.4745	0.000263855	0.000299842	0.000133123	0.000150477
-14.4394	0.000265521	0.000301547	0.000142426	0.000161042
-14.4044	0.000267204	0.000303256	0.000151787	0.000171667
-14.3694	0.000268872	0.000305004	0.000161207	0.000182352
-14.3343	0.000270494	0.000306804	0.000170684	0.000193101
-14.2993	0.000272068	0.000308643	0.000180216	0.000203915
-14.2643	0.000273617	0.000310514	0.000189802	0.000214793
-14.2292	0.000275164	0.000312428	0.000199443	0.000225739
-14.1942	0.000276723	0.000314409	0.000209138	0.000236755
-14.1592	0.000278304	0.000316482	0.000218888	0.000247843
-14.1241	0.000279919	0.000318665	0.000228695	0.000259007
-14.0891	0.000281575	0.000320968	0.00023856	0.000270252
-14.0541	0.000283277	0.000323396	0.000248485	0.000281582
-14.019	0.000285026	0.000325931	0.000258471	0.000293001
-13.984	0.000286822	0.000328519	0.000268519	0.000304511
-13.9489	0.000288667	0.000331063	0.000278633	0.00031611
-13.9139	0.000290566	0.000333488	0.000288813	0.000327794
-13.8789	0.00029253	0.000335787	0.000299062	0.000339558
-13.8438	0.000294576	0.000337996	0.000309382	0.0003514
-13.8088	0.000296723	0.00034018	0.000319778	0.000363318
-13.7738	0.000298983	0.000342426	0.000330253	0.000375315
-13.7387	0.000301344	0.000344825	0.00034081	0.000387396
-13.7037	0.000303735	0.000347424	0.000351452	0.000399568
-13.6687	0.000306012	0.000350207	0.000362173	0.000411837
-13.6336	0.000308033	0.000353072	0.000372965	0.000424207
-13.5986	0.000309791	0.000355827	0.000383818	0.000436674
-13.5636	0.000311419	0.000358288	0.000394729	0.000449226
-13.5285	0.000313057	0.000360444	0.000405697	0.000461854
-13.4935	0.000314761	0.000362472	0.000416724	0.000474554
-13.4585	0.000316519	0.000364563	0.000427814	0.000487326
-13.4234	0.000318316	0.000366816	0.000438966	0.000500177
-13.3884	0.000320165	0.000369259	0.000450183	0.000513114
-13.3534	0.000322088	0.000371891	0.000461467	0.000526144
-13.3183	0.000324097	0.000374708	0.000472822	0.000539272
-13.2833	0.000326194	0.000377714	0.00048425	0.000552505
-13.2482	0.000328377	0.00038093	0.000495755	0.000565851
-13.2132	0.000330647	0.000384387	0.000507339	0.000579318
-13.1782	0.00033301	0.000388136	0.000519006	0.000592916
-13.1431	0.000335477	0.000392233	0.00053076	0.000606658
-13.1081	0.000338064	0.000396709	0.000542604	0.000620557
-13.0731	0.000340791	0.000401503	0.000554543	0.000634623
-13.038	0.000343676	0.000406341	0.000566584	0.00064886
-13.003	0.000346719	0.000410727	0.000578731	0.000663249
-12.968	0.000349885	0.000414188	0.00059099	0.00067776
-12.9329	0.000353109	0.000416668	0.000603361	0.000692358
-12.8979	0.000356317	0.00041857	0.000615844	0.000707023
-12.8629	0.000359401	0.00042041	0.000628436	0.000721752
-12.8278	0.000362157	0.000422506	0.000641124	0.000736555
-12.7928	0.000364405	0.000424964	0.000653891	0.000751443
-12.7578	0.000366221	0.000427796	0.000666722	0.000766431
-12.7227	0.000367895	0.000431004	0.000679611	0.000781531
-12.6877	0.000369678	0.000434596	0.000692563	0.000796757
-12.6527	0.000371678	0.000438582	0.000705584	0.000812123
-12.6176	0.00037391	0.000442993	0.000718684	0.000827643
-12.5826	0.000376354	0.000447888	0.00073187	0.000843335
-12.5475	0.000378986	0.000453363	0.000745148	0.000859219
-12.5125	0.000381791	0.000459559	0.000758524	0.000875319
-12.4775	0.000384765	0.000466656	0.000772004	0.000891669
-12.4424	0.000387916	0.000474839	0.000785595	0.000908305
-12.4074	0.000391266	0.000484163	0.000799303	0.000925267
-12.3724	0.000394845	0.000494259	0.000813136	0.000942584
-12.3373	0.000398698	0.000503991	0.000827104	0.000960241
-12.3023	0.000402866	0.000511703	0.000841219	0.000978169
-12.2673	0.000407355	0.000516531	0.000855491	0.000996265
-12.2322	0.000412077	0.000519325	0.000869928	0.00101446
-12.1972	0.000416799	0.000521777	0.00088453	0.00103274
-12.1622	0.000421221	0.000525067	0.000899288	0.00105114
-12.1271	0.000425169	0.000529267	0.000914184	0.00106968
-12.0921	0.000428712	0.000533509	0.000929203	0.00108837
-12.0571	0.00043214	0.000536833	0.000944344	0.00110718
-12.022	0.000435758	0.000539206	0.00095961	0.00112607
-11.987	0.000439605	0.000541525	0.000975012	0.00114504
-11.952	0.000443383	0.000544758	0.000990546	0.00116413
-11.9169	0.000446735	0.000549472	0.0010062	0.00118338
-11.8819	0.000449677	0.000555947	0.00102195	0.00120286
-11.8468	0.000452602	0.000564406	0.00103781	0.00122263
-11.8118	0.000455915	0.000575085	0.00105378	0.00124278
-11.7768	0.000459853	0.000588125	0.00106989	0.00126338
-11.7417	0.000464536	0.000603215	0.00108617	0.00128452
-11.7067	0.000470066	0.000619007	0.00110264	0.0013062
-11.6717	0.000476577	0.000633061	0.00111933	0.00132838
-11.6366	0.000484249	0.000643553	0.0011363	0.00135093
-11.6016	0.000493234	0.000651435	0.00115358	0.00137375
-11.5666	0.000503461	0.000659534	0.00117122	0.00139686
-11.5315	0.00051423	0.000669735	0.00118923	0.00142032
-11.4965	0.000523877	0.000681643	0.00120759	0.00144421
-11.4615	0.000530382	0.000692868	0.00122617	0.00146848
-11.4264	0.000533138	0.000700163	0.00124485	0.00149301
-11.3914	0.000533697	0.000701862	0.00126355	0.0015176
-11.3564	0.000534281	0.000699841	0.00128227	0.00154212
-11.3213	0.000536344	0.000697916	0.00130106	0.00156657
-11.2863	0.000540479	0.000699051	0.00131999	0.00159106
-11.2513	0.000546824	0.000704674	0.00133915	0.00161575
-11.2162	0.000555234	0.000715351	0.0013586	0.00164081
-11.1812	0.000565101	0.000731329	0.0013784	0.00166643
-11.1461	0.00057504	0.000752404	0.00139855	0.00169279
-11.1111	0.000583248	0.000776998	0.00141898	0.00172002
-11.0761	0.00058902	0.00080081	0.00143962	0.00174807
-11.041	0.000593672	0.000817196	0.00146042	0.0017767
-11.006	0.000599336	0.000821916	0.00148142	0.0018055
-10.971	0.000607481	0.000817745	0.0015027	0.00183415
-10.9359	0.000618451	0.000811557	0.00152437	0.00186258
-10.9009	0.000631288	0.000808642	0.00154648	0.00189091
-10.8659	0.00064358	0.000811092	0.00156903	0.00191933
-10.8308	0.000652493	0.000818799	0.00159189	0.00194802
-10.7958	0.000657121	0.000830477	0.00161491	0.00197711
-10.7608	0.000659008	0.00084468	0.001638	0.00200671
-10.7257	0.000660229	0.000861227	0.00166113	0.00203688
-10.6907	0.000662408	0.000881525	0.00168434	0.00206776
-10.6557	0.000666854	0.000906839	0.0017077	0.00209953
-10.6206	0.000674422	0.000936191	0.00173133	0.00213233
-10.5856	0.000685366	0.000965629	0.00175534	0.00216616
-10.5506	0.000699448	0.000990552	0.00177985	0.00220087
-10.5155	0.000715861	0.00101012	0.00180493	0.00223626
-10.4805	0.000732682	0.00102739	0.0018306	0.00227225
-10.4454	0.000746961	0.0010437	0.00185677	0.00230882
-10.4104	0.000757088	0.00105535	0.00188329	0.00234579
-10.3754	0.00076507	0.00105788	0.0019101	0.00238286
-10.3403	0.000774959	0.00105285	0.00193725	0.00241974
-10.3053	0.000789787	0.00104708	0.00196492	0.00245643
-10.2703	0.000810113	0.00104678	0.0019933	0.0024931
-10.2352	0.00083328	0.0010551	0.00202249	0.00253007
-10.2002	0.000853193	0.00107315	0.00205239	0.00256766
-10.1652	0.000863457	0.00110139	0.00208264	0.00260625
-10.1301	0.000863329	0.00113999	0.00211288	0.00264619
-10.0951	0.000858088	0.00118822	0.00214295	0.00268782
-10.0601	0.000852972	0.00124374	0.00217283	0.0027314
-10.025	0.000849882	0.00130408	0.00220261	0.00277708
-9.98999	0.000849096	0.00137066	0.00223235	0.0028251
-9.95495	0.000851375	0.00144928	0.00226218	0.00287588
-9.91992	0.000857853	0.00154287	0.00229224	0.00292994
-9.88488	0.000869307	0.00164257	0.00232269	0.00298748
-9.84985	0.000886167	0.00172584	0.00235374	0.00304795
-9.81481	0.000909006	0.0017713	0.00238559	0.00311001
-9.77978	0.000938971	0.00178011	0.00241848	0.00317237
-9.74474	0.000977739	0.00177095	0.00245274	0.00323442
-9.70971	0.00102679	0.00175553	0.00248871	0.00329592
-9.67467	0.00108561	0.00173326	0.00252675	0.00335665
-9.63964	0.00114839	0.00170658	0.00256698	0.00341644
-9.6046	0.00120106	0.00168675	0.00260906	0.00347553
-9.56957	0.00122655	0.00168437	0.00265203	0.00353454
-9.53453	0.00121997	0.0017024	0.00269478	0.00359419
-9.4995	0.00119438	0.00173511	0.00273662	0.00365498
-9.46446	0.00116753	0.00177039	0.00277752	0.003717
-9.42943	0.0011501	0.0017995	0.00281782	0.00378005
-9.39439	0.0011451	0.00182781	0.00285794	0.00384409
-9.35936	0.00115094	0.00187104	0.00289826	0.00390964
-9.32432	0.00116369	0.00194344	0.00293903	0.00397773
-9.28929	0.00117964	0.00205172	0.00298036	0.00404961
-9.25425	0.0011984	0.00219169	0.00302234	0.00412639
-9.21922	0.00122297	0.0023424	0.00306519	0.00420846
-9.18418	0.00125705	0.00246666	0.00310923	0.00429488
-9.14915	0.00130396	0.00253236	0.00315492	0.0043836
-9.11411	0.00136752	0.00253543	0.00320283	0.00447243
-9.07908	0.00145239	0.0024911	0.00325371	0.00455971
-9.04404	0.00156297	0.00241957	0.00330847	0.00464448
-9.00901	0.00169985	0.00234657	0.00336803	0.00472669
-8.97397	0.00185245	0.00229555	0.00343293	0.00480711
-8.93894	0.00199011	0.00227644	0.00350265	0.00488687
-8.9039	0.00206817	0.00228571	0.00357511	0.00496695
-8.86887	0.00206219	0.00231353	0.00364736	0.005048
-8.83383	0.0019947	0.00234862	0.00371724	0.00513029
-8.7988	0.0019122	0.00237815	0.00378423	0.00521361
-8.76376	0.00184796	0.0023945	0.00384898	0.0052975
-8.72873	0.00181161	0.00240589	0.00391245	0.00538179
-8.69369	0.0017957	0.00243124	0.00397536	0.00546697
-8.65866	0.00178616	0.00248714	0.00403794	0.0055541
-8.62362	0.00177552	0.00258439	0.00410014	0.00564465
-8.58859	0.00176921	0.00273095	0.00416213	0.00574033
-8.55355	0.00177811	0.00293335	0.00422442	0.0058431
-8.51852	0.00181063	0.00319203	0.00428786	0.00595493
-8.48348	0.00187197	0.00348779	0.00435344	0.00607712
-8.44845	0.00196614	0.00376404	0.00442233	0.006209
-8.41341	0.0020967	0.00393503	0.00449579	0.00634686
-8.37838	0.0022642	0.00394963	0.00457511	0.00648524
-8.34334	0.00245927	0.00384633	0.00466127	0.00661999
-8.30831	0.00265309	0.00371268	0.00475422	0.00675007
-8.27327	0.00279853	0.00361352	0.00485227	0.00687667
-8.23824	0.00285422	0.00357209	0.00495227	0.00700181
-8.2032	0.00281954	0.0035865	0.00505105	0.00712747
-8.16817	0.00273836	0.00364243	0.00514699	0.00725508
-8.13313	0.00265802	0.00371582	0.00524011	0.00738526
-8.0981	0.00259472	0.0037855	0.00533102	0.00751789
-8.06306	0.00253792	0.00385499	0.00541994	0.00765295
-8.02803	0.00247793	0.00395141	0.00550675	0.00779139
-7.99299	0.00242247	0.00410411	0.00559162	0.00793517
-7.95796	0.00238697	0.00433376	0.00567525	0.00808701
-7.92292	0.00238169	0.00465314	0.00575869	0.00825003
-7.88789	0.00241065	0.00506551	0.00584315	0.0084275
-7.85285	0.00247563	0.00555649	0.00592988	0.00862217
-7.81782	0.00257876	0.00609298	0.00602023	0.00883564
-7.78278	0.00272243	0.00664718	0.00611561	0.00906853
-7.74775	0.00290592	0.0072103	0.00621742	0.00932114
-7.71271	0.00311918	0.00773786	0.0063267	0.00959223
-7.67768	0.0033404	0.00810495	0.00644373	0.00987619
-7.64264	0.00355155	0.00820416	0.00656816	0.0101636
-7.60761	0.00376071	0.00809081	0.00669992	0.0104471
-7.57257	0.0039885	0.00794238	0.00683965	0.0107253
-7.53754	0.00422392	0.0079011	0.00698764	0.0110022
-7.5025	0.00440711	0.00800307	0.00714204	0.0112826
-7.46747	0.00447302	0.00819644	0.00729875	0.0115697
-7.43243	0.0044115	0.00839525	0.00745331	0.0118638
-7.3974	0.00426763	0.00856031	0.00760283	0.0121638
-7.36236	0.00410522	0.00874979	0.00774665	0.0124703
-7.32733	0.00397834	0.00907376	0.00788604	0.0127882
-7.29229	0.00391712	0.00962695	0.00802327	0.0131255
-7.25726	0.00393162	0.0104731	0.00816102	0.0134924
-7.22222	0.00402326	0.0116505	0.00830197	0.0139006
-7.18719	0.00419181	0.0131585	0.00844883	0.0143616
-7.15215	0.00443511	0.0149284	0.00860422	0.0148846
-7.11712	0.00474207	0.0168002	0.00877036	0.0154732
-7.08208	0.00508518	0.0184946	0.00894851	0.0161212
-7.04705	0.0054325	0.0196275	0.00913884	0.0168088
-7.01201	0.00578706	0.0199771	0.00934159	0.0175087
-6.97698	0.00620424	0.0197813	0.00955896	0.0182018
-6.94194	0.00675302	0.0195211	0.00979555	0.0188857
-6.90691	0.00746421	0.0194621	0.0100571	0.0195675
-6.87187	0.00828482	0.0195165	0.0103473	0.0202513
-6.83684	0.00903821	0.0194796	0.010664	0.0209338
-6.8018	0.00946902	0.0193532	0.0109957	0.0216118
-6.76677	0.0094378	0.019386	0.0113264	0.022291
-6.73173	0.009062	0.0198713	0.0116439	0.0229872
-6.6967	0.00859613	0.02102	0.011945	0.0237236
-6.66166	0.00824035	0.022966	0.0122337	0.0245282
-6.62663	0.008086	0.0257894	0.012517	0.0254318
-6.59159	0.00815659	0.0294963	0.0128028	0.0264652
-6.55656	0.0084511	0.0339982	0.0130989	0.0276563
-6.52152	0.00895996	0.039144	0.0134128	0.0290277
-6.48649	0.00965987	0.0446224	0.0137512	0.0305911
-6.45145	0.0105112	0.0496054	0.0141195	0.032329
-6.41642	0.0114948	0.0527793	0.0145222	0.0341781
-6.38138	0.012672	0.0532347	0.0149662	0.0360432
-6.34635	0.0141722	0.0512131	0.0154627	0.0378374
-6.31131	0.0160903	0.0478383	0.0160264	0.0395135
-6.27628	0.0183488	0.0444172	0.0166693	0.0410696
-6.24124	0.0205515	0.0419593	0.0173893	0.0425397
-6.20621	0.0220086	0.0410161	0.0181604	0.0439767
-6.17117	0.022207	0.041797	0.0189384	0.045441
-6.13614	0.0213469	0.0443683	0.0196863	0.0469955
-6.1011	0.0201474	0.0486473	0.0203921	0.0486998
-6.06607	0.0192408	0.0541265	0.0210662	0.0505961
-6.03103	0.0189352	0.0596413	0.0217296	0.0526857
-5.996	0.0193152	0.0636541	0.0224063	0.0549158
-5.96096	0.0203679	0.0650128	0.0231199	0.0571935
-5.92593	0.0220312	0.0634868	0.0238918	0.0594178
-5.89089	0.0242077	0.0597604	0.0247399	0.0615115
-5.85586	0.0268325	0.0549977	0.02568	0.0634383
-5.82082	0.0299849	0.0502859	0.0267305	0.0652001
-5.78579	0.0338167	0.0464261	0.0279153	0.0668267
-5.75075	0.0382367	0.043954	0.0292549	0.0683666
-5.71572	0.0427119	0.0430975	0.0307513	0.0698765
-5.68068	0.0464807	0.0437301	0.0323798	0.0714086
-5.64565	0.0489051	0.0453776	0.0340932	0.0729984
-5.61061	0.0495647	0.0473476	0.0358297	0.0746572
-5.57558	0.0484051	0.0490755	0.0375255	0.0763766
-5.54054	0.0460737	0.0505141	0.0391397	0.0781464
-5.50551	0.043764	0.0521716	0.040673	0.0799742
-5.47047	0.0425385	0.0546143	0.0421634	0.0818876
-5.43544	0.0428957	0.057807	0.0436662	0.0839129
-5.4004	0.0447611	0.060924	0.0452344	0.0860473
-5.36537	0.0476462	0.0629275	0.0469037	0.088252
-5.33033	0.0509466	0.0634426	0.0486886	0.0904747
-5.2953	0.0542231	0.0629625	0.0505883	0.0926806
-5.26026	0.0571016	0.0622868	0.0525889	0.0948628
-5.22523	0.0590576	0.0620781	0.054658	0.0970378
-5.19019	0.0595148	0.0627962	0.0567431	0.0992378
-5.15516	0.0581306	0.0645433	0.0587797	0.101499
-5.12012	0.055154	0.0668812	0.060712	0.103842
-5.08509	0.0515634	0.0690688	0.0625185	0.106262
-5.05005	0.0485785	0.0706046	0.0642205	0.108736
-5.01502	0.0469748	0.0715361	0.0658662	0.111242
-4.97998	0.0468307	0.0722532	0.0675069	0.113773
-4.94494	0.0476725	0.0731047	0.0691772	0.116335
-4.90991	0.0488214	0.074243	0.0708876	0.118936
-4.87487	0.0498303	0.0756599	0.0726334	0.121586
-4.83984	0.0507544	0.0772258	0.0744116	0.124292
-4.8048	0.0519579	0.0786735	0.076232	0.127048
-4.76977	0.0535892	0.0795825	0.0781095	0.129837
-4.73473	0.055364	0.0794896	0.0800491	0.132622
-4.6997	0.0568811	0.0782279	0.082042	0.135362
-4.66466	0.0579568	0.0762776	0.0840725	0.138035
-4.62963	0.0586306	0.0745621	0.0861266	0.140647
-4.59459	0.0590876	0.0737281	0.0881967	0.14323
-4.55956	0.0596588	0.0738255	0.0902869	0.145816
-4.52452	0.0605992	0.0745921	0.09241	0.14843
-4.48949	0.0618112	0.0757719	0.0945755	0.151084
-4.45445	0.0630094	0.0772078	0.0967831	0.153789
-4.41942	0.0640649	0.0788138	0.0990276	0.156551
-4.38438	0.0650692	0.0805339	0.101307	0.159372
-4.34935	0.0661718	0.0823	0.103626	0.162256
-4.31431	0.0674564	0.0839786	0.105989	0.165198
-4.27928	0.0689301	0.0853082	0.108404	0.168187
-4.24424	0.0705579	0.0858999	0.110876	0.171196
-4.20921	0.0722953	0.0854727	0.113409	0.174191
-4.17417	0.0740936	0.0843008	0.116005	0.177144
-4.13914	0.0758234	0.0832409	0.118661	0.18006
-4.1041	0.0771941	0.0830333	0.121366	0.182969
-4.06907	0.0778763	0.083788	0.124094	0.185905
-4.03403	0.0777413	0.0851926	0.126818	0.18889
-3.999	0.076999	0.0868807	0.129515	0.191934
-3.96396	0.0761169	0.0885564	0.132182	0.195036
-3.92893	0.0755188	0.0899836	0.134828	0.198189
-3.89389	0.0753741	0.0910191	0.137469	0.201378
-3.85886	0.075647	0.0917218	0.140119	0.204591
-3.82382	0.0762211	0.0923753	0.142789	0.207827
-3.78879	0.0769671	0.0932993	0.145486	0.211096
-3.75375	0.0777584	0.0946393	0.14821	0.214412
-3.71872	0.0784832	0.0963544	0.15096	0.217788
-3.68368	0.0791049	0.0983315	0.153731	0.221233
-3.64865	0.0797473	0.100454	0.156525	0.224752
-3.61361	0.0806335	0.102585	0.15935	0.228346
-3.57858	0.0818484	0.104567	0.162218	0.23201
-3.54354	0.0832757	0.106319	0.165135	0.235735
-3.50851	0.0847738	0.107959	0.168105	0.239517
-3.47347	0.0862505	0.10967	0.171127	0.243359
-3.43844	0.0876367	0.111522	0.174198	0.247266
-3.4034	0.0888822	0.113553	0.177312	0.251245
-3.36837	0.0899358	0.115819	0.180462	0.255302
-3.33333	0.0906862	0.118124	0.18364	0.259441
-3.2983	0.0909641	0.11982	0.186827	0.263639
-3.26326	0.0906917	0.119959	0.190004	0.267842
-3.22823	0.0900973	0.117799	0.193161	0.271969
-3.19319	0.0897414	0.113333	0.196305	0.275939
-3.15816	0.0902577	0.107226	0.199467	0.279696
-3.12312	0.0919626	0.100332	0.202689	0.283211
-3.08809	0.0946332	0.0934534	0.206004	0.286485
-3.05305	0.0976664	0.0871792	0.209426	0.28954
-3.01802	0.100395	0.081759	0.212943	0.292404
-2.98298	0.102207	0.0771523	0.216524	0.295107
-2.94795	0.102755	0.0731848	0.220124	0.297671
-2.91291	0.102317	0.069746	0.223709	0.300115
-2.87788	0.101591	0.0667438	0.227268	0.302453
-2.84284	0.100975	0.0637967	0.230806	0.304688
-2.80781	0.100571	0.0604889	0.234329	0.306807
-2.77277	0.100771	0.057051	0.23786	0.308806
-2.73774	0.102044	0.0542448	0.241435	0.310707
-2.7027	0.104182	0.0526551	0.245085	0.312551
-2.66767	0.106189	0.0523367	0.248805	0.314385
-2.63263	0.106696	0.0528756	0.252543	0.316238
-2.5976	0.104631	0.0537161	0.256209	0.318119
-2.56256	0.100004	0.0546252	0.259713	0.320033
-2.52753	0.0940161	0.0558176	0.263007	0.321989
-2.49249	0.0882645	0.0574894	0.266099	0.324003
-2.45746	0.0840684	0.0592824	0.269044	0.32608
-2.42242	0.0821723	0.0603953	0.271923	0.328196
-2.38739	0.082607	0.0602341	0.274817	0.330306
-2.35235	0.0845901	0.0587401	0.277781	0.332364
-2.31732	0.0866196	0.0562264	0.280816	0.334334
-2.28228	0.0870952	0.0532289	0.283867	0.336199
-2.24725	0.0852642	0.0504337	0.286854	0.337966
-2.21221	0.0816602	0.0485277	0.289715	0.339666
-2.17718	0.0775546	0.0479632	0.292432	0.341346
-2.14214	0.0741442	0.0487691	0.29503	0.343055
-2.10711	0.072145	0.0505074	0.297558	0.344825
-2.07207	0.0717164	0.0524702	0.30007	0.346663
-2.03704	0.0725564	0.0540772	0.302612	0.348557
-2.002	0.0739356	0.055042	0.305203	0.350486
-1.96697	0.0748112	0.0553063	0.307824	0.352424
-1.93193	0.0744861	0.0551499	0.310433	0.354356
-1.8969	0.0732114	0.0551465	0.312998	0.356288
-1.86186	0.0718267	0.055658	0.315515	0.358238
-1.82683	0.0709608	0.0564617	0.318001	0.360216
-1.79179	0.0707802	0.057131	0.320481	0.362217
-1.75676	0.0711734	0.0576249	0.322974	0.364236
-1.72172	0.0717768	0.0581366	0.325489	0.366273
-1.68669	0.0721426	0.0587253	0.328016	0.368331
-1.65165	0.0721765	0.0594875	0.330545	0.370415
-1.61662	0.0721993	0.06074	0.333075	0.372543
-1.58158	0.0726527	0.0626685	0.33562	0.374738
-1.54655	0.0737058	0.0649014	0.338202	0.377012
-1.51151	0.0749495	0.0666478	0.340828	0.379347
-1.47648	0.0756777	0.0672681	0.343479	0.381704
-1.44144	0.0755488	0.0667153	0.346126	0.384041
-1.40641	0.0747523	0.0654786	0.348745	0.386335
-1.37137	0.0735598	0.0641809	0.351322	0.388584
-1.33634	0.072045	0.0632816	0.353847	0.390801
-1.3013	0.0703279	0.063064	0.35631	0.39301
-1.26627	0.0687245	0.0637416	0.358718	0.395244
-1.23123	0.067532	0.0654818	0.361084	0.397538
-1.1962	0.0668784	0.068362	0.363427	0.399933
-1.16116	0.0668752	0.072406	0.36577	0.40247
-1.12613	0.0677716	0.0775814	0.368145	0.405188
-1.09109	0.069809	0.0835296	0.37059	0.408114
-1.05606	0.0731235	0.0894922	0.373152	0.41125
-1.02102	0.0778288	0.0948943	0.375879	0.414574
-0.985986	0.083863	0.0997845	0.378817	0.41807
-0.950951	0.0906587	0.104478	0.381993	0.421731
-0.915916	0.0972268	0.109056	0.3854	0.425551
-0.880881	0.102647	0.113239	0.388996	0.429519
-0.845846	0.106325	0.116384	0.392721	0.433596
-0.810811	0.108039	0.117465	0.396506	0.437712
-0.775776	0.108022	0.115544	0.400291	0.44176
-0.740741	0.106807	0.11064	0.404033	0.445636
-0.705706	0.1048	0.103917	0.407704	0.449277
-0.670671	0.102284	0.0969376	0.411288	0.452673
-0.635636	0.0998737	0.0909533	0.414787	0.455859
-0.600601	0.0986147	0.0867525	0.418242	0.458899
-0.565566	0.099616	0.0847988	0.421732	0.46187
-0.530531	0.103746	0.0853874	0.425367	0.464861
-0.495495	0.111439	0.0886602	0.429271	0.467967
-0.46046	0.122363	0.0944028	0.433558	0.471275
-0.425425	0.135021	0.101729	0.438289	0.474839
-0.39039	0.146693	0.108959	0.443428	0.478656
-0.355355	0.154088	0.113872	0.448826	0.482646
-0.32032	0.154612	0.114396	0.454243	0.486654
-0.285285	0.147598	0.109651	0.459414	0.490495
-0.25025	0.134491	0.100572	0.464126	0.494019
-0.215215	0.118077	0.0894259	0.468263	0.497152
-0.18018	0.10141	0.0785925	0.471816	0.499905
-0.145145	0.0867885	0.0696267	0.474857	0.502345
-0.11011	0.0752505	0.0631171	0.477493	0.504556
-0.0750751	0.0668603	0.0590611	0.479836	0.506625
-0.04004	0.0612738	0.057275	0.481982	0.508632
-0.00500501	0.0581201	0.0576282	0.484018	0.510651
0.03003	0.05716	0.0601381	0.486021	0.512758
0.0650651	0.0583271	0.0649958	0.488065	0.515035
0.1001	0.0617152	0.0725438	0.490227	0.517577
0.135135	0.0675093	0.0831612	0.492592	0.52049
0.17017	0.0757986	0.0969544	0.495248	0.523887
0.205205	0.086211	0.113218	0.498268	0.527854
0.24024	0.0974852	0.130001	0.501683	0.532408
0.275275	0.107416	0.144369	0.505447	0.537466
0.31031	0.113572	0.15335	0.509426	0.542839
0.345345	0.114539	0.155011	0.513439	0.54827
0.38038	0.110701	0.149382	0.517317	0.553503
0.415415	0.103896	0.138599	0.520957	0.558359
0.45045	0.0963937	0.125902	0.524334	0.56277
0.485485	0.0900727	0.114271	0.52749	0.566773
0.520521	0.0860485	0.105577	0.530505	0.570472
0.555556	0.0846976	0.100448	0.533472	0.573991
0.590591	0.0859499	0.098626	0.536483	0.577447
0.625626	0.0895464	0.0993457	0.53962	0.580927
0.660661	0.0950837	0.101545	0.542952	0.584485
0.695696	0.101886	0.104117	0.546521	0.588133
0.730731	0.108836	0.106303	0.550334	0.591857
0.765766	0.114413	0.107774	0.554343	0.595633
0.800801	0.117246	0.108189	0.558451	0.599423
0.835836	0.116953	0.107014	0.562548	0.603173
0.870871	0.114282	0.103893	0.566552	0.606813
0.905906	0.110312	0.0989249	0.570417	0.610278
0.940941	0.105804	0.0926041	0.574123	0.613523
0.975976	0.101135	0.0857662	0.577667	0.616528
1.01101	0.0963294	0.0794308	0.581042	0.61931
1.04605	0.0911021	0.0743222	0.584233	0.621914
1.08108	0.085267	0.0706204	0.587221	0.624389
1.11612	0.0792305	0.0682299	0.589997	0.626779
1.15115	0.0737755	0.0670268	0.592581	0.629127
1.18619	0.0693977	0.0668031	0.595013	0.631468
1.22122	0.0661874	0.0672881	0.597332	0.633825
1.25626	0.0641257	0.0683335	0.599578	0.636219
1.29129	0.0631579	0.0698412	0.601791	0.638666
1.32633	0.0631394	0.0715612	0.604003	0.641173
1.36136	0.0638671	0.0731566	0.606241	0.643736
1.3964	0.0650888	0.0744483	0.608521	0.646345
1.43143	0.0664042	0.0753813	0.610847	0.648986
1.46647	0.0672183	0.0757329	0.613202	0.651639
1.5015	0.0669574	0.075234	0.615548	0.654275
1.53654	0.0654866	0.0740636	0.617843	0.65687
1.57157	0.0633039	0.0728894	0.620061	0.659423
1.60661	0.0612216	0.0722629	0.622205	0.661955
1.64164	0.0597746	0.0721643	0.6243	0.664483
1.67668	0.0589122	0.0721888	0.626364	0.667012
1.71171	0.0583005	0.0719423	0.628406	0.669533
1.74675	0.0577748	0.0713688	0.63043	0.672033
1.78178	0.0572956	0.0708456	0.632438	0.674515
1.81682	0.0566859	0.0708122	0.634424	0.676996
1.85185	0.0558708	0.0714688	0.636381	0.6795
1.88689	0.0552119	0.0727549	0.638315	0.682049
1.92192	0.0550754	0.0741785	0.640245	0.684648
1.95696	0.055268	0.0748817	0.642181	0.687271
1.99199	0.055206	0.0743448	0.644115	0.689876
2.02703	0.0544741	0.0729981	0.646024	0.692434
2.06206	0.0530288	0.0718727	0.647882	0.694952
2.0971	0.0510912	0.0718432	0.649672	0.697469
2.13213	0.0491786	0.0733548	0.651395	0.700039
2.16717	0.0480199	0.0763978	0.653077	0.702715
2.2022	0.0481672	0.0804158	0.654765	0.705533
2.23724	0.049729	0.0843302	0.656507	0.708487
2.27227	0.0523617	0.0868252	0.658341	0.711529
2.30731	0.0554162	0.0870505	0.660283	0.714579
2.34234	0.0581711	0.085356	0.662321	0.717569
2.37738	0.0600167	0.0831685	0.664424	0.720483
2.41241	0.0605507	0.0821147	0.666545	0.72336
2.44745	0.0597107	0.0832405	0.668637	0.726276
2.48248	0.0579739	0.0867657	0.670668	0.729316
2.51752	0.0561745	0.0921523	0.672636	0.732545
2.55255	0.0548463	0.0982353	0.674558	0.735986
2.58759	0.0539072	0.103458	0.676446	0.739611
2.62262	0.0530737	0.106409	0.678306	0.743339
2.65766	0.0524321	0.10666	0.680143	0.747076
2.69269	0.0524876	0.105	0.681982	0.750755
2.72773	0.0537364	0.102765	0.683864	0.754355
2.76276	0.0562651	0.101108	0.685836	0.757897
2.7978	0.0596082	0.100513	0.687924	0.761419
2.83283	0.0629671	0.100704	0.69013	0.764947
2.86787	0.0658996	0.101241	0.692439	0.768494
2.9029	0.068721	0.101986	0.694847	0.772067
2.93794	0.0719442	0.102642	0.697367	0.775663
2.97297	0.0757667	0.102496	0.700022	0.779254
3.00801	0.0802659	0.10107	0.702834	0.782795
3.04304	0.0855667	0.0985636	0.705832	0.786248
3.07808	0.0917125	0.095559	0.709045	0.789596
3.11311	0.0985201	0.0927164	0.712496	0.792845
3.14815	0.105489	0.0906819	0.716192	0.796022
3.18318	0.111869	0.0898192	0.720111	0.799168
3.21822	0.116814	0.0899606	0.724204	0.80232
3.25325	0.119573	0.090527	0.728393	0.805492
3.28829	0.119946	0.0909033	0.732596	0.808677
3.32332	0.118524	0.0907602	0.736748	0.811856
3.35836	0.116273	0.090112	0.740822	0.815013
3.39339	0.113975	0.0891307	0.744815	0.818136
3.42843	0.111968	0.0879552	0.748738	0.821218
3.46346	0.110218	0.0866428	0.752599	0.824253
3.4985	0.108612	0.0852254	0.756404	0.827239
3.53353	0.107037	0.0837522	0.760154	0.830173
3.56857	0.105305	0.0822998	0.763844	0.833057
3.6036	0.103292	0.0810014	0.767463	0.835895
3.63864	0.101088	0.0800104	0.771004	0.838698
3.67367	0.0988772	0.0793117	0.774468	0.841476
3.70871	0.0968064	0.0786947	0.77786	0.844234
3.74374	0.0949879	0.0779902	0.781188	0.846966
3.77878	0.093534	0.0771966	0.784465	0.849671
3.81381	0.0925129	0.076413	0.787706	0.852348
3.84885	0.0918341	0.0757591	0.790924	0.855002
3.88388	0.0912065	0.0753652	0.794119	0.857642
3.91892	0.0903062	0.0753545	0.797283	0.860282
3.95395	0.0890031	0.0758056	0.800401	0.862938
3.98899	0.087397	0.07664	0.803463	0.865623
4.02402	0.0857098	0.0775165	0.806466	0.868339
4.05906	0.0842205	0.0779343	0.809417	0.87107
4.09409	0.0832738	0.0775528	0.812334	0.873787
4.12913	0.0832091	0.0763869	0.815249	0.876463
4.16416	0.0840535	0.0747293	0.818194	0.879081
4.1992	0.085222	0.0729097	0.82118	0.881635
4.23423	0.0858393	0.071114	0.824187	0.884127
4.26927	0.085471	0.0694159	0.827182	0.886559
4.3043	0.0842914	0.0678637	0.830135	0.888936
4.33934	0.0826839	0.0664959	0.833032	0.891266
4.37437	0.0809402	0.0653172	0.835867	0.893554
4.40941	0.0792179	0.0642665	0.838643	0.895806
4.44444	0.0775956	0.0632067	0.841361	0.898021
4.47948	0.0761292	0.0620152	0.844029	0.900193
4.51451	0.0748945	0.0607602	0.846652	0.902322
4.54955	0.0740294	0.0597348	0.849246	0.904415
4.58458	0.0737661	0.0591591	0.851831	0.906487
4.61962	0.0743795	0.0588601	0.854436	0.90855
4.65465	0.0759208	0.0584139	0.857096	0.910596
4.68969	0.0778767	0.0575089	0.859825	0.912611
4.72472	0.0793232	0.0560599	0.862604	0.914575
4.75976	0.0796436	0.0542333	0.865394	0.916475
4.79479	0.0788954	0.0524391	0.868158	0.918312
4.82983	0.0775197	0.0510554	0.870874	0.920101
4.86486	0.0759591	0.0500527	0.873535	0.921855
4.8999	0.0745084	0.0490616	0.876146	0.923573
4.93493	0.0733212	0.0478874	0.878715	0.925251
4.96997	0.0724339	0.046842	0.881252	0.926892
5.00501	0.0717376	0.046584	0.883766	0.928524
5.04004	0.0709244	0.0477004	0.88625	0.930196
5.07508	0.0695771	0.0503284	0.888688	0.931959
5.11011	0.0675243	0.0539378	0.891054	0.933849
5.14515	0.0651513	0.0574039	0.893336	0.93586
5.18018	0.0632137	0.0595511	0.895551	0.937946
5.21522	0.0622829	0.0597979	0.897733	0.940041
5.25025	0.0623765	0.0582681	0.899919	0.942083
5.28529	0.0630519	0.0554999	0.902128	0.944027
5.32032	0.0636304	0.0521148	0.904357	0.945853
5.35536	0.0633142	0.0485928	0.906575	0.947555
5.39039	0.0615462	0.0453771	0.908731	0.949145
5.42543	0.0585413	0.043049	0.910782	0.950653
5.46046	0.0552452	0.0421508	0.912718	0.95213
5.4955	0.0525823	0.0428923	0.91456	0.953633
5.53053	0.0507748	0.0449769	0.916339	0.955209
5.56557	0.0493495	0.0475262	0.918068	0.956874
5.6006	0.0477255	0.0493168	0.91974	0.958601
5.63564	0.0457996	0.0494197	0.921345	0.960333
5.67067	0.0440381	0.0476151	0.922887	0.962001
5.70571	0.0431387	0.0442093	0.924399	0.96355
5.74074	0.0436507	0.0398115	0.925928	0.964945
5.77578	0.0457969	0.0352278	0.927533	0.966179
5.81081	0.0494375	0.0311256	0.929265	0.967269
5.84585	0.0540829	0.0277251	0.931159	0.968241
5.88088	0.0589406	0.024907	0.933224	0.969113
5.91592	0.0629435	0.0225529	0.93543	0.969903
5.95095	0.064923	0.0206988	0.937704	0.970629
5.98599	0.0640982	0.0194422	0.93995	0.97131
6.02102	0.0605244	0.0188514	0.94207	0.97197
6.05606	0.0551791	0.0189505	0.944004	0.972634
6.09109	0.0495609	0.0196945	0.94574	0.973324
6.12613	0.044955	0.0208683	0.947315	0.974055
6.16116	0.0420204	0.0219507	0.948787	0.974824
6.1962	0.0409266	0.0221971	0.950221	0.975602
6.23123	0.0416345	0.0211643	0.95168	0.976344
6.26627	0.0439638	0.0191462	0.95322	0.977014
6.3013	0.0474194	0.0168438	0.954881	0.977604
6.33634	0.0510267	0.0147807	0.956669	0.978122
6.37137	0.0534565	0.0131338	0.958542	0.978582
6.40641	0.0534951	0.0118517	0.960416	0.978998
6.44144	0.0507268	0.0108034	0.962193	0.979376
6.47648	0.0459107	0.00990018	0.963802	0.979723
6.51151	0.0403863	0.00914106	0.965217	0.980043
6.54655	0.0351042	0.00856376	0.966447	0.980343
6.58158	0.0304346	0.0081952	0.967513	0.98063
6.61662	0.0265318	0.00804652	0.968442	0.980912
6.65165	0.0234972	0.00812091	0.969266	0.981197
6.68669	0.0213458	0.00840591	0.970014	0.981491
6.72172	0.0200144	0.00883997	0.970715	0.981801
6.75676	0.0193913	0.00926751	0.971394	0.982126
6.79179	0.0193032	0.00944998	0.97207	0.982457
6.82683	0.0194867	0.00920402	0.972753	0.982779
6.86186	0.0196601	0.00856674	0.973442	0.983079
6.8969	0.0197249	0.00776181	0.974133	0.983351
6.93193	0.019823	0.00700542	0.974827	0.983597
6.96697	0.0200603	0.00639715	0.97553	0.983821
7.002	0.020227	0.00593402	0.976239	0.984029
7.03704	0.0198848	0.00555643	0.976936	0.984224
7.07207	0.018789	0.00520033	0.977594	0.984406
7.10711	0.0171232	0.00484661	0.978194	0.984575
7.14214	0.0152535	0.00452085	0.978728	0.984734
7.17718	0.0134576	0.00425352	0.9792	0.984883
7.21221	0.0118998	0.00405925	0.979617	0.985025
7.24725	0.0106608	0.00394123	0.97999	0.985163
7.28228	0.00975288	0.00389938	0.980332	0.9853
7.31732	0.00914583	0.00393257	0.980652	0.985438
7.35235	0.00878529	0.00403386	0.98096	0.985579
7.38739	0.00858909	0.00418063	0.981261	0.985725
7.42242	0.00845066	0.00432942	0.981557	0.985877
7.45746	0.00829274	0.00442588	0.981848	0.986032
7.49249	0.00813062	0.00442164	0.982132	0.986187
7.52753	0.00804332	0.00429819	0.982414	0.986338
7.56256	0.00808451	0.0040908	0.982697	0.986481
7.5976	0.00821851	0.00386139	0.982985	0.986616
7.63263	0.00830762	0.00364206	0.983276	0.986744
7.66767	0.00818917	0.0034244	0.983563	0.986864
7.7027	0.00781544	0.0031974	0.983837	0.986976
7.73774	0.00728632	0.00297418	0.984092	0.98708
7.77277	0.00672459	0.00277736	0.984328	0.987177
7.80781	0.00617668	0.00261984	0.984544	0.987269
7.84284	0.00564451	0.00250373	0.984742	0.987357
7.87788	0.00514825	0.00242673	0.984923	0.987442
7.91291	0.00472233	0.00238631	0.985088	0.987525
7.94795	0.00438622	0.00238048	0.985242	0.987609
7.98298	0.00414032	0.00240583	0.985387	0.987693
8.01802	0.00397435	0.00245355	0.985526	0.987779
8.05305	0.00387078	0.00250843	0.985662	0.987867
8.08809	0.00380329	0.00255939	0.985795	0.987957
8.12312	0.00374259	0.00261319	0.985926	0.988048
8.15816	0.00367708	0.00268544	0.986055	0.988142
8.19319	0.00362363	0.0027733	0.986182	0.988239
8.22823	0.00360929	0.00283992	0.986308	0.988339
8.26326	0.00365124	0.00283198	0.986436	0.988438
8.2983	0.00374944	0.00272446	0.986567	0.988534
8.33333	0.00387722	0.00254375	0.986703	0.988623
8.36837	0.0039722	0.00234183	0.986842	0.988705
8.4034	0.0039569	0.00215906	0.986981	0.98878
8.43844	0.00379504	0.00201255	0.987114	0.988851
8.47347	0.00352662	0.00190438	0.987238	0.988918
8.50851	0.00323055	0.00183123	0.987351	0.988982
8.54354	0.00296566	0.00178871	0.987455	0.989044
8.57858	0.00275488	0.00177167	0.987551	0.989107
8.61361	0.00259966	0.00177228	0.987642	0.989169
8.64865	0.00249409	0.00177947	0.98773	0.989231
8.68368	0.00243082	0.00178525	0.987815	0.989294
8.71872	0.00240073	0.00179384	0.987899	0.989356
8.75375	0.00238956	0.00181902	0.987983	0.98942
8.78879	0.00237847	0.00187177	0.988066	0.989486
8.82382	0.00235507	0.00194986	0.988148	0.989554
8.85886	0.00232379	0.00202985	0.98823	0.989625
8.89389	0.00229836	0.00206787	0.98831	0.989698
8.92893	0.00229093	0.00202624	0.988391	0.989769
8.96396	0.00231095	0.00190968	0.988472	0.989835
8.999	0.00236316	0.00175925	0.988554	0.989897
9.03403	0.00243988	0.00161403	0.98864	0.989954
9.06907	0.00251687	0.00149237	0.988728	0.990006
9.1041	0.00256235	0.00139724	0.988818	0.990055
9.13914	0.00255221	0.00132526	0.988907	0.990101
9.17417	0.00247729	0.00127184	0.988994	0.990146
9.20921	0.00234868	0.00123295	0.989076	0.990189
9.24424	0.00219685	0.00120499	0.989153	0.990231
9.27928	0.00205522	0.00118401	0.989225	0.990273
9.31431	0.00194396	0.00116632	0.989293	0.990314
9.34935	0.00186834	0.00115124	0.989359	0.990354
9.38438	0.00182358	0.00114187	0.989423	0.990394
9.41942	0.00179751	0.00114233	0.989486	0.990434
9.45445	0.0017741	0.00115504	0.989548	0.990474
9.48949	0.00174397	0.00117879	0.989609	0.990516
9.52452	0.00171261	0.00120608	0.989669	0.990558
9.55956	0.00169315	0.00122162	0.989728	0.990601
9.59459	0.00169424	0.00120967	0.989788	0.990643
9.62963	0.00171531	0.00116776	0.989848	0.990684
9.66466	0.00174678	0.00110875	0.989909	0.990723
9.6997	0.00177555	0.00104824	0.989971	0.99076
9.73473	0.0017948	0.000995318	0.990034	0.990795
9.76977	0.00180216	0.000952505	0.990097	0.990828
9.8048	0.00178747	0.000919084	0.99016	0.99086
9.83984	0.0017369	0.000893507	0.990221	0.990891
9.87487	0.00165158	0.000874487	0.990279	0.990922
9.90991	0.00155095	0.000861245	0.990333	0.990952
9.94494	0.00145628	0.000853236	0.990384	0.990982
9.97998	0.00137723	0.000849707	0.990432	0.991012
10.015	0.00131177	0.000849534	0.990478	0.991042
10.0501	0.00125339	0.000851816	0.990522	0.991072
10.0851	0.00119891	0.000856328	0.990564	0.991102
10.1201	0.0011502	0.000861856	0.990604	0.991132
10.1552	0.00111021	0.000863896	0.990643	0.991162
10.1902	0.00108034	0.000856467	0.990681	0.991192
10.2252	0.00106076	0.000838319	0.990718	0.991221
10.2603	0.00105117	0.000814864	0.990755	0.99125
10.2953	0.0010507	0.000792816	0.990792	0.991278
10.3303	0.00105681	0.000775894	0.990829	0.991305
10.3654	0.00106389	0.000764588	0.990866	0.991332
10.4004	0.0010648	0.000756958	0.990903	0.991358
10.4354	0.00105624	0.000749375	0.99094	0.991384
10.4705	0.00104061	0.000738445	0.990977	0.99141
10.5055	0.00102081	0.000723552	0.991013	0.991436
10.5405	0.000996988	0.000706976	0.991048	0.99146
10.5756	0.000968871	0.000691541	0.991082	0.991485
10.6106	0.00093817	0.000678982	0.991114	0.991508
10.6456	0.000908462	0.000669936	0.991146	0.991532
10.6807	0.000882967	0.000664291	0.991177	0.991555
10.7157	0.000862694	0.000661296	0.991207	0.991578
10.7508	0.000846527	0.000659723	0.991237	0.991601
10.7858	0.000832776	0.00065804	0.991266	0.991625
10.8208	0.000821077	0.000654215	0.991295	0.991647
10.8559	0.000812715	0.000646278	0.991324	0.99167
10.8909	0.000809233	0.000634383	0.991352	0.991692
10.9259	0.000811165	0.000621099	0.99138	0.991714
10.961	0.000817032	0.000609139	0.991409	0.991735
10.996	0.000822238	0.000599868	0.991438	0.991756
11.031	0.000819876	0.00059336	0.991466	0.991777
11.0661	0.00080586	0.000588656	0.991495	0.991798
11.1011	0.000783199	0.000583953	0.991522	0.991818
11.1361	0.000758596	0.000577439	0.991549	0.991839
11.1712	0.000737011	0.000568721	0.991575	0.991858
11.2062	0.000720478	0.000559071	0.9916	0.991878
11.2412	0.000709362	0.000550152	0.991625	0.991897
11.2763	0.000703369	0.000543005	0.991649	0.991916
11.3113	0.000701715	0.00053803	0.991674	0.991935
11.3463	0.00070267	0.000535231	0.991698	0.991954
11.3814	0.000703267	0.000534194	0.991723	0.991973
11.4164	0.000700396	0.000533735	0.991748	0.991991
11.4515	0.000692858	0.000531734	0.991772	0.99201
11.4865	0.000682047	0.000526213	0.991796	0.992028
11.5215	0.000670559	0.000517152	0.991819	0.992047
11.5566	0.00066052	0.000506412	0.991842	0.992064
11.5916	0.000652555	0.000495892	0.991865	0.992082
11.6266	0.000645184	0.000486525	0.991888	0.992099
11.6617	0.000635607	0.000478488	0.99191	0.992115
11.6967	0.000622364	0.00047165	0.991932	0.992132
11.7317	0.000606882	0.000465824	0.991953	0.992148
11.7668	0.000591699	0.00046086	0.991974	0.992164
11.8018	0.000578429	0.000456654	0.991994	0.99218
11.8368	0.000567559	0.000453113	0.992014	0.992196
11.8719	0.000559012	0.000450082	0.992034	0.992212
11.9069	0.000552542	0.000447263	0.992053	0.992228
11.9419	0.000547841	0.000444257	0.992072	0.992243
11.977	0.000544434	0.000440833	0.992091	0.992259
12.012	0.000541562	0.000437141	0.99211	0.992274
12.047	0.000538354	0.000433501	0.992129	0.992289
12.0821	0.000534343	0.000430021	0.992148	0.992304
12.1171	0.000529773	0.000426487	0.992166	0.992319
12.1522	0.000525426	0.000422593	0.992185	0.992334
12.1872	0.000522039	0.000418209	0.992203	0.992349
12.2222	0.000519637	0.00041347	0.992221	0.992363
12.2573	0.000517221	0.00040868	0.992239	0.992378
12.2923	0.000513105	0.000404098	0.992257	0.992392
12.3273	0.000506114	0.000399838	0.992275	0.992406
12.3624	0.000496746	0.000395901	0.992293	0.99242
12.3974	0.000486628	0.00039225	0.99231	0.992433
12.4324	0.000477086	0.000388838	0.992326	0.992447
12.4675	0.000468648	0.00038563	0.992343	0.99246
12.5025	0.000461327	0.000382603	0.992359	0.992474
12.5375	0.000454952	0.000379744	0.992375	0.992487
12.5726	0.000449339	0.000377054	0.992391	0.9925
12.6076	0.000444338	0.000374543	0.992406	0.992513
12.6426	0.000439843	0.000372233	0.992422	0.992527
12.6777	0.000435793	0.000370146	0.992437	0.99254
12.7127	0.000432155	0.000368283	0.992452	0.992552
12.7477	0.00042892	0.000366577	0.992467	0.992565
12.7828	0.000426085	0.000364833	0.992482	0.992578
12.8178	0.000423634	0.000362774	0.992497	0.992591
12.8529	0.000421502	0.000360238	0.992512	0.992603
12.8879	0.000419535	0.000357303	0.992526	0.992616
12.9229	0.000417467	0.000354151	0.992541	0.992628
12.958	0.000414935	0.000350917	0.992555	0.992641
12.993	0.000411593	0.000347701	0.99257	0.992653
13.028	0.000407378	0.000344592	0.992584	0.992665
13.0631	0.000402632	0.000341642	0.992598	0.992677
13.0981	0.000397836	0.000338858	0.992612	0.992689
13.1331	0.000393305	0.000336225	0.992626	0.9927
13.1682	0.000389143	0.000333719	0.99264	0.992712
13.2032	0.000385332	0.000331324	0.992653	0.992724
13.2382	0.00038182	0.000329024	0.992666	0.992735
13.2733	0.000378557	0.000326814	0.99268	0.992747
13.3083	0.000375506	0.000324689	0.992693	0.992758
13.3433	0.000372645	0.000322652	0.992706	0.992769
13.3784	0.000369967	0.000320699	0.992719	0.992781
13.4134	0.000367474	0.000318822	0.992732	0.992792
13.4484	0.000365171	0.000316996	0.992745	0.992803
13.4835	0.000363044	0.000315206	0.992757	0.992814
13.5185	0.000361023	0.000313462	0.99277	0.992825
13.5536	0.000358944	0.000311789	0.992782	0.992836
13.5886	0.000356604	0.000310164	0.992795	0.992847
13.6236	0.000353941	0.00030848	0.992807	0.992858
13.6587	0.000351107	0.000306593	0.99282	0.992868
13.6937	0.000348315	0.000304443	0.992832	0.992879
13.7287	0.000345695	0.000302111	0.992844	0.99289
13.7638	0.000343279	0.000299739	0.992856	0.9929
13.7988	0.000341019	0.000297434	0.992868	0.99291
13.8338	0.000338805	0.000295236	0.99288	0.992921
13.8689	0.000336521	0.000293143	0.992892	0.992931
13.9039	0.000334113	0.000291141	0.992903	0.992941
13.9389	0.000331605	0.000289214	0.992915	0.992951
13.974	0.00032904	0.000287348	0.992926	0.992961
14.009	0.000326468	0.000285534	0.992938	0.992971
14.044	0.000323947	0.000283769	0.992949	0.992981
14.0791	0.000321525	0.000282051	0.992961	0.992991
14.1141	0.000319219	0.000280379	0.992972	0.993001
14.1491	0.000317029	0.000278749	0.992983	0.993011
14.1842	0.000314946	0.000277153	0.992994	0.993021
14.2192	0.000312958	0.000275581	0.993005	0.99303
14.2543	0.000311045	0.000274024	0.993016	0.99304
14.2893	0.000309183	0.000272471	0.993027	0.993049
14.3243	0.000307358	0.000270907	0.993037	0.993059
14.3594	0.000305578	0.000269311	0.993048	0.993068
14.3944	0.000303857	0.000267679	0.993059	0.993078
14.4294	0.000302184	0.000266019	0.993069	0.993087
14.4645	0.000300512	0.000264357	0.99308	0.993096
14.4995	0.000298777	0.000262715	0.99309	0.993105
14.5345	0.000296931	0.000261106	0.993101	0.993115
14.5696	0.000294955	0.000259533	0.993111	0.993124
14.6046	0.000292864	0.000257992	0.993121	0.993133
14.6396	0.00029071	0.000256479	0.993131	0.993142
14.6747	0.000288563	0.000254992	0.993142	0.993151
14.7097	0.000286478	0.000253528	0.993152	0.99316
14.7447	0.000284477	0.000252086	0.993162	0.993168
14.7798	0.000282558	0.000250664	0.993171	0.993177
14.8148	0.00028071	0.000249263	0.993181	0.993186
14.8498	0.000278925	0.000247881	0.993191	0.993195
14.8849	0.000277193	0.000246517	0.993201	0.993203
14.9199	0.000275506	0.000245169	0.99321	0.993212
14.955	0.000273857	0.000243832	0.99322	0.99322
14.99	0.000272234	0.000242501	0.99323	0.993229
15.025	0.000270627	0.000241174	0.993239	0.993237
15.0601	0.000269034	0.000239858	0.993248	0.993246
15.0951	0.00026746	0.000238556	0.993258	0.993254
15.1301	0.000265908	0.000237268	0.993267	0.993262
15.1652	0.000264372	0.000235991	0.993276	0.993271
15.2002	0.000262842	0.000234716	0.993286	0.993279
15.2352	0.000261318	0.000233441	0.993295	0.993287
15.2703	0.000259807	0.000232168	0.993304	0.993295
15.3053	0.000258313	0.000230904	0.993313	0.993303
15.3403	0.00025683	0.000229654	0.993322	0.993311
15.3754	0.000255347	0.000228418	0.993331	0.993319
15.4104	0.000253861	0.000227197	0.99334	0.993327
15.4454	0.000252373	0.00022599	0.993349	0.993335
15.4805	0.000250892	0.000224796	0.993357	0.993343
15.5155	0.000249426	0.000223614	0.993366	0.993351
15.5506	0.000247984	0.000222444	0.993375	0.993359
15.5856	0.000246567	0.000221286	0.993383	0.993366
15.6206	0.000245174	0.00022014	0.993392	0.993374
15.6557	0.000243802	0.000219004	0.993401	0.993382
15.6907	0.000242448	0.000217879	0.993409	0.993389
15.7257	0.000241107	0.000216763	0.993418	0.993397
15.7608	0.000239779	0.000215655	0.993426	0.993405
15.7958	0.000238462	0.000214555	0.993434	0.993412
15.8308	0.000237159	0.000213462	0.993443	0.99342
15.8659	0.000235871	0.000212377	0.993451	0.993427
15.9009	0.000234594	0.000211302	0.993459	0.993434
15.9359	0.000233327	0.000210238	0.993467	0.993442
15.971	0.000232071	0.000209183	0.993475	0.993449
16.006	0.000230827	0.000208138	0.993483	0.993456
16.041	0.000229597	0.000207099	0.993492	0.993464
16.0761	0.000228382	0.000206066	0.9935	0.993471
16.1111	0.000227178	0.000205038	0.993507	0.993478
16.1461	0.000225982	0.000204017	0.993515	0.993485
16.1812	0.000224791	0.000203004	0.993523	0.993492
16.2162	0.000223603	0.000201999	0.993531	0.993499
16.2513	0.000222421	0.000201003	0.993539	0.993507
16.2863	0.000221245	0.000200017	0.993547	0.993514
16.3213	0.00022008	0.000199039	0.993554	0.99352
16.3564	0.000218927	0.000198069	0.993562	0.993527
16.3914	0.000217787	0.000197108	0.99357	0.993534
16.4264	0.000216659	0.000196155	0.993577	0.993541
16.4615	0.000215542	0.000195208	0.993585	0.993548
16.4965	0.000214435	0.000194268	0.993592	0.993555
16.5315	0.000213338	0.000193333	0.9936	0.993562
16.5666	0.000212251	0.000192406	0.993607	0.993568
16.6016	0.000211174	0.000191486	0.993615	0.993575
16.6366	0.000210105	0.000190573	0.993622	0.993582
16.6717	0.000209045	0.000189668	0.993629	0.993588
16.7067	0.000207993	0.000188771	0.993637	0.993595
16.7417	0.000206949	0.00018788	0.993644	0.993602
16.7768	0.000205913	0.000186997	0.993651	0.993608
16.8118	0.000204886	0.000186119	0.993658	0.993615
16.8468	0.000203869	0.000185248	0.993665	0.993621
16.8819	0.000202861	0.000184383	0.993672	0.993628
16.9169	0.000201861	0.000183523	0.99368	0.993634
16.952	0.00020087	0.000182669	0.993687	0.99364
16.987	0.000199885	0.000181822	0.993694	0.993647
17.022	0.000198907	0.000180981	0.993701	0.993653
17.0571	0.000197934	0.000180146	0.993708	0.993659
17.0921	0.000196968	0.000179318	0.993714	0.993666
17.1271	0.000196009	0.000178495	0.993721	0.993672
17.1622	0.000195057	0.000177678	0.993728	0.993678
17.1972	0.000194113	0.000176867	0.993735	0.993684
17.2322	0.000193177	0.000176061	0.993742	0.993691
17.2673	0.000192249	0.000175262	0.993748	0.993697
17.3023	0.000191329	0.000174469	0.993755	0.993703
17.3373	0.000190415	0.000173681	0.993762	0.993709
17.3724	0.000189507	0.000172899	0.993768	0.993715
17.4074	0.000188606	0.000172123	0.993775	0.993721
17.4424	0.000187711	0.000171352	0.993782	0.993727
17.4775	0.000186824	0.000170587	0.993788	0.993733
17.5125	0.000185944	0.000169827	0.993795	0.993739
17.5475	0.000185071	0.000169073	0.993801	0.993745
17.5826	0.000184205	0.000168325	0.993808	0.993751
17.6176	0.000183346	0.000167581	0.993814	0.993757
17.6527	0.000182493	0.000166842	0.99382	0.993762
17.6877	0.000181647	0.000166107	0.993827	0.993768
17.7227	0.000180807	0.000165378	0.993833	0.993774
17.7578	0.000179973	0.000164653	0.993839	0.99378
17.7928	0.000179145	0.000163933	0.993846	0.993786
17.8278	0.000178321	0.000163218	0.993852	0.993791
17.8629	0.000177502	0.000162508	0.993858	0.993797
17.8979	0.000176689	0.000161803	0.993864	0.993803
17.9329	0.000175881	0.000161103	0.993871	0.993808
17.968	0.00017508	0.000160408	0.993877	0.993814
18.003	0.000174284	0.000159717	0.993883	0.99382
18.038	0.000173495	0.000159031	0.993889	0.993825
18.0731	0.000172711	0.00015835	0.993895	0.993831
18.1081	0.000171933	0.000157673	0.993901	0.993836
18.1431	0.000171161	0.000157001	0.993907	0.993842
18.1782	0.000170394	0.000156334	0.993913	0.993847
18.2132	0.000169633	0.000155671	0.993919	0.993853
18.2482	0.000168877	0.000155012	0.993925	0.993858
18.2833	0.000168127	0.000154357	0.993931	0.993863
18.3183	0.000167382	0.000153707	0.993937	0.993869
18.3534	0.000166642	0.000153061	0.993942	0.993874
18.3884	0.000165908	0.00015242	0.993948	0.99388
18.4234	0.000165179	0.000151782	0.993954	0.993885
18.4585	0.000164454	0.000151148	0.99396	0.99389
18.4935	0.000163735	0.000150519	0.993965	0.993895
18.5285	0.00016302	0.000149894	0.993971	0.993901
18.5636	0.00016231	0.000149272	0.993977	0.993906
18.5986	0.000161604	0.000148655	0.993983	0.993911
18.6336	0.000160904	0.000148042	0.993988	0.993916
18.6687	0.000160208	0.000147433	0.993994	0.993921
18.7037	0.000159517	0.000146827	0.993999	0.993927
18.7387	0.000158831	0.000146226	0.994005	0.993932
18.7738	0.000158149	0.000145628	0.99401	0.993937
18.8088	0.000157472	0.000145034	0.994016	0.993942
18.8438	0.000156799	0.000144444	0.994021	0.993947
18.8789	0.000156131	0.000143858	0.994027	0.993952
18.9139	0.000155468	0.000143275	0.994032	0.993957
18.9489	0.000154809	0.000142696	0.994038	0.993962
18.984	0.000154154	0.000142121	0.994043	0.993967
19.019	0.000153503	0.000141549	0.994049	0.993972
19.0541	0.000152857	0.000140981	0.994054	0.993977
19.0891	0.000152215	0.000140416	0.994059	0.993982
19.1241	0.000151578	0.000139855	0.994065	0.993987
19.1592	0.000150944	0.000139297	0.99407	0.993992
19.1942	0.000150315	0.000138743	0.994075	0.993996
19.2292	0.00014969	0.000138192	0.99408	0.994001
19.2643	0.000149069	0.000137645	0.994086	0.994006
19.2993	0.000148451	0.000137101	0.994091	0.994011
19.3343	0.000147838	0.00013656	0.994096	0.994016
19.3694	0.000147229	0.000136022	0.994101	0.994021
19.4044	0.000146623	0.000135488	0.994106	0.994025
19.4394	0.000146022	0.000134957	0.994111	0.99403
19.4745	0.000145424	0.00013443	0.994116	0.994035
19.5095	0.00014483	0.000133905	0.994122	0.994039
19.5445	0.00014424	0.000133384	0.994127	0.994044
19.5796	0.000143654	0.000132866	0.994132	0.994049
19.6146	0.000143071	0.000132351	0.994137	0.994053
19.6496	0.000142492	0.000131839	0.994142	0.994058
19.6847	0.000141917	0.00013133	0.994147	0.994063
19.7197	0.000141345	0.000130824	0.994152	0.994067
19.7548	0.000140777	0.000130321	0.994157	0.994072
19.7898	0.000140212	0.000129821	0.994161	0.994076
19.8248	0.000139651	0.000129324	0.994166	0.994081
19.8599	0.000139094	0.00012883	0.994171	0.994085
19.8949	0.00013854	0.000128339	0.994176	0.99409
19.9299	0.000137989	0.000127851	0.994181	0.994094
19.965	0.000137442	0.000127366	0.994186	0.994099
20	0.000136898	0.000126884	0.99419	0.994103
