model	D	U	e	eb1_1	eb2_1	eb3_1	eb4_1	eb5_1	eb6_1	eb7_1	eb8_1	mu	sb1_1	sb2_1	sb3_1	sb4_1	sb5_1	sb6_1	sb7_1	sb8_1	tb1_1	tb2_1	tb3_1	tb4_1	tb5_1	tb6_1	tb7_1	tb8_1	tpd	tpp	tppp	ave_U_1	ave_eb1_1	ave_eb2_1	ave_eb3_1	ave_eb4_1	ave_eb5_1	ave_eb6_1	ave_eb7_1	ave_eb8_1	ave_mu_1	ave_sb1_1	ave_sb2_1	ave_sb3_1	ave_sb4_1	ave_sb5_1	ave_sb6_1	ave_sb7_1	ave_sb8_1	ave_tb1_1	ave_tb2_1	ave_tb3_1	ave_tb4_1	ave_tb5_1	ave_tb6_1	ave_tb7_1	ave_tb8_1	var_U_1	var_eb1_1	var_eb2_1	var_eb3_1	var_eb4_1	var_eb5_1	var_eb6_1	var_eb7_1	var_eb8_1	var_mu_1	var_sb1_1	var_sb2_1	var_sb3_1	var_sb4_1	var_sb5_1	var_sb6_1	var_sb7_1	var_sb8_1	var_tb1_1	var_tb2_1	var_tb3_1	var_tb4_1	var_tb5_1	var_tb6_1	var_tb7_1	var_tb8_1	E0_1	sector_1	E0_2	sector_2	githash	version	distance	diff_param	diff_hybrid	time
2x2_2C_8b_C2v_L	0	14	2.3	-0.006655534	-3.3502828	-4.1133163	-0.10235806	-4.113222	-0.1023468	0.14108001	-3.7537133	9.68	-0.0001012231	7.5002141e-06	0.011771903	-0.16264369	0.011773954	-0.16264057	1.0013529e-05	-2.0059213e-06	-0.11240159	-1.1061747	1.7476608	0.057892245	-1.7476438	-0.057886658	0.22749261	-2.3061557	2.1	1	0.2	0.13286514	0.22328417	1.9435328	1.8129628	1.5895992	1.8129636	1.589563	0.01635088	1.5799543	1.1067318	0.0012267946	4.0346355e-06	0.10029878	1.1126728	0.10029109	1.112766	-8.3073034e-05	-1.504432e-05	1.1223499	0.71594806	-1.5332836	-0.61372149	1.5332577	0.61370556	-0.28290523	2.4861338	0.028767242	0.20370457	0.055115051	0.17204346	0.34367566	0.17204236	0.34369619	0.01644145	0.33349266	0.035971659	3.9095669	5.4215332	5.1415007	5.0574868	5.1415093	5.0575177	4.3430231	6.0553592	5.2745865	2.7227311	3.3812171	5.0607481	3.3811484	5.0608312	3.7088256	3.2330264	-75.59905	R0:S0:1	-59.04	uncorrelated	b7fd39a	v1.0.3	 1.56e+02	 0.00e+00	 1.00e+06	2022-07-29@12:11
model	D	U	e	eb1_1	eb2_1	eb3_1	eb4_1	eb5_1	eb6_1	eb7_1	eb8_1	mu	sb1_1	sb2_1	sb3_1	sb4_1	sb5_1	sb6_1	sb7_1	sb8_1	tb1_1	tb2_1	tb3_1	tb4_1	tb5_1	tb6_1	tb7_1	tb8_1	tpd	tpp	tppp	ave_U_1	ave_eb1_1	ave_eb2_1	ave_eb3_1	ave_eb4_1	ave_eb5_1	ave_eb6_1	ave_eb7_1	ave_eb8_1	ave_mu_1	ave_sb1_1	ave_sb2_1	ave_sb3_1	ave_sb4_1	ave_sb5_1	ave_sb6_1	ave_sb7_1	ave_sb8_1	ave_tb1_1	ave_tb2_1	ave_tb3_1	ave_tb4_1	ave_tb5_1	ave_tb6_1	ave_tb7_1	ave_tb8_1	var_U_1	var_eb1_1	var_eb2_1	var_eb3_1	var_eb4_1	var_eb5_1	var_eb6_1	var_eb7_1	var_eb8_1	var_mu_1	var_sb1_1	var_sb2_1	var_sb3_1	var_sb4_1	var_sb5_1	var_sb6_1	var_sb7_1	var_sb8_1	var_tb1_1	var_tb2_1	var_tb3_1	var_tb4_1	var_tb5_1	var_tb6_1	var_tb7_1	var_tb8_1	E0_1	sector_1	E0_2	sector_2	githash	version	distance	diff_param	diff_hybrid	time
2x2_2C_8b_C2v_L	0	14	2.3	-0.006655534	-3.3502828	-4.1133163	-0.10235806	-4.113222	-0.1023468	0.14108001	-3.7537133	9.68	-0.0001012231	7.5002141e-06	0.011771903	-0.16264369	0.011773954	-0.16264057	1.0013529e-05	-2.0059213e-06	-0.11240159	-1.1061747	1.7476608	0.057892245	-1.7476438	-0.057886658	0.22749261	-2.3061557	2.1	1	0.2	0.13286514	0.22328417	1.9435328	1.8129628	1.5895992	1.8129636	1.589563	0.01635088	1.5799543	1.1067318	0.0012267946	4.0346355e-06	0.10029878	1.1126728	0.10029109	1.112766	-8.3073034e-05	-1.504432e-05	1.1223499	0.71594806	-1.5332836	-0.61372149	1.5332577	0.61370556	-0.28290523	2.4861338	0.028767242	0.20370457	0.055115051	0.17204346	0.34367566	0.17204236	0.34369619	0.01644145	0.33349266	0.035971659	3.9095669	5.4215332	5.1415007	5.0574868	5.1415093	5.0575177	4.3430231	6.0553592	5.2745865	2.7227311	3.3812171	5.0607481	3.3811484	5.0608312	3.7088256	3.2330264	-75.59905	R0:S0:1	-59.04	uncorrelated	b7fd39a	v1.0.3	 1.56e+02	 0.00e+00	 1.00e+06	2022-07-29@12:21
2x2_2C_8b_C2v_L	0	14.022222	2.3601444	-0.006655534	-3.3502828	-4.1133163	-0.10235806	-4.113222	-0.1023468	0.14108001	-3.7537133	9.6933333	-0.0001012231	7.5002141e-06	0.011771903	-0.16264369	0.011773954	-0.16264057	1.0013529e-05	-2.0059213e-06	-0.11240159	-1.1061747	1.7476608	0.057892245	-1.7476438	-0.057886658	0.22749261	-2.3061557	2.0906556	1	0.20423333	0.13269417	0.22188482	1.943702	1.8135693	1.5925683	1.8135701	1.5925323	0.016291671	1.5813017	1.1067401	0.0012242095	4.0281387e-06	0.099750735	1.1082872	0.09974311	1.1083802	-8.3107493e-05	-1.5122467e-05	1.1187166	0.71517623	-1.5308797	-0.61076747	1.5308536	0.61075175	-0.28269791	2.4819449	0.028736618	0.20269977	0.054959333	0.17156195	0.34196066	0.17156084	0.34198121	0.016381605	0.33278624	0.03588829	3.9028081	5.4209473	5.1412912	5.0549884	5.1413	5.0550201	4.3420197	6.0498401	5.2738723	2.7246689	3.3840122	5.0528952	3.3839434	5.0529774	3.709924	3.2380717	-75.646274	R0:S0:1	-58.665511	uncorrelated	b7fd39a	v1.0.3	 1.53e+02	 8.83e-03	 1.00e+06	2022-07-29@12:30
2x2_2C_8b_C2v_L	0	14.022222	2.3601444	-0.006655534	-3.3502828	-4.1133163	-0.10235806	-4.113222	-0.1023468	0.14108001	-3.7537133	9.7044444	-0.0001012231	7.5002141e-06	0.011771903	-0.16264369	0.011773954	-0.16264057	1.0013529e-05	-2.0059213e-06	-0.11240159	-1.1061747	1.7476608	0.057892245	-1.7476438	-0.057886658	0.22749261	-2.3061557	2.0906556	1	0.20423333	0.1329735	0.21932507	1.9438443	1.8137679	1.5960704	1.8137688	1.5960348	0.016158249	1.581969	1.1072113	0.0012218931	3.9987789e-06	0.09939858	1.1041899	0.09939104	1.1042823	-8.3085643e-05	-1.5192266e-05	1.1150121	0.71414964	-1.5303319	-0.60815677	1.5303057	0.60814126	-0.2821224	2.4807646	0.028787798	0.20070976	0.054832911	0.17143412	0.3400889	0.17143299	0.34010945	0.016247313	0.33249223	0.035884577	3.8870826	5.4252352	5.1445602	5.0513191	5.1445692	5.0513514	4.3409245	6.0479555	5.274473	2.7226909	3.3856476	5.0418655	3.3855791	5.0419462	3.7109888	3.238609	-75.695473	R0:S0:1	-58.7544	uncorrelated	b7fd39a	v1.0.3	 1.52e+02	 5.46e-03	 1.00e+06	2022-07-29@12:40
model	D	U	e	eb1_1	eb2_1	eb3_1	eb4_1	eb5_1	eb6_1	eb7_1	eb8_1	mu	sb1_1	sb2_1	sb3_1	sb4_1	sb5_1	sb6_1	sb7_1	sb8_1	tb1_1	tb2_1	tb3_1	tb4_1	tb5_1	tb6_1	tb7_1	tb8_1	tpd	tpp	tppp	ave_U_1	ave_eb1_1	ave_eb2_1	ave_eb3_1	ave_eb4_1	ave_eb5_1	ave_eb6_1	ave_eb7_1	ave_eb8_1	ave_mu_1	ave_sb1_1	ave_sb2_1	ave_sb3_1	ave_sb4_1	ave_sb5_1	ave_sb6_1	ave_sb7_1	ave_sb8_1	ave_tb1_1	ave_tb2_1	ave_tb3_1	ave_tb4_1	ave_tb5_1	ave_tb6_1	ave_tb7_1	ave_tb8_1	var_U_1	var_eb1_1	var_eb2_1	var_eb3_1	var_eb4_1	var_eb5_1	var_eb6_1	var_eb7_1	var_eb8_1	var_mu_1	var_sb1_1	var_sb2_1	var_sb3_1	var_sb4_1	var_sb5_1	var_sb6_1	var_sb7_1	var_sb8_1	var_tb1_1	var_tb2_1	var_tb3_1	var_tb4_1	var_tb5_1	var_tb6_1	var_tb7_1	var_tb8_1	E0_1	sector_1	E0_2	sector_2	githash	version	distance	diff_param	diff_hybrid	time
2x2_2C_8b_C2v_L	0	14	2.3	-0.006655534	-3.3502828	-4.1133163	-0.10235806	-4.113222	-0.1023468	0.14108001	-3.7537133	9.68	-0.0001012231	7.5002141e-06	0.011771903	-0.16264369	0.011773954	-0.16264057	1.0013529e-05	-2.0059213e-06	-0.11240159	-1.1061747	1.7476608	0.057892245	-1.7476438	-0.057886658	0.22749261	-2.3061557	2.1	1	0.2	0.13286514	0.22328417	1.9435328	1.8129628	1.5895992	1.8129636	1.589563	0.01635088	1.5799543	1.1067318	0.0012267946	4.0346355e-06	0.10029878	1.1126728	0.10029109	1.112766	-8.3073034e-05	-1.504432e-05	1.1223499	0.71594806	-1.5332836	-0.61372149	1.5332577	0.61370556	-0.28290523	2.4861338	0.028767242	0.20370457	0.055115051	0.17204346	0.34367566	0.17204236	0.34369619	0.01644145	0.33349266	0.035971659	3.9095669	5.4215332	5.1415007	5.0574868	5.1415093	5.0575177	4.3430231	6.0553592	5.2745865	2.7227311	3.3812171	5.0607481	3.3811484	5.0608312	3.7088256	3.2330264	-75.59905	R0:S0:1	-59.04	uncorrelated	b7fd39a	v1.0.3	 1.56e+02	 0.00e+00	 1.00e+06	2022-07-29@12:44
2x2_2C_8b_C2v_L	0	14.022222	2.3601444	-0.0072360795	-3.3437587	-4.0934508	-0.10231181	-4.0933864	-0.10231019	0.14049896	-3.7236765	9.6933333	-4.0657992e-05	-6.75306e-06	0.011854012	-0.16248539	0.011855623	-0.1624872	-1.5977422e-06	-6.872824e-06	-0.11230944	-1.1042447	1.7423275	0.058316662	-1.7423154	-0.058318235	0.2271892	-2.297397	2.0906556	1	0.20423333	0.13255944	0.22842007	1.9432777	1.8129807	1.5849542	1.8129823	1.584928	0.016503349	1.5786092	1.1064469	0.00050448172	2.1388402e-05	0.10046782	1.1152432	0.1004579	1.1153111	-1.30998e-06	-2.5841749e-07	1.1267635	0.71837528	-1.5322097	-0.6174698	1.5321882	0.61747063	-0.28349216	2.4860198	0.028712301	0.20787707	0.055342594	0.17197834	0.34562749	0.17197665	0.3456406	0.016594041	0.33416766	0.035918423	3.9398961	5.411903	5.1367688	5.066501	5.1367718	5.066521	4.3389241	6.0612824	5.273962	2.7285864	3.3779239	5.0744317	3.3778769	5.0744963	3.712581	3.2333311	-75.474662	R0:S0:1	-58.665511	uncorrelated	b7fd39a	v1.0.3	 1.54e+02	 6.47e-04	 5.01e-03	2022-07-29@13:00
2x2_2C_8b_C2v_L	0	14.022222	2.3601444	-0.0081075631	-3.349327	-4.1078752	-0.10218247	-4.1077901	-0.10217883	0.13958465	-3.7306444	9.7044444	-4.3354742e-05	1.6625409e-06	0.01195434	-0.16168834	0.011953717	-0.16168885	2.27992e-06	-8.0227413e-06	-0.11202839	-1.1043972	1.7439375	0.059136303	-1.7439215	-0.059136236	0.22584681	-2.297164	2.0906556	1	0.20423333	0.13272722	0.22198806	1.9438344	1.8146401	1.595919	1.8146413	1.5958949	0.016083928	1.5822972	1.1071505	0.00055297944	3.9445663e-06	0.099153527	1.1004448	0.099148116	1.1005118	-2.4664223e-05	1.2128516e-06	1.1155462	0.71522884	-1.5267887	-0.61271647	1.5267666	0.61271252	-0.281193	2.4773667	0.028743477	0.2031195	0.054835686	0.17069274	0.3390659	0.17069141	0.33907838	0.016170879	0.33231836	0.035790728	3.902525	5.4188729	5.1403537	5.0590434	5.140361	5.0590665	4.3368214	6.0471534	5.2737159	2.7274383	3.3850651	5.0430908	3.3850158	5.0431452	3.7143542	3.2423652	-75.600749	R0:S0:1	-58.7544	uncorrelated	b7fd39a	v1.0.3	 1.52e+02	 1.73e-03	 6.53e-03	2022-07-29@13:03
2x2_2C_8b_C2v_L	0	14.022222	2.3601444	-0.0077636601	-3.3493385	-4.1023033	-0.10074242	-4.1022523	-0.1007358	0.13846298	-3.7313697	9.7044444	6.6688014e-06	-5.1617293e-07	0.011780001	-0.16114569	0.011780216	-0.16114444	-1.2010876e-06	-4.1926172e-06	-0.11200058	-1.1043125	1.7428037	0.058606153	-1.7427933	-0.058604243	0.2253824	-2.2974277	2.0906556	1	0.20423333	0.13270966	0.22331339	1.9437544	1.8144455	1.5910357	1.8144453	1.5910264	0.016171376	1.5818846	1.1070931	-8.3850393e-05	-1.7315778e-06	0.098897284	1.1039152	0.09889446	1.1039271	1.2891101e-05	8.6802408e-06	1.1167529	0.7159131	-1.5271828	-0.61307692	1.52718	0.61306638	-0.28127135	2.4783116	0.028740107	0.20384184	0.054904834	0.17081856	0.34213688	0.1708187	0.34214431	0.016256664	0.3325201	0.03579911	3.9114444	5.4165217	5.1384192	5.0645362	5.1384225	5.0645376	4.3366423	6.0486507	5.2756118	2.7278177	3.3819806	5.0547694	3.3819735	5.0547836	3.7141912	3.2410693	-75.572269	R0:S0:1	-58.7544	uncorrelated	b7fd39a	v1.0.3	 1.52e+02	 2.30e-04	 1.42e-03	2022-07-29@13:22
2x2_2C_8b_C2v_L	0	14.044444	2.4202889	-0.0072859741	-3.3493542	-4.1022395	-0.10065529	-4.1021894	-0.10065231	0.13833136	-3.7313861	9.7288889	6.0561787e-06	-6.3887076e-07	0.011663802	-0.16140715	0.011663699	-0.1614041	-2.3392233e-06	3.2145947e-07	-0.11200709	-1.1042829	1.7427746	0.057978817	-1.7427641	-0.0579816	0.22559973	-2.2973195	2.0813111	1	0.20846667	0.13281759	0.21835215	1.9441322	1.8153066	1.598377	1.8153044	1.5983811	0.015980439	1.5842136	1.1076017	-7.5096912e-05	5.0180125e-08	0.097774311	1.0951981	0.097774581	1.0951642	1.5624104e-05	1.9330411e-06	1.1077367	0.71367325	-1.5240951	-0.60399657	1.5241049	0.60401384	-0.28064964	2.4722284	0.028760712	0.20003103	0.054562954	0.17017242	0.33844794	0.17017437	0.33844686	0.016064484	0.33135153	0.035702865	3.8835916	5.4212715	5.1422777	5.0550484	5.1422848	5.0550576	4.3346388	6.0400275	5.2757318	2.7276032	3.3875106	5.0334475	3.3875242	5.0334156	3.7164288	3.2474306	-75.667719	R0:S0:1	-58.4688	uncorrelated	b7fd39a	v1.0.3	 1.48e+02	 7.79e-03	 1.00e+06	2022-07-29@13:31
2x2_2C_8b_C2v_L	0	14.044444	2.4202889	-0.0090018231	-3.3462267	-4.0826256	-0.099867075	-4.0826398	-0.099876032	0.13717295	-3.7090506	9.7288889	1.7268592e-05	4.3587115e-06	0.011718678	-0.15992619	0.011719007	-0.15993059	-2.3204722e-06	-4.8124299e-06	-0.11162527	-1.1021273	1.7361931	0.058956826	-1.7361972	-0.058956176	0.22395276	-2.2886256	2.0813111	1	0.20846667	0.13256668	0.2224977	1.9440091	1.8158246	1.5963632	1.8158258	1.5963722	0.016001951	1.5841925	1.1075	-0.00023131335	-1.8493508e-05	0.097775175	1.0925004	0.097778328	1.0925036	2.390494e-05	1.4072277e-05	1.1101672	0.71546508	-1.5213014	-0.60880349	1.521299	0.6087893	-0.28002789	2.4697872	0.028715438	0.20361918	0.054668638	0.16970819	0.33847159	0.16970725	0.33846471	0.016084697	0.33134988	0.035618978	3.9069382	5.4132393	5.1379957	5.065506	5.1379935	5.0654872	4.3309135	6.040538	5.2752412	2.7328207	3.3851649	5.0394317	3.38517	5.0394253	3.719429	3.2501168	-75.507061	R0:S0:1	-58.4688	uncorrelated	b7fd39a	v1.0.3	 1.48e+02	 5.85e-04	 6.70e-03	2022-07-29@13:40
2x2_2C_8b_C2v_L	0	14.066667	2.4804333	-0.0084044836	-3.3463039	-4.0826249	-0.098558028	-4.08264	-0.098555024	0.13550285	-3.7091377	9.7533333	1.5110241e-05	-4.9588244e-07	0.011526497	-0.15970523	0.011526231	-0.15970431	2.4962089e-06	7.0971364e-06	-0.11163631	-1.1020096	1.7361413	0.058199529	-1.7361443	-0.05819882	0.2234532	-2.2885511	2.0719667	1	0.2127	0.13264929	0.21927081	1.9442872	1.8165856	1.5985058	1.816585	1.5985122	0.015869891	1.5859999	1.1079256	-0.00019171765	2.222264e-06	0.096441781	1.0874312	0.096444215	1.0874149	-1.3056061e-05	-8.3014013e-06	1.1030926	0.71404895	-1.5184431	-0.6019798	1.518449	0.601978	-0.2792181	2.4648235	0.028731217	0.20087639	0.054413136	0.16910456	0.33784681	0.16910515	0.33784376	0.015949451	0.3304357	0.035534909	3.8902003	5.4152061	5.1392031	5.0628134	5.1392029	5.0628056	4.3284847	6.0338695	5.2770248	2.7330414	3.3873413	5.0306839	3.3873528	5.0306677	3.7215913	3.2548679	-75.597642	R0:S0:1	-58.1832	uncorrelated	b7fd39a	v1.0.3	 1.44e+02	 7.15e-03	 1.00e+06	2022-07-29@13:50
2x2_2C_8b_C2v_L	0	14.022222	2.3601444	-0.006655534	-3.3502828	-4.1133163	-0.10235806	-4.113222	-0.1023468	0.14108001	-3.7537133	9.6822222	-0.0001012231	7.5002141e-06	0.011771903	-0.16264369	0.011773954	-0.16264057	1.0013529e-05	-2.0059213e-06	-0.11240159	-1.1061747	1.7476608	0.057892245	-1.7476438	-0.057886658	0.22749261	-2.3061557	2.0906556	1	0.20423333	0.13241524	0.22447081	1.9435582	1.8133682	1.5890448	1.813369	1.5890084	0.016426431	1.5806247	1.1062678	0.0012265293	4.0575926e-06	0.10009881	1.1123955	0.1000911	1.1124891	-8.3128914e-05	-1.505226e-05	1.1224285	0.71621115	-1.5314363	-0.61337496	1.5314104	0.61335903	-0.28327467	2.4831552	0.028685464	0.20469947	0.055087104	0.17169172	0.34382279	0.17169062	0.34384334	0.016517277	0.33308396	0.035892393	3.9186555	5.4166451	5.1380231	5.0586767	5.1380317	5.0587077	4.3431252	6.0517744	5.2733157	2.7266429	3.3823618	5.0639748	3.3822929	5.0640584	3.708848	3.2375044	-75.597096	R0:S0:1	-58.576622	uncorrelated	b7fd39a	v1.0.3	 1.53e+02	 1.19e-02	 1.00e+06	2022-07-29@13:56
2x2_2C_8b_C2v_L	0	14.066667	2.4804333	-0.0095133454	-3.3446706	-4.0659682	-0.097843066	-4.0659905	-0.097843981	0.13427894	-3.686631	9.7533333	-1.5164068e-05	-5.3868813e-06	0.011516281	-0.15862365	0.01151627	-0.15862191	-3.7111476e-06	2.5033924e-06	-0.11123383	-1.1001732	1.7301588	0.058636353	-1.7301621	-0.058641473	0.22206681	-2.2796755	2.0719667	1	0.2127	0.13239826	0.22207194	1.944252	1.8172275	1.5976601	1.8172265	1.5976591	0.015873991	1.5863634	1.1078604	0.00020402127	1.6598215e-05	0.096114412	1.0843521	0.096111762	1.0843306	1.2314619e-05	-8.1177127e-06	1.1033002	0.71531055	-1.5153851	-0.60338179	1.5153918	0.60341226	-0.27874585	2.4614099	0.028686013	0.20336251	0.054439971	0.16854998	0.33759222	0.16855079	0.33759256	0.015952171	0.33023687	0.035440038	3.9064306	5.4085575	5.1356759	5.0696199	5.135674	5.0696375	4.3246894	6.0328877	5.2768824	2.7380612	3.3864082	5.0336177	3.3864156	5.0336098	3.7248421	3.258608	-75.452266	R0:S0:1	-58.1832	uncorrelated	b7fd39a	v1.0.3	 1.44e+02	 4.78e-04	 6.61e-03	2022-07-29@14:00
2x2_2C_8b_C2v_L	0	14.044444	2.4202889	-0.0059445104	-3.3437539	-4.0933346	-0.10170033	-4.0932709	-0.1016931	0.13990807	-3.7238569	9.7066667	-3.6604604e-05	8.0510667e-07	0.011561538	-0.16311063	0.011561768	-0.16310897	2.223532e-06	-8.154625e-08	-0.11238636	-1.1038895	1.7419539	0.056692683	-1.7419407	-0.056689844	0.22772926	-2.2968629	2.0813111	1	0.20846667	0.13236112	0.22518061	1.9436069	1.8138408	1.5882142	1.8138414	1.5881961	0.016490712	1.5807968	1.1065184	0.00043288066	5.6544557e-06	0.09908726	1.1115654	0.099083773	1.1116117	-2.1542264e-05	-5.6746033e-06	1.1194441	0.71668991	-1.5289702	-0.60609903	1.5289554	0.60608686	-0.28395348	2.4797047	0.028676864	0.20529637	0.0550411	0.17130188	0.3448622	0.17130112	0.34487271	0.016580297	0.33303217	0.035802925	3.9237996	5.4126662	5.1372954	5.058279	5.1373009	5.058291	4.3378449	6.0523395	5.2746474	2.7305868	3.3825076	5.0650875	3.3824744	5.0651274	3.7140869	3.2407111	-75.516493	R0:S0:1	-58.291022	uncorrelated	b7fd39a	v1.0.3	 1.50e+02	 9.94e-03	 1.00e+06	2022-07-29@14:00
2x2_2C_8b_C2v_L	0	14.022222	2.3601444	-0.0063246424	-3.3386644	-4.0852864	-0.10270394	-4.0852407	-0.10270324	0.14111689	-3.7146497	9.6822222	-4.2350154e-05	-3.9047461e-06	0.011744956	-0.16342708	0.011746271	-0.16342871	5.0911287e-06	-2.7318836e-06	-0.11253958	-1.1042396	1.7420034	0.057594128	-1.7419934	-0.057595671	0.22835091	-2.2969824	2.0906556	1	0.20423333	0.13238801	0.23438999	1.942751	1.8114603	1.5748145	1.8114626	1.5747965	0.016875197	1.5749761	1.1057538	0.00051268749	1.7737613e-05	0.101796	1.1293555	0.10178933	1.1294207	-4.2261992e-05	-8.6684995e-06	1.1370783	0.72134319	-1.5373618	-0.62187255	1.5373377	0.62187282	-0.28549318	2.4943426	0.028680502	0.21223268	0.055822043	0.17315237	0.35156403	0.17315022	0.35157032	0.016969777	0.33597078	0.036041164	3.9747066	5.4054311	5.1332123	5.0725876	5.1332151	5.0726034	4.340636	6.0753492	5.2742449	2.7296634	3.3715041	5.1036879	3.3714574	5.1037389	3.711141	3.2246274	-75.372635	R0:S0:1	-58.576622	uncorrelated	b7fd39a	v1.0.3	 1.55e+02	 1.97e-03	 7.19e-03	2022-07-29@14:05
2x2_2C_8b_C2v_L	0	14.088889	2.5405778	-0.0091117391	-3.3447476	-4.0659495	-0.096797624	-4.0659712	-0.096796206	0.13297117	-3.6867064	9.7777778	-1.0053692e-05	-3.482283e-07	0.011345411	-0.15832863	0.011345139	-0.15832957	2.1834727e-06	2.1631651e-07	-0.11120959	-1.1000423	1.7301786	0.057972656	-1.7301838	-0.057967224	0.22154418	-2.279705	2.0626222	1	0.21693333	0.13249107	0.21825499	1.9445677	1.8180063	1.6015791	1.8180077	1.6015696	0.015697673	1.5883044	1.1083111	0.00013425881	4.0664161e-06	0.09487464	1.0775721	0.094874054	1.0776101	-1.730869e-05	-4.1302742e-06	1.0956411	0.71357454	-1.5125173	-0.59618732	1.5125083	0.59616401	-0.27768255	2.456243	0.028703717	0.20024269	0.054150818	0.16794228	0.33584259	0.16794095	0.33584857	0.015773208	0.32924831	0.035353048	3.8860445	5.4114455	5.1377481	5.0651672	5.1377443	5.0651617	4.3224178	6.0257631	5.278004	2.7380145	3.3896039	5.0205074	3.3895861	5.0205456	3.7268941	3.2636495	-75.544088	R0:S0:1	-57.8976	uncorrelated	b7fd39a	v1.0.3	 1.40e+02	 6.86e-03	 1.00e+06	2022-07-29@14:09
2x2_2C_8b_C2v_L	0	14.044444	2.4202889	-0.006489206	-3.3343222	-4.0686083	-0.10190144	-4.0685844	-0.10190222	0.13997984	-3.6937886	9.7066667	-2.0941573e-05	1.1809005e-06	0.011568971	-0.16275431	0.011569242	-0.16275475	2.6563455e-07	6.0611437e-06	-0.11212194	-1.1017365	1.735801	0.056870655	-1.7357967	-0.056874423	0.22737847	-2.2882456	2.0813111	1	0.20846667	0.13225257	0.22988224	1.9432647	1.8132205	1.5842705	1.8132204	1.5842696	0.016625254	1.5784823	1.1063114	0.00025400769	4.9188024e-06	0.099907852	1.1151262	0.09990779	1.1151345	-1.2059731e-05	-1.2430726e-05	1.1250728	0.71915061	-1.5303614	-0.60999358	1.5303567	0.6100089	-0.28433558	2.4830436	0.028657429	0.20911878	0.055352441	0.17177158	0.34648309	0.17177163	0.34648117	0.016716368	0.33421958	0.035819607	3.9503413	5.4059936	5.1350463	5.0652706	5.1350509	5.0652819	4.3350967	6.0623574	5.27409	2.7338773	3.3787343	5.0777957	3.3787223	5.0777934	3.7165952	3.2371519	-75.319121	R0:S0:1	-58.291022	uncorrelated	b7fd39a	v1.0.3	 1.51e+02	 5.00e-04	 5.08e-03	2022-07-29@14:10
2x2_2C_8b_C2v_L	0	14.022222	2.3601444	-0.0041552335	-3.3362425	-4.0805093	-0.10255079	-4.0804651	-0.10254785	0.14157693	-3.7175209	9.6822222	-4.2491315e-05	1.8664965e-05	0.011336152	-0.16484678	0.011337111	-0.16484686	1.0684921e-06	-8.6992674e-08	-0.11273123	-1.1033204	1.7403412	0.054885593	-1.7403333	-0.054886974	0.23008115	-2.2967096	2.0906556	1	0.20423333	0.13236199	0.22999541	1.9430779	1.8119086	1.5789873	1.8119086	1.5789835	0.016952447	1.5769282	1.1059236	0.00047433018	-3.7500728e-05	0.10046594	1.127908	0.10046707	1.1279214	-7.6961571e-06	5.7972185e-06	1.1296731	0.719209	-1.5358171	-0.60563373	1.5358117	0.60563412	-0.28709231	2.4898104	0.028676239	0.20879151	0.055528421	0.17283764	0.35116333	0.17283762	0.35116449	0.017048469	0.33498654	0.035977562	3.9506956	5.4098228	5.1367128	5.0577117	5.1367176	5.0577202	4.3413118	6.0673679	5.2751951	2.7293978	3.3769893	5.0919596	3.3769767	5.091961	3.7115621	3.2298772	-75.348377	R0:S0:1	-58.576622	uncorrelated	b7fd39a	v1.0.3	 1.55e+02	 4.12e-04	 6.11e-03	2022-07-29@14:18
2x2_2C_8b_C2v_L	0	14.044444	2.4202889	-0.0046587138	-3.3361107	-4.0803906	-0.10348119	-4.0803486	-0.10348049	0.14278319	-3.7175124	9.6844444	-4.174329e-05	4.4964417e-06	0.011368538	-0.16456622	0.011367108	-0.1645651	-8.1897795e-08	-9.5200684e-07	-0.11254417	-1.1034722	1.7406221	0.055030456	-1.7406135	-0.05503307	0.22980833	-2.2970211	2.0813111	1	0.20846667	0.13195853	0.2279639	1.9433027	1.8124867	1.5864957	1.8124861	1.5864928	0.016808711	1.5784041	1.1056219	0.00047342711	-5.9570974e-06	0.10044916	1.1201154	0.10044998	1.1201182	-5.5829303e-06	-1.0203051e-06	1.126064	0.71792597	-1.5335257	-0.60231503	1.5335231	0.60232779	-0.28627553	2.4852138	0.02860306	0.20762057	0.055322914	0.17239906	0.34650105	0.17239956	0.34650147	0.016906071	0.33417665	0.035871789	3.940632	5.4093775	5.1371066	5.0512145	5.1371124	5.0512293	4.341782	6.0608032	5.2716152	2.7322075	3.3829247	5.0760695	3.3829152	5.0760657	3.711417	3.2367329	-75.349799	R0:S0:1	-58.113244	uncorrelated	b7fd39a	v1.0.3	 1.52e+02	 1.26e-02	 1.00e+06	2022-07-29@14:28
2x2_2C_8b_C2v_L	0	14.088889	2.5405778	-0.010474122	-3.343438	-4.0509402	-0.096042269	-4.0509478	-0.096041963	0.13164703	-3.6639257	9.7777778	-2.1381653e-06	4.7818856e-07	0.011366925	-0.15711289	0.011367251	-0.15711339	-2.7749757e-06	-4.1919637e-06	-0.11086686	-1.0981646	1.7245206	0.0586528	-1.7245225	-0.058654514	0.22000856	-2.2708042	2.0626222	1	0.21693333	0.13223254	0.22190354	1.9444929	1.8186533	1.5998673	1.8186532	1.5998635	0.015708158	1.5884698	1.108216	2.7318326e-05	-3.3009806e-06	0.09463052	1.074981	0.094627876	1.0749785	1.9116582e-05	7.9806285e-06	1.097123	0.7151271	-1.5094396	-0.59919106	1.509442	0.59919687	-0.27712287	2.4532417	0.028657005	0.203422	0.054212711	0.16737387	0.33591423	0.16737394	0.33591719	0.015782272	0.32915164	0.035263452	3.9067334	5.4038847	5.1334941	5.0740967	5.1334914	5.0741002	4.3184866	6.0255583	5.2778269	2.7432344	3.3878529	5.0258935	3.3878558	5.0259004	3.7301492	3.2668446	-75.405752	R0:S0:1	-57.8976	uncorrelated	b7fd39a	v1.0.3	 1.40e+02	 5.55e-04	 6.60e-03	2022-07-29@14:31
2x2_2C_8b_C2v_L	0	14.066667	2.4804333	-0.005639837	-3.3342491	-4.0684268	-0.10129877	-4.0684031	-0.10129704	0.13937571	-3.6941187	9.72	-1.9971503e-05	8.6354811e-07	0.011373436	-0.16316225	0.011373068	-0.16316175	2.088151e-07	3.4421933e-07	-0.11228021	-1.1013294	1.73545	0.055669621	-1.7354453	-0.055669083	0.22771823	-2.2878576	2.0719667	1	0.2127	0.13205176	0.22785507	1.9435184	1.8140114	1.5864393	1.8140115	1.5864332	0.016623294	1.5803417	1.1063409	0.00023354598	1.4445885e-06	0.098676255	1.1120306	0.098675666	1.1120465	-5.8557374e-06	-2.8615604e-06	1.1198144	0.71795343	-1.5273009	-0.60133581	1.5272959	0.60133384	-0.28467114	2.4775355	0.028621376	0.20751927	0.055118711	0.17114056	0.34603652	0.17114039	0.34603969	0.016713351	0.33325097	0.035715372	3.9407137	5.4055318	5.1348033	5.0599909	5.1348058	5.0599965	4.3340215	6.0547161	5.274418	2.7360797	3.3821254	5.071337	3.3821131	5.07135	3.7179321	3.2435758	-75.361435	R0:S0:1	-57.916533	uncorrelated	b7fd39a	v1.0.3	 1.48e+02	 9.93e-03	 1.00e+06	2022-07-29@14:45
2x2_2C_8b_C2v_L	0	14.044444	2.4202889	-0.0051098979	-3.318614	-4.0498389	-0.10375444	-4.0498151	-0.1037517	0.14281717	-3.6793874	9.6844444	1.71969e-05	1.562876e-05	0.0115151	-0.16490511	0.011512067	-0.16490641	2.7356206e-06	1.7447367e-06	-0.11272331	-1.100705	1.7345695	0.055592838	-1.7345673	-0.055585287	0.23033213	-2.2883771	2.0813111	1	0.20846667	0.13193532	0.24068472	1.9422748	1.8102925	1.5691276	1.8102931	1.5691284	0.01732755	1.5718444	1.1050126	-0.00020073556	-3.6714562e-05	0.10254478	1.1391713	0.10255381	1.1391961	-9.9598835e-06	5.792738e-06	1.1447177	0.72426237	-1.5402179	-0.61651467	1.5402125	0.61647276	-0.28842584	2.4986442	0.028598421	0.21725167	0.056256722	0.17406389	0.35530504	0.17406343	0.35530543	0.01742953	0.33749084	0.03604979	4.0112263	5.3955114	5.1306863	5.0715161	5.130689	5.0714924	4.3395456	6.0879293	5.2728349	2.7353709	3.3690323	5.1239922	3.3690246	5.1240034	3.7131788	3.2212916	-75.105712	R0:S0:1	-58.113244	uncorrelated	b7fd39a	v1.0.3	 1.54e+02	 1.23e-03	 7.38e-03	2022-07-29@14:51
2x2_2C_8b_C2v_L	0	14.111111	2.6007222	-0.0099169835	-3.3435168	-4.0508406	-0.094835856	-4.0508475	-0.094834358	0.1300866	-3.664023	9.8022222	-4.2523281e-07	4.3983657e-07	0.01118298	-0.15686909	0.011182747	-0.1568687	7.0355263e-07	1.3302346e-08	-0.11083546	-1.098069	1.7244961	0.057879147	-1.7244978	-0.05787775	0.21947122	-2.2707718	2.0532778	1	0.22116667	0.13231871	0.21821709	1.9447929	1.8194069	1.6028617	1.8194068	1.6028603	0.015549606	1.5903623	1.1086466	5.8759307e-06	-7.7038282e-07	0.093320414	1.0690794	0.093320543	1.0690807	-3.7278607e-06	1.0472805e-08	1.0895072	0.71352152	-1.5066593	-0.59194214	1.5066604	0.59193753	-0.27614042	2.4481704	0.028673506	0.20033605	0.053937538	0.16678028	0.33479743	0.16678035	0.33479902	0.015620837	0.32818131	0.035179115	3.8874772	5.4064415	5.1352012	5.0702493	5.1352002	5.0702474	4.3161746	6.0186007	5.2792713	2.743268	3.3905901	5.0148922	3.3905909	5.0148967	3.7322144	3.271644	-75.496537	R0:S0:1	-57.612	uncorrelated	b7fd39a	v1.0.3	 1.37e+02	 8.06e-03	 1.00e+06	2022-07-29@15:03
2x2_2C_8b_C2v_L	0	14.111111	2.6007222	-0.011203931	-3.3419387	-4.0319675	-0.094014931	-4.0319842	-0.094017892	0.12849095	-3.6385351	9.8022222	2.1884126e-05	-1.1472745e-06	0.011153013	-0.1556318	0.011153335	-0.15563283	-8.7375537e-06	-3.6544163e-06	-0.11047166	-1.096169	1.7180534	0.05837905	-1.7180567	-0.058380256	0.21777342	-2.2610278	2.0532778	1	0.22116667	0.13205013	0.22222344	1.9446902	1.8199408	1.6007011	1.8199399	1.6007111	0.015568475	1.5903365	1.1085306	-0.00032716001	-1.0700413e-05	0.093157526	1.0670133	0.093158438	1.0669734	7.0038808e-05	1.8983729e-05	1.0913476	0.71530708	-1.5038808	-0.59451749	1.5038952	0.59451728	-0.27551406	2.44541	0.028625011	0.2038048	0.054025202	0.16630192	0.33518304	0.16630286	0.33517896	0.015638498	0.32818486	0.035091702	3.9102246	5.3983346	5.1309581	5.0793963	5.1309535	5.0793786	4.3119728	6.019236	5.279149	2.7488159	3.3884912	5.0216892	3.3885242	5.0216651	3.7357055	3.2745945	-75.334452	R0:S0:1	-57.612	uncorrelated	b7fd39a	v1.0.3	 1.36e+02	 6.08e-04	 6.88e-03	2022-07-29@15:13
2x2_2C_8b_C2v_L	0	14.066667	2.4804333	-0.006089952	-3.3248376	-4.0434499	-0.101191	-4.0434404	-0.10119073	0.13945575	-3.664527	9.72	-1.3646999e-05	-4.9699834e-06	0.011339005	-0.16284625	0.011339287	-0.16284602	4.0346301e-06	1.0570268e-05	-0.11204718	-1.0991383	1.7291996	0.055677154	-1.7291972	-0.055677072	0.22758089	-2.2793429	2.0719667	1	0.2127	0.13193203	0.23359502	1.9431154	1.8133449	1.5803931	1.8133455	1.5803926	0.016840299	1.5778152	1.1060957	0.00016618253	2.078358e-05	0.099408193	1.1175363	0.099409016	1.1175559	-3.7203809e-05	-2.3569891e-05	1.1263103	0.72086988	-1.5287822	-0.60531788	1.5287737	0.60531941	-0.28554579	2.4812887	0.028599722	0.21207086	0.055484374	0.17163403	0.34891107	0.17163349	0.34890898	0.016931835	0.3345411	0.035737876	3.9728566	5.397616	5.1315857	5.0689277	5.1315892	5.0689312	4.3312395	6.0655045	5.2748308	2.7397021	3.37707	5.0893088	3.3770531	5.0893149	3.7204832	3.2394561	-75.162832	R0:S0:1	-57.916533	uncorrelated	b7fd39a	v1.0.3	 1.48e+02	 5.72e-04	 5.13e-03	2022-07-29@15:20
2x2_2C_8b_C2v_L	0	14.133333	2.6608667	-0.010473766	-3.3420475	-4.0318876	-0.092684391	-4.0319056	-0.092683451	0.12710713	-3.639286	9.8266667	2.0744726e-05	-9.7087358e-07	0.010928252	-0.15540797	0.010927636	-0.15540626	2.8362049e-08	-2.6425348e-07	-0.11043446	-1.0960886	1.7180132	0.057408958	-1.7180163	-0.057407653	0.21737876	-2.2611666	2.0439333	1	0.2254	0.1321352	0.21818493	1.9450056	1.8207155	1.6037038	1.8207139	1.6037159	0.015417348	1.5923498	1.1089657	-0.00029403293	-5.7554294e-06	0.091767683	1.0610672	0.091770938	1.0610241	1.3201279e-05	7.3098064e-06	1.0831802	0.71359557	-1.5010459	-0.58633175	1.5010614	0.58632935	-0.27465787	2.4401177	0.028641333	0.2003917	0.053736027	0.16569131	0.33420014	0.16569276	0.33419524	0.015484337	0.32714475	0.035005093	3.889373	5.4011671	5.1327795	5.074935	5.1327773	5.0749195	4.3097664	6.0117792	5.2806978	2.7487741	3.3914322	5.0103726	3.3914635	5.0103403	3.7377224	3.2795402	-75.426258	R0:S0:1	-57.3264	uncorrelated	b7fd39a	v1.0.3	 1.33e+02	 6.64e-03	 1.00e+06	2022-07-29@15:23
2x2_2C_8b_C2v_L	0	14.133333	2.6608667	-0.011827299	-3.3408095	-4.0169737	-0.092160828	-4.0170029	-0.092163293	0.12594845	-3.6177351	9.8266667	3.3786311e-06	7.354467e-06	0.010947413	-0.15427347	0.010947106	-0.15427227	-2.6969345e-06	-1.2382326e-07	-0.11010416	-1.0942082	1.7124208	0.058035498	-1.7124258	-0.058037933	0.21593434	-2.2526343	2.0439333	1	0.2254	0.13188315	0.22122131	1.9449774	1.8213931	1.6035015	1.8213919	1.603513	0.01540231	1.5927464	1.1088918	-5.843358e-05	-1.9990488e-05	0.09152764	1.0572646	0.091530854	1.0572215	2.2058682e-05	7.8351705e-06	1.0839076	0.71477607	-1.4979142	-0.58826225	1.4979276	0.58827592	-0.27400219	2.4367159	0.028595757	0.20316659	0.05375628	0.16510727	0.33342351	0.16510844	0.33341709	0.015468554	0.32692592	0.0349117	3.9061365	5.3945948	5.1293553	5.0816834	5.1293522	5.0816804	4.3060994	6.0106596	5.280207	2.7537174	3.3907085	5.0120513	3.3907356	5.0120184	3.7408199	3.2831961	-75.292534	R0:S0:1	-57.3264	uncorrelated	b7fd39a	v1.0.3	 1.32e+02	 5.39e-04	 6.53e-03	2022-07-29@15:45
2x2_2C_8b_C2v_L	0	14.088889	2.5405778	-0.005036429	-3.3247401	-4.0432465	-0.10078185	-4.0432363	-0.10078394	0.13872934	-3.6648369	9.7333333	-1.4375077e-05	-1.6999217e-06	0.011107032	-0.16342462	0.011107907	-0.16342606	-5.3829785e-07	-2.8735134e-08	-0.1121846	-1.098723	1.7288407	0.054242653	-1.7288386	-0.054245223	0.22794337	-2.2788794	2.0626222	1	0.21693333	0.13173665	0.23046293	1.9434426	1.8141874	1.5841715	1.8141881	1.5841685	0.016797716	1.5799681	1.1061608	0.00016528244	6.1243347e-06	0.09813385	1.1133066	0.098131536	1.1133213	-1.125348e-06	-2.7449956e-06	1.1196271	0.71915208	-1.5256097	-0.59476368	1.5256033	0.59477108	-0.28573074	2.4751443	0.028564753	0.20965641	0.05518481	0.17097461	0.34776736	0.17097398	0.34776707	0.016888464	0.33342688	0.035625548	3.9571362	5.39845	5.1323054	5.0607384	5.1323063	5.0607446	4.3302643	6.0567208	5.2748574	2.7416175	3.3818084	5.0786317	3.3817967	5.078641	3.7218241	3.2466696	-75.205477	R0:S0:1	-57.542044	uncorrelated	b7fd39a	v1.0.3	 1.45e+02	 1.09e-02	 1.00e+06	2022-07-29@15:53
2x2_2C_8b_C2v_L	0	14.155556	2.7210111	-0.011483546	-3.3408993	-4.0167299	-0.090875664	-4.0167586	-0.090875694	0.12454946	-3.6180127	9.8511111	6.268011e-06	-2.4918229e-08	0.01081687	-0.15387754	0.010816081	-0.15387752	1.1089592e-06	-4.2844221e-08	-0.1100624	-1.0941316	1.7123561	0.057441113	-1.7123618	-0.05743773	0.21537237	-2.2526979	2.0345889	1	0.22963333	0.13196309	0.21816372	1.9452296	1.822109	1.6056641	1.8221092	1.6056674	0.01526402	1.5944895	1.1092902	-9.3632326e-05	-2.8430069e-06	0.09022644	1.0517053	0.090228654	1.0517015	-1.5370412e-06	2.147475e-06	1.0771391	0.71349359	-1.495247	-0.5823303	1.4952501	0.58231655	-0.27306931	2.4320221	0.028611059	0.20057369	0.053524291	0.164535	0.33265645	0.1645349	0.33265539	0.015327449	0.32602147	0.034833624	3.8903611	5.3964246	5.1305432	5.0796338	5.1305394	5.0796213	4.3037952	6.0042812	5.281635	2.7539219	3.3927046	5.0031605	3.3927129	5.0031609	3.7428198	3.2873859	-75.382997	R0:S0:1	-57.0408	uncorrelated	b7fd39a	v1.0.3	 1.29e+02	 8.24e-03	 1.00e+06	2022-07-29@15:55
2x2_2C_8b_C2v_L	0	14.044444	2.4202889	-0.0027593117	-3.318012	-4.0489785	-0.10352454	-4.0489617	-0.10352829	0.14259139	-3.6797546	9.6844444	9.1626394e-06	1.4274711e-06	0.011076048	-0.16655692	0.011076079	-0.16655678	-5.0470234e-06	3.0132591e-07	-0.11299783	-1.0999772	1.7335432	0.052746909	-1.733539	-0.052754824	0.23201297	-2.2871787	2.0813111	1	0.20846667	0.13188497	0.23701172	1.942578	1.8108404	1.5716097	1.8108388	1.5716212	0.017439894	1.5736629	1.1051462	-9.9552508e-05	-5.1494257e-06	0.10109316	1.1394381	0.10109402	1.1393958	3.0272637e-05	3.367695e-06	1.1380191	0.72246836	-1.5384174	-0.6001779	1.5384271	0.60021392	-0.2902205	2.4940879	0.028589723	0.21434799	0.055983951	0.17365742	0.35602254	0.17365884	0.35601475	0.017543191	0.33658538	0.035986286	3.9916057	5.3987301	5.1330329	5.0577707	5.1330374	5.0577848	4.3396478	6.0805213	5.2742627	2.7356713	3.3737756	5.1163671	3.3737939	5.116321	3.7140906	3.2264339	-75.095265	R0:S0:1	-58.113244	uncorrelated	b7fd39a	v1.0.3	 1.54e+02	 5.55e-04	 6.86e-03	2022-07-29@16:00
2x2_2C_8b_C2v_L	0	14.066667	2.4804333	-0.0030861712	-3.3176171	-4.0486061	-0.10487834	-4.0485924	-0.10487306	0.14404386	-3.680511	9.6866667	1.0532095e-05	-5.4046058e-07	0.011104521	-0.16652565	0.011103274	-0.16652305	3.2883489e-06	-2.5102011e-06	-0.1127531	-1.1000891	1.7338203	0.052670048	-1.7338172	-0.0526656	0.23193777	-2.2877012	2.0719667	1	0.2127	0.13150016	0.23301995	1.9429302	1.811485	1.5825227	1.8114844	1.5825195	0.017225648	1.5756439	1.104915	-0.00011432019	-2.2779585e-07	0.10095076	1.1290619	0.10095169	1.1290606	-1.5523723e-05	2.6506096e-06	1.1319446	0.72023145	-1.5360088	-0.59430177	1.5360112	0.59428744	-0.28923397	2.4884731	0.028520032	0.21181555	0.055664869	0.17319171	0.3496829	0.17319226	0.34968747	0.017330903	0.33553082	0.035868063	3.9702411	5.4007944	5.1353528	5.0465754	5.1353541	5.046572	4.34045	6.0719312	5.269924	2.7378673	3.382206	5.0921169	3.3822079	5.0921203	3.7138686	3.2346066	-75.098527	R0:S0:1	-57.649867	uncorrelated	b7fd39a	v1.0.3	 1.51e+02	 1.35e-02	 1.00e+06	2022-07-29@16:12
2x2_2C_8b_C2v_L	0	14.155556	2.7210111	-0.012688107	-3.3392208	-3.9960906	-0.089853007	-3.9961124	-0.089856219	0.12297556	-3.5939809	9.8511111	7.5453005e-07	-1.1434791e-07	0.010724876	-0.15261257	0.010725337	-0.15261365	-1.066957e-06	2.7933002e-08	-0.10971822	-1.0921866	1.7055535	0.057790993	-1.7055577	-0.057792668	0.21378167	-2.2433657	2.0345889	1	0.22963333	0.13168964	0.2225537	1.9451099	1.8225892	1.602576	1.8225895	1.6025795	0.015321066	1.5944449	1.1091547	-1.3436181e-05	-6.5935399e-07	0.090083919	1.0503717	0.090083848	1.0503664	6.8103696e-06	7.4626159e-07	1.0792688	0.71539882	-1.4925968	-0.58467977	1.4925978	0.58468527	-0.27265784	2.4293742	0.028561503	0.20431794	0.053627169	0.1640945	0.33366256	0.16409428	0.33365961	0.015383351	0.32603376	0.0347492	3.9150343	5.3879181	5.126005	5.0896835	5.1260025	5.0896818	4.2997505	6.0048876	5.2820498	2.7595312	3.3900706	5.0123303	3.3900749	5.0123259	3.7461777	3.2900807	-75.215755	R0:S0:1	-57.0408	uncorrelated	b7fd39a	v1.0.3	 1.29e+02	 5.91e-04	 6.86e-03	2022-07-29@16:24
2x2_2C_8b_C2v_L	0	14.177778	2.7811556	-0.011938047	-3.3393122	-3.9960481	-0.088611251	-3.9960684	-0.088610498	0.12149755	-3.5944849	9.8755556	2.6657393e-06	-8.5977024e-08	0.010514739	-0.15245833	0.010514667	-0.15245873	4.7098472e-07	-3.1218992e-07	-0.10967388	-1.0920907	1.7054922	0.056800554	-1.7054965	-0.056799363	0.21340163	-2.2433905	2.0252444	1	0.23386667	0.13177076	0.21835385	1.9454288	1.8233532	1.6057481	1.8233534	1.6057477	0.015164927	1.5964783	1.1095773	-4.0716303e-05	-1.0557303e-06	0.088711428	1.0443406	0.088711317	1.0443419	2.9242677e-08	1.6449922e-06	1.0709545	0.71364494	-1.489839	-0.57634079	1.4898403	0.57633467	-0.27177413	2.4240708	0.02857717	0.20077838	0.053334908	0.16349242	0.33262165	0.16349223	0.33262248	0.015224399	0.32497049	0.034664155	3.8934581	5.3909079	5.1279575	5.0846592	5.1279544	5.0846537	4.2975994	5.9973743	5.2833586	2.7594592	3.3932043	5.0003739	3.3932073	5.0003795	3.7481571	3.2949091	-75.307428	R0:S0:1	-56.7552	uncorrelated	b7fd39a	v1.0.3	 1.26e+02	 7.03e-03	 1.00e+06	2022-07-29@16:34
2x2_2C_8b_C2v_L	0	14.088889	2.5405778	-0.0055969126	-3.311499	-4.0151536	-0.10081859	-4.0151284	-0.10081357	0.13885892	-3.6348888	9.7333333	2.5845462e-06	7.3195283e-08	0.011113536	-0.16299588	0.011112879	-0.16299461	-3.8306791e-07	-2.7411909e-06	-0.11192543	-1.0960037	1.7219974	0.054446599	-1.7219916	-0.054443916	0.22768824	-2.2703177	2.0626222	1	0.21693333	0.13162474	0.2362163	1.9430106	1.813403	1.5785578	1.8134032	1.57855	0.017001465	1.5772868	1.1059127	-3.0385431e-05	-1.614556e-06	0.099040103	1.1183712	0.099038922	1.1183836	5.6753924e-06	5.3417386e-06	1.1264562	0.72208635	-1.5274137	-0.59961781	1.5274105	0.59960514	-0.28642189	2.4793178	0.028544486	0.21421201	0.055577471	0.17156724	0.35023618	0.17156707	0.3502423	0.01709418	0.33479219	0.035652447	3.989166	5.3907043	5.1294761	5.0697639	5.129477	5.0697635	4.3276832	6.0681073	5.2749492	2.7450203	3.3767887	5.0957483	3.3767824	5.0957644	3.7241791	3.242239	-74.985614	R0:S0:1	-57.542044	uncorrelated	b7fd39a	v1.0.3	 1.46e+02	 5.72e-04	 5.32e-03	2022-07-29@16:35
2x2_2C_8b_C2v_L	0	14.177778	2.7811556	-0.013274374	-3.337433	-3.9788141	-0.087960064	-3.9788222	-0.087960587	0.12047784	-3.5737077	9.8755556	-8.9861265e-06	7.5791953e-06	0.010507365	-0.15124559	0.010507343	-0.15124446	-1.4706866e-05	-4.9556649e-06	-0.10932828	-1.0901319	1.6994401	0.05731652	-1.6994418	-0.057318473	0.21198421	-2.2350861	2.0252444	1	0.23386667	0.13151564	0.22157062	1.9453886	1.8239822	1.6052722	1.8239811	1.6052648	0.015167151	1.5968861	1.109494	0.00012656911	-2.0646749e-05	0.088448936	1.0406489	0.088447046	1.0406287	9.0614384e-05	1.8335832e-05	1.0717217	0.71488907	-1.4868086	-0.57793663	1.4868191	0.57794866	-0.27118433	2.4206985	0.028530913	0.20370267	0.053366291	0.1629453	0.33203349	0.16294624	0.3320401	0.015226075	0.32474209	0.034571673	3.9109535	5.3841929	5.1245504	5.0916724	5.1245451	5.0916807	4.2940584	5.9961701	5.2831479	2.7644371	3.3922552	5.0028423	3.392271	5.0028515	3.7511526	3.2984502	-75.163717	R0:S0:1	-56.7552	uncorrelated	b7fd39a	v1.0.3	 1.25e+02	 5.23e-04	 6.55e-03	2022-07-29@16:44
2x2_2C_8b_C2v_L	0	14.2	2.8413	-0.012881995	-3.3375029	-3.9787577	-0.08678848	-3.9787658	-0.086780746	0.11897405	-3.5736291	9.9	3.3479668e-06	2.0770377e-06	0.010356781	-0.15091325	0.010355659	-0.15091124	5.5137101e-07	4.9164118e-07	-0.10929928	-1.0900141	1.6994199	0.056725177	-1.6994218	-0.056716597	0.21137408	-2.235036	2.0159	1	0.2381	0.13159547	0.21821905	1.9456556	1.8246752	1.6077523	1.8246752	1.6077452	0.015006688	1.5986267	1.1098829	-5.5153051e-05	-6.2335686e-06	0.087280035	1.0349178	0.087281531	1.0349291	2.7111586e-06	3.4797537e-06	1.0648361	0.71347372	-1.4842756	-0.57195259	1.4842775	0.57191954	-0.27009668	2.4160669	0.028546283	0.20086533	0.053120625	0.16239331	0.33111554	0.16239335	0.3311237	0.015063006	0.32382872	0.034496127	3.8938361	5.3863463	5.1259667	5.088888	5.1259635	5.0888743	4.2918291	5.9898274	5.2842144	2.7644949	3.3945473	4.992956	3.3945495	4.9929777	3.7530693	3.3024948	-75.254678	R0:S0:1	-56.4696	uncorrelated	b7fd39a	v1.0.3	 1.22e+02	 7.16e-03	 1.00e+06	2022-07-29@16:54
2x2_2C_8b_C2v_L	0	14.111111	2.6007222	-0.0045637125	-3.311441	-4.0151003	-0.10024516	-4.0150761	-0.10024524	0.13825324	-3.6352123	9.7466667	1.6222497e-06	8.0061035e-08	0.010867836	-0.16353129	0.010867886	-0.16353061	-9.9614528e-07	-1.8814133e-07	-0.11208327	-1.0955847	1.7216226	0.053020886	-1.7216168	-0.05302234	0.2281234	-2.2698444	2.0532778	1	0.22116667	0.13142127	0.23369412	1.9432989	1.814234	1.5811167	1.8142337	1.5811184	0.016994175	1.5793167	1.1059523	-1.8459877e-05	-5.7588282e-07	0.097775303	1.1150924	0.097775489	1.1150855	5.8976755e-06	8.1705324e-07	1.1204682	0.72066457	-1.5242511	-0.58969323	1.524251	0.58969994	-0.28681333	2.4734198	0.02850793	0.21223976	0.055312792	0.17090839	0.34978721	0.1709087	0.34978583	0.017085882	0.33374168	0.035543841	3.9769394	5.3907421	5.1295208	5.0631111	5.1295241	5.0631158	4.3266473	6.0597864	5.2753148	2.7471631	3.3807342	5.0879774	3.3807349	5.0879666	3.7255485	3.2490737	-75.028312	R0:S0:1	-57.167556	uncorrelated	b7fd39a	v1.0.3	 1.43e+02	 1.03e-02	 1.00e+06	2022-07-29@17:14
2x2_2C_8b_C2v_L	0	14.066667	2.4804333	-0.0037863153	-3.2961929	-4.015238	-0.10484059	-4.0152554	-0.1048441	0.14404417	-3.6413273	9.6866667	-2.9199042e-06	-1.527232e-05	0.01125856	-0.16651626	0.011260639	-0.16651697	1.5915238e-06	6.5934609e-06	-0.11289808	-1.0967774	1.7272085	0.053510847	-1.7272106	-0.053514394	0.23221531	-2.278833	2.0719667	1	0.2127	0.13146926	0.24755884	1.9417524	1.8091004	1.5625849	1.809101	1.5625866	0.017806127	1.5684463	1.1042462	3.4836713e-05	3.9818636e-05	0.10330491	1.1498614	0.10330064	1.1498664	-2.0068657e-05	-1.998031e-05	1.1526118	0.72744292	-1.5431548	-0.61095225	1.5431504	0.61097048	-0.29140111	2.5032481	0.028513726	0.22265336	0.056733256	0.17498865	0.35952564	0.17498808	0.35952201	0.017916525	0.3391244	0.036059552	4.0506212	5.3849093	5.1277376	5.070817	5.1277369	5.0708237	4.338107	6.1016113	5.2720082	2.7413221	3.3661802	5.1466322	3.3661729	5.1466333	3.7155405	3.2176397	-74.830956	R0:S0:1	-57.649867	uncorrelated	b7fd39a	v1.0.3	 1.53e+02	 1.30e-03	 7.79e-03	2022-07-29@17:16
2x2_2C_8b_C2v_L	0	14.2	2.8413	-0.014137539	-3.3359137	-3.9636084	-0.086121372	-3.9636227	-0.086127202	0.11736892	-3.549147	9.9	-1.1525995e-05	-4.0022649e-05	0.01034054	-0.1498095	0.010341219	-0.14981045	8.3356915e-07	-1.4494718e-06	-0.10898158	-1.0880974	1.6937331	0.057229816	-1.6937353	-0.057235246	0.20972221	-2.2255645	2.0159	1	0.2381	0.13132044	0.22224749	1.9455694	1.8252899	1.6059524	1.825291	1.6059363	0.01501504	1.5987214	1.1097561	0.00022553096	9.6007566e-05	0.087052354	1.0326013	0.08704094	1.0326386	-3.2504785e-05	-2.9928061e-05	1.0665228	0.71513157	-1.4813505	-0.57416559	1.4813369	0.57419889	-0.26942809	2.4130442	0.028496356	0.20441292	0.053193514	0.16184747	0.33130164	0.16184627	0.33130862	0.015070621	0.3237695	0.034408109	3.9159789	5.3784793	5.1216723	5.0975225	5.1216728	5.0975537	4.2876717	5.9899469	5.2842896	2.7699733	3.3927964	4.9992287	3.3927623	4.9992698	3.7565428	3.3055722	-75.111765	R0:S0:1	-56.4696	uncorrelated	b7fd39a	v1.0.3	 1.22e+02	 5.51e-04	 6.83e-03	2022-07-29@17:29
2x2_2C_8b_C2v_L	0	14.111111	2.6007222	-0.0049804573	-3.299206	-3.9889741	-0.10035726	-3.9889942	-0.10035775	0.13833088	-3.6056264	9.7466667	-1.4072529e-05	5.8248237e-07	0.010875892	-0.16323393	0.010876394	-0.16323461	2.4890344e-06	4.3416748e-06	-0.11183216	-1.092982	1.7151587	0.053115061	-1.7151626	-0.053112392	0.22793865	-2.2613504	2.0532778	1	0.22116667	0.13130932	0.23904612	1.942906	1.8135196	1.5760109	1.8135208	1.5760082	0.017187539	1.5767637	1.1057189	0.00016314363	3.3084941e-06	0.098551441	1.1198728	0.09855197	1.1198967	-2.0661809e-05	-9.3809771e-06	1.1266086	0.72336296	-1.5258797	-0.59358991	1.525872	0.59357766	-0.28751292	2.4772661	0.028487619	0.21646593	0.055669929	0.17144822	0.35204416	0.1714471	0.35204454	0.017281231	0.33503948	0.035566103	4.0066734	5.3834772	5.1268975	5.070998	5.126895	5.0709934	4.3240633	6.0706517	5.2755669	2.7504555	3.3762547	5.1038731	3.3762421	5.1038926	3.7279474	3.2450634	-74.820106	R0:S0:1	-57.167556	uncorrelated	b7fd39a	v1.0.3	 1.43e+02	 5.28e-04	 5.27e-03	2022-07-29@17:37
2x2_2C_8b_C2v_L	0	14.133333	2.6608667	-0.0040526833	-3.299148	-3.9889347	-0.099875384	-3.9889535	-0.099877203	0.13788813	-3.6058918	9.76	-1.4246085e-05	2.5128164e-07	0.010631489	-0.16373342	0.010632073	-0.16373519	-3.6772963e-07	-2.3291655e-07	-0.11197668	-1.0926022	1.7148242	0.051752544	-1.714828	-0.051754164	0.22836739	-2.2609108	2.0439333	1	0.2254	0.13110899	0.23649166	1.9431929	1.8143434	1.5789633	1.8143444	1.5789607	0.017170672	1.5787924	1.1057602	0.00015893106	8.9287096e-07	0.097378862	1.1161988	0.097377036	1.1162128	-1.072319e-07	-6.9413273e-07	1.1206582	0.7219291	-1.5227525	-0.58388601	1.5227475	0.58388884	-0.28784911	2.4713972	0.028451606	0.21451776	0.055406851	0.17079745	0.35133622	0.17079654	0.35133609	0.017263521	0.33399218	0.035458475	3.9940809	5.3836599	5.1271033	5.0641777	5.1271003	5.0641795	4.3230635	6.0623565	5.2757247	2.7525639	3.3803593	5.0951381	3.3803517	5.0951515	3.72929	3.2518729	-74.863314	R0:S0:1	-56.793067	uncorrelated	b7fd39a	v1.0.3	 1.40e+02	 1.04e-02	 1.00e+06	2022-07-29@17:45
2x2_2C_8b_C2v_L	0	14.133333	2.6608667	-0.0044854352	-3.287017	-3.9637975	-0.09996828	-3.9637926	-0.099966841	0.13760256	-3.574253	9.76	2.5275266e-06	3.0928784e-07	0.010632414	-0.16347876	0.010633848	-0.16347736	4.5759636e-06	8.0946452e-06	-0.11172906	-1.0900503	1.7086088	0.051849008	-1.7086067	-0.051852261	0.22796663	-2.2518007	2.0439333	1	0.2254	0.13098934	0.24262688	1.9427526	1.8135804	1.5727457	1.8135796	1.5727538	0.017374007	1.5759231	1.105496	-2.7206969e-05	5.0354526e-06	0.098212444	1.1221771	0.098213237	1.1221585	-3.3037023e-05	-1.4838039e-05	1.1276073	0.72498696	-1.5245517	-0.58828054	1.5245545	0.58829867	-0.28846265	2.4757413	0.028429809	0.21931473	0.055806506	0.17136867	0.35415207	0.17136937	0.35414653	0.017468761	0.33544624	0.035486643	4.0279827	5.3754991	5.1238696	5.0733105	5.1238735	5.0733177	4.3201284	6.0745371	5.2764048	2.756117	3.3750803	5.114231	3.3750851	5.1142023	3.7319138	3.2473555	-74.654811	R0:S0:1	-56.793067	uncorrelated	b7fd39a	v1.0.3	 1.41e+02	 8.46e-04	 5.46e-03	2022-07-29@17:53
2x2_2C_8b_C2v_L	0	14.155556	2.7210111	-0.0033362334	-3.2863742	-3.9628763	-0.099579675	-3.9628763	-0.099583762	0.13762393	-3.5768415	9.7733333	-8.2106091e-06	1.6269924e-07	0.010365853	-0.16406594	0.010366991	-0.16406616	-4.5468628e-07	-2.3415121e-07	-0.11186721	-1.0896309	1.7080503	0.050356662	-1.7080509	-0.050363428	0.22875376	-2.2520419	2.0345889	1	0.22963333	0.13079968	0.23893595	1.943097	1.8144431	1.5770265	1.8144416	1.5770364	0.017350113	1.5783105	1.1055718	8.9475767e-05	-1.0116329e-07	0.096992971	1.1173639	0.096992441	1.1173302	9.0483308e-07	-5.9262916e-07	1.120376	0.72308634	-1.5213061	-0.57735315	1.5213153	0.57738617	-0.28898957	2.4692874	0.028395764	0.21648865	0.055492452	0.17069782	0.35288377	0.17069911	0.3528767	0.017444315	0.33422126	0.035373193	4.0093827	5.3770103	5.1249446	5.0642476	5.1249473	5.0642592	4.319591	6.0647356	5.2762495	2.7578286	3.3803153	5.1016154	3.3803293	5.1015795	3.7330073	3.254809	-74.698756	R0:S0:1	-56.418578	uncorrelated	b7fd39a	v1.0.3	 1.38e+02	 1.08e-02	 1.00e+06	2022-07-29@18:01
2x2_2C_8b_C2v_L	0	14.155556	2.7210111	-0.0040378736	-3.2727198	-3.9358266	-0.099582119	-3.9358314	-0.099581294	0.13753572	-3.5459778	9.7733333	3.7683426e-05	-2.1149178e-05	0.010376728	-0.16361957	0.010376135	-0.16361992	1.0522373e-05	-7.4007851e-06	-0.11162082	-1.0867523	1.7014336	0.050616838	-1.7014354	-0.050612848	0.22835962	-2.2432022	2.0345889	1	0.22963333	0.13067766	0.24590544	1.9426085	1.8136142	1.5701362	1.8136147	1.5701317	0.017590462	1.575268	1.1052894	-0.00042054419	4.3702459e-05	0.097947713	1.1236391	0.097943226	1.1236596	-5.8815262e-05	-4.2383771e-06	1.1282501	0.72640608	-1.5232141	-0.58282199	1.5232102	0.58280559	-0.28971132	2.4740728	0.028373359	0.22193157	0.055935265	0.17131658	0.35586939	0.1713161	0.35587319	0.017686917	0.33575644	0.035405227	4.0472316	5.3681001	5.1213421	5.075067	5.1213413	5.0750572	4.3167978	6.0775474	5.2772102	2.7614812	3.3743049	5.1226648	3.3742948	5.1226867	3.7354616	3.24985	-74.480428	R0:S0:1	-56.418578	uncorrelated	b7fd39a	v1.0.3	 1.39e+02	 6.00e-04	 5.53e-03	2022-07-29@18:09
2x2_2C_8b_C2v_L	0	14.177778	2.7811556	-0.0028524262	-3.2727422	-3.9358951	-0.099244486	-3.9358998	-0.099245032	0.13709115	-3.5462236	9.7866667	3.7234107e-05	2.947123e-07	0.01014117	-0.16430315	0.010143362	-0.16430326	-3.2977496e-06	1.7591012e-06	-0.11178597	-1.0864371	1.701054	0.04908434	-1.7010544	-0.049088245	0.22895295	-2.2426855	2.0252444	1	0.23386667	0.13047734	0.24258371	1.9429344	1.8144787	1.5738614	1.814478	1.5738672	0.01756126	1.5774966	1.1053441	-0.00040232	-2.6666987e-06	0.096649215	1.1194955	0.096647484	1.1194698	2.2737054e-05	2.2771165e-06	1.1214866	0.72470256	-1.5199977	-0.57197342	1.5200047	0.57199039	-0.29012371	2.4677701	0.028337362	0.21940249	0.055637898	0.17064023	0.35495684	0.17064087	0.3549538	0.017657099	0.33461516	0.035293597	4.0308265	5.3690618	5.122055	5.0664268	5.1220547	5.0664299	4.3158956	6.0684552	5.2770719	2.7634727	3.3792266	5.1115917	3.3792414	5.111569	3.7368286	3.2571208	-74.524619	R0:S0:1	-56.044089	uncorrelated	b7fd39a	v1.0.3	 1.36e+02	 9.59e-03	 1.00e+06	2022-07-29@18:18
2x2_2C_8b_C2v_L	0	14.177778	2.7811556	-0.0033730997	-3.2626045	-3.9127817	-0.099476346	-3.9127925	-0.099478603	0.13719672	-3.5164052	9.7866667	2.2974007e-05	-1.0214202e-06	0.010176667	-0.16404452	0.01017614	-0.16404519	-1.0419963e-06	-4.0012258e-06	-0.11156503	-1.0841187	1.6952651	0.049306358	-1.6952669	-0.049306129	0.22872622	-2.2341778	2.0252444	1	0.23386667	0.13036316	0.24861753	1.9425236	1.8137789	1.5683825	1.8137792	1.5683855	0.017761814	1.5747156	1.1050944	-0.0002538939	-2.3247914e-06	0.097467595	1.1247607	0.097468092	1.1247551	1.1372286e-05	7.5493681e-06	1.1282302	0.72757791	-1.5216096	-0.57642699	1.5216106	0.57642466	-0.29080248	2.4719706	0.028316392	0.22412384	0.056010406	0.17116379	0.35721933	0.17116355	0.35721768	0.017859819	0.33601774	0.035319398	4.0636106	5.3612759	5.1190099	5.0751685	5.1190081	5.0751644	4.3131454	6.0802263	5.2777903	2.7668717	3.3743452	5.1291197	3.374351	5.1291156	3.7393179	3.2528657	-74.333983	R0:S0:1	-56.044089	uncorrelated	b7fd39a	v1.0.3	 1.36e+02	 5.25e-04	 5.33e-03	2022-07-29@18:25
2x2_2C_8b_C2v_L	0	14.2	2.8413	-0.0024296472	-3.262598	-3.9127824	-0.099190397	-3.912793	-0.099190402	0.13685693	-3.5166269	9.8	2.328787e-05	1.3861262e-07	0.0099502682	-0.16462764	0.0099503768	-0.16462799	4.5652196e-07	1.0349634e-07	-0.11170037	-1.0837855	1.6949101	0.047934362	-1.6949124	-0.047933104	0.22922719	-2.2337102	2.0159	1	0.2381	0.1301639	0.24556626	1.9428374	1.8146239	1.5722262	1.8146241	1.5722271	0.017725673	1.576881	1.1051427	-0.00024877992	-1.4999044e-06	0.096302852	1.120351	0.096303265	1.1203518	-5.3034253e-07	9.6354529e-07	1.1217995	0.72593987	-1.5184562	-0.56642253	1.5184564	0.56641607	-0.29110666	2.4658384	0.028280528	0.22187549	0.055723901	0.17050254	0.35611409	0.17050234	0.35611404	0.017823171	0.3349105	0.03521009	4.0482679	5.362082	5.1196588	5.0671255	5.1196572	5.0671202	4.3122495	6.0714008	5.277543	2.7688832	3.3791313	5.1178717	3.3791333	5.1178733	3.7406331	3.2599441	-74.378161	R0:S0:1	-55.6696	uncorrelated	b7fd39a	v1.0.3	 1.33e+02	 1.05e-02	 1.00e+06	2022-07-29@18:34
2x2_2C_8b_C2v_L	0	14.066667	2.4804333	-0.0013257833	-3.2962331	-4.0153144	-0.10454545	-4.0153308	-0.10454743	0.14371032	-3.6418321	9.6866667	-2.4288572e-06	-9.8168991e-07	0.010739537	-0.16828768	0.01074021	-0.16828975	7.8981817e-07	5.2612099e-07	-0.11323209	-1.0961012	1.726285	0.050368322	-1.7262887	-0.050367438	0.23401679	-2.2775584	2.0719667	1	0.2127	0.13140982	0.24406503	1.9420592	1.8097298	1.564677	1.8097312	1.5646743	0.017953112	1.5703985	1.1043812	2.5501735e-05	3.096283e-06	0.10174789	1.150519	0.10174684	1.1505418	-6.0008451e-06	-2.0989684e-06	1.1458715	0.72569868	-1.5410843	-0.5931879	1.5410769	0.59317875	-0.29344099	2.4983245	0.028503347	0.21993148	0.056457395	0.17451594	0.36069697	0.17451471	0.36069702	0.018065449	0.33816337	0.035991501	4.0318156	5.3878793	5.1298871	5.0565671	5.1298839	5.0565611	4.3381321	6.0936607	5.2737603	2.7418677	3.3709751	5.1397792	3.3709644	5.1397995	3.7165992	3.2231619	-74.825359	R0:S0:1	-57.649867	uncorrelated	b7fd39a	v1.0.3	 1.53e+02	 7.39e-04	 7.48e-03	2022-07-29@18:36
2x2_2C_8b_C2v_L	0	14.2	2.8413	-0.002931991	-3.2502161	-3.8864443	-0.099103807	-3.8864543	-0.099104312	0.13674408	-3.4858185	9.8	1.24423e-05	-4.8028399e-06	0.0099538071	-0.16425419	0.009953919	-0.16425379	7.0421807e-06	-2.5897979e-06	-0.1114651	-1.081139	1.6884528	0.048133965	-1.6884547	-0.048136614	0.22892636	-2.2248885	2.0159	1	0.2381	0.13003831	0.25307596	1.9423202	1.8137516	1.5639837	1.8137509	1.5639902	0.018006209	1.5736138	1.1048372	-0.00013509264	1.0547124e-05	0.097216802	1.1279892	0.097215861	1.1279724	-4.1299279e-05	-3.0735382e-06	1.1300325	0.72950947	-1.5204871	-0.57195645	1.5204916	0.57197179	-0.2920518	2.4710074	0.028257268	0.22757166	0.056191986	0.17114838	0.35982341	0.17114897	0.35981961	0.018105926	0.33654845	0.035247079	4.0891625	5.3525341	5.1154786	5.0790004	5.1154797	5.0790051	4.3093679	6.085064	5.2794021	2.7726461	3.3723419	5.1425001	3.3723484	5.1424795	3.7431522	3.2546159	-74.165579	R0:S0:1	-55.6696	uncorrelated	b7fd39a	v1.0.3	 1.34e+02	 6.47e-04	 5.60e-03	2022-07-29@18:42
2x2_2C_8b_C2v_L	0	14.088889	2.5405778	-0.0015551307	-3.2955897	-4.0147337	-0.10571097	-4.0147466	-0.1057116	0.14530687	-3.6441388	9.6888889	-2.0565636e-06	-6.8734415e-07	0.010704374	-0.16815429	0.010705444	-0.16815528	3.7000223e-07	1.8913275e-06	-0.11297142	-1.0961989	1.7265381	0.050134317	-1.7265401	-0.050135887	0.23402765	-2.278574	2.0626222	1	0.21693333	0.1310318	0.23934968	1.9424529	1.8104037	1.5762975	1.8104046	1.576297	0.017725728	1.5726016	1.1041759	2.1695494e-05	3.24273e-06	0.10154567	1.1393237	0.10154399	1.1393315	-4.0223298e-06	-3.4979399e-06	1.1389287	0.72315232	-1.5385767	-0.58651251	1.5385727	0.58651619	-0.2924605	2.4923373	0.028434806	0.21687806	0.056101321	0.1740325	0.35414793	0.17403179	0.35414696	0.017839822	0.33700582	0.035868267	4.0066445	5.3907125	5.1326339	5.0447494	5.1326318	5.0447507	4.339159	6.0841051	5.2693163	2.7438168	3.3799616	5.1136336	3.379957	5.1136394	3.7162285	3.2317597	-74.829977	R0:S0:1	-57.186489	uncorrelated	b7fd39a	v1.0.3	 1.49e+02	 1.39e-02	 1.00e+06	2022-07-29@19:21
2x2_2C_8b_C2v_L	0	14.088889	2.5405778	-0.0022441176	-3.2733134	-3.9800616	-0.1058685	-3.9800505	-0.10586875	0.14541739	-3.6050062	9.6888889	1.9725657e-06	1.7649207e-05	0.010892575	-0.16822964	0.010892465	-0.16822883	-1.1762185e-07	2.7003352e-06	-0.11310047	-1.0928242	1.7197299	0.051000791	-1.7197266	-0.051003112	0.23434047	-2.2697787	2.0626222	1	0.21693333	0.1310085	0.25426908	1.9412351	1.8079181	1.5563002	1.8079174	1.556313	0.018325487	1.5652023	1.1035014	-2.2169694e-05	-3.9882102e-05	0.10395685	1.1604219	0.10396332	1.1603928	3.4748891e-06	5.0914488e-06	1.1597544	0.73052323	-1.5459931	-0.60292212	1.5459981	0.60293219	-0.29464655	2.5075541	0.028429771	0.22789755	0.057205829	0.17590927	0.36382651	0.17591001	0.36381899	0.018446022	0.34066112	0.036064525	4.0884263	5.3747425	5.1253167	5.0683965	5.1253206	5.0684005	4.3369339	6.1146262	5.2717818	2.7471644	3.3637863	5.1685795	3.3638005	5.1685368	3.7178135	3.2143739	-74.556441	R0:S0:1	-57.186489	uncorrelated	b7fd39a	v1.0.3	 1.52e+02	 1.27e-03	 8.06e-03	2022-07-29@20:03
2x2_2C_8b_C2v_L	0	14.088889	2.5405778	2.8137067e-05	-3.2733904	-3.9801856	-0.10567068	-3.9801753	-0.1056716	0.1451337	-3.6054685	9.6888889	1.5779678e-06	7.21331e-07	0.010378979	-0.16993976	0.010377715	-0.169939	-2.9422614e-07	-7.4664318e-07	-0.1134435	-1.0920881	1.7187683	0.047908577	-1.7187663	-0.047909637	0.23610742	-2.268466	2.0626222	1	0.21693333	0.13094582	0.25085353	1.9415497	1.8085953	1.5588462	1.8085943	1.5588514	0.018471311	1.5672361	1.1036423	-1.6026573e-05	-2.6722187e-06	0.10241443	1.1604336	0.10241683	1.1604164	2.1263617e-06	1.2492298e-06	1.1530973	0.72874148	-1.5437523	-0.58517456	1.5437572	0.58518267	-0.29664816	2.5024385	0.028418786	0.22534077	0.056923208	0.17540099	0.36473298	0.17540183	0.36473035	0.018594622	0.33967105	0.035993306	4.0696382	5.3777162	5.1275399	5.054083	5.1275429	5.0540863	4.336946	6.1063495	5.2733243	2.7478132	3.3688166	5.1606226	3.3688245	5.1606029	3.7189061	3.2201432	-74.551106	R0:S0:1	-57.186489	uncorrelated	b7fd39a	v1.0.3	 1.51e+02	 8.40e-04	 7.34e-03	2022-07-29@20:31
2x2_2C_8b_C2v_L	0	14.111111	2.6007222	-0.00019474485	-3.2727191	-3.9797489	-0.1068247	-3.9797395	-0.10682281	0.14667348	-3.6084852	9.6911111	4.0382005e-07	1.3940494e-07	0.010348808	-0.16981594	0.010347851	-0.16981521	5.1333956e-08	-2.746368e-06	-0.11317947	-1.0921754	1.7190666	0.047674929	-1.719065	-0.047672846	0.23610752	-2.2697044	2.0532778	1	0.22116667	0.13057256	0.24570434	1.941972	1.8092671	1.5709621	1.8092669	1.5709585	0.018222281	1.5695314	1.1034458	-4.1164936e-06	-1.8754533e-06	0.10216035	1.1487991	0.10216058	1.148803	2.1487433e-06	4.4135406e-06	1.1457845	0.72597805	-1.5412801	-0.57851624	1.5412803	0.5785077	-0.2955795	2.4963271	0.028351053	0.22202988	0.056541649	0.17492367	0.35800828	0.1749238	0.3580116	0.018347147	0.33847761	0.035869434	4.0421095	5.3810611	5.1305647	5.0419988	5.130565	5.0419971	4.3380951	6.0963668	5.2686189	2.7495801	3.3781671	5.1332436	3.378166	5.1332512	3.7184345	3.2288807	-74.557999	R0:S0:1	-56.723111	uncorrelated	b7fd39a	v1.0.3	 1.48e+02	 1.28e-02	 1.00e+06	2022-07-29@22:12
2x2_2C_8b_C2v_L	0	14.111111	2.6007222	-0.00092886699	-3.2549991	-3.9491783	-0.10713057	-3.9491823	-0.10713043	0.14666258	-3.5683002	9.6911111	-4.2648638e-06	-3.9075567e-09	0.010597217	-0.16999011	0.010597181	-0.16998967	-3.9566013e-06	-9.1608258e-06	-0.11334475	-1.0895036	1.713116	0.048684627	-1.7131172	-0.048685909	0.2363793	-2.2606024	2.0532778	1	0.22116667	0.13054158	0.2615425	1.9407232	1.8068471	1.5502632	1.8068463	1.55026	0.018842347	1.5618981	1.102753	4.4553513e-05	-5.9664558e-06	0.1045284	1.170591	0.10452536	1.1705746	3.1096177e-05	1.7048652e-05	1.1671997	0.73372124	-1.5485216	-0.59536946	1.5485289	0.59537704	-0.2978071	2.5117931	0.028344444	0.23362183	0.057672598	0.17673751	0.36778183	0.17673816	0.36778555	0.018974278	0.34220904	0.03606744	4.1283716	5.3641819	5.122609	5.0664285	5.1226071	5.0664348	4.3354553	6.1279274	5.2716727	2.7532903	3.3614214	5.190381	3.3614326	5.1903787	3.7203286	3.2111911	-74.309989	R0:S0:1	-56.723111	uncorrelated	b7fd39a	v1.0.3	 1.50e+02	 1.28e-03	 8.21e-03	2022-07-29@22:21
2x2_2C_8b_C2v_L	0	14.111111	2.6007222	0.0013003686	-3.2548612	-3.9488527	-0.10718821	-3.9488578	-0.10718493	0.14661001	-3.5689547	9.6911111	-5.8870016e-06	1.1081085e-06	0.010037406	-0.17174619	0.010037644	-0.1717449	4.8408247e-06	6.1029902e-06	-0.11368372	-1.0887431	1.7121001	0.045568512	-1.7121011	-0.045563933	0.23820075	-2.2593602	2.0532778	1	0.22116667	0.13048789	0.25736914	1.9410864	1.8075333	1.5544007	1.8075335	1.5543994	0.018954408	1.5641286	1.1029206	5.8091522e-05	1.7060543e-06	0.10312998	1.1692128	0.10313204	1.169224	-3.2171206e-05	-1.1252251e-05	1.159841	0.73156562	-1.5462926	-0.57699335	1.5462902	0.57697539	-0.29968937	2.5063047	0.028335204	0.23062725	0.057347358	0.17623516	0.36791076	0.17623496	0.36791252	0.019090171	0.34113767	0.035992796	4.1051361	5.3681932	5.1257045	5.0503174	5.1257045	5.0503089	4.3356218	6.1188484	5.2725914	2.7537158	3.367542	5.1783957	3.3675367	5.1784043	3.7213807	3.2174596	-74.303854	R0:S0:1	-56.723111	uncorrelated	b7fd39a	v1.0.3	 1.50e+02	 5.18e-04	 7.29e-03	2022-07-29@22:28
2x2_2C_8b_C2v_L	0	14.133333	2.6608667	0.00097784022	-3.2545105	-3.9484223	-0.10835957	-3.9484264	-0.10836517	0.14786296	-3.5698151	9.6933333	-4.4993299e-06	-2.0091396e-06	0.010039567	-0.17160786	0.010039614	-0.17160978	-4.3834231e-06	-7.5390386e-07	-0.11343374	-1.0888346	1.7124095	0.045430101	-1.7124102	-0.04543476	0.23795612	-2.2599766	2.0439333	1	0.2254	0.13010963	0.25248338	1.9414971	1.8081548	1.5662566	1.808155	1.5662624	0.018677506	1.5662077	1.1027041	4.4855747e-05	2.8446099e-06	0.1028959	1.157877	0.10289567	1.1578672	2.4692999e-05	2.0931706e-06	1.1531207	0.72891176	-1.544003	-0.57118185	1.5440035	0.57120009	-0.29837025	2.5005418	0.028266504	0.22759906	0.056976174	0.17579638	0.36130135	0.17579629	0.36129569	0.01881442	0.34005963	0.035872827	4.0791553	5.3711567	5.128529	5.0391544	5.1285292	5.0391594	4.3364948	6.1097597	5.2675341	2.7556253	3.3765956	5.1520293	3.3765996	5.1520157	3.7210611	3.2258215	-74.306642	R0:S0:1	-56.259733	uncorrelated	b7fd39a	v1.0.3	 1.47e+02	 1.37e-02	 1.00e+06	2022-07-29@22:40
2x2_2C_8b_C2v_L	0	14.133333	2.6608667	0.00032892819	-3.2330726	-3.9132352	-0.10824137	-3.9132238	-0.10823707	0.14807105	-3.5324001	9.6933333	-2.5759092e-05	8.6787661e-06	0.010215583	-0.1716426	0.010214914	-0.17164168	6.1395957e-06	8.5495682e-06	-0.11358259	-1.0856421	1.70546	0.046252423	-1.7054582	-0.046246825	0.2385076	-2.2516961	2.0439333	1	0.2254	0.13007572	0.26992275	1.940116	1.8055757	1.5428661	1.8055761	1.5428661	0.019442264	1.5582928	1.1019759	0.00026462585	-1.4064374e-05	0.10529039	1.1817918	0.10529618	1.181811	-4.0077108e-05	-1.2303857e-05	1.1754929	0.73737943	-1.5514949	-0.58777543	1.5514894	0.5877487	-0.30124302	2.5167914	0.028258996	0.24009937	0.05822587	0.17771926	0.37240514	0.17771894	0.37240561	0.019588172	0.34387664	0.036078463	4.1733437	5.3527293	5.1197754	5.0655719	5.1197775	5.0655584	4.3342929	6.1423769	5.2724109	2.7594987	3.358053	5.2155705	3.3580431	5.2155783	3.7226	3.2071863	-74.035878	R0:S0:1	-56.259733	uncorrelated	b7fd39a	v1.0.3	 1.49e+02	 1.34e-03	 8.25e-03	2022-07-29@22:48
2x2_2C_8b_C2v_L	0	14.133333	2.6608667	0.0025979279	-3.2331371	-3.9133258	-0.10828745	-3.9133154	-0.10829048	0.14793632	-3.5326436	9.6933333	-2.4148375e-05	-2.2407865e-06	0.0096015934	-0.17338102	0.0096021795	-0.17338082	-4.2255397e-06	6.7974154e-08	-0.1139146	-1.0848133	1.7044604	0.0428816	-1.7044578	-0.042890968	0.24030924	-2.2502601	2.0439333	1	0.2254	0.13001715	0.26516937	1.940536	1.8063606	1.547883	1.8063582	1.5478979	0.019542557	1.5607783	1.1021698	0.0002346602	2.7102529e-06	0.10375465	1.1794788	0.1037544	1.1794224	2.5480799e-05	1.8572234e-06	1.1672211	0.73489219	-1.5489549	-0.56777703	1.54897	0.56782497	-0.30307854	2.5106644	0.028248924	0.23678494	0.057849645	0.17714487	0.3722867	0.17714698	0.37227806	0.019693353	0.3426969	0.03599393	4.1467981	5.3573139	5.1232496	5.0481374	5.1232554	5.0481562	4.3343785	6.1322653	5.2732542	2.7599539	3.3649615	5.2013492	3.3649878	5.2012878	3.7238002	3.2142183	-74.030223	R0:S0:1	-56.259733	uncorrelated	b7fd39a	v1.0.3	 1.49e+02	 4.56e-04	 7.60e-03	2022-07-29@22:56
2x2_2C_8b_C2v_L	0	14.155556	2.7210111	0.002277178	-3.2329489	-3.9131222	-0.10937409	-3.9131124	-0.109372	0.14913107	-3.53284	9.6955556	-2.453719e-05	-8.6998889e-07	0.0095764127	-0.17315366	0.0095763481	-0.17315228	2.7519886e-07	-9.2179396e-08	-0.11365139	-1.0850684	1.7048558	0.042718947	-1.7048543	-0.042714804	0.23996472	-2.2507249	2.0345889	1	0.22963333	0.12964021	0.2600268	1.9409463	1.8069755	1.5601477	1.806975	1.5601454	0.019241701	1.5628491	1.1019582	0.00023859868	6.3641608e-07	0.10350811	1.167635	0.10350896	1.1676347	5.1103028e-07	9.5237135e-07	1.160348	0.73224772	-1.5467094	-0.56200245	1.5467115	0.56198746	-0.30163103	2.5048679	0.028180405	0.23364265	0.057479961	0.17671412	0.36553805	0.17671452	0.36554159	0.019393224	0.34163173	0.035873266	4.1196372	5.360473	5.1262353	5.0371665	5.1262362	5.0371602	4.3351506	6.1232131	5.2678657	2.7618831	3.3742238	5.1741528	3.3742259	5.1741564	3.7235699	3.2226372	-74.032562	R0:S0:1	-55.796356	uncorrelated	b7fd39a	v1.0.3	 1.45e+02	 1.41e-02	 1.00e+06	2022-07-29@23:06
2x2_2C_8b_C2v_L	0	14.155556	2.7210111	0.001607424	-3.2106834	-3.8779154	-0.10946272	-3.8779251	-0.10946372	0.14903188	-3.4930612	9.6955556	-2.0574074e-06	2.8524026e-05	0.0097556135	-0.17336543	0.0097550932	-0.17336634	-1.8744679e-06	-1.4282435e-06	-0.11379367	-1.0816789	1.6979664	0.043504166	-1.6979685	-0.043505971	0.2403807	-2.2417403	2.0345889	1	0.22963333	0.12960264	0.27869779	1.9394957	1.8042964	1.5357722	1.8042962	1.5357861	0.020046805	1.5544952	1.1012005	2.1769721e-05	-6.7990997e-05	0.1060234	1.192875	0.10603229	1.1928458	2.00202e-05	1.7988191e-05	1.183393	0.74112106	-1.5544896	-0.5783136	1.5544956	0.57831759	-0.30449459	2.5218465	0.02817208	0.24691529	0.058791255	0.17870869	0.37691361	0.17870901	0.37690648	0.020209435	0.345611	0.036085794	4.219141	5.3410955	5.1172056	5.0636349	5.117206	5.0636353	4.3326722	6.1577023	5.2736745	2.7659505	3.3549454	5.240747	3.3549645	5.2407043	3.7253169	3.203253	-73.755933	R0:S0:1	-55.796356	uncorrelated	b7fd39a	v1.0.3	 1.48e+02	 1.38e-03	 8.68e-03	2022-07-29@23:14
2x2_2C_8b_C2v_L	0	14.155556	2.7210111	0.0038697704	-3.2107642	-3.8780642	-0.10978737	-3.8780741	-0.1097883	0.14921489	-3.4938313	9.6955556	-1.9145892e-06	-4.5709019e-07	0.0091158253	-0.1751574	0.0091146025	-0.17515647	-2.8168223e-07	-1.3718586e-06	-0.11413218	-1.0808934	1.6969095	0.040038871	-1.696911	-0.040039645	0.24229763	-2.2404164	2.0345889	1	0.22963333	0.12954954	0.27263042	1.9399961	1.8051865	1.5433973	1.8051858	1.5434031	0.020093881	1.5574199	1.1014431	1.8619933e-05	-7.4970719e-07	0.1044382	1.1881252	0.10444024	1.1881036	2.712475e-06	1.9127718e-06	1.1737965	0.73807006	-1.5516562	-0.55695904	1.5516624	0.55696811	-0.30620774	2.51479	0.028163148	0.2428448	0.058344579	0.17806919	0.37557967	0.17806987	0.37557732	0.020262682	0.34424192	0.035989703	4.1852048	5.3472397	5.121894	5.0436047	5.1218947	5.0436084	4.3329218	6.1457884	5.2734685	2.7662141	3.3636909	5.2200177	3.3637028	5.219997	3.7265455	3.2114191	-73.752449	R0:S0:1	-55.796356	uncorrelated	b7fd39a	v1.0.3	 1.48e+02	 7.66e-04	 7.75e-03	2022-07-29@23:23
2x2_2C_8b_C2v_L	0	14.177778	2.7811556	0.0034296547	-3.2101081	-3.877982	-0.11083834	-3.8779909	-0.1108376	0.15060578	-3.4964256	9.6977778	-4.4052303e-06	5.5335309e-07	0.0091200522	-0.17483887	0.0091192884	-0.17483917	4.0273159e-06	8.4057888e-06	-0.11385958	-1.0811035	1.6974039	0.040004564	-1.6974061	-0.039999537	0.24200077	-2.2417098	2.0252444	1	0.23386667	0.12918683	0.26690926	1.9404349	1.8057808	1.5563781	1.8057819	1.5563772	0.019764276	1.559623	1.1012459	4.1188438e-05	3.727651e-06	0.10415889	1.1755231	0.10416284	1.175549	-2.9396412e-05	-1.5035218e-05	1.1666309	0.7351418	-1.5495022	-0.55174974	1.5494942	0.55172544	-0.30465819	2.5089633	0.028097143	0.23936875	0.057949717	0.17766024	0.36844282	0.17765924	0.36844261	0.019933166	0.34312233	0.035870771	4.1548761	5.3511842	5.1252939	5.0325987	5.1252928	5.0325847	4.3340749	6.1360924	5.267534	2.7677399	3.3733292	5.1910031	3.3733165	5.1910212	3.725968	3.2198404	-73.760291	R0:S0:1	-55.332978	uncorrelated	b7fd39a	v1.0.3	 1.44e+02	 1.38e-02	 1.00e+06	2022-07-29@23:32
2x2_2C_8b_C2v_L	0	14.177778	2.7811556	0.0027064961	-3.1889681	-3.8444055	-0.11077063	-3.8444071	-0.11077444	0.15029711	-3.4553744	9.6977778	5.1842303e-05	4.3536673e-06	0.0093145941	-0.17501381	0.0093169711	-0.17501521	-4.6199077e-06	-4.2108048e-06	-0.11403973	-1.0778961	1.6908459	0.040850482	-1.6908444	-0.0408559	0.24231741	-2.232335	2.0252444	1	0.23386667	0.12913274	0.28808372	1.9388384	1.8030783	1.5289367	1.8030793	1.5289358	0.020678752	1.5506977	1.1004307	-0.00051265631	-1.0210867e-05	0.10671094	1.2034061	0.10670681	1.2034094	2.7412716e-05	9.2424659e-06	1.191495	0.74507341	-1.5572501	-0.56890172	1.5572451	0.56892241	-0.30782792	2.5269194	0.028085406	0.25418588	0.059390343	0.17964707	0.38107837	0.17964621	0.38107541	0.020860403	0.34731813	0.03609209	4.2668024	5.3292397	5.1145783	5.0621766	5.1145758	5.0621904	4.3311691	6.1730091	5.275224	2.7724849	3.3518102	5.2657166	3.3518055	5.2657194	3.7279665	3.1993175	-73.489546	R0:S0:1	-55.332978	uncorrelated	b7fd39a	v1.0.3	 1.47e+02	 1.46e-03	 8.94e-03	2022-07-29@23:40
2x2_2C_8b_C2v_L	0	14.177778	2.7811556	0.0050622446	-3.1890969	-3.844552	-0.11138258	-3.8445532	-0.11137957	0.15058617	-3.4562217	9.6977778	4.5427314e-05	2.4579334e-06	0.0086307607	-0.17693428	0.0086299758	-0.17693418	2.2613133e-06	-2.2717513e-06	-0.11435307	-1.0770614	1.6897399	0.037218146	-1.68974	-0.03721198	0.24432442	-2.230976	2.0252444	1	0.23386667	0.12908738	0.2801185	1.9394671	1.8040429	1.5394484	1.8040452	1.5394275	0.020651546	1.5540984	1.100727	-0.00042544959	-1.450202e-06	0.10505703	1.1961184	0.10505458	1.196181	-1.6077842e-05	4.4823785e-07	1.1799611	0.74113859	-1.5542772	-0.54588335	1.5542599	0.54584734	-0.30932723	2.5188429	0.02807814	0.2489716	0.058829828	0.178971	0.37852084	0.17896879	0.37853081	0.02084075	0.34574902	0.035984119	4.2226085	5.3375006	5.1207751	5.0388151	5.1207686	5.038807	4.3315737	6.1590952	5.2738801	2.7723622	3.3627559	5.2376357	3.3627225	5.2377093	3.7292377	3.2087089	-73.48703	R0:S0:1	-55.332978	uncorrelated	b7fd39a	v1.0.3	 1.46e+02	 6.99e-04	 8.09e-03	2022-07-29@23:48
2x2_2C_8b_C2v_L	0	14.2	2.8413	0.0044219833	-3.1886411	-3.8444098	-0.11262897	-3.8444069	-0.11263062	0.15176234	-3.4581941	9.7	4.4247019e-05	2.0217389e-06	0.0086813892	-0.17660755	0.0086811064	-0.17661003	-1.1192126e-06	7.6371031e-07	-0.11406967	-1.0773215	1.6903133	0.037296477	-1.6903129	-0.037297756	0.24379362	-2.2321459	2.0159	1	0.2381	0.12873384	0.27363106	1.9399524	1.8046072	1.5541881	1.8046092	1.5541776	0.02024177	1.5563656	1.1005481	-0.00041679936	2.3087501e-09	0.10475391	1.1820906	0.10475191	1.1821369	7.1287638e-07	-2.8885209e-06	1.1724024	0.73785007	-1.5522795	-0.54081713	1.5522644	0.54081191	-0.30732114	2.5128973	0.028013868	0.24516231	0.058394124	0.17859798	0.3703912	0.17859614	0.37039265	0.020430562	0.34460961	0.035864244	4.1878198	5.3424477	5.1250678	5.0267386	5.1250643	5.02674	4.3327321	6.1491127	5.266641	2.7736427	3.3733573	5.2047686	3.3733299	5.2048129	3.7286329	3.2173246	-73.494758	R0:S0:1	-54.8696	uncorrelated	b7fd39a	v1.0.3	 1.43e+02	 1.39e-02	 1.00e+06	2022-07-29@23:56
2x2_2C_8b_C2v_L	0	14.2	2.8413	0.0036496513	-3.1688181	-3.8096528	-0.11216599	-3.8096336	-0.11216376	0.15149983	-3.4178928	9.7	2.4799293e-05	-1.6405821e-05	0.0088980234	-0.17663854	0.0088980293	-0.1766389	2.743634e-06	6.1745817e-06	-0.11427985	-1.0743605	1.683497	0.038248131	-1.6834937	-0.038247124	0.24419372	-2.2230421	2.0159	1	0.2381	0.12866239	0.29858347	1.9381287	1.8017756	1.5215048	1.8017763	1.5214895	0.021363116	1.5466551	1.099642	-0.00024515153	4.4982789e-05	0.10739747	1.2143716	0.10739164	1.2144189	-2.7772818e-05	-2.1070329e-05	1.2001015	0.74939808	-1.5601743	-0.55970937	1.5601626	0.55969989	-0.3112293	2.5324763	0.027998333	0.26225592	0.060036517	0.18064715	0.38533255	0.18064633	0.38533803	0.021567136	0.34910926	0.036103266	4.3187358	5.3166478	5.1118086	5.0616119	5.1118084	5.0616073	4.3296619	6.1893123	5.2774643	2.7792658	3.3480344	5.292708	3.3480046	5.2927611	3.7306224	3.1948533	-73.222269	R0:S0:1	-54.8696	uncorrelated	b7fd39a	v1.0.3	 1.46e+02	 1.59e-03	 9.16e-03	2022-07-30@00:04
2x2_2C_8b_C2v_L	0	14.2	2.8413	0.0062487227	-3.1689604	-3.8099155	-0.11285648	-3.8098967	-0.11285649	0.15192074	-3.4185909	9.7	2.372488e-05	6.6229874e-07	0.0081024442	-0.17861506	0.0081043264	-0.17861584	-1.6558977e-06	7.7112154e-07	-0.1145798	-1.0734608	1.6822866	0.034231061	-1.6822827	-0.034235021	0.2463806	-2.2215107	2.0159	1	0.2381	0.12861716	0.28836905	1.9389046	1.8028729	1.534837	1.8028731	1.5348315	0.02127347	1.5506617	1.100001	-0.0002190209	2.2054857e-06	0.10556568	1.2044161	0.10556149	1.2044305	5.489723e-06	-1.9646529e-06	1.1861845	0.74450112	-1.5568519	-0.53401239	1.5568471	0.53402579	-0.31265421	2.5230128	0.027991368	0.25564719	0.059345281	0.17988774	0.38178092	0.1798875	0.38178123	0.02148672	0.34728624	0.035977257	4.2630299	5.3270983	5.1194583	5.034728	5.1194592	5.0347375	4.3301458	6.1728439	5.2750811	2.7788606	3.3613293	5.2572412	3.3613173	5.2572548	3.7320631	3.2058696	-73.219199	R0:S0:1	-54.8696	uncorrelated	b7fd39a	v1.0.3	 1.45e+02	 9.41e-04	 8.78e-03	2022-07-30@00:13
