CDMFT_iterations	CDMFT_method	D	D_ave	E0_1	E_kin	GS_consistency	U	U_1_ave	convergence	dist_function	eb1_1	eb1_1_ave	eb2_1	eb2_1_ave	eb3_1	eb3_1_ave	eb4_1	eb4_1_ave	eb5_1	eb5_1_ave	eb6_1	eb6_1_ave	eb7_1	eb7_1_ave	eb8_1	eb8_1_ave	githash	model	mu	mu_1_ave	mu_ave	n_1	sb1_1	sb1_1_ave	sb2_1	sb2_1_ave	sb3_1	sb3_1_ave	sb4_1	sb4_1_ave	sb5_1	sb5_1_ave	sb6_1	sb6_1_ave	sb7_1	sb7_1_ave	sb8_1	sb8_1_ave	script	sector_1	t	t_1_ave	t_ave	tb1_1	tb1_1_ave	tb2_1	tb2_1_ave	tb3_1	tb3_1_ave	tb4_1	tb4_1_ave	tb5_1	tb5_1_ave	tb6_1	tb6_1_ave	tb7_1	tb7_1_ave	tb8_1	tb8_1_ave	time	tp	tp_1_ave	tp_ave	version	
11	Broyden	0	0.003265798702	-10.72135028	-0.8360650186	Y	11.5	0.01767490335	self-energy/D	sharp_wc_2_b_35	0.1836331397	0.0499542194	0.1573462103	0.2185893229	0.2390411165	0.2983345947	0.5628523838	0.08060182579	0.5643897032	0.08032737421	0.2391918125	0.2985431825	-0.2888369463	1.905206114	0.5443217536	0.04068075106	c61843e	2x2_2C_8b_C2v_L	2.1	0.9078839605	0.912007126	0.9999999997338409	0.1684182292	-0.3452584525	0.007923670439	-0.01767397481	0.1930553638	-0.9496968601	0.09663820045	-0.08602853628	0.09704683301	-0.08730664938	0.1930130186	-0.9496503092	0.0002314255685	-0.0003505337296	0.0002079358292	-0.0005731250942	run_optim.py	R0:S0:1	1	-0.452655893	-0.7809707656	0.007694120458	-0.0681950222	-0.1536678814	1.442688103	-0.1509907502	0.9786229193	0.273289683	-0.8806464942	-0.2732585921	0.8792674291	0.1513157844	-0.9797639133	-0.25534535	0.8571223439	-0.403380225	0.4691299545	2024-07-04@16:42	-0.4	-0.001624095402	0.1377356326	v2.6.0	
5	Broyden	0	0.00319939428	-10.72216147	-0.8359963614	Y	11.51	0.01764281451	self-energy/D	sharp_wc_2_b_35	0.1834280124	0.04983988308	0.1572988995	0.2194093698	0.2394898429	0.2999631943	0.5660440185	0.07979235838	0.5645736689	0.08014467466	0.2387026897	0.2998461032	-0.2892126179	1.904932621	0.5456337795	0.04069837974	c61843e	2x2_2C_8b_C2v_L	2.1	0.9077294041	0.9118915087	0.9999999996993968	0.1685646827	-0.3460674043	0.004150671735	-0.009301847334	0.1929241151	-0.9512133134	0.09777317151	-0.08945839498	0.09723404377	-0.08785889663	0.1928341151	-0.9511410196	0.0005809442163	-0.0008467901004	0.0004415302188	-0.001177945385	run_optim.py	R0:S0:1	1	-0.4523591925	-0.7808525106	0.004018734484	-0.03560374992	-0.1538616718	1.444922234	-0.1520313615	0.9830681782	0.2729621894	-0.8763830178	-0.2730649555	0.8782702444	0.151559069	-0.9820180827	-0.2556356551	0.858489443	-0.4036623647	0.4694641413	2024-07-04@16:48	-0.4	-0.001575524971	0.137859627	v2.6.0	
1	Broyden	0	0.003667282413	-10.76233202	-0.8345553051	Y	11.5	0.01774923463	self-energy/D	sharp_wc_2_b_35	0.1844533719	0.0499002441	0.1562051718	0.216318589	0.2420181773	0.2963262919	0.5688231342	0.07802462697	0.5695553699	0.07804588715	0.2428840554	0.295740573	-0.2923721481	1.905958176	0.5478104119	0.0400544325	c61843e	2x2_2C_8b_C2v_L	2.11	0.909001422	0.9130753278	0.9999999997626347	0.1696792409	-0.3446126878	0.002692341531	-0.005954237504	0.1938952494	-0.9445354807	0.0990815813	-0.09244857942	0.09881977054	-0.09145078985	0.1941890845	-0.9450009857	-0.0007487096448	0.001040987206	-0.0006203094592	0.00165869506	run_optim.py	R0:S0:1	1	-0.4527130879	-0.7795188643	0.002650418488	-0.02346655229	-0.1524198862	1.43370381	-0.152652726	0.9817966192	0.2711068312	-0.8672478338	-0.2714741911	0.867553431	0.1524480744	-0.9796241836	-0.2568965386	0.8545832921	-0.4022510999	0.466562762	2024-07-04@16:51	-0.4	-0.001844187329	0.1375911022	v2.6.0	
10	Broyden	0	0.003587664423	-10.72260305	-0.8344848462	Y	11.5	0.01772345619	self-energy/D	sharp_wc_2_b_35	0.1854977278	0.05073175785	0.158016615	0.2169472709	0.2433656059	0.2987658513	0.5717057894	0.0776701015	0.5713118581	0.07738489105	0.2431954078	0.2991286955	-0.2902944975	1.90636495	0.5487825472	0.03994111456	c61843e	2x2_2C_8b_C2v_L	2.1	0.9079772277	0.911910002	0.9999999997481508	0.1717655822	-0.3475363499	0.005833315916	-0.01279716063	0.1938114148	-0.9510616283	0.1000838233	-0.09531803054	0.1005260704	-0.09698290141	0.1936106173	-0.9507264879	-0.001594692418	0.002085582368	-0.001401617139	0.003941191392	run_optim.py	R0:S0:1	1	-0.4537227388	-0.7824234855	0.005614634718	-0.0494530247	-0.1541287618	1.438762207	-0.1536989551	0.990307195	0.2706449561	-0.8657454301	-0.2701243003	0.8637709286	0.1541132081	-0.9919619356	-0.2547367639	0.8540900022	-0.4014260494	0.4648443881	2024-07-04@17:01	-0.39	-0.002645612273	0.1334906683	v2.6.0	
8	Broyden	0	0.003588055429	-10.74247401	-0.8343742409	Y	11.49	0.01775397538	self-energy/D	sharp_wc_2_b_35	0.1875615134	0.05083723614	0.1545499873	0.2176419433	0.2400806827	0.2979312339	0.5623136935	0.07901797113	0.5602513103	0.07930710303	0.2392829727	0.2976930766	-0.2893712326	1.905916877	0.5437533588	0.04002082133	c61843e	2x2_2C_8b_C2v_L	2.106666667	0.9086074419	0.9126838949	0.9999999997113678	0.1714940455	-0.3476753821	0.005103144643	-0.01166523879	0.1937734346	-0.9499409667	0.09757614872	-0.08875387918	0.09704782934	-0.08727628131	0.1935997654	-0.9496955148	0.0005062297843	-0.0007882974398	0.0004272647521	-0.001100348923	run_optim.py	R0:S0:1	1	-0.453344333	-0.7812469271	0.004854134799	-0.04226755244	-0.1528946234	1.435875371	-0.1512672548	0.9804362874	0.270708881	-0.8720336829	-0.2706349467	0.8733304477	0.1508071561	-0.979118108	-0.2550578094	0.8543848831	-0.4004107214	0.4651189655	2024-07-04@17:09	-0.3933333333	-0.002197092818	0.1350694417	v2.6.0	
5	Broyden	0	0.003801712036	-10.75287509	-0.8327562167	Y	11.49333333	0.01776841908	self-energy/D	sharp_wc_2_b_35	0.191275266	0.05163227767	0.1514074261	0.2176532878	0.2400578245	0.2966279039	0.5571652152	0.07866324957	0.5572826108	0.07912951482	0.2393735222	0.2964810804	-0.2883033141	1.906019452	0.5407117258	0.03981675418	c61843e	2x2_2C_8b_C2v_L	2.111111111	0.9090675841	0.9130630035	0.9999999996443856	0.1736505042	-0.3500004818	3.819201492e-05	-0.000456917102	0.1939240226	-0.9474223405	0.09774502992	-0.09017473652	0.09744883405	-0.08874802841	0.1937812858	-0.9472446106	-0.0006137391518	0.0007003831016	-0.0006971005664	0.002091852528	run_optim.py	R0:S0:1	1	-0.453425956	-0.7809436696	-0.0001346910538	0.001552730111	-0.1521139219	1.431533908	-0.1510199431	0.9784639224	0.2688162405	-0.8688807705	-0.2694305465	0.8717920696	0.1503903874	-0.9772985045	-0.2546234991	0.8527584885	-0.3984514955	0.4635485685	2024-07-04@17:15	-0.3888888889	-0.002503225117	0.1332322642	v2.6.0	
9	Broyden	0	0.00407551592	-10.77281515	-0.8313978169	Y	11.49	0.01783149249	self-energy/D	sharp_wc_2_b_35	0.1947762707	0.05238551529	0.1495424239	0.2161972315	0.2418729971	0.296987864	0.5610618837	0.07638136857	0.5603260224	0.07651256383	0.2417763206	0.2969955454	-0.2897613914	1.906906404	0.5413577184	0.03911491626	c61843e	2x2_2C_8b_C2v_L	2.116666667	0.9096336222	0.9136302932	0.9999999997086682	0.1762264685	-0.3510963001	-0.001762395145	0.004117007501	0.1943685761	-0.9477408177	0.09975783091	-0.09550268535	0.09968111232	-0.09519885637	0.194433824	-0.9479299718	-0.0001139352102	0.0001813786549	-8.908530039e-05	0.0002309035622	run_optim.py	R0:S0:1	1	-0.4540428925	-0.7811709978	-0.001671900798	0.01422686333	-0.1513730431	1.424482283	-0.1524202768	0.9850393503	0.2662831144	-0.8569103094	-0.2663334127	0.8576216034	0.1522797996	-0.9846365856	-0.2544429809	0.849795645	-0.3957326608	0.4594956928	2024-07-04@17:25	-0.3833333333	-0.003041183574	0.1310264847	v2.6.0	
4	Broyden	0	0.004013063474	-10.79731808	-0.8320745642	Y	11.48666667	0.01784851163	self-energy/D	sharp_wc_2_b_35	0.1892879453	0.05079317419	0.151965005	0.2146636203	0.241040231	0.2940675369	0.5619063689	0.07726748058	0.5612143251	0.07720872523	0.2411762884	0.2942588813	-0.2905024097	1.906604263	0.541956135	0.03948809795	c61843e	2x2_2C_8b_C2v_L	2.122222222	0.9102645174	0.9143113666	0.9999999997332037	0.1724065867	-0.3457724475	-0.001704931691	0.003854954913	0.1942993927	-0.9412790174	0.09857338826	-0.0919317056	0.09885544466	-0.09275525595	0.1942218722	-0.9409150685	-4.061824067e-05	6.601818178e-05	-2.771903261e-05	7.505579339e-05	run_optim.py	R0:S0:1	1	-0.4532210233	-0.7787279304	-0.001633086961	0.01418089453	-0.1511166289	1.422488743	-0.151566941	0.9757220377	0.2685291182	-0.8622109799	-0.2682457996	0.8616756021	0.1518356097	-0.9769835221	-0.2560567256	0.8499963679	-0.3983304323	0.4626610718	2024-07-04@17:30	-0.3944444444	-0.002261752166	0.1352449872	v2.6.0	
6	Broyden	0	0.004143994585	-10.80806876	-0.8309244104	Y	11.49444444	0.01784411117	self-energy/D	sharp_wc_2_b_35	0.1916423181	0.05142154617	0.149754987	0.2145218675	0.2412567879	0.2937380583	0.559742757	0.0768055843	0.5589028986	0.07677200741	0.2409682201	0.2939853302	-0.2906163278	1.90675738	0.5414391822	0.03923668134	c61843e	2x2_2C_8b_C2v_L	2.125925926	0.9105817156	0.9146182138	0.9999999997096031	0.173594534	-0.3467163794	-0.004842590892	0.01111832045	0.1945192553	-0.9405869354	0.09874792774	-0.0924127186	0.09884176968	-0.09289114514	0.1944327745	-0.9404968368	3.54323006e-05	-2.340648963e-05	7.769105079e-06	-1.176385054e-05	run_optim.py	R0:S0:1	1	-0.4531285877	-0.7783151221	-0.004628529604	0.03983036298	-0.1504298693	1.418479514	-0.1514840886	0.975488138	0.2673123619	-0.8592728421	-0.2670301792	0.858866787	0.1515992571	-0.976270111	-0.2559534199	0.8488977199	-0.3970150528	0.4612788826	2024-07-04@17:36	-0.3918518519	-0.002422813338	0.1342581081	v2.6.0	
1	Broyden	0	0.004409626768	-10.83631702	-0.829109633	Y	11.49666667	0.01787791538	self-energy/D	sharp_wc_2_b_35	0.1925528865	0.05216670559	0.1466148398	0.2131756822	0.2405762952	0.2916791247	0.555253962	0.07638716063	0.5544946916	0.0764878477	0.2405515869	0.291657624	-0.2894381125	1.90697395	0.5411881521	0.03886397811	c61843e	2x2_2C_8b_C2v_L	2.135555556	0.911579688	0.9155853974	0.999999999638651	0.1740233082	-0.3459207956	-0.009647099379	0.02231127066	0.1949777833	-0.9367432736	0.098168753	-0.09087982164	0.09805916662	-0.09054024218	0.1949519827	-0.9367053117	-0.000378437004	0.0005992723158	-0.0003181668935	0.0008519643777	run_optim.py	R0:S0:1	1	-0.4529311687	-0.7767389369	-0.009188391587	0.07868414343	-0.1487961977	1.407693578	-0.150526595	0.9698563512	0.2658619914	-0.8563942683	-0.2658106929	0.8568636445	0.1504303799	-0.9696294353	-0.2560007138	0.8462275577	-0.3953883513	0.4594977992	2024-07-04@17:39	-0.3911111111	-0.002496540474	0.1339023478	v2.6.0	
2	Broyden	0	0.004822476912	-10.84846473	-0.8271076555	Y	11.48222222	0.01797352124	self-energy/D	sharp_wc_2_b_35	0.1996597103	0.05360677971	0.1432487839	0.2118833932	0.2419273846	0.2914384387	0.5531578859	0.07467057734	0.550976461	0.07492150357	0.2421753964	0.2911691532	-0.2906373558	1.908158942	0.5396783337	0.03802251264	c61843e	2x2_2C_8b_C2v_L	2.13962963	0.9121251964	0.9160265432	0.9999999997357647	0.1788756044	-0.3493089583	-0.009756676714	0.02286540271	0.195651887	-0.938147367	0.09930827411	-0.09426878103	0.09898379671	-0.09319782355	0.1957431319	-0.9381186551	-0.0005839173687	0.0008795856065	-0.0005043461284	0.001371805781	run_optim.py	R0:S0:1	1	-0.4542109306	-0.7781115632	-0.009206278931	0.07726304841	-0.1480017775	1.399523966	-0.1508902545	0.9741709682	0.2622724124	-0.8465221987	-0.2621853033	0.84768984	0.1506642036	-0.9730781729	-0.2550801345	0.8422939876	-0.3911634495	0.4538067901	2024-07-04@17:42	-0.3792592593	-0.00347536645	0.1291889151	v2.6.0	
7	Broyden	0	0.005628465622	-10.90120678	-0.8237464177	Y	11.47333333	0.01814037046	self-energy/D	sharp_wc_2_b_35	0.2079539397	0.05432913235	0.1410693669	0.2070128977	0.2477827699	0.2903912577	0.5639629645	0.06913703349	0.5627427367	0.06940928219	0.2479794264	0.2901250025	-0.2931951395	1.909952202	0.5385622633	0.03673438055	c61843e	2x2_2C_8b_C2v_L	2.154444444	0.9137621973	0.9175891309	0.9999999997131432	0.1847737415	-0.3494272006	-0.009026761529	0.02117866141	0.196846933	-0.9337654972	0.1056339257	-0.1119848649	0.1051488486	-0.1104440445	0.1970342951	-0.9340163492	-0.0002410441666	0.0004387936027	-0.0002312046348	0.0005980620266	run_optim.py	R0:S0:1	1	-0.455415668	-0.777664731	-0.008321441283	0.06835324947	-0.146241823	1.381047808	-0.1547379	0.9873295314	0.2559686989	-0.8148229794	-0.2561513659	0.8165500252	0.1544114508	-0.9859521177	-0.2553529738	0.8354262701	-0.3852891642	0.4459139651	2024-07-04@17:50	-0.3688888889	-0.004573349741	0.124920235	v2.6.0	
1	Broyden	0	0.005323079677	-10.87617812	-0.8240197935	Y	11.48666667	0.01804188209	self-energy/D	sharp_wc_2_b_35	0.2068207141	0.05512585754	0.1391588251	0.2098774303	0.2448024113	0.2919062316	0.5556628859	0.07125586424	0.5539754223	0.07144168602	0.244541306	0.2918663484	-0.2909782121	1.909217061	0.537204061	0.03710528209	c61843e	2x2_2C_8b_C2v_L	2.148888889	0.9130150556	0.9168359918	0.9999999997262968	0.1837391397	-0.3515360564	-0.01157709261	0.02764428754	0.1962956374	-0.9375449924	0.1030233892	-0.1052392125	0.1027238259	-0.1044568483	0.1962881242	-0.9376782281	-0.0004937645725	0.000789644783	-0.0004208347741	0.001142943074	run_optim.py	R0:S0:1	1	-0.4549607278	-0.7782017071	-0.01078999726	0.08858524847	-0.1465090656	1.386320235	-0.1530745163	0.9836895961	0.2573556035	-0.826541095	-0.2572616005	0.8274406882	0.1528185178	-0.9828995913	-0.2543052845	0.8376089702	-0.3861764962	0.4478539212	2024-07-04@17:53	-0.3677777778	-0.004441228962	0.1245808996	v2.6.0	
11	Broyden	0	0.006202081718	-10.97272918	-0.8195811919	Y	11.48111111	0.01821639652	self-energy/D	sharp_wc_2_b_35	0.2113006295	0.05412730265	0.1367061119	0.2027092258	0.2472384903	0.2857007477	0.5564241424	0.06745928874	0.5566775079	0.06792370131	0.2471695167	0.2850815624	-0.2941742915	1.911005411	0.5346059615	0.03601599901	c61843e	2x2_2C_8b_C2v_L	2.175925926	0.9160228167	0.91978655	0.999999999729428	0.1862763775	-0.3460874783	-0.006323493827	0.01503945862	0.1970872454	-0.9211250933	0.1063464233	-0.1150910037	0.1054395027	-0.1120703833	0.197415882	-0.9221139281	-0.00069278825	0.001042216133	-0.0005845670719	0.0015302175	run_optim.py	R0:S0:1	1	-0.4549537514	-0.773694537	-0.005761805381	0.04668866881	-0.1436459045	1.36072774	-0.1543636131	0.9794659145	0.2520145814	-0.8032811848	-0.2529331944	0.8067079976	0.1534062845	-0.9754959383	-0.2561887998	0.8281279793	-0.3817562682	0.442340445	2024-07-04@18:03	-0.3685185185	-0.00467981811	0.1245165509	v2.6.0	
5	Broyden	0	0.007437474939	-11.07521134	-0.8134640345	Y	11.47666667	0.01843232512	self-energy/D	sharp_wc_2_b_35	0.2193372199	0.05403319076	0.1327895026	0.1938219794	0.2527499527	0.2786268594	0.5634673672	0.06226865278	0.5616763691	0.06249177449	0.2526605874	0.278665203	-0.2971286114	1.913578825	0.5358917123	0.03430834353	c61843e	2x2_2C_8b_C2v_L	2.205555556	0.9193437007	0.9229805502	0.9999999997155368	0.1915541506	-0.3404460026	-0.008095727535	0.01903042501	0.1991139042	-0.9069470661	0.1106458181	-0.1254804049	0.110307321	-0.1245025506	0.1990974564	-0.9066967295	-0.0003661673415	0.0005922855145	-0.0003646638438	0.0009602622226	run_optim.py	R0:S0:1	1	-0.4556338767	-0.7697218575	-0.007185117523	0.05709607861	-0.1397013506	1.324788122	-0.1556981956	0.9765361799	0.2452799833	-0.7717194217	-0.24518974	0.7731277284	0.1555870455	-0.9767763925	-0.2574413925	0.8156662402	-0.3749758511	0.4328625701	2024-07-04@18:09	-0.3611111111	-0.005638956311	0.1211321823	v2.6.0	
4	Broyden	0	0.007709086738	-11.05690809	-0.8121805445	Y	11.46111111	0.01850348221	self-energy/D	sharp_wc_2_b_35	0.231620944	0.05628243517	0.1276901148	0.1945300889	0.252672812	0.28483879	0.5568552427	0.0601921101	0.5581715714	0.06017050935	0.2532697204	0.2837879515	-0.294339636	1.914106202	0.530900564	0.03356828523	c61843e	2x2_2C_8b_C2v_L	2.203703704	0.9189906218	0.9226502192	0.9999999996778091	0.1994064894	-0.3470061744	-0.007662748457	0.01857443455	0.1987870724	-0.9176017273	0.1140932143	-0.1368750062	0.1130019121	-0.1341648955	0.1993169287	-0.9190088882	-0.0009914256282	0.001394369772	-0.001004534441	0.002733852083	run_optim.py	R0:S0:1	1	-0.4573974052	-0.773381893	-0.006706800349	0.05181059142	-0.1391721399	1.320624961	-0.15738137	0.9955660931	0.2390430151	-0.7556009813	-0.2395685254	0.7559345929	0.1566935843	-0.9901749424	-0.2544715716	0.8143207745	-0.3686656467	0.4260570586	2024-07-04@18:14	-0.3407407407	-0.007025486901	0.1138656075	v2.6.0	
6	Broyden	0	0.009679211375	-11.16850686	-0.8032387116	Y	11.44333333	0.01883021261	self-energy/D	sharp_wc_2_b_35	0.2541238507	0.05543473431	0.1216619226	0.1804260345	0.26061189	0.2774383925	0.5630443836	0.05273027963	0.561808695	0.05307432158	0.2606522878	0.2771824955	-0.2975089468	1.918667626	0.5291022883	0.03095227741	c61843e	2x2_2C_8b_C2v_L	2.237777778	0.9230441646	0.9266181411	0.9999999996425588	0.2122443884	-0.3388921098	-0.006308870047	0.01531712962	0.2008294041	-0.9025497881	0.1221060944	-0.158167536	0.1213490008	-0.1558343131	0.2011108757	-0.9030649886	-0.001845517753	0.002544240371	-0.001745662063	0.004622518365	run_optim.py	R0:S0:1	1	-0.4596710475	-0.7704451124	-0.005275645852	0.03877781834	-0.1341402799	1.268521913	-0.1595908599	1.000048342	0.2258809726	-0.7023034051	-0.2263686005	0.7053248816	0.1590566716	-0.9982024597	-0.2534776828	0.7934630146	-0.3556375795	0.409146066	2024-07-04@18:21	-0.3155555556	-0.009250196761	0.1039233779	v2.6.0	
9	Broyden	0	0.009732143084	-11.21386596	-0.8024845231	Y	11.44222222	0.01887042877	self-energy/D	sharp_wc_2_b_35	0.2465359018	0.05404649123	0.12320771	0.1781602973	0.2599555812	0.2723003271	0.5662696684	0.05311161535	0.5630606942	0.05335283754	0.2595481067	0.2722829053	-0.2981316637	1.918626122	0.5299730324	0.03102099148	c61843e	2x2_2C_8b_C2v_L	2.24962963	0.9243867665	0.9280522295	0.999999999649353	0.2076288037	-0.3334112012	-0.004847206954	0.01152721184	0.2012383983	-0.8912709552	0.1204737454	-0.152122796	0.1199020743	-0.1507292746	0.2012126566	-0.8912202944	-0.0003991491043	0.0006000823661	-0.0003819089362	0.001000088618	run_optim.py	R0:S0:1	1	-0.4586828585	-0.7666895989	-0.004041983622	0.03013549515	-0.1332431395	1.261615802	-0.158324789	0.9858526224	0.2282352444	-0.7073417731	-0.2280879209	0.709002025	0.1580248299	-0.985339722	-0.2558542239	0.7919057698	-0.3573623786	0.4109295365	2024-07-04@18:30	-0.3292592593	-0.008361678713	0.1087134931	v2.6.0	
9	Broyden	0	0.01213207025	-11.38126893	-0.7909279653	Y	11.42	0.01928836047	self-energy/D	sharp_wc_2_b_35	0.2692894333	0.05045999187	0.1188450582	0.1582198558	0.2665321895	0.2605083179	0.5711877992	0.04550675775	0.5719694428	0.045506924	0.2669071733	0.2603850986	-0.3012566615	1.924081186	0.5295594049	0.02800336563	c61843e	2x2_2C_8b_C2v_L	2.3	0.9303197417	0.934762679	0.9999999997111584	0.2193456813	-0.3157786147	-0.001367902937	0.003181804525	0.2030116381	-0.8627147802	0.1289610125	-0.1720596784	0.1288908416	-0.1718051326	0.2032219251	-0.8630535291	-0.0007345479141	0.001002253254	-0.0007430185672	0.001873309026	run_optim.py	R0:S0:1	1	-0.4605001607	-0.7596487386	-0.001037167631	0.007329425637	-0.1263640397	1.189175144	-0.1588453496	0.9804124704	0.2131505224	-0.6481091967	-0.2133345533	0.6483064501	0.1588130359	-0.9797412381	-0.2564545851	0.7650600717	-0.3424536325	0.3915049394	2024-07-04@18:39	-0.31	-0.01009462509	0.1009007314	v2.6.0	
9	Broyden	0	0.01436836249	-11.51733166	-0.7801997331	Y	11.42	0.01959186692	self-energy/D	sharp_wc_2_b_35	0.2928032833	0.04598997404	0.1192311587	0.1398159615	0.2738213841	0.2504612137	0.5818055565	0.03904371328	0.5789464463	0.03910794837	0.2738529557	0.2502729157	-0.3046661848	1.929252803	0.5314156039	0.02531977792	c61843e	2x2_2C_8b_C2v_L	2.341111111	0.9351639982	0.939525241	0.9999999996962627	0.2310195509	-0.298064969	-0.0003917651086	0.0007883063357	0.2042821875	-0.8378357319	0.138262833	-0.1923030217	0.1378039897	-0.191474204	0.2043304078	-0.8378654161	-0.0001133033343	0.0001294860935	-0.0001289089553	0.0003411211508	run_optim.py	R0:S0:1	1	-0.4618542102	-0.7533904851	-0.0002911937367	0.002054765885	-0.121372876	1.124627867	-0.159292963	0.9776839994	0.199009484	-0.5904693345	-0.1988374821	0.5910581884	0.1591296705	-0.9767985178	-0.2564827102	0.7400887166	-0.328422786	0.373287759	2024-07-04@18:48	-0.2888888889	-0.01163479311	0.09280124335	v2.6.0	
16	Broyden	0	0.01959232229	-11.8418533	-0.7564353715	Y	11.39333333	0.02035576916	self-energy/D	sharp_wc_2_b_35	0.3508301943	0.03379943766	0.1279147686	0.09985938008	0.2909661585	0.2191657646	0.6100725042	0.02802307998	0.6124746874	0.02802872843	0.2912552828	0.2191076033	-0.3164908641	1.941609944	0.545229354	0.01969140255	c61843e	2x2_2C_8b_C2v_L	2.434444444	0.9466419632	0.950159976	0.9999999996764396	0.2546995128	-0.2548123325	-0.0002734784644	0.0004555985008	0.2053963187	-0.7609901643	0.1586416873	-0.2280996157	0.1587298401	-0.2278805653	0.2055002568	-0.7610664387	-9.434433922e-06	2.934474705e-05	1.169142231e-07	-1.163066978e-05	run_optim.py	R0:S0:1	1	-0.4645137939	-0.7370577018	-0.0001861135143	0.001176058123	-0.1112368032	0.9767885836	-0.156599729	0.949719976	0.168956531	-0.4705778718	-0.1692740714	0.4710075761	0.1566011147	-0.9496079195	-0.2575402654	0.6789704587	-0.2984877511	0.3324840922	2024-07-04@19:03	-0.2488888889	-0.0134495624	0.07785670868	v2.6.0	
10	Broyden	0	0.02110761634	-11.87214033	-0.753907285	Y	11.36111111	0.0205983662	self-energy/D	sharp_wc_2_b_35	0.3768455369	0.03078698937	0.1420595014	0.09138865026	0.2976433033	0.2156302274	0.6242312246	0.02570795596	0.6288781448	0.02575112221	0.2984897593	0.2154737309	-0.319197319	1.944912896	0.5551733874	0.01837658442	c61843e	2x2_2C_8b_C2v_L	2.442592593	0.9479390443	0.9510861368	0.9999999996379213	0.2669487891	-0.2480130376	-0.000260960344	0.0004054799406	0.2039084943	-0.7516429643	0.1684047014	-0.2489173927	0.168447696	-0.2480022113	0.2043613715	-0.7521375997	-0.0005994860352	0.0007783944754	-0.0006652166148	0.001495675941	run_optim.py	R0:S0:1	1	-0.4667995039	-0.7379991684	-0.0001736153187	0.001050983721	-0.1129018084	0.9530125374	-0.1577955334	0.9595422222	0.159027009	-0.4296039894	-0.1598559481	0.4313456415	0.1577346507	-0.9588451616	-0.254433158	0.6652123629	-0.2907187537	0.3210547152	2024-07-04@19:12	-0.2218518519	-0.01461055633	0.0717060346	v2.6.0	
13	Broyden	0	0.02796273518	-12.30875447	-0.7204889796	Y	11.30333333	0.02163524585	self-energy/D	sharp_wc_2_b_35	0.4851181975	0.01905056789	0.1480982799	0.053376964	0.316102126	0.1639953555	0.6957988941	0.01760292402	0.6997447921	0.01757709048	0.3176715245	0.1640639598	-0.3460340561	1.960901741	0.5985975145	0.01184677897	c61843e	2x2_2C_8b_C2v_L	2.561111111	0.963389959	0.9657779805	0.9999999996786694	0.3050870246	-0.2076843499	0.001932973599	-0.002173420883	0.196173597	-0.6148191695	0.2053554127	-0.2934361248	0.2045672851	-0.2905499001	0.1973328526	-0.6161433964	0.001044002541	-0.001238136356	0.001307050049	-0.002674810397	run_optim.py	R0:S0:1	1	-0.4688452863	-0.7134566824	0.0009909512145	-0.005294589044	-0.09660247864	0.7538923354	-0.1446675288	0.8837995069	0.1152889603	-0.2623172781	-0.1166563112	0.2671752359	0.1446000772	-0.883562664	-0.2522933506	0.5752041021	-0.2463711204	0.2623347941	2024-07-04@19:23	-0.1522222222	-0.01394937498	0.04619757226	v2.6.0	
99	Broyden	0	0.02872641517	-12.92633669	-0.7018225136	Y	11.30111111	0.02199164444	self-energy/D	sharp_wc_2_b_35	0.5061533249	0.01321192407	-0.1875265676	1.962753318	0.3239362965	0.1309886109	0.7177150385	0.0144116785	0.7231025064	0.01433637778	0.3194401547	0.1317895142	-0.3596429618	1.968602642	0.6471368068	0.009565073512	c61843e	2x2_2C_8b_C2v_L	2.625925926	0.972103112	0.9747085597	0.9999999996605242	0.3066734013	-0.1840069279	-0.08955350165	0.6508668276	0.1975385541	-0.5301655724	0.2078791109	-0.2721190607	0.2066045903	-0.2692211689	0.1987017295	-0.5332070248	0.0009096576144	-0.001429660851	0.0009852774464	-0.001673629017	run_optim.py	R0:S0:1	1	-0.4673524563	-0.6944104646	0.006080051738	-0.03166581372	-0.01407237098	0.01184860781	-0.1318573299	0.7964265012	0.1057802148	-0.2394149877	-0.1067876369	0.2431501203	0.1306161475	-0.7950523422	-0.2566984634	0.5291662464	-0.2317085428	0.240003891	2024-07-04@20:36	-0.1585185185	-0.01123978908	0.04675825346	v2.6.0	
27	Broyden	0	0.01429322631	-13.97964478	-0.6365469364	Y	11.23	0.02335297068	self-energy/D	sharp_wc_2_b_35	1.27980835	0.002247619569	-0.2804463981	1.99916234	0.2564605812	0.02136076498	0.8635584002	0.006177673387	0.8578196279	0.006210641806	0.255669177	0.02146068119	-0.4736088244	1.992108859	1.593860607	0.002999794562	c61843e	2x2_2C_8b_C2v_L	2.82	1.000186272	1.002121398	0.9999999999082276	0.3424142304	-0.1328756241	0.0004614544566	-0.002793949882	0.1498547102	-0.1958237178	0.2737733617	-0.2669897398	0.2742347267	-0.2675659078	0.1485991808	-0.1944858889	0.0002851071947	-0.0002791156068	0.0003088138016	-0.0003742348924	run_optim.py	R0:S0:1	1	-0.4619865026	-0.6348082767	-0.0005390141901	0.001919583009	-0.1793630536	0.0775499303	-0.05072646104	0.3278248355	0.02766927824	-0.04087041558	-0.02746150251	0.04019777816	0.05111472452	-0.3298772046	-0.2605929657	0.3686519042	-0.1888571589	0.1499879954	2024-07-04@20:56	-0.08	-0.00152119514	0.0217332466	v2.6.0	
9	Broyden	0	0.01909497327	-11.78482384	-0.7598592897	Y	11.3762963	0.02032284466	self-energy/D	sharp_wc_2_b_35	0.3461283249	0.03530993994	0.126345074	0.1039528928	0.289109573	0.2238859235	0.5968201966	0.02907354843	0.6018142355	0.02903481457	0.2889602298	0.223987923	-0.3121731522	1.940385933	0.5392130604	0.02025276811	c61843e	2x2_2C_8b_C2v_L	2.420246914	0.9451622945	0.9487043078	0.9999999996093496	0.2536767472	-0.2602528299	-0.001727189421	0.00304570387	0.204781218	-0.7723437992	0.1569637027	-0.2287498065	0.1574119245	-0.2291234353	0.2046914167	-0.7723149966	0.0001262122768	-8.582366754e-05	0.0001618701162	-0.0004158444205	run_optim.py	R0:S0:1	1	-0.465110355	-0.740555531	-0.00112356408	0.007026393046	-0.1124471954	0.9931476888	-0.1575260703	0.9580501071	0.1702024206	-0.4795868991	-0.1705649402	0.4793178223	0.1575640756	-0.9585214544	-0.25576312	0.6851763438	-0.3004344896	0.3358970311	2024-07-04@21:14	-0.2482716049	-0.01362106881	0.07775258362	v2.6.0	
29	Broyden	0	0.03079935644	-12.80524326	-0.6839937769	Y	11.28888889	0.02234158196	self-energy/D	sharp_wc_2_b_35	0.7167445374	0.003618414914	-0.07236770901	1.999276963	0.3099527669	0.1158681681	0.766115663	0.01260709359	0.7598010926	0.0128189552	0.307698563	0.1148900016	-0.3726395236	1.977888391	0.6933122981	0.007562464758	c61843e	2x2_2C_8b_C2v_L	2.660740741	0.9800098339	0.9801406649	0.9999999997611537	0.3231654481	-0.141637607	-0.002393874013	0.02451551424	0.1873999785	-0.4757130454	0.2294193082	-0.28954687	0.2319051587	-0.295979343	0.183691749	-0.4705471415	-0.001659670763	0.001282772314	-0.002737447462	0.004901412189	run_optim.py	R0:S0:1	1	-0.4685298925	-0.6797493579	0.001146570226	-0.004334668533	-0.09197051859	0.04600069974	-0.1208059251	0.7586630691	0.0831971768	-0.1570929091	-0.07969020369	0.1441702987	0.1211178377	-0.7579020489	-0.2543132687	0.4693460342	-0.2098623959	0.2165250118	2024-07-04@21:37	-0.1248148148	-0.01402132528	0.03400573146	v2.6.0	
19	Broyden	0	0.0220737627	-13.20985216	-0.6456516531	Y	11.24518519	0.02314409159	self-energy/D	sharp_wc_2_b_35	1.169108471	0.002551587053	0.2483572815	0.0008883422646	0.2639364505	0.04209412874	0.8325475294	0.008637124766	0.8692587083	0.008155239052	0.2754627013	0.0421526417	-0.4404051955	1.989560495	1.041774403	0.003599501618	c61843e	2x2_2C_8b_C2v_L	2.780987654	0.9959124619	0.9975630485	0.9999999998705855	0.3480074944	-0.1376314313	-0.1682657811	0.0743903484	0.1503187143	-0.2495054045	0.2737969463	-0.2880662059	0.270943156	-0.2817197762	0.1578660433	-0.2571399369	0.0008501365557	-0.0008784276178	0.001989762977	-0.002726845167	run_optim.py	R0:S0:1	1	-0.4634701749	-0.6445168321	7.267295965e-05	-0.0003412720529	3.536549255e-05	-0.0001965985712	-0.07156496398	0.4709828048	0.03429111297	-0.03509459648	-0.03796490689	0.04812517394	0.07175286456	-0.4689553609	-0.2518541585	0.3811755618	-0.1730894819	0.1575782039	2024-07-04@21:52	-0.06308641975	-0.004402568978	0.0179883571	v2.6.0	
14	Broyden	0	0.01904189185	-13.82045685	-0.6408568797	Y	11.20222222	0.02341279003	self-energy/D	sharp_wc_2_b_35	1.231770213	0.002591310127	-0.2636019613	1.99914242	0.2663437612	0.02978750591	0.9067521944	0.007093615856	0.9091421276	0.00699991249	0.2705983115	0.02983374129	-0.4520683092	1.991508396	1.152248606	0.003036033018	c61843e	2x2_2C_8b_C2v_L	2.797407407	0.9985841226	1.000203801	0.999999999856406	0.3597748352	-0.1408323984	9.30785736e-05	-0.0006074905539	0.1534419	-0.2220691683	0.2796347893	-0.2781205395	0.2782220733	-0.2762880358	0.1556806359	-0.2241665062	7.239783743e-05	-4.631784514e-05	0.0002498617804	-0.0003389608395	run_optim.py	R0:S0:1	1	-0.4636062792	-0.6403309495	-9.90392248e-05	0.0003209576499	-0.1729438188	0.07562060095	-0.05851325328	0.3926736943	0.02975864982	-0.03213848725	-0.03057999742	0.03513094915	0.05876704818	-0.3928411373	-0.2482194779	0.3639888259	-0.165765031	0.1460450576	2024-07-04@22:04	-0.04148148148	-0.00270664213	0.01267867342	v2.6.0	
19	Broyden	0	0.02504901669	-12.16403963	-0.7313862787	Y	11.34555556	0.02116954212	self-energy/D	sharp_wc_2_b_35	0.426259992	0.02266478072	0.1497915165	0.06612945391	0.3085118584	0.1813102811	0.6544952781	0.01996692806	0.6503283988	0.01994597658	0.3065799161	0.1819542475	-0.3313095506	1.954695283	0.5805965978	0.01426965524	c61843e	2x2_2C_8b_C2v_L	2.525185185	0.9583833184	0.961258773	0.9999999996918775	0.282981323	-0.2178728269	-0.000787186228	0.001065936513	0.2023718751	-0.6642089097	0.1839955395	-0.2630129628	0.1847025104	-0.2654442314	0.2014896228	-0.6633702856	-1.490849342e-05	6.749798892e-05	-1.752201464e-05	9.454869822e-06	run_optim.py	R0:S0:1	1	-0.4669314862	-0.7195669653	-0.0003816229541	0.002007054372	-0.1029050167	0.8281153859	-0.1488406949	0.9015333762	0.1355046093	-0.3419779432	-0.1342663121	0.338369369	0.1491465366	-0.9043594833	-0.2558627705	0.6099078309	-0.2655405741	0.2868234792	2024-07-04@22:20	-0.197037037	-0.01366826682	0.05998523674	v2.6.0	
21	Broyden	0	0.02980304623	-13.28339062	-0.6697248779	Y	11.25	0.02274963028	self-energy/D	sharp_wc_2_b_35	1.047022572	0.002753944545	-0.2088362891	1.998848919	0.3024252318	0.08691576461	0.7972489728	0.01132480898	0.7963342076	0.0113974542	0.3006172712	0.08707013964	-0.3959888179	1.98272615	0.7674242968	0.005740137863	c61843e	2x2_2C_8b_C2v_L	2.706666667	0.9862247551	0.9870516034	0.9999999997880962	0.3285320097	-0.1346822607	0.0003809280089	-0.002888684279	0.1751432844	-0.3904294946	0.2477023864	-0.2957575801	0.2484921104	-0.2970797998	0.1742982587	-0.3896903029	0.0008691323374	-0.0008970864632	0.001656369785	-0.002626610926	run_optim.py	R0:S0:1	1	-0.467301657	-0.6673206703	-0.0002442814636	0.0008154157979	-0.1600691755	0.07447999011	-0.1053897093	0.6701022552	0.06324646367	-0.09998808843	-0.06268509012	0.09784746933	0.1053963537	-0.6709607449	-0.2520795009	0.4340745308	-0.1921803084	0.1916625778	2024-07-04@22:36	-0.09333333333	-0.01054684355	0.02575936625	v2.6.0	
5	Broyden	0	0.02269218534	-13.58795018	-0.6501986895	Y	11.25666667	0.02301559816	self-energy/D	sharp_wc_2_b_35	0.9932774829	0.002561214341	-0.2128948338	1.999229546	0.2924315567	0.04879828831	0.7737440763	0.008554045438	0.820155553	0.008013999992	0.3074554415	0.04846542529	-0.4393335945	1.988297074	0.9618208342	0.00419739758	c61843e	2x2_2C_8b_C2v_L	2.767777778	0.9941856375	0.9959580092	0.9999999998556117	0.3317343849	-0.134259023	-0.001107040634	0.00778619384	0.1632541694	-0.2759271541	0.2558709713	-0.276030856	0.2503594767	-0.2653253279	0.1737153429	-0.2865883184	-0.001242764876	0.001237341384	-0.002973679032	0.004168097242	run_optim.py	R0:S0:1	1	-0.4642149587	-0.6475787886	0.0008038274117	-0.002971990146	-0.1475805204	0.06621076363	-0.08238837622	0.5107995308	0.04763491227	-0.0806339606	-0.05382795056	0.1016666683	0.08181130735	-0.5041574911	-0.2593715799	0.3973769092	-0.1815602258	0.1689012067	2024-07-04@22:41	-0.09888888889	-0.005408440516	0.02649338007	v2.6.0	
2	Broyden	0	0.03125425311	-12.87944355	-0.6826374181	Y	11.28888889	0.0223589103	self-energy/D	sharp_wc_2_b_35	0.7826912529	0.003288716116	-0.117928028	1.99909649	0.3057293386	0.1122819804	0.7587235554	0.01238605128	0.7678001013	0.01242656358	0.3026476123	0.1135400289	-0.3679184877	1.97829114	0.7048308502	0.007166890243	c61843e	2x2_2C_8b_C2v_L	2.660740741	0.980906927	0.9809012142	0.999999999751535	0.319104851	-0.1377425242	0.002775650278	-0.025942622	0.1855343031	-0.4656726291	0.2303119539	-0.2900448083	0.2320010409	-0.2912765636	0.1855346323	-0.4669953834	0.001428565259	-0.0006634701132	0.002621226574	-0.004857057923	run_optim.py	R0:S0:1	1	-0.4681263765	-0.6783583174	-0.0007606559302	0.001693106365	-0.1143385401	0.05599682811	-0.1160046143	0.742305343	0.0793568426	-0.1456505037	-0.0794865479	0.1452784912	0.1161097387	-0.7459844259	-0.2537813777	0.4649375699	-0.2056171275	0.2114760131	2024-07-04@22:54	-0.1248148148	-0.01343079228	0.03428359652	v2.6.0	
3	Broyden	0	0.03055309372	-13.12188744	-0.6780413573	Y	11.26944444	0.02252762994	self-energy/D	sharp_wc_2_b_35	0.9359051036	0.002948224489	-0.1774257026	1.9988492	0.2968003873	0.1038812998	0.7703475308	0.01265938692	0.7663440676	0.01252453011	0.2975476737	0.1057633805	-0.3859417586	1.979653662	0.7251636191	0.006732503516	c61843e	2x2_2C_8b_C2v_L	2.683703704	0.9826256202	0.9830900918	0.9999999997814022	0.3205775047	-0.1348755325	0.001887794933	-0.01498791933	0.1772270278	-0.4380900564	0.2409586587	-0.3033177924	0.2396493209	-0.300347976	0.1778247162	-0.4386479932	0.0003891410764	0.0001297471735	-0.0007944563713	0.0009941648693	run_optim.py	R0:S0:1	1	-0.4679301242	-0.6747648158	-0.001176034372	0.004517830833	-0.146248884	0.06994231655	-0.1130950868	0.7201628364	0.06988263479	-0.1132476593	-0.07006119412	0.11598845	0.1146083998	-0.7308769276	-0.2543966548	0.4572071736	-0.2025580769	0.2058816643	2024-07-04@22:57	-0.1090740741	-0.01261494214	0.03003959977	v2.6.0	
43	Broyden	0	0.03053438141	-12.92752671	-0.6900304719	Y	11.295	0.02221315246	self-energy/D	sharp_wc_2_b_35	0.895096709	0.003133305195	-0.1685410765	1.997337755	0.3049402767	0.1271080399	0.7341287649	0.01349313197	0.7403644149	0.01333214923	0.3057697344	0.1264198625	-0.3667134681	1.975480544	0.6710960498	0.008293556008	c61843e	2x2_2C_8b_C2v_L	2.643333333	0.9776908086	0.9776249847	0.9999999997845743	0.302913177	-0.1310296929	-0.01086652424	0.0912853489	0.1871174515	-0.503259725	0.224089828	-0.2927762167	0.2234176519	-0.2913409458	0.1883330078	-0.5040890202	0.003176079422	-0.005289068023	0.004318315469	-0.006687252136	run_optim.py	R0:S0:1	1	-0.468704735	-0.6845370341	0.01075305873	-0.04507849761	-0.1463594231	0.07387709798	-0.1253024764	0.7870084229	0.08712764843	-0.1683055508	-0.0871912339	0.168342481	0.1249284439	-0.7833293919	-0.2570389168	0.4868544642	-0.2168163335	0.2263187516	2024-07-04@23:31	-0.1416666667	-0.01502702453	0.03877720809	v2.6.0	
13	Broyden	0	0.02897399977	-12.49394224	-0.7045851213	Y	11.29611111	0.02192862329	self-energy/D	sharp_wc_2_b_35	0.5272467932	0.01704738268	0.07661672672	0.04320818865	0.3170604674	0.1382947242	0.7100711571	0.0158212653	0.7019933843	0.01594694425	0.3173868634	0.1380408277	-0.3601048516	1.966203071	0.6189062733	0.009846983533	c61843e	2x2_2C_8b_C2v_L	2.610925926	0.9704462378	0.9727008268	0.9999999997090381	0.3133600234	-0.1956057888	0.0001803911236	-0.0003138687347	0.1899325776	-0.5396910915	0.2176534516	-0.2988369049	0.218540979	-0.3019929828	0.1887800951	-0.5376685386	-0.0007275541623	0.0007846463422	-0.0008801726606	0.001715022109	run_optim.py	R0:S0:1	1	-0.4677840789	-0.6988305403	-1.170107532e-06	0.0001445812201	-0.07692333253	0.651960541	-0.1362419587	0.8270826918	0.09965002087	-0.2137300986	-0.09819048889	0.2087854448	0.1368016581	-0.8281276406	-0.253047343	0.5372048205	-0.2302575701	0.2419681615	2024-07-04@23:42	-0.1385185185	-0.01243760603	0.04154376661	v2.6.0	
12	Broyden	0	0.02914097943	-13.28889209	-0.6681321662	Y	11.27277778	0.02268518292	self-energy/D	sharp_wc_2_b_35	1.009209496	0.002672527082	-0.2002581316	1.998924215	0.303793202	0.08489085486	0.7945712492	0.01054786528	0.8111464838	0.01030566725	0.3079437431	0.08493087654	-0.3939619324	1.982794043	0.7924514389	0.005724193384	c61843e	2x2_2C_8b_C2v_L	2.714259259	0.9867972516	0.9878065361	0.999999999841267	0.3215870675	-0.1323312275	-0.0007059419769	0.005280232063	0.1793179008	-0.388114673	0.2418854944	-0.2842701259	0.2403617006	-0.2798115572	0.1821561412	-0.3910751015	-0.0002794039779	0.0002593029034	-0.0005419267905	0.0008478986939	run_optim.py	R0:S0:1	1	-0.4663840712	-0.6647214471	0.0006535667347	-0.002535878797	-0.1549456502	0.07208345233	-0.1039644886	0.6567782985	0.06607503849	-0.1127675354	-0.06856043135	0.1211452442	0.1039470061	-0.655945659	-0.2557037421	0.4349544613	-0.1947092154	0.1925449275	2024-07-04@23:52	-0.1118518519	-0.01001308147	0.03049318418	v2.6.0	
13	Broyden	0	0.03008749001	-12.60096387	-0.691142674	Y	11.29027778	0.02214309086	self-energy/D	sharp_wc_2_b_35	0.6462515757	0.004285537335	-0.02479116936	1.991586154	0.3072030985	0.1289384837	0.7413964086	0.01373868875	0.7433370329	0.01397298366	0.2989439127	0.1322981923	-0.3585282479	1.975489285	0.6253958623	0.008934832345	c61843e	2x2_2C_8b_C2v_L	2.636759259	0.9766379445	0.9765611064	0.9999999997180204	0.3200545776	-0.1452444366	0.004272480501	-0.07850713191	0.1894991518	-0.5154894611	0.2213857346	-0.2912990485	0.226658484	-0.2999718609	0.1828341354	-0.5079105637	0.006262722441	-0.005719094325	0.007180764783	-0.01352655966	run_optim.py	R0:S0:1	1	-0.4693542228	-0.6864239016	-0.002641261647	0.01014122259	-0.07832290756	0.04549278981	-0.1271177857	0.7889083221	0.09122071429	-0.1809380355	-0.08612596757	0.1637537508	0.12991306	-0.8108431536	-0.2515323326	0.4837764581	-0.2172135512	0.2311128199	2024-07-05@00:03	-0.1318518519	-0.01578909389	0.03578844239	v2.6.0	
15	Broyden	0	0.03014510724	-13.12389119	-0.6756960303	Y	11.27861111	0.02252655881	self-energy/D	sharp_wc_2_b_35	0.9220372556	0.002908206227	-0.1730905505	1.998886203	0.3053853668	0.09926602163	0.7766162725	0.01169949273	0.7723667608	0.01160761087	0.3089359505	0.09885423747	-0.383553954	1.980499247	0.7284431806	0.006552065311	c61843e	2x2_2C_8b_C2v_L	2.688425926	0.9836073632	0.9842316348	0.9999999998273221	0.3186180771	-0.1338921178	-0.002737306813	0.0216746467	0.1814580793	-0.4270703972	0.2373377162	-0.2903569958	0.2356122112	-0.2879859934	0.1823472886	-0.4273663557	0.0003426862587	-0.0007332565492	0.000751308717	-0.001076202107	run_optim.py	R0:S0:1	1	-0.4674469785	-0.6718700436	0.002483656488	-0.01008684919	-0.1422264072	0.06781938874	-0.1127028231	0.7081293436	0.07288585628	-0.1286290373	-0.07354826284	0.131666641	0.1129024463	-0.7073836832	-0.2551158148	0.4512715704	-0.2008811846	0.2036318205	2024-07-05@00:15	-0.1185185185	-0.01191659931	0.03228176298	v2.6.0	
8	Broyden	0	0.03077057968	-12.7942053	-0.6875812865	Y	11.28736111	0.02228186434	self-energy/D	sharp_wc_2_b_35	0.7465127068	0.003563810782	-0.09031645803	1.999274172	0.3046042972	0.1224622867	0.7491252664	0.01336960479	0.7562917998	0.01328359502	0.3059982517	0.1224391939	-0.3682058326	1.976677761	0.6683794752	0.007962315676	c61843e	2x2_2C_8b_C2v_L	2.649675926	0.9785739164	0.9785400471	0.9999999997488518	0.3195052885	-0.1401428506	-5.629763027e-05	0.0005408971485	0.1845236957	-0.4901344217	0.2293176423	-0.2980914098	0.2291877129	-0.2966549174	0.1854864701	-0.4911841845	0.0001318103635	-0.0001397841921	0.0002149609055	-0.00037606959	run_optim.py	R0:S0:1	1	-0.4690041524	-0.6830742516	3.356743027e-05	-0.0001619856574	-0.1030731544	0.05166034507	-0.1238952481	0.7782703265	0.08255113071	-0.1519385878	-0.08348043088	0.1547967164	0.1238957132	-0.7777167136	-0.2542710572	0.4777243747	-0.2121136366	0.2212413524	2024-07-05@00:23	-0.1285185185	-0.01485029329	0.03506914699	v2.6.0	
19	Broyden	0	0.03086492121	-13.15838285	-0.6760355488	Y	11.2687963	0.02258340217	self-energy/D	sharp_wc_2_b_35	0.9826534507	0.002906574501	-0.1919952277	1.998839335	0.3051068609	0.09992348722	0.7986809562	0.01192721698	0.8154317227	0.01174526187	0.3091232975	0.1004476283	-0.3856073012	1.980683811	0.7205756099	0.006431581522	c61843e	2x2_2C_8b_C2v_L	2.686080247	0.9833685512	0.9838575426	0.9999999998301787	0.3251919722	-0.1353714157	9.007410043e-05	-0.0004205700502	0.179839772	-0.4300875569	0.2423574796	-0.2976902625	0.2425626092	-0.2945244643	0.1815517366	-0.4315171253	0.001226467849	-0.001447357733	0.002106006726	-0.003375515516	run_optim.py	R0:S0:1	1	-0.4678986131	-0.673289315	-0.0004646365607	0.002067067817	-0.1522886814	0.07210261978	-0.1121039213	0.7126573163	0.06992148391	-0.1144771471	-0.07244360886	0.1225474101	0.1129573197	-0.7163650481	-0.2516992871	0.4484083074	-0.1977499582	0.2011401904	2024-07-05@00:38	-0.0999382716	-0.01228561456	0.02747930016	v2.6.0	
9	Broyden	0	0.03062563911	-12.65407526	-0.6881996877	Y	11.29391975	0.02222993408	self-energy/D	sharp_wc_2_b_35	0.638388053	0.004622380734	-0.02681044834	1.976151402	0.3031835123	0.1241629102	0.7386003023	0.01388978411	0.7484392067	0.01351130535	0.3065848884	0.122471175	-0.3659288694	1.976058333	0.6566209888	0.008189166264	c61843e	2x2_2C_8b_C2v_L	2.647294239	0.9780559852	0.9781294052	0.9999999997378262	0.3222165105	-0.1468280341	-0.009377128908	0.151439179	0.1824473895	-0.4910200927	0.2308251361	-0.3029871757	0.2284826718	-0.2979281009	0.1853030384	-0.4915515066	0.0009509552338	-0.005600538549	-0.0001090722087	0.002726409783	run_optim.py	R0:S0:1	1	-0.468810907	-0.6838104559	0.001810673914	0.0009850620086	-0.0753242613	0.05422725067	-0.1252317019	0.7858071464	0.08257582509	-0.151912616	-0.0835232344	0.1561816299	0.1246850254	-0.7786439788	-0.2532747242	0.4800902197	-0.2125295698	0.2229118993	2024-07-05@00:46	-0.1264403292	-0.01475387353	0.0347138594	v2.6.0	
10	Broyden	0	0.03072400595	-12.94020134	-0.6795867751	Y	11.27556327	0.022463261	self-energy/D	sharp_wc_2_b_35	0.7792500793	0.003383976798	-0.1073939649	1.999340379	0.3077230909	0.1067098299	0.7585258743	0.01254319173	0.7501553525	0.0130532716	0.2974268735	0.1064834927	-0.3820029216	1.979323557	0.7304730457	0.006962762823	c61843e	2x2_2C_8b_C2v_L	2.674601337	0.9819329747	0.9822414282	0.9999999997432273	0.3267340459	-0.1407577609	-2.700500743e-05	0.000197579874	0.1811507369	-0.4460962391	0.2359139417	-0.2963663302	0.2402653622	-0.3064082036	0.176015315	-0.4411917023	-0.0009249705972	0.0009054428247	-0.001360153111	0.002316092431	run_optim.py	R0:S0:1	1	-0.468152646	-0.6760639287	-8.646316283e-05	0.0003973302595	-0.1067715726	0.05200622653	-0.116868427	0.7355924841	0.07440701343	-0.1307184887	-0.06983601846	0.1131605072	0.1160769899	-0.7341159523	-0.2541257279	0.4594228713	-0.205986292	0.2092632404	2024-07-05@00:55	-0.1134156379	-0.01297692287	0.03106138184	v2.6.0	
12	Broyden	0	0.03094500348	-12.79057997	-0.6852199932	Y	11.28780093	0.0223264605	self-energy/D	sharp_wc_2_b_35	0.7191329823	0.00364903903	-0.07476166125	1.999402803	0.3052112058	0.1181497524	0.761390854	0.01305475283	0.7682085566	0.01296462601	0.3069110399	0.1180051496	-0.3709629181	1.977513104	0.6714585442	0.007666011207	c61843e	2x2_2C_8b_C2v_L	2.656396605	0.9794967055	0.9795350117	0.9999999997256664	0.3234236245	-0.1418643835	0.0002493300078	-0.002542702334	0.1837649282	-0.4785627085	0.2321105168	-0.297958134	0.2318004072	-0.2963617249	0.1849091611	-0.4798423036	-0.0003594250581	0.0004765544645	-0.0005391429405	0.0008810675496	run_optim.py	R0:S0:1	1	-0.4687848745	-0.6811482228	-0.0001383715489	0.0005616967676	-0.09373681974	0.04685316723	-0.121719239	0.767083884	0.08017827098	-0.1444506763	-0.08123580715	0.147740264	0.1216152594	-0.7657142089	-0.2535021487	0.4714569944	-0.2086418885	0.217084742	2024-07-05@01:05	-0.1220987654	-0.01437178676	0.03334817044	v2.6.0	
6	Broyden	0	0.03082507807	-12.86670449	-0.6847136991	Y	11.28459491	0.02235032824	self-energy/D	sharp_wc_2_b_35	0.778081469	0.003435999914	-0.1072705549	1.999231965	0.3022716719	0.1172079231	0.7616336164	0.01320563098	0.7631444582	0.01318999046	0.3030670274	0.1171219219	-0.3723515458	1.977605177	0.6828189691	0.007554388319	c61843e	2x2_2C_8b_C2v_L	2.658707562	0.9797666921	0.979866397	0.9999999997693536	0.3215199937	-0.139607807	1.80650213e-05	-0.000190690944	0.1817985343	-0.4737512091	0.2341326563	-0.301107955	0.2340533518	-0.3006711917	0.1825016399	-0.4745814922	0.001861110494	-0.002130236412	0.00319180561	-0.005386197003	run_optim.py	R0:S0:1	1	-0.4686835633	-0.6806354051	6.2778236e-06	-0.0001454062669	-0.1099979715	0.05438192335	-0.1211120079	0.7643092753	0.07854107539	-0.1391844753	-0.0789993793	0.1405764895	0.1210379315	-0.7633095444	-0.2538621607	0.4709853126	-0.2086704105	0.2161672812	2024-07-05@01:17	-0.1220679012	-0.01420452332	0.03341004435	v2.6.0	
17	Broyden	0	0.03072657479	-13.16355864	-0.6789115735	Y	11.2790625	0.02246874788	self-energy/D	sharp_wc_2_b_35	1.077848959	0.002716967773	-0.2149967194	1.998413413	0.3068201531	0.1062237431	0.7749172524	0.0124375491	0.7817200555	0.01267452335	0.2990654383	0.1070174445	-0.3812248611	1.979516981	0.7062866835	0.006905200129	c61843e	2x2_2C_8b_C2v_L	2.676770833	0.9820045438	0.9824254489	0.9999999998682615	0.316661141	-0.1309655167	0.003901547301	-0.02956196435	0.1813922106	-0.4468440962	0.2375797736	-0.2971451206	0.2414664314	-0.3034160956	0.1777976401	-0.4436926964	0.002555415038	-0.002333182438	0.004146116536	-0.007075741696	run_optim.py	R0:S0:1	1	-0.4678216353	-0.6756426006	-0.003979190306	0.01499478272	-0.1690532185	0.08058141911	-0.1160721219	0.7322258822	0.07424677134	-0.1282853555	-0.07118000437	0.1165907342	0.116122694	-0.7360769237	-0.2524623029	0.4567031987	-0.2028988795	0.2079895446	2024-07-05@01:31	-0.1091666667	-0.0129836443	0.02994479018	v2.6.0	
11	Broyden	0	0.03091933953	-12.96701922	-0.68338213	Y	11.28321181	0.02238513755	self-energy/D	sharp_wc_2_b_35	0.8462657907	0.003179174397	-0.1466248748	1.99900166	0.3045986946	0.1144704153	0.7664241909	0.01300705766	0.7623637125	0.01302151285	0.3030681022	0.1144962837	-0.3752666687	1.978056811	0.6888250108	0.007352011212	c61843e	2x2_2C_8b_C2v_L	2.66322338	0.9803230041	0.9804776268	0.9999999997797611	0.3180745834	-0.1363724442	0.000549019065	-0.004601272682	0.1818888757	-0.4672538427	0.2354346003	-0.3006206655	0.2349043567	-0.3004817226	0.1818229742	-0.4676582416	-0.000611370789	0.0007310325608	-0.0008783294883	0.001469885789	run_optim.py	R0:S0:1	1	-0.4685410365	-0.6795152076	-0.0005644536291	0.002437538457	-0.1300608774	0.06340571044	-0.1201251682	0.7573560617	0.07719724501	-0.1349441363	-0.07712898754	0.135001812	0.1196539418	-0.7561880254	-0.2539030631	0.4679954374	-0.206880205	0.2136278102	2024-07-05@01:41	-0.1188425926	-0.01392273097	0.03253818661	v2.6.0	
30	Broyden	0	0.02849073624	-12.58488532	-0.6979248419	Y	11.30447145	0.0219805015	self-energy/D	sharp_wc_2_b_35	0.5750529688	0.01697797362	0.01218757185	0.0609142793	0.3153626642	0.1265980196	0.6990357468	0.01506708762	0.7044087333	0.01502875201	0.3188351689	0.1268758138	-0.3674438454	1.966896368	0.6284872087	0.009099415901	c61843e	2x2_2C_8b_C2v_L	2.634160237	0.9732924018	0.975836803	0.9999999996859821	0.3135648966	-0.1927791789	-0.01391452135	0.064835213	0.1876437614	-0.5053035541	0.2189569477	-0.2948806089	0.2173530175	-0.2901564108	0.1901390204	-0.509234122	-9.451463468e-05	0.001836553338	0.0005054175774	-0.001987813452	run_optim.py	R0:S0:1	1	-0.4662742318	-0.6917305404	-0.001258290778	0.002353716635	-0.06756727872	0.6317106949	-0.1318639485	0.793787843	0.09442608147	-0.202610097	-0.09747146534	0.2131198693	0.1315005846	-0.7923970236	-0.2554656835	0.5271742463	-0.2255554746	0.2351356371	2024-07-05@02:04	-0.143899177	-0.01101063565	0.04304612192	v2.6.0	
34	Broyden	0	0.03086678604	-13.06816643	-0.6800526608	Y	11.27771508	0.02245702294	self-energy/D	sharp_wc_2_b_35	0.9368733594	0.002977601999	-0.1772477108	1.998829192	0.3016553028	0.1083571998	0.7636760525	0.01276888495	0.7769936393	0.01260273731	0.3050396026	0.1080596896	-0.3783899943	1.979204443	0.6953606243	0.006961557285	c61843e	2x2_2C_8b_C2v_L	2.673100244	0.9816614045	0.9819750505	0.9999999997901384	0.3197502616	-0.1347427647	-0.0005239762835	0.004218888992	0.1791877417	-0.4489720186	0.2383940072	-0.3017262046	0.238250086	-0.2993687013	0.1807973841	-0.450475735	-0.001585449408	0.001715212656	-0.002499660527	0.00418376984	run_optim.py	R0:S0:1	1	-0.4681751732	-0.6766799547	0.0003274770158	-0.001190079666	-0.1465714994	0.07040692239	-0.1167763715	0.7397880602	0.07254510137	-0.1218038854	-0.07431207102	0.1272215031	0.1168178133	-0.738194318	-0.2526920383	0.4591490257	-0.202494494	0.208293122	2024-07-05@02:30	-0.1109284979	-0.0131996998	0.03040432447	v2.6.0	
3	Broyden	0	0.03006113652	-12.75460752	-0.6881398039	Y	11.29555266	0.02220655593	self-energy/D	sharp_wc_2_b_35	0.7255199783	0.003697936425	-0.07718435947	1.998981434	0.2989940123	0.1231526626	0.7218001488	0.0144043033	0.7426169671	0.01384693466	0.3037459444	0.1245470821	-0.3654549107	1.97635173	0.6436777523	0.008294715108	c61843e	2x2_2C_8b_C2v_L	2.647140239	0.9779960744	0.9780934564	0.999999999758022	0.3178837957	-0.1406189436	0.003296791587	-0.03415597568	0.1771892156	-0.4831703117	0.2326423419	-0.3118411046	0.2286281043	-0.2991388376	0.1837842535	-0.4926416922	-8.292413545e-05	0.0009648567159	0.0006323516482	-0.001554142074	run_optim.py	R0:S0:1	1	-0.4689144974	-0.6833438712	-0.001995384024	0.007986970723	-0.09778272537	0.0499538455	-0.1278502064	0.7875850793	0.07793640161	-0.1364294306	-0.0850594624	0.1619132645	0.1270148334	-0.7870939059	-0.2537263608	0.4794239371	-0.213594523	0.2248217596	2024-07-05@02:34	-0.1329089506	-0.01509112463	0.03608434734	v2.6.0	
7	Broyden	0	0.03118341529	-12.85511174	-0.6833446809	Y	11.28217448	0.02240566837	self-energy/D	sharp_wc_2_b_35	0.7391914198	0.003499323848	-0.08699736477	1.999384227	0.3076265747	0.1149563356	0.8020269769	0.01227268214	0.773447442	0.01275114155	0.3023675783	0.1156297754	-0.3724960657	1.977991459	0.7249091313	0.007201686746	c61843e	2x2_2C_8b_C2v_L	2.666610243	0.9804036039	0.9805406605	0.9999999998062059	0.3255472577	-0.141514255	0.001005090327	-0.009794147282	0.1878600049	-0.4771541733	0.2326455029	-0.290922569	0.2352859378	-0.2991533961	0.1828473707	-0.4711522339	0.0002696391058	-6.10657087e-05	0.0002349737286	-0.0005192278205	run_optim.py	R0:S0:1	1	-0.4685939014	-0.6796136064	-0.0002875344622	0.0009020794701	-0.09869802452	0.04857218933	-0.1176574985	0.7503609565	0.08129064513	-0.146620465	-0.07677922422	0.1320189067	0.1188722284	-0.7581342503	-0.2535521421	0.46809057	-0.2080482579	0.2122656253	2024-07-05@02:41	-0.1164236111	-0.01390774741	0.03204740414	v2.6.0	
2	Broyden	0	0.0309149708	-12.84187046	-0.6841215984	Y	11.28936439	0.02233718499	self-energy/D	sharp_wc_2_b_35	0.7447203571	0.003528063322	-0.09272760795	1.999149121	0.302289317	0.1155349569	0.7510664053	0.01322315974	0.7487605658	0.01288993278	0.3092868486	0.1155407747	-0.3742113719	1.97781109	0.6812137973	0.0075245833	c61843e	2x2_2C_8b_C2v_L	2.659275013	0.9799966512	0.9800725059	0.9999999997478086	0.3218157405	-0.1403965263	-0.003011245125	0.02875164764	0.1811456061	-0.4691586743	0.2344425038	-0.3022065559	0.2301710612	-0.2939631346	0.184874324	-0.4725760612	-0.0008247117361	0.0005630727709	-0.001864860818	0.003295179979	run_optim.py	R0:S0:1	1	-0.4685243992	-0.6799640885	0.00185444042	-0.00767253873	-0.1016702751	0.05059589434	-0.1206066056	0.7596621327	0.07710958728	-0.1347537754	-0.0803539892	0.148129754	0.1209221806	-0.759843501	-0.2544904085	0.4699141089	-0.2081382357	0.2156579414	2024-07-05@02:44	-0.1233822016	-0.01403745695	0.03369618813	v2.6.0	
5	Broyden	0	0.03075841789	-12.93279778	-0.6836340431	Y	11.28474995	0.02235828855	self-energy/D	sharp_wc_2_b_35	0.8279625638	0.003267780048	-0.1353531261	1.998918222	0.3033777981	0.1153205694	0.7649687317	0.01303578553	0.7625264743	0.01301363917	0.3013382576	0.1158350604	-0.3712898675	1.977942028	0.6800654786	0.007422352123	c61843e	2x2_2C_8b_C2v_L	2.662236288	0.9801413198	0.9803212017	0.9999999997700674	0.3190718765	-0.1373592868	0.003288998242	-0.02853028048	0.1821927196	-0.4696826389	0.2344369191	-0.2998122964	0.2337186256	-0.2989301475	0.18221039	-0.4705924539	0.001143782288	-0.0007520007316	0.001934132519	-0.003519620988	run_optim.py	R0:S0:1	1	-0.4685236387	-0.6796949142	-0.002294700103	0.009334155153	-0.1247459407	0.06125617071	-0.1203162582	0.7581355392	0.07816086714	-0.1384372446	-0.07834111215	0.1395938426	0.1199221185	-0.7587874776	-0.253059226	0.4679546132	-0.2068057968	0.2142845143	2024-07-05@02:49	-0.1199774949	-0.0139909765	0.03283223229	v2.6.0	
7	Broyden	0	0.03069047594	-12.92040264	-0.6843003618	Y	11.28888889	0.02233727758	self-energy/D	sharp_wc_2_b_35	0.8241497672	0.003279472367	-0.1328206371	1.99894272	0.3003847753	0.1168635548	0.7590741808	0.0132856515	0.7639274398	0.01328882763	0.2978064248	0.1170426208	-0.3704015368	1.97752464	0.6825046225	0.007548732082	c61843e	2x2_2C_8b_C2v_L	2.660740741	0.9799307363	0.9801010146	0.9999999997293372	0.3180719401	-0.137256372	-0.003106178189	0.02688280625	0.181251498	-0.4724274686	0.2347481603	-0.3023712329	0.2356855697	-0.3036570818	0.1801970387	-0.4714226438	-0.001235134884	0.00102118735	-0.002148588451	0.003788137249	run_optim.py	R0:S0:1	1	-0.4683443763	-0.6800212703	0.002507524989	-0.01064862384	-0.1232947455	0.06072304964	-0.120481064	0.7612283025	0.07761873598	-0.1360546596	-0.0767688276	0.1327977106	0.1203661909	-0.7620885239	-0.2540612252	0.4709854153	-0.2086835337	0.2163020146	2024-07-05@02:55	-0.1248148148	-0.01402620233	0.03428352198	v2.6.0	
5	Broyden	0	0.03078992734	-12.96262588	-0.6830596176	Y	11.28553168	0.02236411514	self-energy/D	sharp_wc_2_b_35	0.8524447821	0.003187179125	-0.1448204251	1.99899953	0.3095279707	0.1140153235	0.7574400988	0.01265659416	0.7709609837	0.01264656365	0.3042125513	0.1143305172	-0.3738629414	1.978180688	0.6824697	0.007404442779	c61843e	2x2_2C_8b_C2v_L	2.663675492	0.9803562338	0.9805389197	0.9999999998450144	0.3183176828	-0.1364486929	-0.0002912227704	0.002413679456	0.1850404804	-0.4691333417	0.2307803179	-0.2928202719	0.2324789273	-0.2944512298	0.1840191434	-0.46920579	0.0008651581931	-0.001090275351	0.00146225371	-0.002391081751	run_optim.py	R0:S0:1	1	-0.4684316739	-0.6790950687	0.0002091919655	-0.000944501914	-0.1295129199	0.06326117629	-0.1203816898	0.7549613896	0.07999328326	-0.1468221138	-0.07968388383	0.1443477113	0.1194957564	-0.7538296071	-0.2537061673	0.4669307774	-0.2071257491	0.2142965758	2024-07-05@03:00	-0.120619213	-0.01388842204	0.03286830328	v2.6.0	
1	Broyden	0	0.03083023512	-12.83734257	-0.684551704	Y	11.28834491	0.0223315119	self-energy/D	sharp_wc_2_b_35	0.7541451068	0.003507904309	-0.09569955119	1.999269469	0.2997890528	0.1174056306	0.7474206259	0.01338465592	0.7531969971	0.01332692572	0.3023001942	0.1165048113	-0.3704181201	1.977568032	0.6783173809	0.007539589102	c61843e	2x2_2C_8b_C2v_L	2.658568673	0.9798407195	0.979923285	0.999999999762505	0.3222298667	-0.1403923712	-0.001330445752	0.01273185272	0.180613863	-0.471847248	0.2341240821	-0.3028026412	0.2340783318	-0.3022246236	0.1815836628	-0.4724934921	-0.00213527226	0.002121251647	-0.003177850185	0.005537156034	run_optim.py	R0:S0:1	1	-0.4685359931	-0.6803748458	0.0005415881375	-0.001923437895	-0.1037170182	0.05145504511	-0.12086515	0.7649991836	0.07719074766	-0.1355824189	-0.0779060802	0.1372976151	0.1205794056	-0.7606143333	-0.2538946555	0.4708630591	-0.2077820336	0.215722703	2024-07-05@03:02	-0.1234567901	-0.01412520983	0.03383255153	v2.6.0	
1	Broyden	0	0.03095901267	-12.87239908	-0.6839775473	Y	11.28605035	0.02236695572	self-energy/D	sharp_wc_2_b_35	0.7722080196	0.003454116284	-0.1016178749	1.999161299	0.3005646526	0.1164716229	0.7577807782	0.01310718756	0.7812309614	0.01257101611	0.3058095264	0.1157312372	-0.3752556238	1.977752216	0.6964246552	0.007411914682	c61843e	2x2_2C_8b_C2v_L	2.66198206	0.9801304192	0.9802348808	0.999999999858931	0.3231392834	-0.1402311834	-0.002625978838	0.02461109454	0.1811473893	-0.47032035	0.2349670739	-0.301647598	0.2311893058	-0.2920378601	0.1863653519	-0.4765986304	-0.0002187193935	-0.0002794302527	-9.448347577e-05	0.0004239399335	run_optim.py	R0:S0:1	1	-0.468484125	-0.6799065148	0.001303273919	-0.005102494662	-0.1068035316	0.05282326229	-0.1201043591	0.7618435444	0.07676793273	-0.1331833421	-0.08144725974	0.1492159178	0.1186897387	-0.7535914376	-0.254778143	0.4704308891	-0.2082491494	0.2146897216	2024-07-05@03:04	-0.1218287037	-0.01398415181	0.03341603722	v2.6.0	
11	Broyden	0	0.03075777641	-12.89987951	-0.6841499098	Y	11.27605035	0.02238664102	self-energy/D	sharp_wc_2_b_35	0.7826752106	0.003390691872	-0.1163336616	1.999102477	0.3060385398	0.1150986628	0.7518932255	0.01299774537	0.7603552345	0.01308107812	0.2977523879	0.1163069829	-0.3741955585	1.977857676	0.6812446988	0.007462861958	c61843e	2x2_2C_8b_C2v_L	2.66198206	0.9801578753	0.980317488	0.9999999998255038	0.3201053018	-0.1388228314	0.002497562802	-0.02249935788	0.1834064574	-0.4711362857	0.2319379108	-0.2974794867	0.2342320833	-0.3006617434	0.1810359255	-0.470158671	-0.001899261783	0.002580097289	-0.003297943	0.005366394171	run_optim.py	R0:S0:1	1	-0.468786041	-0.6800861217	-0.001668911233	0.006963457852	-0.1134374766	0.05598518702	-0.1202394346	0.7565063407	0.07873379871	-0.1416405234	-0.07729615986	0.1358921171	0.1196666496	-0.7597363002	-0.2541223467	0.4695760803	-0.2075309759	0.214803308	2024-07-05@03:14	-0.1218287037	-0.0139673178	0.03335657335	v2.6.0	
1	Broyden	0	0.03074419428	-12.88752836	-0.6836793555	Y	11.29605035	0.02231718839	self-energy/D	sharp_wc_2_b_35	0.7762255163	0.00340239035	-0.1109367758	1.999225241	0.3030995738	0.1161213481	0.7611532497	0.01303214963	0.7765952324	0.01277855738	0.3056631505	0.116419378	-0.3732798896	1.977793828	0.6845631923	0.007510024688	c61843e	2x2_2C_8b_C2v_L	2.66198206	0.9799329656	0.9800931233	0.9999999998026479	0.3203008473	-0.1390070361	-0.0001329384668	0.001383734714	0.1822309579	-0.4718912316	0.2335868771	-0.2994197488	0.2325902938	-0.295038694	0.1845667723	-0.4745968797	0.000246697879	-0.0003333551711	0.0002077867879	-0.0003187603548	run_optim.py	R0:S0:1	1	-0.4683190862	-0.6796260323	-0.0001435157698	0.0008534442845	-0.1110494972	0.05478260346	-0.1209197799	0.7607561991	0.07838227688	-0.1387930287	-0.08067030152	0.1465507388	0.1208928014	-0.7608011078	-0.2539037269	0.469442563	-0.2085154269	0.2157337338	2024-07-05@03:16	-0.1218287037	-0.01410769072	0.03327067549	v2.6.0	
10	Broyden	0	0.03098339301	-12.84055757	-0.6867174483	Y	11.28605035	0.02230709384	self-energy/D	sharp_wc_2_b_35	0.7747421543	0.003475370492	-0.1061476306	1.999207458	0.3017463267	0.1211469924	0.747116104	0.01358430278	0.7666945983	0.01319176559	0.3074485756	0.1210611174	-0.3716921499	1.976975549	0.6823416005	0.007793294111	c61843e	2x2_2C_8b_C2v_L	2.65198206	0.978854746	0.978807724	0.9999999998631611	0.3208247463	-0.1397864048	-0.000185612837	0.001692327015	0.1814729056	-0.4838462322	0.232910248	-0.3044160771	0.2307669071	-0.297038076	0.1856723788	-0.4886517089	0.0001933974893	-0.0001721488092	0.0003945716918	-0.0007050100273	run_optim.py	R0:S0:1	1	-0.4689560585	-0.6826607965	0.0001103548777	-0.0005131181415	-0.110474625	0.05488864017	-0.123192335	0.7770689058	0.07872766224	-0.1380601847	-0.08274845579	0.1517529697	0.1229219142	-0.7742943146	-0.2538423809	0.4756558793	-0.2114538867	0.2193863005	2024-07-05@03:25	-0.1218287037	-0.01477194087	0.0332979967	v2.6.0	
